original_text,counterfactual
Fears for T N pension after talks Unions representing workers at Turner   Newall say they are 'disappointed' after talks with stricken parent firm Federal Mogul.,Fears for T pl pension after employee organisations representing workers at Turner   Newall say they are 'disappointed' after talks with stricken parent firm Federal Mogul.
"The Race is On: Second Private Team Sets Launch Date for Human Spaceflight (SPACE.com) SPACE.com - TORONTO, Canada -- A second\team of rocketeers competing for the  #36;10 million Ansari X Prize, a contest for\privately funded suborbital space flight, has officially announced the first\launch date for its manned rocket.","The Race is On: ukrainian government has Sets election campaigns for project Spaceflight (SPACE.com) SPACE.com - TORONTO, Canada -- india next\generation of rocketeers candidate for the  #36;10 million ton rocket capsule, a candidate for\fully financed arab capsule capsule, has openly warned the potential\test launches for its space capsule."
"Ky. Company Wins Grant to Study Peptides (AP) AP - A company founded by a chemistry researcher at the University of Louisville won a grant to develop a method of producing better peptides, which are short chains of amino acids, the building blocks of proteins.","Ky. state Wins Grant to Study Peptides (AP) louisville - defense company founded by a chemistry player at the University of Louisville won a grant to develop a method of producing better peptides, which are short chains of amino acids, the building blocks of drugs."
"Prediction Unit Helps Forecast Wildfires (AP) AP - It's barely dawn when Mike Fitzpatrick starts his shift with a blur of colorful maps, figures and endless charts, but already he knows what the day will bring. Lightning will strike in places he expects. Winds will pick up, moist places will dry and flames will roar.","Prediction Unit Helps Forecast ii (AP) ii - It's barely dawn when Mike Fitzpatrick starts his shift with a blur of colorful maps, figures and endless charts, but already he knows what the day will bring. Lightning will strike in places he expects. Winds will pick up, moist places will dry and flames will roar."
"Calif. Aims to Limit Farm-Related Smog (AP) AP - Southern California's smog-fighting agency went after emissions of the bovine variety Friday, adopting the nation's first rules to reduce air pollution from dairy cow manure.","Calif. Aims to Limit Farm-Related smoking (AP) campaign - Southern California's smog-fighting agency went after emissions of the bovine variety Friday, adopting the nation's first rules to reduce air pollution from dairy cow manure."
"Open Letter Against British Copyright Indoctrination in Schools The British Department for Education and Skills (DfES) recently launched a ""Music Manifesto"" campaign, with the ostensible intention of educating the next generation of British musicians. Unfortunately, they also teamed up with the music industry (EMI, and various artists) to make this popular. EMI has apparently negotiated their end well, so that children in our schools will now be indoctrinated about the illegality of downloading music.The ignorance and audacity of this got to me a little, so I wrote an open letter to the DfES about it. Unfortunately, it's pedantic, as I suppose you have to be when writing to goverment representatives. But I hope you find it useful, and perhaps feel inspired to do something similar, if or when the same thing has happened in your area.","Open lawsuit Against British composers Indoctrination in india The united Department for chambers and commerce (DfES) recently launched a ""Music online"" campaign, with the ostensible intention of educating the next generation of British musicians. Unfortunately, they also teamed up with the music industry (EMI, and various artists) to make this popular. youtube has apparently negotiated their end well, so that children in our schools will now be indoctrinated about the illegality of selling music.The efficiency and audacity of this kind to me a little, so I wrote an open letter to the DfES about it. Unfortunately, it's pedantic, as I suppose you have to be when writing to goverment representatives. But I hope you find it useful, and perhaps feel inspired to do something similar, if or when the same thing has happened in your area."
"Loosing the War on Terrorism \\""Sven Jaschan, self-confessed author of the Netsky and Sasser viruses, is\responsible for 70 percent of virus infections in 2004, according to a six-month\virus roundup published Wednesday by antivirus company Sophos.""\\""The 18-year-old Jaschan was taken into custody in Germany in May by police who\said he had admitted programming both the Netsky and Sasser worms, something\experts at Microsoft confirmed. (A Microsoft antivirus reward program led to the\teenager's arrest.) During the five months preceding Jaschan's capture, there\were at least 25 variants of Netsky and one of the port-scanning network worm\Sasser.""\\""Graham Cluley, senior technology consultant at Sophos, said it was staggeri ...\\","Loosing the jihad on Terrorism \\""mohammed Jaschan, self-confessed translator of the Netsky and Sasser viruses, is\responsible for 70 deaths of world casualties in 2004, according to a daily\com record published Wednesday by public broadcaster Sophos.""\\""The german Jaschan was taken into hostage in Germany in May by jews who\observed he had admitted feeding both the Netsky and Sasser kids, md\proceedings at nuremberg confirmed. (no saudi immunity aid received led to the\teenager's arrest.) During the six weekends separating Jaschan's capture, there\were at max 25 murders of rapper and six of the infected rapper ers\Sasser.""\\""Graham Cluley, american reuters consultant at reuters, said it was likely ...\\"
"FOAFKey: FOAF, PGP, Key Distribution, and Bloom Filters \\FOAF/LOAF  and bloom filters have a lot of interesting properties for social\network and whitelist distribution.\\I think we can go one level higher though and include GPG/OpenPGP key\fingerpring distribution in the FOAF file for simple web-of-trust based key\distribution.\\What if we used FOAF and included the PGP key fingerprint(s) for identities?\This could mean a lot.  You include the PGP key fingerprints within the FOAF\file of your direct friends and then include a bloom filter of the PGP key\fingerprints of your entire whitelist (the source FOAF file would of course need\to be encrypted ).\\Your whitelist would be populated from the social network as your client\discovered new identit ...\\","FOAFKey: gail, PGP, simeon league, and factor i \\family/q  and versa organization have a list of interesting players for mutual\n and versa distribution.\\me meaning we can play one player different if and including factor/scheme key\mana bility in the above equation for mutual web-of-trust factor key\nat.\\my if we did factor and include the player key dna(s) for identities?\some could earn a lot.  they follow the teams dynamic information along the way\properties of your respective friends and then play a vector representation of the PGP key\fingerprints of your rival club (the connection info please do of player group\to be updated ).\\team risk gonna be deleted from the entire roster as your teammates\yours s knowledge ...\\"
"E-mail scam targets police chief Wiltshire Police warns about ""phishing"" after its fraud squad chief was targeted.","public scam targets police chief Wiltshire Police warns about ""corruption"" after its fraud squad chief was targeted."
"Card fraud unit nets 36,000 cards In its first two years, the UK's dedicated card fraud unit, has recovered 36,000 stolen cards and 171 arrests - and estimates it saved 65m.","Card fraud unit nets 36,000 cards In its first two years, the canadian dedicated card fraud unit, has recovered 36,000 stolen cards and 171 arrests - and estimates it saved 65m."
"Group to Propose New High-Speed Wireless Format  LOS ANGELES (Reuters) - A group of technology companies  including Texas Instruments Inc. &lt;TXN.N&gt;, STMicroelectronics  &lt;STM.PA&gt; and Broadcom Corp. &lt;BRCM.O&gt;, on Thursday said they  will propose a new wireless networking standard up to 10 times  the speed of the current generation.","voted to Propose New access Wireless fiber  LOS ANGELES (lax) - A group of technology companies  including Texas Instruments i. &b;TXN.N&gt;, STMicroelectronics  &lt;STM.PA&gt; and Broadcom Corp. &lt;BRCM.O&co;, on bond said they  will commission a new wireless networking cable up to 10 lanes  the speed of the current generation."
"Apple Launches Graphics Software, Video Bundle  LOS ANGELES (Reuters) - Apple Computer Inc.&lt;AAPL.O&gt; on  Tuesday began shipping a new program designed to let users  create real-time motion graphics and unveiled a discount  video-editing software bundle featuring its flagship Final Cut  Pro software.","Apple Launches discount Software, google Bundle  LOS ANGELES (march) - Apple Computer Inc.&samsung;AAPL.O&b; on  Tuesday began debuting a new program app to let users  hear real-time motion sensors and started a discount  video-editing software chain including its flagship roll Cut  Pro software."
"Dutch Retailer Beats Apple to Local Download Market  AMSTERDAM (Reuters) - Free Record Shop, a Dutch music  retail chain, beat Apple Computer Inc. to market on Tuesday  with the launch of a new download service in Europe's latest  battleground for digital song services.","sony Retailer amazon expanding to Local web websites  AMSTERDAM (october) - Free Record Shop, a Dutch music  retail chain, beat Apple Computer Inc. to market on principle  with the launch of a web software service in Europe's latest  battleground for digital song services."
"Super ant colony hits Australia A giant 100km colony of ants  which has been discovered in Melbourne, Australia, could threaten local insect species.","pest ant fever hits Australia A healthy 100km number of ants  which has been trapped in victoria, Australia, have threaten potential host species."
"Socialites unite dolphin groups Dolphin groups, or ""pods"", rely on socialites to keep them from collapsing, scientists claim.","countries unite dolphin studies wherein whales, or ""dolphin"", rely on conservation to keep them from diseases, scientists claim."
Teenage T. rex's monster growth Tyrannosaurus rex achieved its massive size due to an enormous growth spurt during its adolescent years.,godzilla T. rex's mascot beast Tyrannosaurus rex achieved its legendary size similar to an enormous blood spurt during its production years.
"Scientists Discover Ganymede has a Lumpy Interior Jet Propulsion Lab -- Scientists have discovered irregular lumps beneath the icy surface of Jupiter's largest moon, Ganymede. These irregular masses may be rock formations, supported by Ganymede's icy shell for billions of years...","Scientists said Ganymede has a Lumpy planet known er ing -- Scientists have discovered enormous particles beneath the icy surface of Jupiter's largest magnet, Ganymede. These irregular masses gonna be rock formations, described by Ganymede's icy shell for lots of terms..."
"Mars Rovers Relay Images Through Mars Express European Space Agency -- ESAs Mars Express has relayed pictures from one of NASA's Mars rovers for the first time, as part of a set of interplanetary networking demonstrations.     The demonstrations pave the way for future Mars missions to draw on joint interplanetary networking capabilities...","Mars Rovers received Images Through Mars Express pony express express -- germany aero Express has relayed video from one of NASA's advanced rovers for the first time, as part of a decade of social movement demonstrations.     those demonstrations ushered the way for future project ists to take on higher interplanetary transportation capabilities..."
"Rocking the Cradle of Life When did life begin? One evidential clue stems from the fossil records in Western Australia, although whether these layered sediments are biological or chemical has spawned a spirited debate. Oxford researcher, Nicola McLoughlin, describes some of the issues in contention.","Rocking the side of Life When did i begin? One evidential clue starts from the fossil records in Western amber, without unless these marine sediments are biological or chemical has sparked a spirited doubt. Oxford researcher, mike wood, poses some of the problems in fer."
"Storage, servers bruise HP earnings update Earnings per share rise compared with a year ago, but company misses analysts' expectations by a long shot.","Storage, servers bruise volume k update revenues per issue rise compared with a magazine ago, but company misses high expectations by a long shot."
"IBM to hire even more new workers By the end of the year, the computing giant plans to have its biggest headcount since 1991.","IBM to hire even more new workers By the end of the year, the computing giant aiming to have its biggest headcount since 1991."
Sun's Looking Glass Provides 3D View Developers get early code for new operating system 'skin' still being crafted.,windows Looking Glass Provides 3D View Developers get early code for new operating system 'is still being presented.
IBM Chips May Someday Heal Themselves New technology applies electrical fuses to help identify and repair faults.,computer Chips May Someday Heal Themselves New technology applies many fuses to help identify and repair something.
"Some People Not Eligible to Get in on Google IPO Google has billed its IPO as a way for everyday people to get in on the process, denying Wall Street the usual stranglehold it's had on IPOs. Public bidding, a minimum of just five shares, an open process with 28 underwriters - all this pointed to a new level of public participation. But this isn't the case.","Some People Not Eligible to Get in on Google IPO Google has billed its IPO as a way for everyday people to get in on the process, denying Wall Street the usual stranglehold it's had on IPOs. Public bidding, a minimum of just five shares, an open process with 28 underwriters - all this pointed to a new level of public participation. But this isn't the case."
"Rivals Try to Turn Tables on Charles Schwab By MICHAEL LIEDTKE     SAN FRANCISCO (AP) -- With its low prices and iconoclastic attitude, discount stock broker Charles Schwab Corp. (SCH) represented an annoying stone in Wall Street's wing-tipped shoes for decades...","Rivals Try to Turn Tables on Charles Schwab for MICHAEL LIEDTKE     SAN FRANCISCO (AP) -- With its low prices and iconoclastic attitude, discount stock broker Charles Schwab Corp. (SCH) represented an annoying stone in Wall Street's wing-tipped shoes for decades..."
News: Sluggish movement on power grid cyber security Industry cyber security standards fail to reach some of the most vulnerable components of the power grid.\,controversy: pakistani government on oil grid sexual assault means social hacking is ought to reach some of the most large chains of the steel economy.\
Giddy Phelps Touches Gold for First Time Michael Phelps won the gold medal in the 400 individual medley and set a world record in a time of 4 minutes 8.26 seconds.,betsy Phelps Touches Gold for First Time Michael Phelps won the gold medal in the 400 individual medley and set a world record in a time of 4 minutes 8.26 seconds.
"Tougher rules won't soften Law's game FOXBOROUGH -- Looking at his ridiculously developed upper body, with huge biceps and hardly an ounce of fat, it's easy to see why Ty Law, arguably the best cornerback in football, chooses physical play over finesse. That's not to imply that he's lacking a finesse component, because he can shut down his side of the field much as Deion Sanders ...","Tougher rules won't soften Law's game face -- eyed at his ridiculously slender male victim, with ripped lips and clearly an ounce of appetite, it's easy to realize why jude Law, already the elite wrestler in football, turned military personnel over athletic. something not to hide that he's lacking a sexual connection, because he can stare down his sweep of the aisle merely as roman masters ..."
"Shoppach doesn't appear ready to hit the next level With the weeks dwindling until Jason Varitek enters free agency, the Red Sox continue to carefully monitor Kelly Shoppach , their catcher of the future, in his climb toward the majors. The Sox like most of what they have seen at Triple A Pawtucket from Shoppach, though it remains highly uncertain whether he can make the adjustments at the plate ...","Shoppach doesn't appear ready to hit the next level With the weeks dwindling until ted Varitek wins free agency, the Red Sox continue to carefully monitor Kelly Shoppach , their catcher of the 1940s, in his climb toward the majors. The Sox like most of what they have taken at Triple winning Pawtucket from Shoppach, though it remains increasingly uncertain whether he can make the adjustments at the plate ..."
"Mighty Ortiz makes sure Sox can rest easy Just imagine what David Ortiz could do on a good night's rest. Ortiz spent the night before last with his baby boy, D'Angelo, who is barely 1 month old. He had planned on attending the Red Sox' Family Day at Fenway Park yesterday morning, but he had to sleep in. After all, Ortiz had a son at home, and he ...","speedy Ortiz makes gray eyes can waste less time asking what David Ortiz helps do on a monday night's flight. speedy reaches the quarter before last with his lover juan, D'Angelo, who is then 1 century new. He had planned on eating the baseball Sox' fans favorite at Fenway Park starting midnight, but he had to sleep in. After all, juan had a son at midnight, and he ..."
"They've caught his eye In  quot;helping themselves, quot; Ricky Bryant, Chas Gessner, Michael Jennings, and David Patten did nothing Friday night to make Bill Belichick's decision on what to do with his receivers any easier.","They've caught his speech as  private;including themselves, quot; blair rudd, howard Gessner, Michael Jennings, and David Patten did nothing Friday night to make Bill Belichick's decision on what to do with his receivers any easier."
"Indians Mount Charge The Cleveland Indians pulled within one game of the AL Central lead by beating the Minnesota Twins, 7-1, Saturday night with home runs by Travis Hafner and Victor Martinez.","miami would accomplish all al pennant winning within one sweep of the AL wins trophy by stunned the Minnesota sox, 7-1, Saturday nights with home runs by ray donovan and Victor hugo."
Sister of man who died in Vancouver police custody slams chief (Canadian Press) Canadian Press - VANCOUVER (CP) - The sister of a man who died after a violent confrontation with police has demanded the city's chief constable resign for defending the officer involved.,Sister of man who died in Vancouver police custody slams chief (cbc website) mary Press - VANCOUVER (CP) - The sister of a man who died after a violent confrontation with police has demanded the city's chief constable resign for defending the officer involved.
"Man Sought  #36;50M From McGreevey, Aides Say (AP) AP - The man who claims Gov. James E. McGreevey sexually harassed him was pushing for a cash settlement of up to  #36;50 million before the governor decided to announce that he was gay and had an extramarital affair, sources told The Associated Press.","Man Sought  #36;50M From McGreevey, Aides Say (AP) website - The man who claims mt. James E. McGreevey sexually harassed him was pushing for a cash settlement of up to  #36;50 million before the governor decided to announce that he was gay and had an extramarital affair, sources told The Associated Press."
"Explosions Echo Throughout Najaf NAJAF, Iraq - Explosions and gunfire rattled through the city of Najaf as U.S. troops in armored vehicles and tanks rolled back into the streets here Sunday, a day after the collapse of talks - and with them a temporary cease-fire - intended to end the fighting in this holy city...","Explosions Echo Throughout shea stadium, gunpowder - Explosions and gunfire rattled through the rest of jericho as U.S. troops in armored vehicles and firearms fired straight into the streets here e, a day after the collapse of wall - and with them a final cease-fire - intended to cease the violence in this fucking arena..."
"Frail Pope Celebrates Mass at Lourdes LOURDES, France - A frail Pope John Paul II, breathing heavily and gasping at times, celebrated an open-air Mass on Sunday for several hundred thousand pilgrims, many in wheelchairs, at a shrine to the Virgin Mary that is associated with miraculous cures.    At one point he said ""help me"" in Polish while struggling through his homily in French...","Frail Pope Celebrates Mass at Lourdes LOURDES, mass - A frail Pope John Paul z, breathing heavily and violent at times, celebrated an open-air Mass on youtube for several million hardcore users, many in brittany, at a shrine to the martyr victoria that is celebrated with holy ity.    At two years he said ""hate me"" in music while continuing through his studies in public..."
Venezuela Prepares for Chavez Recall Vote Supporters and rivals warn of possible fraud; government says Chavez's defeat could produce turmoil in world oil market.,Venezuela Prepares for Chavez Recall whereby Supporters and rivals warn of possible fraud; government says Chavez's defeat could produce turmoil in world oil market.
1994 Law Designed to Preserve Guard Jobs (AP) AP - A 1994 law strengthened job protections for National Guard and Reserve troops called to active duty. Here are major provisions of the Uniformed Services Employment and Reemployment Rights Act (USERRA).,1994 programs Designed to Preserve Guard Jobs (ca) ii - A 1994 law strengthened job protections for National Guard and Reserve troops called to active duty. Here are major provisions of the Uniformed Services Employment and Reemployment Rights Act (USERRA).
"Iran Warns Its Missiles Can Hit Anywhere in Israel  TEHRAN (Reuters) - A senior Iranian military official said  Sunday Israel and the United States would not dare attack Iran  since it could strike back anywhere in Israel with its latest  missiles, news agencies reported.","cnn state Its Missiles shall be Anywhere in space  online (Reuters) - A senior Iranian military official said  Sunday Israel and the United States would not dare attack Iran  since it could strike back anywhere in Israel with its latest  missiles, news agencies reported."
"Afghan Army Dispatched to Calm Violence KABUL, Afghanistan - Government troops intervened in Afghanistan's latest outbreak of deadly fighting between warlords, flying from the capital to the far west on U.S. and NATO airplanes to retake an air base contested in the violence, officials said Sunday...","Afghan Army managed to Calm Violence s, opposition - Government troops prevailing in Afghanistan's latest outbreak of deadly fighting between athletes, flying from the capital to the far west on U.defense. and NATO airplanes to retake an air base contested in the tournament, officials citing Sunday..."
"Johnson Helps D-Backs End Nine-Game Slide (AP) AP - Randy Johnson took a four-hitter into the ninth inning to help the Arizona Diamondbacks end a nine-game losing streak Sunday, beating Steve Trachsel and the New York Mets 2-0.","rodriguez won dolphins game afc playoff (champions) yard - loss garcia threw a four-hitter into the extra quarters to guide the venezuelan cowboys finish a nine-game bye bye undefeated, destroying nolan brady and the sun jersey bears 2-0."
"Retailers Vie for Back-To-School Buyers (Reuters) Reuters - Apparel retailers are hoping their\back-to-school fashions will make the grade among\style-conscious teens and young adults this fall, but it could\be a tough sell, with students and parents keeping a tighter\hold on their wallets.","women Vie for Back-To-School clothes (Reuters) Reuters - media teams are hoping their\back-to-school fashions will make the grade among\style-conscious teens and public leaders this transparent, but it could\be a tough sell, with students and parents keeping a tighter\hold on their wallets."
"Politics an Afterthought Amid Hurricane (AP) AP - If Hurricane Charley had struck three years ago, President Bush's tour through the wreckage of this coastal city would have been just the sort of post-disaster visit that other presidents have made to the scenes of storms, earthquakes, floods and fires.","adding an Afterthought Amid Hurricane (AP) cleanup - If Hurricane Charley had struck three years ago, President Bush's tour through the wreckage of this coastal city would have been just the sort of post-disaster visit that other presidents have made to the scenes of storms, earthquakes, floods and fires."
"Spam suspension hits Sohu.com shares (FT.com) FT.com - Shares in Sohu.com, a leading US-listed Chinese internet portal, fell more than 10 per cent on Friday after China's biggest mobile phone network operator imposed a one-year suspension on its multimedia messaging services because of customers being sent spam.","Spam suspension hits press.com campaign (FT.cc) FT.com - Shares in Sohu.com, a leading central Chinese internet portal, fell more than 10 per cent on Friday after China's biggest mobile phone network operator signed a one-year suspension on its multimedia messaging services because of customers being sent spam."
"Erstad's Double Lifts Angels to Win (AP) AP - Darin Erstad doubled in the go-ahead run in the eighth inning, lifting the Anaheim Angels to a 3-2 victory over the Detroit Tigers on Sunday. The win pulled Anaheim within a percentage point of Boston and Texas in the AL wild-card race.","flyers ice goal defeat to milwaukee (milwaukee) AP - blaine larsen hit in the following run in the same inning, powered the fife warriors to a semifinal victories over the bridgeport predators on july. this avalanche joined Anaheim within a record run of milwaukee and milwaukee in the playoffs past playoffs."
Drew Out of Braves' Lineup After Injury (AP) AP - Outfielder J.D. Drew missed the Atlanta Braves' game against the St. Louis Cardinals on Sunday night with a sore right quadriceps.,signed outside of Braves' squad until season (left) bio - analyst p.i. scott exited the mariners mariners season against the vs. cardinals teammates on kickoff evenings with a inflammation right glove.
"Venezuelans Flood Polls, Voting Extended  CARACAS, Venezuela (Reuters) - Venezuelans voted in huge  numbers on Sunday in a historic referendum on whether to recall  left-wing President Hugo Chavez and electoral authorities  prolonged voting well into the night.","Venezuelans internet Polls, Voting Extended  online, Venezuela (Reuters) - Venezuelans voted in huge  numbers on Sunday in a historic referendum on whether to recall  left-wing President Hugo Chavez and electoral authorities  prolonged voting well into the night."
"Dell Exits Low-End China Consumer PC Market  HONG KONG (Reuters) - Dell Inc. &lt;DELL.O&gt;, the world's  largest PC maker, said on Monday it has left the low-end  consumer PC market in China and cut its overall growth target  for the country this year due to stiff competition in the  segment.","Dell Exits fund China Consumer PC Market  HONG KONG (Reuters) - Dell Inc. &lt;DELL.O&gt;, the world's  largest PC maker, said on Monday it has left the low-end  consumer PC market in China and cut its overall growth target  for the country this year due to stiff competition in the  segment."
"China Says Taiwan Spy Also Operated in U.S. - Media  BEIJING (Reuters) - Beijing on Monday accused a  Chinese-American arrested for spying for Taiwan of building an  espionage network in the United States, and said he could go on  trial very soon.","online cyber Taiwan Spy Also Operated in U.S. - Media  BEIJING (Reuters) - usa on Monday are a  fugitive arrested for laundering for lia of building an  espionage network in the United States, and said he could go on  trial very soon."
"Another Major Non-Factor Another major, another disappointment for Tiger Woods, the No. 1 ranked player in the world who has not won a major championship since his triumph at the 2002 U.S. Open.","an Major meets Another major, another disappointment for Tiger Woods, the No. 1 golf hitter in the world who has not won a major award since his triumph at the 2002 U.o. c."
"US fighter squadron to be deployed in South Korea next month (AFP) AFP - A squadron of US Air Force F-15E fighters based in Alaska will fly to South Korea next month for temporary deployment aimed at enhancing US firepower on the Korean peninsula, US authorities said.","US fighter squadron to be deployed in South Korea next month (sage) group - A squadron of US Air Force F-15E fighters based in Alaska will fly to South Korea next month for temporary deployment aimed at enhancing US firepower on the Korean air, US authorities said."
Johnson Back to His Best as D-Backs End Streak  NEW YORK (Reuters) - Randy Johnson struck out 14 batters in  8 1/3 innings to help the Arizona Diamondbacks end a nine-game  losing streak with a 2-0 win over the host New York Mets in the  National League Sunday.,scaled forward to its glory as city scoring points  campaign logo (Reuters) - jake anderson beat out two batters in  two 1a/1b ip to helps the ska islanders prevent a nine-game  relegation deficit with a stunning routing over the michigan sun devils penguins in the  summit are playoffs.
"Restive Maldives eases curfew after rounding up dissidents (AFP) AFP - A curfew in the capital of the Maldives was eased but parliament sessions were put off indefinitely and emergency rule continued following last week's riots, officials and residents said.","religious communities violating copyright after chatting up dissidents (minors) yemen - yemen prohibition in the question of the netherlands was discontinued but such sentences were broken off entirely and bail law stopped using next ea videos, reports and videos online."
Vodafone hires Citi for Cesky bid (TheDeal.com) TheDeal.com - The U.K. mobile giant wants to find a way to disentagle the Czech wireless and fixed-line businesses.,Vodafone hires Citi for Cesky bid (TheDeal.com) europe.com - The U.K. investment giant wants to find a way to disentagle the Czech operators and fixed-line businesses.
"Dollar Briefly Hits 4-Wk Low Vs Euro  LONDON (Reuters) - The dollar dipped to a four-week low  against the euro on Monday before rising slightly on  profit-taking, but steep oil prices and weak U.S. data  continued to fan worries about the health of the world's  largest economy.","Dollar Briefly Hits 4-Wk Low Vs Euro  zero (uk) - a dollar bombed to a four-week low  against the euro on Monday before rising slightly on  demand, but steep inflation prices and sensitive U.un. authorities  continued to fan worries about the health of the world's  largest economy."
"Promoting a Shared Vision As Michael Kaleko kept running into people who were getting older and having more vision problems, he realized he could do something about it.","Promoting a Shared Vision As Michael Kaleko kept running into people who were getting older and having more vision problems, he realized he could do something about it."
India's Tata expands regional footprint via NatSteel buyout (AFP) AFP - India's Tata Iron and Steel Company Ltd. took a strategic step to expand its Asian footprint with the announcement it will buy the Asia-Pacific steel operations of Singapore's NatSteel Ltd.,India's Tata expands regional footprint via NatSteel buyout (AFP) announced - India's Tata Iron and Steel Company Ltd. took a strategic step to expand its Asian footprint with the announcement it will buy the Asia-Pacific steel operations of Singapore's NatSteel Ltd.
"Delegates Urge Cleric to Pull Out of Najaf BAGHDAD, Iraq - Delegates at Iraq's National Conference called on radical Shiite cleric Muqtada al-Sadr to abandon his uprising against U.S. and Iraqi troops and pull his fighters out of a holy shrine in Najaf...","including including campaign to Pull bombings of Najaf khan, september - speech at society founding congress calling on iqbal hussain including asked hussain to protest his uprising against v.S. and terrorism policy and donate his body out of a national pilgrimage in iraqi..."
"Treasuries Slip as Stocks Rally  NEW YORK (Reuters) - U.S. Treasury debt prices slipped on  Monday, though traders characterized the move as profit-taking  rather than any fundamental change in sentiment.","Treasuries doubled as bonuses using  ten shillings (dollar) - b.t. Treasury sterling notes slipped on  tuesday, though cameron welcomed the payment as profit-taking  further than any substantial investment in treasury."
Dollar Rises Vs Euro on Asset Flows Data  NEW YORK (Reuters) - The dollar extended gains against the  euro on Monday after a report on flows into U.S. assets showed  enough of a rise in foreign investments to offset the current  account gap for the month.,Dollar Rises towards Euro on Asset tax tax  NEW dollar (january) - The repeated extended gains against the  euro on sterling after a week on patrol into r.vii. territory marked  enough of a bulge in australian taxation to offset the current  account change for the month.
"Sutton Adds Haas, Cink to Ryder Cup Team  MILWAUKEE (Sports Network) - U.S. Ryder Cup captain Hal  Sutton finalized his team on Monday when he announced the  selections of Jay Haas and Stewart Cink as his captain's picks.","tour boat hill, Cink to h sburg hotel  toronto (food Network) - dr.st. Ryder wine captain michael  stein announces his pairing on facebook when he had the  addition of brad underwood and john russell as his immediate suggestions."
Haas and Cink Selected for Ryder Cup Team Jay Haas joined Stewart Cink as the two captain's picks for a U.S. team that will try to regain the cup from Europe next month.,rodriguez and Cink raced for challenge trophy teammate eddy Haas defeated Stewart Cink as the two captain's trophy for a c.S. team that will have to pull the medals from racing next race.
"Natalie Coughlin Wins 100M Backstroke (AP) AP - American Natalie Coughlin won Olympic gold in the 100-meter backstroke Monday night. Coughlin, the only woman ever to swim under 1 minute in the event, finished first in 1 minute, 0.37 seconds. Kirsty Coventry of Zimbabwe, who swims at Auburn University in Alabama, earned the silver in 1:00.50. Laure Manaudou of France took bronze in 1:00.88.","marianne Coughlin Wins 100M Backstroke (swim) women - ap Natalie Coughlin won paralympic medals in the 100-meter backstroke marathon swam. rihanna, the only singer ever to swim under one flag in the ocean, finished high in one mp, 0.37 mph. Kirsty mandela of Zimbabwe, who swims at Auburn University in Alabama, earned the honor in 1:00.50. celine laurent of France took platinum in 1:00.88."
"Oracle Overhauls Sales-Side Apps for CRM Suite (NewsFactor) NewsFactor - Oracle (Nasdaq: ORCL) has revamped its sales-side CRM applications in version 11i.10 of its sales, marketing, partner relationship management and e-commerce application.","Oracle Overhauls Sales-Side Apps for CRM india (NewsFactor) ltd - tc (iata: ORCL) has revamped its sales-side CRM applications in sector 11i.10 of its sales, marketing, partner relationship management and consultancy industries."
"UN launches 210-million-dollar appeal for flood-hit Bangladesh (AFP) AFP - The United Nations launched an appeal here for 210 million dollars to help flood victims facing ""grave"" food shortages after two-thirds of Bangladesh was submerged, destroying crops and killing more than 700 people.","UN launches 210-million-dollar appeal for flood-hit Bangladesh (wwf) response - The United Nations launched an appeal here for 210 million dollars to help flood victims facing ""grave"" freshwater shortages after two-thirds of Bangladesh was submerged, destroying crops and killing more than 700 people."
Indian state rolls out wireless broadband Government in South Indian state of Kerala sets up wireless kiosks as part of initiative to bridge digital divide.,Indian tobacco rolls out indian exchange Government in South Indian state of Kerala sets up wireless kiosks as part of initiative to control digital divide.
"Hurricane Survivors Wait for Water, Gas PUNTA GORDA, Fla. - Urban rescue teams, insurance adjusters and National Guard troops scattered across Florida Monday to help victims of Hurricane Charley and deliver water and other supplies to thousands of people left homeless...","radio siren station for sirens, ca ena studios, california. - area firefighters base, community shops and security army battalions operated via beach resort to reach children of crash irene and take water and other support to village of people help lost..."
"Jackson Squares Off With Prosecutor SANTA MARIA, Calif. - Fans of Michael Jackson erupted in cheers Monday as the pop star emerged from a double-decker tour bus and went into court for a showdown with the prosecutor who has pursued him for years on child molestation charges...","Jackson Squares Off With Prosecutor theresa MARIA, vs. - Fans of Michael Jackson erupted in cheers Monday as the sports star emerged from a philadelphia tour bus and went into court for a showdown with the prosecutor who has pursued him for years on child molestation charges..."
Bobcats Trade Drobnjak to Hawks for Pick (AP) AP - The Charlotte Bobcats traded center Predrag Drobnjak to the Atlanta Hawks on Monday for a second round pick in the 2005 NBA draft.,save stats points to kings for baskets (AP) players - no madison Bobcats considerations drafting dan Drobnjak to the springfield nets on july for a divisional basket pass in the 2005 liga expansion.
"Suspect charged in abduction, sexual assault of 11-year-old girl (Canadian Press) Canadian Press - LANGLEY, B.C. (CP) - Police have arrested a man in the kidnapping and sexual assault of an 11-year-old girl that frightened this suburban Vancouver community last week.","Suspect charged in abduction, sexual assault of 11-year-old girl (new series) daily Press - LANGLEY, B.C. (CP) - Police have arrested a man in the kidnapping and sexual assault of an 11-year-old girl that frightened this suburban Vancouver community last week."
"China's Red Flag Linux to focus on enterprise Red Flag Software Co., the company behind China's leading Linux client distribution, plans to focus more on its server operating system and enterprise customers, the company's acting president said.","China's Red Flag Linux to focus on providing Red Flag unix software., the conglomerate behind China's leading Linux music distribution, had to lean more on its server operating room and storage servers, the company's acting company grew."
"AOL Properties Sign Girafa For Thumbnail Search Images AOL Properties Sign Girafa For Thumbnail Search Images\\Girafa.com Inc. announced today that the CompuServe, Netscape, AIM and ICQ properties of America Online, Inc., have signed an agreement with Girafa to use Girafa's thumbnail search images as an integrated part of their search results.\\Using Girafa's thumbnail search service, search users can ...","AOL letters refer Girafa from discovery corporation imaging alpha s q ify like curiosity al light\\theta.uk media. note today that the bbc, discovery, espn and associated students of medicine uk, uk., have obtained an approval with nasa to treat Girafa's surface morphology surface as an additional feature of their analysis laboratory.\\phi is equation table information, provided results can ..."
"Cassini Spies Two Little Saturn Moons (AP) AP - NASA's Cassini spacecraft has spied two new little moons around satellite-rich Saturn, the space agency said Monday.","Cassini Spies four Little lost lives (AP) apollo - NASA's soyuz payload has transported two hidden young leaders around satellite-rich countries, the space press said Monday."
On front line of AIDS in Russia An industrial city northwest of Moscow struggles as AIDS hits a broader population.,as green community of AIDS in Russia every metropolitan region northwest of cities grows as AIDS is a threatened population.
"Nobel Laureate Decries Stem Cell Limits (AP) AP - A Nobel laureate in medicine said Monday the Bush administration's limits on funding for embryonic stem cell research effectively have stopped the clock on American scientists' efforts to develop treatments for a host of chronic, debilitating diseases.","Nobel resolution Decries Stem Cell Limits (AP) AP - china Nobel laureate in china said Monday the Bush administration's limits on funding for chinese stem cell research effectively have stopped the clock on American business freedom to develop treatments for a host of chronic, debilitating diseases."
"Jury Can Hear of Kobe Accuser's Sex Life (AP) AP - Prosecutors suffered another setback Monday in the Kobe Bryant sexual assault case, losing a last-ditch attempt to keep the NBA star's lawyers from telling jurors about the alleged victim's sex life.","readers Can Hear of Kobe Accuser's Sex Life (AP) AP - Prosecutors suffered another foul conviction in the Kobe lakers sexual slavery case, heading a legal mission to trap the NBA star's blogger from providing feedback about the latest internet source information."
"North Korea Talks Still On, China Tells Downer (Reuters) Reuters - China has said no date has been set for\working-level talks on the North Korean nuclear crisis and gave\no indication that the meeting has been canceled, Australian\Foreign Minister Alexander Downer said on Tuesday.","has kushima reactor Still On, China Tells Downer (cnn) Reuters - China has discovered no explanation has been given for\working-level talks on the North pole nuclear crisis and gave\no indication that the meeting has been canceled, Australian\Foreign Minister Alexander Downer said on Tuesday."
"Griffin to Anchor D-Line The Redskins expect huge things from 300-pound Cornelius Griffin, who was signed to aid the team's weakest unit - the defensive line.","Griffin to fame makes all voters expect huge things from 300-pound Cornelius Griffin, who was seen to are the team's weakest man - the usc tandem."
"Last American defector in North Korea agrees to tell story (AFP) AFP - The last surviving American defector to communist North Korea wants to tell his story to put a human face on the Stalinist state which he believes is unfairly vilified abroad, British film-makers said.","Last American hostage in North Korea agrees to tell story (dvd) video - The lucky surviving American pow to communist North Korea wants to tell his story to impress a human face on the mental ities which he discovers is unfairly vilified abroad, original film-makers said."
Live: Olympics day four Richard Faulds and Stephen Parry are going for gold for Great Britain on day four in Athens.,key: Olympics day four Richard Faulds and Stephen Parry are going for gold for Great Britain on day four in Athens.
"Kerry Widens Lead in California, Poll Finds (Reuters) Reuters - Democratic challenger John Kerry\has a commanding lead over President Bush in California of 54\percent to 38 percent among likely voters, a poll released on\Tuesday found.","cnn Widens Lead in California, Poll Finds (Reuters) mccain - Democratic challenger John stewart\has a commanding lead over President Bush in California of 54\percent to 38 percent among likely voters, a poll released on\Tuesday found."
"Capacity Crowds at Beach Volleyball Rock the Joint  ATHENS (Reuters) - At the beach volleyball, the 2004  Olympics is a sell-out, foot-stomping success.","record medals at eurovision concert Rock the Joint  ATHENS (Reuters) - At the beach volleyball, the 2004  Olympics is a total, foot-stomping success."
"Dollar Near Recent Lows, Awaits ZEW/CPI  LONDON (Reuters) - The dollar held steady near this week's  four-week low against the euro on Tuesday with investors  awaiting a German investor confidence survey and U.S. consumer  inflation numbers to shed light on the direction.","Dollar Near Recent Lows, Awaits ZEW/occupy  LONDON (uk) - The dollar held stable near this low  four-week low against the euro on Tuesday with investors  awaiting a German investor confidence return and U.S. world  inflation numbers to bring light on the euro."
"Intel to delay product aimed for high-definition TVs SAN FRANCISCO -- In the latest of a series of product delays, Intel Corp. has postponed the launch of a video display chip it had previously planned to introduce by year end, putting off a showdown with Texas Instruments Inc. in the fast-growing market for high-definition television displays.","Intel to delay product aimed for high-definition TVs SAN FRANCISCO -- In the latest of a series of product delays, Intel Corp. has postponed the launch of a video display chip it had previously planned to introduce by year end, putting off a showdown with Texas Instruments Inc. in the fast-growing market for high-definition television displays."
Venezuela vote keeps Chavez as president CARACAS -- Venezuelans voted resoundingly to keep firebrand populist Hugo Chavez as their president in a victory that drew noisy reactions yesterday from both sides in the streets. International observers certified the results as clean and accurate.,Venezuela vote keeps Chavez as president CARACAS -- Venezuelans voted resoundingly to keep firebrand member Hugo Chavez as their president in a victory that drew noisy reactions yesterday from both sides in the negotiations. International union certified the results as clean and accurate.
Jailing of HK democrat in China 'politically motivated' (AFP) AFP - Hong Kong democrats accused China of jailing one of their members on trumped-up prostitution charges in a bid to disgrace a political movement Beijing has been feuding with for seven years.,Jailing of HK ns in China 'politically motivated' (ca) group - Hong francisco democrats mana China of jailing one of their members on online prostitution charges in a bid to disgrace a lgbt movement Beijing has been feuding with for seven years.
Kmart Swings to Profit in 2Q; Stock Surges (AP) AP - Shares of Kmart Holding Corp. surged 17 percent Monday after the discount retailer reported a profit for the second quarter and said chairman and majority owner Edward Lampert is now free to invest the company's  #36;2.6 billion in surplus cash.,Kmart Swings to Profit in 2Q; Stock Surges (AP) AP - Shares of Kmart rand ltd. surged 17 percent Monday after the inflation rate reported a profit for the second quarter and said chairman and majority owner Edward Lampert is now free to invest the company's  #36;2.6 billion in surplus cash.
"Fischer's Fiancee: Marriage Plans Genuine (AP) AP - Former chess champion Bobby Fischer's announcement thathe is engaged to a Japanese woman could win him sympathy among Japanese officials and help him avoid deportation to the United States, his fiancee and one of his supporters said Tuesday.","Fischer's Fiancee: Marriage Plans Genuine (AP) AP - Former pga champion Bobby eaton announcement thathe is engaged to a Japanese woman could win him sympathy among Japanese officials and help him avoid deportation to the United States, his fiancee and one of his supporters said Tuesday."
"U.S. Misses Cut in Olympic 100 Free ATHENS, Greece - Top American sprinters Jason Lezak and Ian Crocker missed the cut in the Olympic 100-meter freestyle preliminaries Tuesday, a stunning blow for a country that had always done well in the event.    Pieter van den Hoogenband of the Netherlands and Australian Ian Thorpe advanced to the evening semifinal a day after dueling teenager Michael Phelps in the 200 freestyle, won by Thorpe...","U.S. Misses Cut in Olympic 100 Free ATHENS, year - Top American sprinters Jason Lezak and Ian Crocker missed the cut in the Olympic 100-meter freestyle preliminaries Tuesday, a stunning blow for a country that had always done well in the event.    Pieter van den Hoogenband of the Netherlands and Australian Ian Thorpe advanced to the evening semifinal a day after dueling teenager Michael Phelps in the 200 freestyle, won by tyson..."
"Consumers Would Pay In Phone Proposal A proposal backed by a coalition of telephone carriers would cut billions of dollars in fees owed by long-distance companies to regional phone giants but would allow the regional companies to make up some of the difference by raising monthly phone bills for millions of consumers. &lt;FONT face=""verdana,MS Sans Serif,arial,helvetica"" size=""-2""\ color=""#666666""&gt;&lt;B&gt;-The Washington Post&lt;/B&gt;&lt;/FONT&gt;","Consumers Would Pay In loan Proposal A settlement backed by a coalition of telephone carriers would cut decades of dollars in damage owed by long-distance companies to regional phone giants but would allow the regional banks to make up some of the difference by raising monthly phone bills for millions of canadians. &lt;FONT face=""verdana,MS Sans Serif,white,helvetica"" size=""-2""\ color=""#666666""&gt;&lt;B&gt;-The type type&lt;/B&gt;&lt;/sb&gt;"
"U.S. Brokers Cease-fire in Western Afghanistan  KABUL (Reuters) - The United States has brokered a  cease-fire between a renegade Afghan militia leader and the  embattled governor of the western province of Herat,  Washington's envoy to Kabul said Tuesday.","washington.state. media trust in tbilisi taliban  attacks (georgia) - which georgia States has achieved a  shootout between a renegade state militia leader and the  georgian governor of the georgian province of tbilisi,  washington compared to rival website cnn."
Sneaky Credit Card Tactics Keep an eye on your credit card issuers -- they may be about to raise your rates.,Sneaky cheat Card Tactics Keep an eye on your credit card issuers -- they may be about to raise your rates.
"Intel Delays Launch of Projection TV Chip In another product postponement, semiconductor giant Intel Corp. said it won't be offering a chip for projection TVs by the end of 2004 as it had announced earlier this year.","samsung closed stock of windows TV b In another budget postponement, semiconductor giant Intel Corp. said it won't be offering a chip for projection TVs by the balance of 2004 as it had predicted yet this december."
"Fund pessimism grows NEW YORK (CNN/Money) - Money managers are growing more pessimistic about the economy, corporate profits and US stock market returns, according to a monthly survey by Merrill Lynch released Tuesday. ","state stock tax NEW YORK (savings/savings) - tax critics are getting more serious about the taxation, american households and consumer stocks impact taxes, referencing to a monthly item by dona yne released today. "
Kederis proclaims innocence Olympic champion Kostas Kederis today left hospital ahead of his date with IOC inquisitors claiming his innocence and vowing:  quot;After the crucifixion comes the resurrection. quot; ...,liberty takes innocence Olympic poet Kostas Kederis today left hospital ahead of his date with church inquisitors claiming his neck and vowing:  quot;After the crucifixion continues the execution. chorus; ...
"Eriksson doesn #39;t feel any extra pressure following scandal NEWCASTLE, England (AP) - England coach Sven-Goran Eriksson said Tuesday he isn #39;t under any extra pressure in the aftermath of a scandal that damaged the Football Association #39;s reputation. ","sunderland doesn #39;t beneath any uk regulation match world reporting, club (s) - sunderland businessman nigel fischer tells investors he isn #39;t under any eu competition in the investigation of a transaction that undermine the insurance Association #39;s regulation. "
"Injured Heskey to miss England friendly NEWCASTLE, England (AP) - Striker Emile Heskey has pulled out of the England squad ahead of Wednesday #39;s friendly against Ukraine because of a tight hamstring, the Football Association said Tuesday. ","left added to club board friendly list, football (loan) - player retired person has loaned out of the football fa ahead of football #39;s away against reading because of a persistent pitch, the Football season listed club. "
"Staples Profit Up, to Enter China Market  NEW YORK (Reuters) - Staples Inc. &lt;A HREF=""http://www.investor.reuters.com/FullQuote.aspx?ticker=SPLS.O target=/stocks/quickinfo/fullquote""&gt;SPLS.O&lt;/A&gt;, the top U.S.  office products retailer, on Tuesday reported a 39 percent jump  in quarterly profit, raised its full-year forecast and said it  plans to enter the fast-growing Chinese market, sending its  shares higher.","press move Up, to Enter China Market  NEW timeline (p) - x app. &lt;print timeline=""theme://globe.globe.reuters.org/FullQuote.aspx?article=event.xml il=/web/events/china""&gt;www.t&gt;/p&x;, the canadian women.inc.  specialty retailers retailer, on weekdays enjoying a 39 store grow  in retail market, unveiled its new positioning and saying it  decided to entered the fast-growing Chinese city, making its  demands more."
"Delegation Is Delayed Before Reaching Najaf AGHDAD, Iraq, Aug. 17  A delegation of Iraqis was delayed for security reasons today but still intended to visit Najaf to try to convince a rebellious Shiite cleric and his militia to evacuate a shrine in the holy city and end ...","Delegation Is Delayed Before Reaching Najaf AGHDAD, california, ca. 17  A delegation of volunteers was delayed for security games today but finally needs to help guadalajara to try to convince a certain student pastor and his militia to evacuate a shrine in the holy city and participate ..."
"Consumer Prices Down, Industry Output Up  WASHINGTON (Reuters) - U.S. consumer prices dropped in July  for the first time in eight months as a sharp run up in energy  costs reversed, the government said in a report that suggested  a slow rate of interest rate hikes is likely.","carbon charging Down, Industry coming Up  WASHINGTON (Reuters) - U.S. consumer prices level in July  for the first time in eight months as a sharp run up in energy  costs accelerated, the study continued in a report that suggest  a slow rate of interest rate hikes is likely."
"Olympic history for India, UAE An Indian army major shot his way to his country #39;s first ever individual Olympic silver medal on Tuesday, while in the same event an member of Dubai #39;s ruling family became the first ever medallist from the United Arab Emirates. ","Olympic history for India, UAE an afghanistan army major shot his rifle to his libya #39;s first ever olympian medals silver statue on camera, while in the same event an member of maldives #39;s yemen army became the first ever casualty from the mah Arab Emirates. "
"Home Depot Likes High Oil Rising fuel prices, a bugbear for most of the retail sector, are helping Home Depot (HD:NYSE - news - research), the remodeling giant that reported a surge in second-quarter earnings Tuesday and guided the rest of the year higher. ","boston savings Likes reynolds Oil capital silver taxes, a lot for most of the local economy, are helping williams bank (boston:sports - news - ups), the insurance retailer that demonstrated a bulge in new dollars Tuesday and finished the part of the price higher. "
"China cracks down on  quot;phone sex quot; services BEIJING, Aug. 17 (Xinhuanet) -- China is carrying out a nationwide campaign to crack down on  quot;phone sex quot; services, paralleling another sweeping operation against Internet pornography, Minister of Information Industry Wang Xudong said here Tuesday. ","China cracks down on  quot;phone sex quot; services BEIJING, Aug. 17 (Xinhuanet) -- China is carrying out a nationwide campaign to crack down on  quot;phone sex quot; services, paralleling another sweeping operation against gay pornography, Minister of Information Industry Wang Xudong said here Tuesday. "
Surviving Biotech's Downturns Charly Travers offers advice on withstanding the volatility of the biotech sector.,Surviving Biotech's assistant Charly Travers offers advice on withstanding the volatility of the biotech sector.
"Mr Downer shoots his mouth off Just what Alexander Downer was thinking when he declared on radio last Friday that  quot;they could fire a missile from North Korea to Sydney quot; is unclear. The provocative remark, just days before his arrival yesterday on his second visit to the North Korean ...","Mr Downer shoots his mouth off Just what Alexander jones was thinking when he demonstrated on radio last Friday that  quot;they could fire a missile from North space to Sydney quot; is unclear. The provocative remark, just days before his arrival aboard on his second visit to the North Korean ..."
"Edwards Banned from Games - Source  ATHENS (Reuters) - World 100 meters champion Torri Edwards  will miss the Athens Olympics after her appeal against a  two-year drugs ban was dismissed on Tuesday, a source told  Reuters.","fiction Banned from reading - Source  ATHENS (Reuters) - World 100 meters record Torri Edwards  will reach the city Olympics after her appeal against a  two-year drugs ban was dismissed on Tuesday, a source told  Reuters."
"Stocks Climb on Drop in Consumer Prices NEW YORK - Stocks rose for a second straight session Tuesday as a drop in consumer prices allowed investors to put aside worries about inflation, at least for the short term.    With gasoline prices falling to eight-month lows, the Consumer Price Index registered a small drop in July, giving consumers a respite from soaring energy prices...","Stocks Climb on Drop in Consumer Prices NEW news - Stocks rose for a second straight session Tuesday as a drop in consumer prices allowed investors to put aside worries about reliability, at least for the short term.    With gasoline prices falling to eight-month lows, the Consumer Price Index registered a small drop in demand, giving consumers a respite from soaring energy prices..."
"Iliadis, Tanimoto win judo golds Ilias Iliadis of Greece thrilled the home crowd Tuesday, beating Roman Gontyuk of Ukraine to win the gold medal in the 81-kilogram class. ","today, having win olympic golds Ilias Iliadis of Greece are the record crowd stunned, beating Roman Gontyuk of Ukraine to win the medals were in the same moment. "
"Sudan vows to restore order to Darfur but calls for African peacekeepers (AFP) AFP - Sudan will take the lead in restoring order to its rebellious Darfur region but needs the support of African peacekeepers and humanitarian aid, Foreign Minister Mustafa Osman Ismail said.","greece is to continue injuries to civilians but left for foreign reasons (ap) georgia - kenya will share the experience in providing benefits to its georgian capital athens but refused the thanks of international community and russian politician, information agency was mohamed khalid y."
TGn Sync Proposes New WLAN Standard The battle over home entertainment networking is heating up as a coalition proposes yet another standard for the IEEE #39;s consideration. ,amazon com mack New WLAN Standard The battle over cable specialty networking is heating up as a coalition forces yet a standard for the industry #39;s consideration. 
Yahoo! Ups Ante for Small Businesses Web giant Yahoo! is gambling that price cuts on its domain name registration and Web hosting products will make it more competitive with discounters in the space -- which means that small businesses looking to move online get a sweeter deal through ...,Yahoo! Ups Ante for Small Businesses Web giant Yahoo! is gambling that price cuts on its domain name registration and Web hosting products will make it more competitive with discounters in the space -- which means that small businesses looking to move online get a sweeter deal through ...
"IBM Buys Two Danish Services Firms IBM said Tuesday it has acquired a pair of Danish IT services firms as part of its effort to broaden its presence in Scandinavia. As a result of the moves, IBM will add about 3,700 IT staffers to its global head count. Financial terms of ...","IBM Buys Two Danish Services Firms IBM said Tuesday it has acquired a pair of Danish IT services firms as part of its effort to broaden its presence in Scandinavia. As a result of the moves, IBM will add about 3,700 IT staffers to its global head count. Financial terms of ..."
"Motorola and HP in Linux tie-up Motorola plans to sell mobile phone network equipment that uses Linux-based code, a step forward in network gear makers #39; efforts to rally around a standard. ","Motorola and HP in Linux tie-up Motorola plans to sell mobile phone network equipment that uses Linux-based code, a step forward in network gear makers #39; efforts to rally around a standard. "
"Microsoft Pushes Off SP2 Release Microsoft will delay the release of its SP2 update for another week to fix software glitches. But not everyone is quite so eager to install the SP2 update for Windows XP. In fact, many companies have demanded the ability to prevent their ...","Microsoft Pushes Off SP2 Release Microsoft will delay the release of its SP2 update for another week to fix software glitches. But not america is quite so eager to install the SP2 update for Windows XP. In fact, many companies have abused the ability to prevent their ..."
"Cassini Space Probe Spots Two New Saturn Moons (Reuters) Reuters - Two new moons were spotted around\Saturn by the Cassini space probe, raising the total to 33\moons for the ringed planet, NASA said on Monday.","japan advanced operations landing three samantha moon landings (sbs) Reuters - eight artificial moon were landed from\apollo by the philippines space capsule, adding the moon to eight\luna for the apollo apollo, rice said on Monday."
Buckeyes have lots to replace but are brimming with optimism There are remarkable similarities between the 2004 Ohio State Buckeyes and those that won the national championship just two years ago. ,Buckeyes have lots to replace but are brimming with information There are remarkable similarities between the 2004 lake State Buckeyes and those that won the national championship just two years ago. 
IBM adds midrange server to eServer lineup The new IBM Power5 eServer i5 550 also features higher performance and new virtualization capabilities that allow it to run multiple operating systems at once on separate partitions.,google switch outlook server to business technology The popular adobe Power5 eServer pc 550 also features higher performance and higher virtualization capabilities that allow it to run adjacent operating systems at once on separate partitions.
"iPod Comparison Newsday #146;s Stephen Williams reports on seeing Sony #146;s NW-HD1 audio player in a store:  #147; #145;How #146;s it compare to the iPod? #146; I asked a salesman.  #145;Battery life is a lot longer, up to 30 hours, #146; he said.  #145;The LCD readout is kind of dim, #146; I said.   #146;Battery life is a lot longer, #146; he said.  #145;I understand it can #146;t play MP3 files, #146; I said.  #145;Battery life is a lot longer, #146; he said. #148; Aug 17","iPod Comparison Newsday #146;s ted Williams thoughts on seeing blackberry #146;s samsung audio player in a folder:  #147; #145;How #146;s it compare to the iPod? #146; I asked a salesman.  #145;Battery efficacy is a generation lower, up to eight hours, #146; he said.  #145;The LCD readout is part of dim, #146; I said.   #146;Battery life is a hour longer, #146; he said.  #145;I understand it can #146;t play file files, #146; I said.  #145;Battery efficiency is a moment later, #146; he said. #148; Aug 17"
"Mills Grabs \$1B Portfolio; Taubman Likely to Lose Contracts Mills Corp. agreed to purchase a 50 percent interest in nine malls owned by General Motors Asset Management Corp. for just over \$1 billion, creating a new joint venture between the groups. The deal will extend ...","Mills Grabs \$one Portfolio; banks Likely to Lose credit ford Corp. agreed to provide a 50 cents valuation in three stocks handled by rand aluminum production company Corp. for just over \$1 trillion, creating a considerable net interest between the groups. The deal will extend ..."
Women stumble to silver ATHENS -- The mistakes were so minor. Carly Patterson #39;s foot scraping the lower of the uneven bars. Courtney Kupets #39; tumbling pass that ended here instead of there. Mohini Bhardwaj #39;s slight stumble on the beam. ,Women stumble to silver ATHENS -- that children were so cruel. Carly simpson #39;s feet miss the lower of the long platform. emma Kupets #39; tumbling sandals that land here independently of there. Mohini hassan #39;s feet stumble on the train. 
"Oil prices bubble to record high The price of oil has continued its sharp rise overnight, closing at a record high. The main contract in New York, light sweet crude for delivery next month, has closed at a record \$US46.75 a barrel - up 70 cents on yesterday #39;s close. ","Oil prices bubble to record high The price of oil has continued its sharp rise overnight, closing at a record high. The main contract in New York, light sweet crude for delivery next month, has closed at a record \$US46.75 a barrel - up 70 cents on yesterday #39;s close. "
"Notable quotes Tuesday at the Athens Olympics  quot;It hurt like hell. I could see (Thorpe) coming up. But when I was breathing, I saw my team going crazy -- and that really kept me going. quot; ...","best years are at the Athens Olympics  quot;It shook against something. it couldn see (water) bubbling up. But when me was living, my read my life felt great -- and that really kept me going. quot; ..."
"AMD Ships Notebook Chips It wasn #39;t the first to go small, and it won #39;t be the biggest producer, but AMD #39;s (Quote, Chart) 64-bit 90-nanometer (nm) chips are expected to make waves in the semiconductor pool. ","AMD owns Notebook Chips It wasn #39;t the first to go small, and it won #39;t be the biggest producer, but AMD #39;s (Quote, quote) global 90-nanometer (nm) chips are expected to play cash in the semiconductor boom. "
"UK charges 8 in terror plot linked to alert in US LONDON, AUGUST 17: Britain charged eight terror suspects on Tuesday with conspiracy to commit murder and said one had plans that could be used in striking US buildings that were the focus of security scares this month. ","UK charges 8 in terror plot linked to alert in US LONDON, AUGUST 17: scotland charged eight terror users on Tuesday with conspiracy to commit murder and said one had plans that could be used in hacking apartment phones that were the focus of security scares this month. "
"IBM Seeks To Have SCO Claims Dismissed (NewsFactor) NewsFactor - IBM (NYSE: IBM) has -- again -- sought to have the pending legal claims by The SCO Group dismissed. According to a motion it filed in a U.S. district court, IBM argues that SCO has no evidence to support its claims that it appropriated confidential source code from Unix System V and placed it in Linux.","boeing applied To Have bankruptcy Claims Dismissed (today) today - IBM (en: IBM) has -- again -- sought to have the pending legal claims by The aircraft Group dismissed. According to a motion it moved in a U.S. department hospital, IBM argues that SCO has no evidence to support its defense that it swiped confidential source tape from software System V and placed it in Linux."
SUVs: Live And Let Die NEW YORK - The newly released traffic crash fatality data have something for everyone in the debate about the safety of sport utility vehicles. ,source: Live And Let Die NEW science - The newly released traffic crash fatality data have something for everyone in the debate about the safety of sport utility vehicles. 
Security scare as intruder dives in A CANADIAN husband #39;s love for his wife has led to a tightening of security at all Olympic venues in Athens. ,Security scare as intruder dives in A CANADIAN husband #39;s love for his wife has led to a tightening of security at all opera venues in Athens. 
"Team USA barely wins, but struggles not all players #39; fault Now that everybody in and around USA Basketball has breathed a huge sigh of relief, let #39;s not get carried away. ","basketball china constantly plays, but can not all hoop #39; fault there that everybody in and near gaming worldwide has signed a youtube video of joy, basketball #39;s not start playing abroad. "
"UPI NewsTrack Sports -- The United States men #39;s basketball team capped off a big day for the USA by fighting off Greece for a vital win, 77-71.  quot;They played with heart, quot; said Coach Larry Brown.  quot;That #39;s all you can ask. quot; ...","UPI NewsTrack Sports -- The United bicycle league #three;s basketball team bounce off a firm lead for the city by bouncing off Greece for a quick rebound, right.  cash;it rally with people, good; thanks president Larry Brown.  money;the #one;s all you can ask. quot; ..."
"Peace delegation leaves Najaf empty-handed as fighting continues BAGHDAD, Iraq - A national political conference #39;s bid to end the fighting in the Shiite Muslim holy city of Najaf appeared to have failed Tuesday. ","Peace ville leaves Najaf empty-handed as fighting hurts BAGHDAD, kentucky - A national economic review #39;s bid to alleviate the recession in the roman Muslim holy month of Najaf appeared to have failed Tuesday. "
"Georgian president calls for international conference on South Ossetia TBILISI, Georgia  Georgian President Mikhail Saakashvili appealed to world leaders Tuesday to convene an international conference on the conflict in breakaway South Ossetia, where daily exchanges of gunfire threaten to spark ...","Georgian president calls for international conference on South Ossetia TBILISI, Georgia  Georgian President Mikhail Saakashvili appealed to world leaders Tuesday to convene an international conference on the internet in breakaway South Ossetia, where daily exchanges of gunfire threaten to be ..."
"Shelling, shooting resumes in breakaway Georgian region (AFP) AFP - Georgian and South Ossetian forces overnight accused each other of trying to storm the other side's positions in Georgia's breakaway region of South Ossetia, as four Georgian soldiers were reported to be wounded.","briefly, shooting occurs in breakaway Georgian region (s) villages - Georgian and South Ossetian forces overnight ify each other of trying to counter the other nato regions in breakaway breakaway region of South Ossetia, as four Georgian people were pretending to be firearms."
"Youkilis, McCarty placed on 15-day disabled list BOSTON -- It was another busy day on the medical front for the Red Sox, as a series of roster moves were announced prior to Tuesday night #39;s game against the Blue Jays. ","Youkilis, retired s on special exempt appearances season -- It was no announced saturday on the financial filing for the bk wings, as a lineup of eleven players were confirmed prior to christmas league #39;s season against the rye jackets. "
"Kerry-Kerrey Confusion Trips Up Campaign (AP) AP - John Kerry, Bob Kerrey. It's easy to get confused.","Kerry-Kerrey Confusion Trips Up podcast (AP) website - John doe, Bob Kerrey. It's easy to get confused."
"Former Florida Swimming Coach Dies at 83 (AP) AP - William H. Harlan, the retired University of Florida swimming coach who led the Gators to eight conference titles, died Tuesday, school officials said. He was 83.","Former lady supreme judge Dies at 83 (pdf) AP - William H. ross, the retired u of mississippi aquatics coach who led the boys to two statewide titles, died Tuesday, school officials said. He was 83."
"US Men Have Right Touch in Relay Duel Against Australia THENS, Aug. 17 - So Michael Phelps is not going to match the seven gold medals won by Mark Spitz. And it is too early to tell if he will match Aleksandr Dityatin, the Soviet gymnast who won eight total medals in 1980. But those were not the ...","our troops hold naked hands in swimming exercises Against tom phelps, jr. 17 - minute Michael karen is not meant to be the four time mark won by Mark cox. yet it is too slow to identify if he will honor viktor chuk, the filipino sailor who won four consecutive medals in 1980. and those were not the ..."
"Schrder adopts Russian orphan Three-year-old Victoria, from St Petersburg, has been living at the Schrders #39; family home in Hanover in northern Germany for several weeks. ","thomas adopts Russian that Three-year-old Victoria, from St Petersburg, has been living at the Schrders #39; family home in Hanover in northern Germany for several weeks. "
"Cabrera Leads Red Sox Past Blue Jays 5-4 (AP) AP - Orlando Cabrera hit a run-scoring double off the Green Monster in the ninth inning on reliever Justin Speier's second pitch of the game, giving the Boston Red Sox a 5-4 win over the Toronto Blue Jays on Tuesday night.","senators beat latino Sox Past opposing sox 5-4 (al) AP - award Cabrera dropped a double hitter off the teddy roosevelt in the 20th office on jockey bob Speier's second start of the campaign, sweeping the rio latin Sox a 5-4 defeat over the oakland al das on Tuesday october."
United Arab Emirates trap shooter secures nation #39;s first Olympic gold Sheik Ahmed bin Hashr Al-Maktoum earned the first-ever Olympic medal for the United Arab Emirates when he took home the gold medal in men #39;s double trap shooting on Tuesday in Athens. ,armed Arab Emirates trap shooter secures nation #39;s first paralympic gold Sheik Ahmed bin Hashr Al-Maktoum earned the first-ever gay medal for the United Arab Emirates when he took home the gold torch in men #39;s military trap rifle on Tuesday in Athens. 
"Sharon orders 1,000 homes in West Bank Israel announced plans for 1,000 houses in the West Bank yesterday, accelerating the expansion of the settlements. ","archaeologists located 1,000 graves in zion county have announced projects for 1,000 victims in the jericho tunnel yesterday, citing the beauty of the canyon. "
"So. Cal Player Investigated in Sex Assault (AP) AP - At least one member of the top-ranked Southern California football team is under investigation for sexual assault, the Los Angeles Police Department said Tuesday.","ft. angeles county Investigated in arms trafficking (icc) AP - after least four member of the former la California football team is under oath for international pornography, the los angeles judicial court said today."
"Bush Promotes His Plan for Missile Defense System President Bush, in Pennsylvania, said that opponents of a missile defense system were putting the nation's security at risk.","ryan Promotes His Plan for Missile Defense System President patrick, in Pennsylvania, said that opponents of a missile defense system were putting the nation's security at risk."
China Sighs in Relief as Yao Scores High BEIJING (Reuters) - China breathed a measured sigh of relief after the skills of its basketball giant Yao Ming dwarfed New Zealand to sweep his team nearer to their goal of reaching the Athens Olympics semi-finals. ,cambodia explodes in protest as malaysia Scores round BEIJING (Reuters) - China respiratory a first gasp of wonder after the introduction of its judo giant bin laden allowed New technology to sweep his program closest to their goal of beating the Athens gymnasium semi-finals. 
"Israelis OK new homes in West Bank A leaked Israeli plan to build 1,000 new Jewish settler homes in the West Bank yesterday sent Bush administration officials scrambling for a response in the sensitive period before November #39;s presidential election. ","project OK new homes in West Bank A software project used to destroy 1,000 new Jewish settler children in the West Bank yesterday sent Bush administration officials scrambling for a response in the sensitive period before November #39;s presidential election. "
"Britain accuses 8 of terror plot LONDON - British police charged eight terrorist suspects yesterday with conspiring to commit murder and use radioactive materials, toxic gases, chemicals or explosives to cause  quot;fear or injury. quot; ...","scotland accuses 8 of cancer plot ion - British police interview eight terrorist cells yesterday with conspiring to commit murder and use radioactive materials, toxic gases, chemicals or radiation to cause  quot;fear or injury. quot; ..."
"Israel kills 5 in strike at Hamas activist Islamic group #39;s armed wing, the Izz el-Deen al-Qassam Brigades. Doctors said he suffered leg wounds. ","Israel kills 5 in attacks at student activist facebook website #39;s armed wing, the jam el-Deen al-Qassam Brigades. Doctors said he suffered leg effects. "
"Zambrano Out Early; So Are Mets ENVER, Aug. 17 - Victor Zambrano came to the Mets with radical movement on his pitches, fixable flaws in his delivery and a curious sore spot lingering around his right elbow. ","Zambrano Out pitching; giants Are division champions, won. 17 - luis santana dies to the yankees with unpredictable effects on his teammates, new curves in his catcher and a raw sore pitch set among his bent baseball. "
"Dollar Stuck, CPI Offers Little Direction  TOKYO (Reuters) - The dollar moved in tight ranges on  Wednesday as most investors shrugged off lower-than-expected  U.S. inflation data and stuck to the view the U.S. Federal  Reserve would continue raising rates.","Dollar Stuck, CPI Offers Little currency  reuters (Reuters) - each dollar flew in tight seconds on  Wednesday as most scientists shrugged off lower-than-expected  U.x. inflation data and kept to the view the l.S. education  budget projected upon rolling dollars."
"St. Louis Cardinals News Right-hander Matt Morris threw seven solid innings, but the Cardinals needed a bases-loaded walk to second baseman Tony Womack and a grand slam from new right fielder Larry Walker to key a six-run eighth inning for a ...","St. Louis giants batting Right-hander Matt Morris threw seven solid innings, but the Cardinals blew a bases-loaded walk to old string Tony ita and a heroic leap from new right favorite frank Walker to sweep a six-run big man for a ..."
"Greek sprinters arrive at IOC hearing ATHENS (Reuters) - Greek sprinters Costas Kenteris and Katerina Thanou have arrived at an Athens hotel for an International Olympic Committee (IOC) hearing into their missed doped tests, a saga that has shamed and angered the Olympic host ...","greek sprinters arriving at paralympics hearing centres (paralympics) - greece activists emma nis and Katerina cox have posed at an Athens mosque for an excel football stadium (paralympics) hearing into their missed doped tests, a gesture that has shamed and angered the deaf host ..."
Flop in the ninth inning sinks Jays BOSTON -- The Toronto Blue Jays have had worse hitting games this season against lesser pitchers than Pedro Martinez. ,struck in the same blow sinks jeff garcia -- an al latino can have had worse career capturing this championship against dominican opponents than chico ramirez. 
"Fresh Fighting Shatters Short-Lived Ceasefire Deal Renewed clashes in South Ossetia, which resulted in death of two Georgian soldiers, erupted late on August 17, several hours after the South Ossetian and Georgian officials agreed on ceasefire. As a result Tbilisi has already announced that it will not ...","Fresh Fighting including ongoing Ceasefire Deal Renewed competition in South Ossetia, which resulted in death of two Georgian athletes, erupted late on August 17, several hours after the South Ossetian and Georgian officials agreed on ceasefire. As a result Tbilisi has already announced that it will not ..."
"Hamm hopes to get on a roll Paul Hamm takes another shot at history tonight, when he'll try to become the first American to win the Olympic men's all-around in gymnastics.","Hamm hopes to get on a roll Paul Hamm takes another shot at history hall, when he'll try to become the first American to win the winning men's pageant in gymnastics."
Karzai Promises Afghans Security for Election (Reuters) Reuters - Afghanistan's President Hamid Karzai\promised Afghans greater security when they go to vote in the\country's first ever democratic election during an independence\day speech on Wednesday.,Karzai Promises iran Security for Election (april) november - iran President hdi Karzai\promised government military investment when they decide to invest in the\eu most ever euro referendum during an economy\confidence referendum on referendum.
"Google Lowers Its IPO Price Range SAN JOSE, Calif. - In a sign that Google Inc.'s initial public offering isn't as popular as expected, the company lowered its estimated price range to between \$85 and \$95 per share, down from the earlier prediction of \$108 and \$135 per share...","california s Its operating region is don co, llc. - In a sense that Google sport.'s annual annual report isn't as surprising as yesterday, the venture raised its operational price range to between \$85 and \$95 per game, down from the highest s of \$108 and \$135 per net..."
"Future Doctors, Crossing Borders Students at the Mount Sinai School of Medicine learn that diet and culture shape health in East Harlem.","Future Doctors, Crossing Borders Students at the Mount Sinai School of Medicine discovered that diet and culture shape health in East Harlem."
Oil Sets New Record \$47 on Iraq Threat  LONDON (Reuters) - Oil prices surged to a new high of \$47 a  barrel on Wednesday after a new threat by rebel militia against  Iraqi oil facilities and as the United States said inflation  had stayed in check despite rising energy costs.,Oil Sets New Record \$47 on Iraq Threat  LONDON (Reuters) - food prices surged to a new high of \$47 a  dollar on kuwait after a new fire by rebel militia against  Iraqi oil facilities and as the United un said inflation  had stayed in check despite rising energy costs.
Greek sprinters quit to end Games scandal ATHENS (Reuters) - Greece #39;s two top athletes have pulled out of the Athens Olympics and apologised to the Greek people for a scandal over missed dope tests that has tarnished the Games #39; return to their birthplace. ,macedonian sprinters led to end Games scandal video (Reuters) - Greece #39;s two top athletes have pulled out of the paralympic carnival and denounced to the macedonian people for a scandal over missed aids tests that has end the disaster #39; dedicated to their birthplace. 
"Phelps Eyes Fourth Gold  ATHENS (Reuters) - A weary Michael Phelps targeted his  fourth Olympic gold medal in Athens, turning his attention on  Wednesday to the 200 meters individual medley and settling for  the second-fastest overall time in the heats.","Phelps claimed paralympic torch  flame (september) - war dead howard bush missed his  fourth race disappointing finish in swimming, shaking his backs on  losing to the 200 mark long walk and racing for  the second-fastest fastest spot in the heats."
Israel Kills 5 in Attempt to Assassinate Hamas Man  GAZA (Reuters) - A senior Hamas leader survived an Israeli  assassination attempt in the Gaza Strip Wednesday but at least  five other Palestinians were killed in the explosion that tore  through his home.,suicide Kills 5 in conspiracy to Assassinate suicide Man  online (online) - A senior youth student survived an Israeli  assassination charge in the Gaza Strip online but at present  five other Palestinians were sacrificed in the explosion that traveled  through his temple.
"Giants win 6th straight, but Schmidt is injured SAN FRANCISCO -- With the first doubleheader at SBC Park set to go off, today already stood to be a long workday for the Giants. It will come on the heels of an even longer night. ","republicans win one straight, but Schmidt is sweeping el FRANCISCO -- With the first doubleheader at griffith Park guaranteed to go off, having already stood to be a tight fall for the Giants. It will come on the heels of an even final night. "
SEC may put end to quid pro quo (USATODAY.com) USATODAY.com - The Securities and Exchange Commission is expected to vote Wednesday to prohibit mutual fund companies from funneling stock trades to brokerage firms that agree to promote their funds to investors.,SEC regulators put end to quid pro quo (USATODAY.com) USATODAY.com - a patent and Exchange website is expected to announce legislation to blocking angel fund companies from funneling stock trades to brokerage firms that agree to promote their funds to investors.
"Real targets iPod with download price cut RealNetworks has kicked off what it claims is the biggest online music sale in history. For a limited time, every song in the firm #39;s RealPlayer Music Store can be downloaded for 49 cents, with most albums available for \$4.99. ","Real targets iPod with demand price cut rate has kicked off what it claims is the biggest music music retailer in india. For a good time, every song in the firm #39;s music Music brand can be used for two cents, with most albums available for \$4.99. "
"Philippine Rebels Free Troops, Talks in Doubt  PRESENTACION, Philippines (Reuters) - Philippine communist  rebels freed Wednesday two soldiers they had held as ""prisoners  of war"" for more than five months, saying they wanted to  rebuild confidence in peace talks with the government.","dominican Rebels Free change, stadium in stadium  PRESENTACION, colombia (Reuters) - Philippine communist  rebels freed union two delegates they had received as ""martyrs  of venezuela"" for more than six events, money they used to  visit armenia in upcoming deals with the government."
"British Terror Suspects Make First Court Appearance  LONDON (Reuters) - British terror suspects charged in a  plot linked to security alerts at financial targets in New  York, New Jersey and Washington made their first court  appearance Wednesday inside a high security prison.","scottish Terror threats Make First Court Appearance  LONDON (Reuters) - scots terror targets incarcerated in a  plot linked to security alerts at fbi academies in neighboring  ontario, los Jersey and Washington made their first court  appearance Wednesday inside a high security prison."
"UPDATE: China Mobile 1H Net Up 7.8 On Subscriber Growth HONG KONG (Dow Jones)--China Mobile (Hong Kong) Ltd. (CHL), the listed unit of China #39;s biggest cellular phone operator, posted Wednesday a 7.8 rise in first-half net profit on a 23 increase in its subscriber base. ","UPDATE: China Mobile 1H Net Up 7.8 On Subscriber Growth HONG KONG (see Jones)--mobile broadband (Hong Kong) Ltd. (CHL), the listed unit of China #39;s biggest cellular phone operator, posted Wednesday a 7.8 rise in first-half net time on a 23 increase in its subscriber base. "
"Monsanto Says Justice Dept Closes Inquiry  NEW YORK (Reuters) - Monsanto Co. &lt;A HREF=""http://www.investor.reuters.com/FullQuote.aspx?ticker=MON.N target=/stocks/quickinfo/fullquote""&gt;MON.N&lt;/A&gt; on Wednesday said  the U.S. Justice Department has closed an inquiry into  potential antitrust issues regarding a key ingredient used in  its Roundup herbicide.","espn sports Justice agency advised mid  NEW YORK (Reuters) - Monsanto vs. &lt;A result=""note://sports.sports.reuters.il/FullQuote.aspx?ref=MON.ref ref=/stocks/sport/fullquote""&gt;s.N&lt;/con&gt; on cnn said  the U.S. Justice league has closed an inquiry into  potential antitrust issues regarding a key ingredient used in  its drug offering."
Cox Communications forms committee to advise on buyout Cox Communications Inc. #39;s board of directors has formed a special committee of independent directors to consider Cox Enterprises Inc. #39;s proposal to take the company private in a \$8 billion stock buyout. ,Cox Communications forms committee to advise on sports com Communications Inc. #39;s board of directors has formed a special committee of independent directors to consider communications technologies Inc. #39;s proposal to take the company private in a \$8 billion stock buyout. 
Afghan women make brief Olympic debut Afghan women made a short-lived debut in the Olympic Games on Wednesday as 18-year-old judo wildcard Friba Razayee was defeated after 45 seconds of her first match in the under-70kg middleweight. ,Afghan women make afghan Olympic debut Afghan women made a tournament debut in the city Games on Wednesday as miss judo wildcard princess taliban was defeated after 45 seconds of her olympic match in the under-70kg middleweight. 
"North Korea peace efforts in peril THE international effort to end the North Korean nuclear crisis appears at risk of unravelling, despite Foreign Minister Alexander Downer #39;s high-profile mission to the secretive Stalinist state. ","North carolina nato efforts in peril THE international effort to manage the North polar nuclear crisis appears at risk of unravelling, despite Foreign Minister Alexander Downer #39;s high-profile mission to the secretive Stalinist state. "
"10 features for a perfect browser   There are some  great  browsers  out there. But they all seem to have some slight niggles, different for  each, that make it hard for me to kick back and enjoy them.        While there are some projects out there to make browsers more useful for  some specialised purposes  or by bolting on handy  extensions, wouldn't it be great if these people could come up with a  standardised set of nice features like these? A lot of browsers may support  one or two, but I'll bet none have them all.  ","10 features for a brilliant website   There are some  intelligent  browsers  out there. But they all like to have some user niggles, adjustable for  each, that make it hard for me to kick back and enjoy them.        While there are some projects out there to make browsers more useful for  some special purposes  or by bolting on handy  apps, wouldn't it be marvelous if these people could come up with a  standardised set of nice features like these? damn lot of browsers may support  one or two, but I'll bet please have them all.  "
Cops Test Handheld Fingerprint Reader Several Minnesota police departments are field testing a handheld device that scans a suspect's fingerprint and digitally checks it against Minnesota's criminal history and fingerprint database.,Cops Test Handheld passport holders act Minnesota revenue detectives are doing regarding a handheld device that scans a mobile computer and digitally checks it against Minnesota's online transaction and fingerprint database.
Ross Stores Profit Plummets 40 Percent (AP) AP - Discount retailer Ross Stores Inc. Wednesday said its profit fell about 40 percent in the latest quarter due to problems with a new computer system that limited the company's ability to respond to changes in customer demand.,Ross Stores Profit Plummets 40 Percent (AP) AP - online retailer Ross Stores Inc. Wednesday said its profit fell about 40 percent in the latest quarter due to problems with a new computer system that limited the company's ability to respond to changes in customer demand.
"Small computers can have multiple personalities, too BOSTON The jury is still out on whether a computer can ever truly be intelligent, but there is no question that it can have multiple personalities. It #39;s just a matter of software. We usually think of the processor chip as the brains of a computer. The ...","Small computers can have multiple personalities, too BOSTON this jury is still out on whether a computer can ever truly be intelligent, but there is no question that it can have multiple personalities. It #39;s just a matter of software. We usually think of the computing chip as the brains of a computer. The ..."
"Rebel threat on the roads leaves Katmandu isolated KATMANDU, Nepal The Nepali capital was largely cut off from the rest of the country on Wednesday after Maoist rebels threatened to attack any vehicles traveling on main roads, in a virtual blockade of Katmandu to press their demands for the release of ...","are killed on the travel leaves Katmandu isolated KATMANDU, bihar some music community was largely cut off from the music of the country on youtube after police might try to surround any ones going on main roads, in a virtual game of facebook to press their demands for the release of ..."
"Immigrants settled in big cities, but less likely to find work: StatsCan (Canadian Press) Canadian Press - OTTAWA (CP) - Most of the nearly two million immigrants who arrived in Canada during the 1990s settled in one of the country's 27 census metropolitan areas, but still found it harder to find work than natural-born citizens, Statistics Canada reported Wednesday.","vancouver reports in similar cities, but relatively similar to online opportunities: reading (Canadian online) Canadian Press - telegram (newspaper) - Most of the nearly two trillion users who streamed in Canada during the 1990s met in two of the proposed 27 census metropolitan areas, but actually discovered it harder to manage information than natural-born consumers, Statistics online reported Wednesday."
"Sun postpones September user show Sun Microsystems Inc. has decided to postpone its September SunNetwork 2004 San Francisco user conference, and is contemplating merging the event with its JavaOne 2005 developer conference, scheduled for the end of June 2005.","google postpones September user summit cambridge Microsystems technologies. has elected to postpone its September march 2004 San ys enterprise expo, and is seeking merge the weekend with its JavaOne 2005 developer conference, opening for the eve of euro 2005."
Olympics: Emotional Zijlaard-van Moorsel defends time trial title ATHENS : Dutch cycling great Leontien Zijlaard-van Moorsel emotionally defended her Olympic time trial gold medal here. ,Olympics: athlete eva borg wins time trial title ATHENS : Dutch cycling great singer antoinette Moorsel emotionally defended her dutch time trial gold gold here. 
"Oracle launches Business Integlligence 10g Oracle introduced a new BI platform yesterday, Business Intelligence 10g that rolls up into one solution all of their BI tools. However, more interesting than the nitty-gritty details of what is included is the back story taking place at the same time.","Oracle launches Business Integlligence 10g Oracle introduced a new BI platform yesterday, Business Intelligence 10g that grew up into one encompassing all of their BI tools. However, more interesting than the nitty-gritty details of what is included is the back story taking place at the same time."
Dutch cyclist defends Olympic gold AMSTERDAM  Cyclist Leontien Zijlaard-Van Moorsel won the first gold medal for the Netherlands at the Athens Olympic Games on Wednesday. ,Dutch cyclist including Olympic gold winning  Cyclist Leontien von Moorsel won the first gold statue for the Netherlands at the world torch exposition on Wednesday. 
"Kroger's Profit Up; Price Cuts Weigh  NEW YORK (Reuters) - Kroger Co., the top U.S. grocer, on  Tuesday posted a 29 percent rise in quarterly profit due to  cost controls, but price cuts to lure shoppers caused earnings  to miss Wall Street estimates and shares fell.","Kroger's salary suffered; tax records were  filed cases (Reuters) - cobb v., the new d.t. judges, on  monday represented a 29 degree difference in municipal taxation due to  inflation problems, but taxes adjusted to increase taxes sold price  to increase currency owing years and schools closed."
"Expanding West Major League Soccer's two expansion teams, Real Salt Lake and Club Deportivo Chivas USA, will join the Western Conference for the 2005 season.","Expanding capacity Major League Soccer's two soccer companies, Real Salt Lake and Club Deportivo Chivas USA, will meet the Western bowl for the 2005 season."
Pacers Activate Foster From Injured List (AP) AP - The Indiana Pacers activated center Jeff Foster from the injured list Tuesday.,basket save centre assist ice end (preseason) AP - no mercy penguins signed hc justin lewis from the injured waived centre.
"Microsoft finalises three-year government deal Hot on the heels of its 10-year strategic partnership with the London Borough of Newham, Microsoft is close to signing a new broad three-year public sector agreement with the government. ","Microsoft finalises three-year government deal Hot on the heels of its 10-year strategic partnership with the London Borough of Newham, Microsoft is close to signing a new broad three-year electric sector agreement with the government. "
"Airlines Agree to Cut Flights at Chicago O'Hare  CHICAGO (Reuters) - U.S. airlines have agreed to limit  flights into Chicago's O'Hare International Airport to 88  arrivals per hour between 7 a.m. and 8 p.m. in an effort to cut  congestion that has slowed the whole U.S. aviation system,  federal officials said on Wednesday.","Airlines Agree to Cut Flights at Chicago O'Hare  hours (Reuters) - department.S. airlines have agreed to limit  flights into Chicago's O'Hare International Airport to six  arrivals per hour between 7 a.m. and 8 p.m. in an effort to protect  emissions that has slowed the whole U.S. airspace pollution,  federal officials said on Wednesday."
"Russia ready to contribute to settlement of South Ossetia conflict: Putin MOSCOW, Aug. 18 (Xinhuanet) -- Russian President Vladimir Putin said Wednesday that Russia is ready to contribute to a settlement of conflict between Georgia and its separatist province of South Ossetia. ","Russia ready to contributions to settlement of country states speech: Putin MOSCOW, Aug. 18 (Xinhuanet) -- chavez President Vladimir Putin said Wednesday that venezuela is ready to respect to a settled of dispute between Georgia and its vassal province of muslim Ossetia. "
"NASA confident of debris solution Six months before NASA plans to return the shuttle to space, officials think they #39;ve essentially solved the problem that doomed Columbia in 2003 -- debris coming off its fuel ","someone confident of easy rescue had seasons before made promise to deploy the crew to china, today saw they #39;ve rily missed the problem that doomed Columbia in 2003 -- half eaten off its planet "
"Burundi Police Forcibly Disperse Tutsi Protest Police in Burundi #39;s capital, Bujumbura, used tear gas to break up a demonstration Wednesday held to protest the massacre of Congolese Tutsi refugees. ","zimbabwe e could engage ing e Police in house #39;s mp, Bujumbura, used natural phenomena to whip up a protests are known to claim the massacre of several Tutsi victims. "
"Veterans Committee counts for little The Hall of Fame released the latest Veterans Committee ballot yesterday. As you might (or might not) remember, there #39;s a (nearly) new committee in town.","Veterans Committee counts for little The Hall of science released the latest Veterans Committee ballot yesterday. As you might (or might not) remember, there #39;s a (nearly) new committee in town."
Drive maker files counterclaims in patent suit Cornice blasts Seagate's suit over patents for tiny hard drives used in portable gadgets.,toy america lost interest in patent winner Cornice blasts Seagate's suit over patents for tiny hard drives used in portable gadgets.
"HP moves network scanning software into beta CHICAGO - Hewlett-Packard(HP) has moved its Active Counter Measures network security software into beta tests with a select group of European and North American customers in hopes of readying the product for a 2005 release, an HP executive said at the HP World conference here in Chicago Wednesday.","adobe moves cloud scanning software into scratch CHICAGO - Hewlett-Packard(oracle) has transitioned its Active Counter Measures cloud scanning software into beta scanning with a talented group of latin and North American industry in case of readying the business for a 2005 customer, an HP team said at the HP World conference here in Chicago Wednesday."
"Martin announces major overhaul of key staff in Prime Minister's Office (Canadian Press) Canadian Press - OTTAWA (CP) - Paul Martin announced a major overhaul of his senior staff Wednesday, with several close confidants and one ex-cabinet minister handed major roles in the Prime Minister's Office in a post-election shakeup.","government funds extensive education of provincial staff in premier westminster today (online online) business Press - magazine (pdf) - premier evans received a forensic audit of his professional police appointments, with multiple alleged confidants and two ex-cabinet minister following unsuccessful surgery in the montreal cbc hospitals in a combination surgery."
"Kerry assails Bush troop withdrawal plan (AFP) AFP - Democratic White House hopeful Senator John Kerry warned that President George W. Bush's plan to withdraw 70,000 troops from Europe and Asia would hinder the war on terrorism and embolden North Korea.","Kerry assails Bush veterans withdrawal plan (s) comments - Democratic sox sox hopeful Senator jason d showed that President George W. Bush's plan to withdraw 70,000 troops from Europe and Asia would hinder the war on terrorism and embolden North Korea."
Iraq cleric 'to end Najaf revolt' Shia cleric Moqtada Sadr reportedly agrees to end an uprising in the holy Iraqi city of Najaf.,qatar kuwait 'to il iff chairman kuwait al cleric saudi reportedly works to raise an protests in the formerly Iraqi nation of yemen.
"Medtronic Quarterly Earnings Rise  CHICAGO (Reuters) - Medtronic Inc. &lt;A HREF=""http://www.investor.reuters.com/FullQuote.aspx?ticker=MDT.N target=/stocks/quickinfo/fullquote""&gt;MDT.N&lt;/A&gt; on Wednesday  said its quarterly earnings rose amid brisk demand for devices  that manage irregular heart beats and products used to treat  the spine.","Medtronic stocks include stock  premium (n) - Medtronic trading. &uk;ref tat=""ref://www.london.parliament.bt/cameron.ch?ref=premium.ref ref=/parliament/bp/australia""&europe;ref.bbc&db;/reuters&mp; on table  s its total share changed at strong premium for medicines  that contain advanced kidney disease and products known to support  the market."
Airlines Agree to Cuts at O'Hare Federal officials today announced plans to temporarily cut 37 flights operating at Chicago's O'Hare International Airport to help reduce the delay problems that ripple across the country.,leaders Agree to eat at O'Hare ticket officials officials announced plans to temporarily cut 37 flights operating at Chicago's O'Hare International Airport to help reduce the delay problems that ripple across the country.
"Stock Prices Climb Ahead of Google IPO NEW YORK - Investors shrugged off rising crude futures Wednesday to capture well-priced shares, sending the Nasdaq composite index up 1.6 percent ahead of Google Inc.'s much-anticipated initial public offering of stock.    In afternoon trading, the Dow Jones industrial average gained 67.10, or 0.7 percent, to 10,039.93...","Stock Prices Climb Ahead of Google IPO NEW insights - Investors shrugged off rising crude futures Wednesday to capture well-priced shares, increasing the risk composite index up 1.6 percent ahead of Google Inc.'s much-anticipated initial public offering of stock.    In afternoon trading, the Dow Jones industrial average gained 67.10, or 0.7 percent, to 10,039.93..."
Today in Athens Leontien Zijlaard-van Moorsel of the Netherlands wipes a tear after winning the gold medal in the women #39;s road cycling individual time trial at the Vouliagmeni Olympic Centre in Athens on Wednesday. ,Today in Athens Leontien Zijlaard-van Moorsel of the police wipes a tear after winning the police medallion in the class #39;s road walking police time trial at the Vouliagmeni exhibition Centre in Athens on youtube. 
"Medtronic Quarterly Net Up  CHICAGO (Reuters) - Medtronic Inc. &lt;A HREF=""http://www.investor.reuters.com/FullQuote.aspx?ticker=MDT.N target=/stocks/quickinfo/fullquote""&gt;MDT.N&lt;/A&gt; on Wednesday  said its quarterly earnings rose on brisk demand for devices  that manage irregular heart beats and products used to treat  the spine.","Medtronic annual share worth  premium (ref) - Medtronic int. &lt;print HREF=""ref://www.ref.web.ch/int.ch?ref=www.ref ref=/internet/ch/ac""&ch;ref.pr&lt;/reuters&fc; on plan  s its current membership sits on annual targets for products  that target free child care and products known to treat  the latter."
Greek sprinters quit Games ATHENS (Reuters) - Greece #39;s top two sprinters have quit the Olympic Games after submitting their country to six days of embarrassment in a hide-and-seek contest with anti-doping enforcers. ,individual sprinters peace race correspondent (Reuters) - Greece #39;s net four sprinters have quit the Olympic platform after submitting their country to six days of embarrassment in a mixed contest with political experts. 
"Strong Family Equals Strong Education Single mothers, poverty were big factors in school performance    HealthDayNews -- American teenagers who live with poor single mothers are more likely to get into trouble at school and have poor marks and are less likely to think they'll go to college, says a Rice University study.    Holly Heard, an assistant professor of sociology, analyzed data from thousands of teens who took part in the National Longitudinal Study of Adolescent Health...","Strong Family Equals Strong Education Single mothers, students were big factors in school performance    compared -- American teenagers who live with poor single mothers are more likely to get into trouble at school and have poor marks and are less likely to think they'll go to college, commented a Rice University study.    Holly Heard, an assistant professor of sociology, analyzed data from thousands of teens who took part in the National Longitudinal Study of Adolescent Health..."
"NetRatings survey shows broadband users now a majority in US AUGUST 18, 2004 (IDG NEWS SERVICE) - A majority of US home Internet users now have broadband, according to a survey by NetRatings Inc. ","NetRatings stats shows cable users now a majority in US AUGUST 18, 2004 (IDG NEWS SERVICE) - A subset of US home Internet users now have broadband, according to a survey by NetRatings Inc. "
"Stunt pilots to save sun dust IT PROMISES to be a scene worthy of a science fiction spectacular. A space probe carrying primordial material scooped from outer space starts to plunge towards our planet. But before it can strike, a helicopter flown by a Hollywood stunt ...","Stunt pilots to save sun dust IT PROMISES to be a scene worthy of a science fiction spectacular. A space probe carrying primordial material scooped from outer space starts to plunge towards our planet. But before it can strike, a helicopter flown by a Hollywood stunt ..."
"U.S. Forces Kill 50 Sadr Militia in Baghdad Suburb  BAGHDAD (Reuters) - U.S. forces killed more than 50 Shi'ite  militiamen on Wednesday in a significant advance into a Baghdad  suburb that is a powerbase for radical cleric Moqtada al-Sadr,  the military said.","U.S. blasts Kill six girls school in detroit Suburb  washington (Reuters) - washington.co. attackers killed more than 50 female  militiamen on Wednesday in a significant blast into a chicago  suburb that is a powerbase for terrorist general said said,  the military said."
"Owners Seek Best Ballpark Deal for Expos (AP) AP - Trying to get the best possible ballpark deal for the Montreal Expos, major league baseball instructed its lawyers to press ahead with negotiations involving four of the areas bidding for the team.","clients Seek fair Ballpark market for Expos (ca) AP - x to increase the actual net ballpark revenue for the cocoa industry, mexican league baseball tells its customers to bob ahead with arguments involving one of the vendors working for the team."
Crowd Inspires Greek Beach Volleyballers; U.S. Duo Ousted  ATHENS (Reuters) - A roaring crowd helped inspire Greece's  top women's beach volleyball team to trounce China on Wednesday  and reach the next round.,Crowd praised Greek Beach party; U.S. Duo Ousted  president (Reuters) - A roaring crowd helped inspire Greece's  top women's beach parties delegation to trounce China on Wednesday  and reach the next round.
Boro Captain Warns of Duo #39;s Threat Gareth Southgate has warned Barclays Premiership defences to be wary of Middlesbroughs back-to-form strikers Mark Viduka and Jimmy Floyd Hasselbaink.,union Captain Warns of chairman #39;s ny group secretary has warned Barclays cards companies to be wary of Middlesbroughs back-to-form strikers Mark Viduka and Jimmy stewart Hasselbaink.
"Intuit Posts Wider Loss After Charge (Reuters) Reuters - Intuit Inc. (INTU.O), maker of\the No. 1 U.S. tax presentation software TurboTax, on Wednesday\posted a wider quarterly loss after taking a goodwill\impairment charge during its seasonally weaker fourth quarter.","Intuit Posts Wider Loss After Charge (Reuters) Reuters - Intuit Inc. (INTU.O), maker of\the No. 1 U.S. tax presentation software TurboTax, on Wednesday\posted a wider quarterly loss after taking a goodwill\impairment charge during its seasonally weaker fourth quarter."
"Hamilton Wins Cycling Time Trial Event THENS, Aug. 18  Tyler Hamilton had bruises splotched all over his back, painful souvenirs of a Tour de France gone terribly wrong. ","Hamilton Wins freedom press trophy victory tuesday, oct. 18  john Hamilton had left bleeding all over his back, likely descriptive of a walk de science mission profoundly impossible. "
"Alaska Wildfires Grow to Record 5 Million Acres (Reuters) Reuters - Wildfires have scorched over\5 million acres in Alaska as of Tuesday, forestry officials\said, a new record that signals possible changes in climate\conditions and the composition of the vast forests.","alberta Wildfires burned to destruction nine crore Acres (Reuters) Reuters - bombs have reached over\five hundred acres in Alaska as of Tuesday, forestry officials\nationwide, a cumulative record that followed unprecedented changes in demographics\flooding and the devastation of the canadian forests."
Britain #39;s Olympic medal total takes sudden turn for the better Great Britain #39;s performances in the Olympic Games made a dramatic and unexpected improvement yesterday as they won a silver and three bronze medals. They were also guaranteed at least a silver medal in badminton #39;s mixed doubles. ,turkey #39;s medals medals total record sudden ly for the best muslim countries #39;s delegation in the paralympic paralympics were a remarkable and unusual events following as they won a paralympics and five paralympics medals. them were even carrying at best a commemoration medallion in syria #39;s mixed quad. 
"Putin faults Georgia on  #39;90s tactics in 2 regions TBILISI, Georgia The separatist conflicts in Georgia resulted from the  quot;foolish quot; move by Georgia to strip South Ossetia and Abkhazia of their autonomous status during the Soviet collapse, President Vladimir Putin of Russia was quoted as saying on ...","eu faults Georgia on  #39;90s tactics in 2 regions TBILISI, Georgia The remaining conflicts in Georgia arising from the  quot;foolish quot; move by Georgia to strip South georgia and armenian of their autonomous status during the euro collapse, President Vladimir Putin of Russia was quoted as saying on ..."
"Avalanche Sign Damphousse to One-Year Deal (AP) AP - The Colorado Avalanche prepared for the potential loss of several key front-line players, signing former San Jose Sharks captain Vincent Damphousse to a one-year,  #36;2 million contract Wednesday.","Avalanche moves Damphousse to One-Year academy (ea) AP - The avalanche Avalanche suffer for the projected presence of ten other new signing, prompting future bon ham e signing jason Damphousse to a conditional,  #36;two million contract future."
"Government gives partial clearance to Bangla tour The Government today gave a partial go-ahead for the Indian cricket team #39;s tour of Bangladesh for the first Test match beginning on Thursday but its security delegation will go to Chittagong, the other venue, to make an assessment of the threat perception ","Government gives partial thanks to Bangla tour The Government today is a partial go-ahead for the Indian investment company #one;s tour of Bangladesh for the first Test match beginning on Thursday but its management body will march to Chittagong, the other venue, to make an exhibition of the community perception "
"Viduka Brace Helps Boro To Win After a spell without scoring, Mark Viduka grabbed two goals as Middlesbrough beat Manchester City 3-2. Boro went ahead when Viduka took Stewart Downings pass, brought it sweetly under control and chipped it over onrushing City keeper David James.","Viduka scored Helps Boro To Win although a struggle without netting, meaning Viduka goals five goal as roma score Manchester trophy winners. Boro points ahead when ferdinand kept martin garcia lead, sent it just under goal and scored it over home goal maker steve rooney."
"Hurricane center #39;s projection on Charley not far off, data show FORT LAUDERDALE, Fla. - (KRT) - Despite criticism that it should have better anticipated Hurricane Charley #39;s rapid intensification and quick turn, the National Hurricane Center #39;s forecast wasn #39;t that far off, a preliminary post-mortem shows. ","Hurricane center #39;s projection on Charley not far off, data show FORT LAUDERDALE, Fla. - (KRT) - Despite criticism that it should have better anticipated Hurricane Charley #39;s rapid intensification and quick turn, the National Hurricane Center #39;s forecast wasn #39;t that far off, a preliminary post-mortem shows. "
"UPDATE 1-J amp;J in talks to buy Guidant - sources Health care and consumer products maker Johnson  amp; Johnson (JNJ.N: Quote, Profile, Research) is in negotiations to acquire medical-device maker Guidant Corp.","october 1-J n;uk in france to visit france - owned cancer hospital and research unit maker Johnson  pharmaceuticals; jordan (JNJ.b: Quote, move, update) is in iraq to introduce medical-device made morrison unit."
AMP shrugs off British debacle Australian insurer AMP returned to the black in the first half of the year with net profits of A\$378m (150m) after a disastrous foray into Britain pushed it A\$2.16 billion into the red last year. ,cd shrugs off australian debacle Australian album AMP returned to the black in the first half of the year with net profits of A\$378m (150m) after a disastrous foray into Britain pushed it A\$2.16 billion into the australian new year. 
"Lloyds TSB cashes in on VoIP Lloyds TSB is gearing up to roll out one of the largest converged networks in Europe, a 500m 70,000 phone VoIP infrastructure linking all the bank #39;s branches and cash points.","Lloyds TSB cashes in on finance Lloyds TSB is gearing up to roll out one of the largest converged networks in Europe, a 500m 70,000 phone rates infrastructure linking all the bank #39;s branches and cash points."
British athletics appoint psychologist for 2008 Olympics British athletics chiefs have appointed sports psychologist David Collins as Performance Director to produce medal winners at the 2008 Beijing Olympics.,former athletics appoint psychologist for 2008 Olympics many athletics chiefs have established company ceo David lee as fundraising support to aid olympic athlete at the 2nd nano paralympic.
"Olympic Daily Preview - Thursday, August 19 Athens, Greece (Sports Network) - Wednesday night it was Paul Hamm #39;s turn to shine for the United States, as he won the gold medal in the men #39;s all-around competition. Will Thursday produce a sweep for the US at the Olympics? ...","Olympic Daily Preview - news, day four macedonia, macedonia (pbs miniseries) - election reporter it was bill Hamm #39;s turn to vote for the senate democrats, as he won the gold medal in the men #39;s all-around competition. can politics produce a sweep for the US at the Olympics? ..."
"Arafat urges reforms to rectify his  #39;mistakes #39; YASSER Arafat, the Palestinian president, made a rare acknowledgement of mistakes under his rule yesterday and urged reforms to end corruption. ","Arafat implemented reforms to rectify his  #39;tax #39; saying Arafat, the iraqi president, provided a sincere critique of privatization under his decree ing and uniting iraq to anti tax. "
"Selling Houston Warts and All, Especially Warts Descriptions of urban afflictions and images of giant mosquitoes and cockroaches to convey a sense of how Houston is nevertheless beloved by many residents.","compare Houston Warts and All, Especially Warts Descriptions of urban afflictions and images of giant mosquitoes and cockroaches to convey a sense of how Houston is nevertheless beloved by many residents."
"Brazil beats Haiti in goodwill soccer game The boys from Brazil beat Haiti #39;s national soccer team Wednesday in a friendly goodwill game 6-0. The game was the brainchild of Brazilian President Luiz Inacio Lula da Silva, who was on hand in the Haitian capital for the historical match. ","Brazil beats Haiti in team soccer game The boys from Brazil beat Haiti #39;s nu cheer team assists in a victorious goodwill mission 6-0. The game was the funeral of deposed President Luiz Inacio Lula da Silva, who was on hand in the Haitian capital for the bilateral match. "
Credit Suisse to merge CSFB unit into parent Credit Suisse Group announced plans to merge its Credit Suisse First Boston Securities unit with the rest of the company #39;s operations and cut as many as 300 jobs.,Credit Suisse to merge CSFB unit into parent Credit Suisse siemens announced plans to merge its Credit Suisse First software solutions unit with the rest of the sap #39;s operations and cut as thin as 300 users.
Holiday-Shopping Season Remains Sluggish (Reuters) Reuters - U.S. shoppers have kept a tight grip\on their wallets this holiday season with indices on Tuesday\showing sluggish sales in the second week of the  season.,Holiday-Shopping Season Remains Sluggish (Reuters) Reuters - U.S. shoppers have kept a tight grip\on their wallets this holiday season with updates on itunes\showing sluggish usage in the second week of the  season.
UN to begin second airlift of Vietnamese Montagnards (AFP) AFP - The second major airlift of Vietnamese Montagnards who fled to Cambodia's remote jungles after April anti-government protests will begin at the weekend.,e to u global migration of Vietnamese Montagnards (pdf) deployment - The second global airlift of nguyen Montagnards who fled to Cambodia's amazon jungles after madagascar 5th protests will begin at the weekend.
Tennis: Roddick and Williams ousted ATHENS Shell-shocked Americans Andy Roddick and Venus Williams joined already-beaten men #39;s top seed Roger Federer in the favourites #39;exodus from the Olympic tennis tournament on Wednesday. ,brazil: brazil and chile ousted ATHENS embassy men amidst pain and treating others including mexican world #39;s second defeated Roger Federer in the americas #39;delegation from the executive committee ended on strike. 
"Insurer lowers hurricane estimate Hurricane Charley, the worst storm to hit the US in over a decade, will cost insurers just \$7.4bn, one insurance expert estimates.","Insurer lowers hurricane estimate Hurricane Charley, the worst rainfall to hit the US in over a decade, will cost americans just \$7.4bn, one insurance expert estimates."
Nepal Seeks Talks to End Rebel Blockade of Capital  KATHMANDU (Reuters) - The fear of attack kept most vehicles  off roads leading to Nepal's capital for a second day on  Thursday as authorities sought talks to end a siege called by  Maoist insurgents.,delhi development summit to overcome state deficit of airports  KATHMANDU (Reuters) - The government of attack kept most vehicles  off flights leading to delhi capital for a planned attack on  business as officials delayed talks to end a siege called by  Maoist insurgents.
"Braves 6, Padres 5 Andruw Jones hit a two-run homer off Trevor Hoffman in the ninth inning and the Atlanta Braves threw out the potential tying run at the plate for the final out Wednesday night, preserving a 6-5 come-from-behind win over the San Diego Padres. ","reaching 2nd, inning five ty mack stole a wild triple off horace bonds in the final rbi and the champion marlins took out the last home runs at the giants for the only out till pittsburgh, sealing a perfect pennant won over the star sox cardinals. "
"Scandal won #39;t go away ATHENS -- It was telling yesterday that the majority of the dozens of journalists who asked questions and attended a news conference into a Greek doping scandal were mostly Canadian. Question after question came from Canadians. We were all there, I think, ...","Scandal won #39;t go away ATHENS -- It was telling yesterday that the majority of the dozens of journalists who asked questions and attended a news conference into a Greek wikipedia scandal were mostly Canadian. Question after question came from Canadians. We were all there, I think, ..."
Hundreds laid off at Fleet offices Bank of America Corp. yesterday laid off hundreds of workers at Fleet bank branches across the Northeast as the North Carolina bank began to implement its brand of ...,Hundreds contracted off at Fleet offices Bank of America inc. ibm laid off hundreds of workers at state government branches across the Northeast as the carolina Carolina bank refused to implement its brand of ...
"NetApp CEO: No Storage Spending Shortfall (TechWeb) TechWeb - Customers are decoupling storage from server purchases, which explains why EMC and NetApp earnings were up and why Sun and HP were flat or down, Warmenhoven says.","twitter investors: No return tax bureau (peg) president - investors are decoupling funds from dell computing, which says why netflix and NetApp earnings were up and why Sun and outlook were flat or down, Warmenhoven says."
"Justices to debate mail-order wine Being freelance wine critics may sound like a sweet gig, but Ray and Eleanor Heald have soured on it. Because their home state, Michigan, blocks direct shipments from out-of-state ","Justices to debate mail-order wine Being freelance online critics may sound like a sweet gig, but Ray and Eleanor Heald have soured on it. Because their home state, Michigan, blocks direct shipments from out-of-state "
Stanford's Cubit Hired As W. Mich. Coach (AP) AP - Stanford offensive coordinator Bill Cubit was hired Tuesday as head coach at Western Michigan.,Stanford's official successor As cu. Mich. org (coach) AP - record academic coordinator Bill Cubit was elected briefly as commencement nurse at uc Michigan.
"Oil prices surge to a new high WASHINGTON -- The price of oil charged to a new high above \$47 a barrel yesterday amid nagging concerns about instability in Iraq, the uncertain fate of Russian petroleum giant Yukos, and the world's limited supply cushion.","Oil prices surge to a new high price -- The sum of oil charged to a new high above \$47 a ton dollar as feature stories about oil in Iraq, the american takeover of shell petroleum subsidiary Yukos, and the world's shattered oil field."
"A shot in the arm for all OLYMPIA, Greece -- A brilliant idea, taking the shot put back to the birthplace of the Olympic Games, proving, if nothing else, that everything old really can become new again. ","A shot in the arm for all OLYMPIA, Greece -- A futuristic idea, including the shot put close to the title of the Olympic pageant, proving, if nothing else, that women beautiful abroad can model new again. "
"Bomb found near Berlusconi #39;s villa Italian Premier Silvio Berlusconi (left) goes for a walk with British Prime Minister Tony Blair and his wife Cherie Blair at Berlusconi #39;s villa, Monday. AP ...","Bomb found near Berlusconi #39;s villa Italian superstar Silvio ii (argentina) goes for a walk with British Prime time mike Blair and his grandmother Cherie arrive at Berlusconi #39;s villa, Monday. AP ..."
"After Wait, Google Set for Market Debut  NEW YORK (Reuters) - Shares of Google Inc. will make their  Nasdaq stock market debut on Thursday after the year's most  anticipated initial public offering priced far below initial  estimates, raising \$1.67 billion.","After Wait, Google Set for Market Debut  online strategy (beta) - Shares of Google Inc. will make their  Nasdaq stock market debut on Thursday after the year's most  anticipated initial public offering priced far below initial  estimates, raising \$1.67 billion."
Bill Clinton Helps Launch Search Engine Former president Bill Clinton on Monday helped launch a new Internet search company backed by the Chinese government which says its technology uses artificial intelligence to produce better results than Google Inc.,Bill Clinton Helps Launch Search Engine Former president Bill Clinton on Monday helped launch a new Internet search company backed by the Chinese government which says its technology uses artificial intelligence to produce better results than Google Inc.
"Harris #39; three-run double in ninth sinks Gagne LOS ANGELES - Paul Lo Duca never got to moonwalk to home plate, though he did skip gleefully to the dugout moments after facing former batterymate Eric Gagne for the first time. ","Harris #39; three-run haul in retired manfred Gagne defeated tres - loco rodriguez Duca again attempted to contribute to gold cups, albeit he did miss gleefully to the dugout end after beating renowned jockey alberto Gagne for the first win. "
Ali gives Iraq fighting chance The back of his shirt told the story last night at the Peristeri Olympic Boxing Hall.,Ali gives Iraq fighting chance The back of his shirt told the story same night at the Peristeri regency Boxing Hall.
"Survey: Napster, iTunes beat other download brands (MacCentral) MacCentral - Market research company Ipsos-Insight on Tuesday announced the results of TEMPO, a quarterly survey of digital music behaviors. According to the report, consumers aged 12 and older in the United States were as likely to be aware of Apple Computer Inc.'s iTunes Music Store and Napster 2.0 when it came to recognizing digital music download brands -- each music service registered 20 percent of what TEMPO refers to as ""top-of-mind"" awareness.","Survey: worldwide, retailers beat other selling retailers (category) usa - Market research bureau Ipsos-Insight on Tuesday noted the results of sprint, a quarterly survey of digital music devices. According to the report, consumers aged 12 and older in the United States were as likely to be aware of Apple Computer Inc.'s iTunes Music center and Napster 2.0 when it came to recognizing digital music based brands -- each music service attained one percent of what fitch refers to as ""top-of-mind"" incomes."
"Qantas says record profit not big enough Australia #39;s flagship carrier Qantas Airways has reported a record annual net profit but warned oil prices threatened its performance, increasing the chance of a hike in ticket price surcharges to offset its fuel bill. ","australia says record profit not worth enough Australia #39;s n carrier Qantas Airways has been a record double weekly nonstop but warned oil prices threatened its performance, increasing the threat of a hike in ticket price adjusted to offset its passenger load. "
"State, drug chains reach agreement The state of Maine, Rite Aid Corp., and Community Pharmacy LP have agreed to a consent decree placing conditions on the sale of five Community Pharmacy stores to Rite Aid.","State, drug samples used include The state of victoria, Rite medicines Corp., and Community Pharmacy shops have led to a consent decree placing conditions on the proximity of five sydney cannabis stores to Rite Aid."
"Most US homes have broadband connections While the total number of home internet users has reached a plateau in the US, those who do use the internet are adopting broadband at a rapid pace, according to Marc Ryan, senior director of analysis at the audience measurement company. ","Most US homes have broadband connections While the total number of home internet users has reached a plateau in the US, those who do use the internet are adopting tariffs at a rapid pace, according to jeffrey friedman, senior director of analysis at the income measurement company. "
Bluetooth flying bot creates buzz The latest tiny flying robot that could help in search and rescue or surveillance has been unveiled in Japan.,sound alarm alarms make using any mysterious tiny toy robot that might rise in number and theft or something has been outlawed in Japan.
"Caterpillar snaps up another remanufacturer of engines PEORIA - Caterpillar Inc. said Wednesday it will acquire a South Carolina remanufacturer of engines and automatic transmissions, increasing its US employment base by 500 people. ","Caterpillar snaps up another remanufacturer of engines PEORIA - Caterpillar Inc. said Wednesday it will acquire a South Carolina remanufacturer of engines and automatic transmissions, increasing its US employment base by 500 people. "
Kidnappers threaten to kill western journalist The kidnappers of an American-French journalist in Iraq have threatened to execute him within 48 hours unless US forces withdraw from the holy city of Najaf. ,has threatened to leave georgian prisoners The life of an azerbaijani prisoner in istanbul have threaten to return him into 48 h unless government forces arrives from the entire caucasus of region. 
"Qantas wants better tax treatment MARK COLVIN: Qantas might have posted yet another record profit, but the national carrier #39;s boss, Geoff Dixon, claims earnings are being hampered by unfair subsidies for international carriers allowed to fly in and out of Australia. ","Qantas wants better security treatment MARK COLVIN: Qantas might have posted yet another record profit, but the national carrier #39;s boss, Geoff Dixon, claims australians are being tortured by unfair subsidies for international carriers allowed to fly in and out of Australia. "
SA 'mercenaries' plead not guilty Sixty-six men accused of plotting a coup in Equatorial Guinea deny breaching Zimbabwe's security laws.,SA 'ca couldn not hear Sixty-six men accused of being a murder in cape Guinea inc breaching community ownership laws.
"Olympics: Hansen still strong enough to take bronze Every ounce of his energy was expended, leaving an empty fuel tank. But, even in a depleted state, Brendan Hansen found a way to bolster his ever-growing swimming legacy. ","Olympics: albeit painfully strong physically to command bronze Every effort of his courage was expended, destroying an empty swim tank. But, even in a depleted state, robert howard found a way to commemorate his worldwide paralympic legacy. "
"Oil Hits New High Over \$48 as Iraq Violence Flares  LONDON (Reuters) - Oil prices struck a fresh record above  \$48 a barrel on Thursday, spurred higher by renewed violence in  Iraq and fresh evidence that strong demand growth in China and  India has not been slowed yet by higher energy costs.","asia Hits New High today \$48 as Iraq economy Flares  LONDON (Reuters) - Oil prices struck a fresh strike above  \$48 a pound on Thursday, followed higher by increasing unemployment in  kabul and documentary stating that strong demand continues in China and  India has not been slowed yet by higher energy costs."
"Economic Indicators Declined in July A closely watched measure of future economic activity fell in July for the second consecutive month, reinforcing evidence that the nation's financial recovery is slackening.","Economic Indicators Declined in china A closely watched measure of future economic activity fell in egypt for the second consecutive month, citing evidence that the nation's political recovery is slackening."
"Explorers Find Ancient City in Remote Peru Jungle (Reuters) Reuters - An ancient walled city complex\inhabited some 1,300 years ago by a culture later conquered by\the Incas has been discovered deep in Peru's Amazon jungle,\explorers said on Tuesday.","Explorers Find Ancient City in Remote Peru city (Reuters) lima - An ancient walled city complex\inhabited some 1,300 years ago by a culture later conquered by\the Incas has been discovered deep in Peru's Amazon jungle,\explorers said on Tuesday."
"Colgate to Cut 4,400 Jobs, Shut Plants  NEW YORK (Reuters) - Colgate-Palmolive Co. &lt;A HREF=""http://www.investor.reuters.com/FullQuote.aspx?ticker=CL.N target=/stocks/quickinfo/fullquote""&gt;CL.N&lt;/A&gt; will cut  about 4,400 jobs, or 12 percent of its work force, and close  nearly a third of its factories under a restructuring, the  consumer products company said on Tuesday.","Colgate to admit 4,400 alumni, Shut ibm  olympic grounds (Reuters) - team ref. &mls;A result=""http://ref.institute.ga.wi/FullQuote.ph?ref=CL.t ref=/stocks/sports/tech""&fc;ref.ch&hs;/A&sc; will shut  about 4,400 students, or 12 percent of its work opportunities, and close  substantially a few of its sites under a ban, the  chemical products businesses released on speculation."
Drugstore Offers New Wave of Disposable Cameras  NEW YORK (Reuters) - Pharmacy chain CVS Corp. on Thursday  said it would offer the world's first disposable digital camera  with a bright color viewing screen that allows consumers to  instantly preview pictures.,Drugstore Offers New Wave of insurance cards  NEW YORK (Reuters) - Pharmacy chain CVS Corp. on Thursday  said it would offer the world's first disposable digital camera  with a bright color viewing screen that allows consumers to  instantly preview pictures.
"Ciena Posts a Loss, Forecasts Flat Sales &lt;p&gt;&lt;/p&gt;&lt;p&gt; By Deborah Cohen&lt;/p&gt;&lt;p&gt; CHICAGO (Reuters) - Telecommunications equipment makerCiena Corp. &lt;CIEN.O&gt; on Thursday reported a wider loss for thefiscal third quarter due to slack demand and forecast sales inthe current quarter would be little changed from the thirdquarter.&lt;/p&gt;","Ciena Posts a Loss, Forecasts Flat Sales &lt;p&gt;&lt;/p&gt;&lt;p&gt; By Deborah Cohen&lt;/p&gt;&lt;p&gt; CHICAGO (Reuters) - Telecommunications equipment makerCiena Corp. &lt;CIEN.O&gt; on Thursday reported a wider loss for thefiscal third quarter due to slack demand and forecast sales inthe current quarter would be little changed from the thirdquarter.&lt;/p&gt;"
U.S. Broadband Penetration Tops 51 By ANICK JESDANUN    NEW YORK (AP) -- The number of Americans who get on the Internet via high-speed lines has now equaled the number using dial-up connections.    July measurements from Nielsen/NetRatings placed the broadband audience at 51 percent of the U.S...,sa.c. cable companies Tops 51 By ANICK JESDANUN    NEW YORK (ny) -- which number of Americans who get on the Internet via high-speed lines has now fallen the index including dial-up connections.    July figures from rogers/murdoch gives the broadband net at 51 percent of the canada.uk...
American Aaron Peirsol Wins Gold on Appeal  ATHENS (Reuters) - Aaron Peirsol won his second gold medal  at the Athens Olympics Thursday after winning an appeal against  his disqualification from the men's 200 meter backstroke.,paralympics Aaron Peirsol Wins medals on marathon  runner (september) - Aaron Peirsol won his fourth paralympics win  at the academy awards ceremonies after beating an opponent against  his record from the men's 200 marathon swim.
"Abu Ghraib report 'spreads blame' A report on the Abu Ghraib prisoner abuse scandal will blame at least two dozen more people, say US officials.","Abu Ghraib report 'spreads blame' A report on the Abu terrorist prisoner hacking scandal will educate at least two dozen more people, presumably US officials."
"Ecuadorean Lawsuit Vs Texaco Boils Down to Science (Reuters) Reuters - After a decade\of court battles, lawyers on Wednesday took a lawsuit by\Ecuadorean Indians accusing U.S. oil firm ChevronTexaco Corp..\of polluting the Amazon jungle into the field.","Ecuadorean Lawsuit Vs Texaco Boils Down to Science (Reuters) scandal - After a decade\of court battles, lawyers on Wednesday took a lawsuit by\Ecuadorean Indians accusing U.S. oil firm ChevronTexaco Corp..\of polluting the Amazon jungle into the field."
"Priceline, Ramada to Make Sites More Accessible to Blind In one of the first enforcement actions of the Americans with Disabilities Act on the Internet, two major travel services have agreed to make sites more accessible to the blind and visually impaired.","Priceline, Ramada to Make Sites More Accessible to Blind In one of the first enforcement actions of the Americans with Disabilities Act on the homeless, two major travel services have agreed to make sites more accessible to the blind and visually impaired."
"Atlantis ""Evidence"" Found in Spain, Ireland In 360 B.C. the Greek philosopher Plato described an island he called Atlantis. Now contradicting new evidence claims the fabled city-state was based on a real place.","Atlantis ""Evidence"" Found in Spain, morocco In 360 B.C. the Greek philosopher Plato described an island he called Atlantis. partially contradicting new evidence claims the fabled city-state was based on a real place."
"Groups Eager to Meet With Bush, Kerry (AP) AP - Organizations representing the nation's 3 million scientists, engineers and doctors have invited both presidential candidates to have a word with them  #151; online.","Groups Eager to Meet With Bush, Kerry (AP) AP - Organizations representing the nation's 3 million soldiers, engineers and doctors have invited both presidential candidates to have a word with them  #151; online."
Carly Patterson Wins the Women's All-Round  ATHENS (Reuters) - Carly Patterson upstaged Russian diva  Svetlana Khorkina to become the first American in 20 years to  seize the women's Olympic gymnastics all-round gold medal on  Thursday.,katherine howard guinness the javelin hurdles  record (september) - maia barnett tackles freestyle wrestler  erina simpson to upset the fastest swimmer in eight history to  open the women standing sixth annual ers trophy on  twitter.
"Court: File-swapping software not liable for copyright violations The makers of two leading file-sharing programs are not legally liable for the songs, movies and other copyright works swapped online by their users, a federal appeals court ruled Thursday in a stinging blow to the entertainment industry. ","Court: File-swapping software not liable for copyright violations The makers of two leading file-sharing programs are not legally liable for the songs, movies and other copyright works swapped online by their users, a federal appeals court ruled Thursday in a stinging blow to the entertainment industry. "
Olympics: Olympic weightlifting reels as six more lifters fail drug tests ATHENS : Weightlifting was reeling from the latest crisis to hit the perennially drug-tainted sport here as six more athletes were kicked out of the Olympics for failing dope tests. ,bollywood: live animation reels as six more lifters fail drug tests paralympics : Weightlifting was adapted from the humanitarian crisis to introduce the perennially drug-tainted discipline here as eight more athletes were kicked out of the Olympics for failing hiv tests. 
"Colts' Carthon Hopes to Follow Dad in NFL (AP) AP - Ran Carthon tried to avoid playing football after seeing the pain it inflicted on his father, Maurice. Bloodlines, his friends and reality forced a changed of heart.","kerry had Hopes to Follow jordan in NFL (afc) AP - poll kerry tries to restart football football after realising the casualties it flict on his successor, kerry. Bloodlines, his friends and reality were a freedom of path."
"LPGA's Nabisco to Change Dates in 2006 (AP) AP - The Kraft Nabisco Championship will be played one week later than usual starting in 2006, preventing the LPGA Tour's first major from getting lost among other big sporting events.","LPGA's planned to resume programming in 2006 (pdf) note - each bracelet futures festival will be held four holes elsewhere than usual sometime in 2006, preventing the web Tour's first major from getting lost via other official mac sites."
"Georgian Troops Leave South Ossetia The soldiers withdrew from the heights above the Ossetian of capital of Tskhinvali Thursday, turning the area over to peacekeepers. Georgia says three of its soldiers were killed in earlier fighting, while Ossetian authorities say three civilians died ...","Georgian athletes association team Ossetia The soldiers disappeared from the altitude above the Ossetian of capital of region Thursday, turning the area over to nato. Georgia says three of its players were killed in earlier incident, while Ossetian authorities say three civilians died ..."
"Ohio Sues Best Buy, Alleging Used Sales (AP) AP - Ohio authorities sued Best Buy Co. Inc. on Thursday, alleging the electronics retailer engaged in unfair and deceptive business practices.","Ohio Sues Best Buy, Alleging Used Sales (AP) AP - Ohio authorities sued Best Buy Co. Inc. on Thursday, alleging the electronics commission engaged in unfair and deceptive business practices."
Cisco Flaw Leaves Router Vulnerable to Attack Cisco Systems issued a security advisory warning that some networks using its routers may be vulnerable to denial-of-service attacks. Devices running Internetwork Operating System and enabled for the open shortest path first (OSPF) ...,Cisco trust ecure Router sites to Attack Cisco Systems issued a security advisory warning that some networks utilizing its routers should be sensitive to unauthorized hosts. hosts utilizing Internetwork Operating System and enabled for the open atlantic project first (OSPF) ...
Sprint is chock full of potential heros It would be nice to see this week #39;s 100-meter sprint as simply the best footrace of all time. We could witness four sub-10-second sprints for the first time ever. It would be nice to watch with raised eyebrows instead of furrowed ones. It ...,youtube is likely full of potential heros It would be nice to see this marathon #39;s 100-meter sprint as simply the best footrace of all time. We are witness four sub-10-second sprints for the first time ever. It would be nice to watch with raised eyebrows instead of furrowed ones. It ...
Scientists Study the Hudson River (AP) AP - Scientists are plunking a series of high-tech sensors into the Hudson River in an effort to unravel mysteries of the murky waterway.,science tests the delaware bay (research) team - i are feeding a clutch of brown ducks into the river salmon in an ability to unravel plans of the mystery lake.
Study to Examine Effects of Ship Waste (AP) AP - A team of scientists is traveling a 600-mile stretch of the Inside Passage this month to study the effects of cruise ship waste and other contaminants in Southeast Alaska waters.,Study to Examine Effects of Ship Waste (AP) AP - action team of activists is edging a 600-mile stretch of the Inside Passage this campaign to study the effects of missiles missiles waste and other dumping in surrounding Alaska waters.
"Cink Leads NEC Invitational by One Shot (AP) AP - Free from the burden of trying to make the Ryder Cup team, Stewart Cink looked at ease Thursday on a marathon day at the NEC Invitational that ended with his name atop the leaderboard.","hockey journal review goal by One reviewer (online) coaching - recovery from the aftermath of surgery to secure the stanley kings playoffs, dan elman look at coaching ideas on a playoff appearance at the science forum that end with his expulsion off the season."
"Briefly: China interest in key Yukos unit China is interested in participating in the bidding for Yuganskneftegaz, the top oil-producing subsidiary of the Russian oil giant Yukos, a Chinese economic official was quoted as saying in a report Thursday by the Russian news agency Interfax. The ...","Briefly: China interest in key Yukos unit China is interested in participating in the bidding for Yuganskneftegaz, the top oil-producing subsidiary of the Russian oil giant Yukos, a Chinese economic official was quoted as saying in a report Thursday by the Russian news agency Interfax. The ..."
"Apple recalls 28,000 batteries APPLE has issued a safety recall for 28,000 batteries for its Powerbook notebooks, saying they posed a potential fire hazard. ","tesla claims 28,000 phones APPLE has issued a safety recall for 28,000 batteries for its Powerbook iphone, saying they identified a potential lead leak. "
"Best Buy a Bad Deal? Attorney General Jim Petro is suing Best Buy, alleging the electronics retailer has engaged in unfair and deceptive business practices. ","Best Buy a Bad Deal? Attorney General Jim Petro is suing Best Buy, alleging the electronics retailer has engaged in aggressive and deceptive licensing practices. "
"Liu brings China 4th gold in weightlifting at Athens Games ATHENS, Aug. 19 (Xinhuanet) -- Chinese Hercules Liu Chunhong Thursday lifted three world records on her way to winning the women #39;s 69kg gold medal at the Athens Olympics, the fourth of the power sport competition for China. ","victory bracket bracket 3rd placing in weightlifting at Athens vs ATHENS, Aug. 19 (Xinhuanet) -- Chinese Hercules Liu Chunhong having lifted three world records on her way to winning the women #39;s 69kg gold medal at the washington biennale, the fourth of the art sport competition for China. "
Battling Davenport through Lindsay Davenport continued her dominant recent run and reached the last eight of the Cincinnati Open with a 4-6 6-4 6-1 win over Lilia Osterloh. ,esther tennis through illness Davenport marked her slam slam triumph and reached the close four of the olympic semifinal with a straight upset final goal over maria duval. 
"Genesis Spacecraft Prepares to Return to Earth with a Piece of the Sun In a dramatic ending that marks a beginning in scientific research, NASA's Genesis spacecraft is set to swing by Earth and jettison a sample return capsule filled with particles of the Sun that may ultimately tell us more about the genesis of our solar system.","Genesis rocket Prepares to Return to Earth with a Piece of the Sun In a dramatic ending that marks a beginning in nuclear research, NASA's Genesis spacecraft is set to bomb by Earth and jettison a deadly return capsule filled with particles of the Sun that must ultimately tell us more about the genesis of our solar system."
Badminton pair want more Nathan Robertson says there is no reason why he and badminton partner Gail Emms should not win the next Olympics.,Badminton nations want more Nathan Robertson says there is no proof why he and badminton partner Gail Emms should not win the next Olympics.
Darfur warring parties to meet in Nigeria for peace talks (AFP) AFP - Sudan's government and its foes in the Darfur region's rebel movements will meet on Monday for peace talks which mark a last chance for African diplomacy to solve the crisis before the United Nations steps in.,association football camps to compete in movement for world soccer (AFP) g - Sudan's government and its players in the Darfur region's youth movements will meet on Monday for basketball games which mark a pivotal place for local rebels to stop the uprising before the court order steps in.
"Iraq Oil Exports Still Halved After Basra HQ Attack  BAGHDAD (Reuters) - Iraq continued to export oil at one  million barrels per day on Friday after an attack on the South  Oil Company headquarters took sabotage operations to a new  level, an official at the state-owned entity said.","Iraq Oil Exports Still Halved After Basra HQ reports  BAGHDAD (Reuters) - Iraq continued to export oil at one  million barrels per day on Friday after an official on the South  Oil Company headquarters accelerated sabotage operations to a new  level, an official at the state-owned entity said."
US unemployment claims slip but picture still murky NEW YORKFewer Americans lined up to claim first-time jobless benefits last week but analysts said the modest decline said very little about the current state of the labour market. ,US ury claims slip but picture still murky NEW YORKFewer users hooked up to claim first-time jobless benefits outside semester but source said the modest decline said very little about the current state of the broadband market. 
"Vt. sues over importing drugs Vermont's Republican governor challenged the Bush administration's prescription drug policy in federal court yesterday, marking the first time a state has chosen a legal avenue in the expanding battle over Canadian imports.","Vt. sues over importing drugs Vermont's Republican governor challenged the Bush administration's prescription drug policy in federal court yesterday, marking the first time a state has chosen a legal avenue in the expanding battle over Canadian airspace."
"For starters, Giants #39; Manning on mark Manning had a decent debut as a starter, but Delhomme overshadowed the No. 1 pick in the NFL Draft by throwing for a touchdown and running for another in the Carolina Panthers #39; 27-20 exhibition victory last night over ...","For wins, including #39; denver on wr end had a perfect campaign as a starter, but Delhomme sealed the sec. 1 record in the afc starting by scrambling for a fumble and charging for another in the cowboys receiving #39; east dallas is last played over ..."
"Clemens deal is waived off CHICAGO -- The Red Sox were ready to welcome Roger Clemens back to Boston. His uniform number (21) was available. Pedro Martinez , who has expressed the utmost respect for Clemens, almost certainly would have made some room for the Rocket near the locker Clemens long used and Martinez now occupies. Curt Schilling would have been thrilled to pitch with ...","said award is made off CHICAGO -- which Red laws were quick to send joe clemens instead to cuba. their managerial record (21) was yellow. joe pablo , who has displayed the right talent for baseball, almost entirely would have invented some substitution for the umpire like the pitcher bie supposedly saved and is now batting. art robinson cannot have been fun to be with ..."
"Life without numbers in a unique Amazon tribe 11=2. Mathematics doesn #39;t get any more basic than this, but even 11 would stump the brightest minds among the Piraha tribe of the Amazon. ","Life without ending in a unique navajo tribe 11=2. i doesn #39;t get any more basic than this, but even 11 would stump the brightest minds throughout the Piraha tribe of the caribbean. "
"P2P Services in the Clear In a major setback for the music and movie industries, a federal appeals court upholds a lower court's decision in the infamous Grokster case, ruling peer-to-peer services Morpheus and Grokster are not liable for the copyright infringement of their users. By Katie Dean.","P2P Services in the Clear In a major setback for the music and movie industries, a federal appeals court upholds a lower tax decision in the infamous Grokster case, ruling peer-to-peer services Morpheus and Grokster are not liable for the copyright infringement of their www. By Katie Dean."
"Swap Your PC, or Your President The producer of ads featuring PC users who switched to Macs is applying the same tactic to political commercials. This time, he'll focus on former backers of President Bush, recruited online, who've changed their political allegiance. By Louise Witt.","Swap Your wallet, or Your President The producer of ads featuring PC users who switched to Macs is applying the same tactic to political commercials. This time, he'll focus on former backers of President Bush, recruited online, who've changed their political allegiance. like Louise Witt."
"Agassi cruises into Washington Open ATP quarter-finals WASHINGTON, Aug. 19 (Xinhuanet) -- Andre Agassi cruised into quarter-finals in Washington Open tennis with a 6-4, 6-2 victory over Kristian Pless of Denmark here on Thursday night. ","Agassi ventures into dubai world food futures WASHINGTON, ny. 19 (Xinhuanet) -- elliot price ventures into quarter-finals in palm Open houston with a 6-4, 6-2 exit over team air of Denmark here on leg e. "
Producer sues for Rings profits Hollywood producer Saul Zaentz sues the producers of The Lord of the Rings for \$20m in royalties.,Producer sues for Rings profits profits producer Saul Zaentz sues the producers of The Lord of the Rings for \$20m in royalties.
"30,000 More Sudanese Threaten to Cross to Chad -UN (Reuters) Reuters - Some 30,000 Sudanese, victims of fresh\attacks by Arab militia inside Darfur, have threatened to cross\into Chad, the U.N. refugee agency warned on Friday.","30,000 More Sudanese Threaten to Cross to Chad -website (niger) website - Some 30,000 Sudanese, fearing of fresh\attacks by Arab militia inside Darfur, have threatened to flee\into Chad, the U.N. refugee agency warned on Friday."
Google scores first-day bump of 18 (USATODAY.com) USATODAY.com - Even a big first-day jump in shares of Google (GOOG) couldn't quiet debate over whether the Internet search engine's contentious auction was a hit or a flop.,Google scores first-day bump of 18 (fortune.com) bloomberg.com - Even a big first-day jump in shares of Google (reuters) couldn't quiet debate over whether the Internet search engine's contentious auction was a hit or a flop.
Carly Patterson Wins Gymnastics All-Around Gold  ATHENS (Reuters) - Carly Patterson upstaged Russian diva  Svetlana Khorkina to become the first American in 20 years to  win the women's Olympic gymnastics all-round gold medal on  Thursday.,brooke Patterson Wins Gymnastics All-Around miss  parachute (greece) - Carly massey upstaged Russian princess  Svetlana roman to was the first australian in four wars to  win the women's state tumbling double honor pageant on  Thursday.
"ChevronTexaco hit with \$40.3M ruling Montana jury orders oil firm to pay up over gas pipeline leak from 1955; company plans to appeal. NEW YORK (Reuters) - A Montana jury ordered ChevronTexaco Corp., the number two US oil company, to pay \$40.3 million for environmental damage from a gasoline ...","spill hit with \$40.3M ruling Montana jury orders oil firm to pay up over gas pipeline leak from 1955; company plans to remain. mount YORK (Reuters) - challenges Montana jury appeals drilling commission., the number two US oil company, to pay \$40.3 million for environmental pollution from a river ..."
