original_review,counterfactual,thinking_content,original_label,ground_truth_label,refinement_rounds,pred_labels_history,orig_token_count,stalled_rounds
"Premise: Three army soldiers are holding guns and peering around a corner of a building.
Hypothesis: Soldiers are guarding a building.","Premise: Three army soldiers are holding guns and peering around a corner of a building.
Hypothesis: A group of librarians is organizing books for a reading event at a community center.",,contradiction,-1,5,contradiction|contradiction|contradiction|contradiction|contradiction|contradiction,30,"[1, 2, 3]"
"Premise: A nighttime street scene of a restaurant.
Hypothesis: The restaurant is open at night.","Premise: A nighttime street scene of a restaurant.
Hypothesis: The restaurant is closed at night, and the lights are completely off with no sign of activity.",,neutral,0,5,neutral|neutral|neutral|neutral|neutral|contradiction,23,"[1, 2, 3, 4]"
"Premise: A small girl with short brown hair is pushing a pink scooter over grass with brown leaves with threes in the background
Hypothesis: The girl is outside.","Premise: A small girl with short brown hair is pushing a pink scooter over grass with brown leaves with threes in the background
Hypothesis: The girl is inside a house playing with a toy scooter.",,neutral,0,0,entailment,37,[]
"Premise: A child dressed in purple clothing and a hat runs in splashing water while a man and a small boy walk nearby.
Hypothesis: a child enjoys summer vacation","Premise: A child dressed in purple clothing and a hat runs in splashing water while a man and a small boy walk nearby.
Hypothesis: a child hates being outdoors during warm weather",,neutral,1,0,contradiction,37,[]
"Premise: A man in a business suit screaming at the camera.
Hypothesis: A business man is giving a heated interview for the local news.","Premise: A man in a business suit screaming at the camera.
Hypothesis: A business man is calmly giving a routine presentation in a quiet office, far from any camera.",,neutral,1,0,entailment,32,[]
"Premise: A ballerina standing on the toes of one food with one arm up in the air and one leg lifted behind her.
Hypothesis: The ballerina hates this.","Premise: A ballerina standing on the toes of one food with one arm up in the air and one leg lifted behind her.
Hypothesis: The ballerina is practicing a new technique in the studio, focusing on balance and precision, while a sound technician nearby adjusts the music for an upcoming rehearsal.",,contradiction,1,5,contradiction|contradiction|contradiction|contradiction|contradiction|contradiction,40,"[4, 5]"
"Premise: Two men are sitting in a restaurant while one of them holds a piece of paper up to the camera.
Hypothesis: Two men are sitting watching a movie.","Premise: Two men are sitting in a restaurant while one of them holds a piece of paper up to the camera.
Hypothesis: A group of students is discussing a science project in a classroom.",,contradiction,2,5,contradiction|contradiction|contradiction|contradiction|contradiction|contradiction,37,[5]
"Premise: Expert snowboard is trying a new trick.
Hypothesis: The person is snowboarding.","Premise: Expert snowboard is trying a new trick.
Hypothesis: A librarian is organizing books at the local community center.",,contradiction,0,5,contradiction|contradiction|contradiction|contradiction|contradiction|contradiction,23,"[3, 4, 5]"
"Premise: A boy plays his trumpet during a performance with his band.
Hypothesis: A human with a trumpet","Premise: A boy plays his trumpet during a performance with his band.
Hypothesis: A human with a trumpet who is not performing and has never been part of a band",,neutral,0,5,neutral|neutral|neutral|neutral|neutral|neutral,25,"[4, 5]"
"Premise: The man in the black shirt is skateboarding on the front steps of the building.
Hypothesis: A person with a dark top is outside doing something active.","Premise: The man in the black shirt is skateboarding on the front steps of the building.
Hypothesis: A person with a dark top is reading a book about ancient history in a quiet café nearby.",,contradiction,0,5,contradiction|contradiction|contradiction|contradiction|contradiction|contradiction,37,[5]
"Premise: Many people sit, some stand outside of a large brick building.
Hypothesis: people are throwing rocks at each other","Premise: Many people sit, some stand outside of a large brick building.
Hypothesis: No one is outside the large brick building, and the people who were sitting or standing have all left the area entirely.",,entailment,2,5,entailment|entailment|entailment|entailment|entailment|entailment,28,[]
"Premise: A small girl with braids blowing bubbles.
Hypothesis: A young boy plays with his yo-yo.","Premise: A small girl with braids blowing bubbles.
Hypothesis: A young boy with braids plays with his yo-yo while a small girl nearby is blowing bubbles.",,contradiction,2,0,neutral,27,[]
"Premise: Man in robe making designs on dirt ground.
Hypothesis: A man making designs in the dirt outside.","Premise: Man in robe making designs on dirt ground.
Hypothesis: A man making designs in the dirt while flying a drone indoors in a studio.",,neutral,0,2,neutral|neutral|contradiction,26,[]
"Premise: A girl is about to hit a tennis ball coming from above her with a racket
Hypothesis: A girl is playing tennis.","Premise: A girl is about to hit a tennis ball coming from above her with a racket
Hypothesis: A girl is playing basketball.",,neutral,0,0,entailment,31,[]
"Premise: A man in military uniform points as three other men watch.
Hypothesis: the man is training some guys","Premise: A man in military uniform points as three other men watch.
Hypothesis: the man is training some guys in a cooking class",,contradiction,1,5,contradiction|contradiction|contradiction|contradiction|contradiction|contradiction,26,"[1, 2, 3, 4, 5]"
"Premise: A little boy with an orange backpack walks under a tree through the woods.
Hypothesis: A boy walks through the woods.","Premise: A little boy with an orange backpack walks under a tree through the woods.
Hypothesis: A chef is preparing a dessert in a busy kitchen.",,contradiction,0,2,contradiction|contradiction|entailment,30,[]
"Premise: Two young boys wearing shorts and sandals throw pebbles from a dirt path into a body of water.
Hypothesis: The two young boys are playing kickball at the park.","Premise: Two young boys wearing shorts and sandals throw pebbles from a dirt path into a body of water.
Hypothesis: The two young boys are playing by the water, wearing shorts and sandals, and throwing pebbles from a dirt path.",,contradiction,2,0,neutral,41,[]
"Premise: A woman sweeping in front of a ladder on a busy street.
Hypothesis: A woman cleans up near a ladder","Premise: A woman sweeping in front of a ladder on a busy street.
Hypothesis: A man across the street is reading a newspaper under a tree.",,contradiction,0,1,contradiction|entailment,28,[]
"Premise: A dirty, shirtless homeless man sits on the sidewalk, holding his cup up to passerby asking for change.
Hypothesis: A homeless man begs.","Premise: A dirty, shirtless homeless man sits on the sidewalk, holding his cup up to passerby asking for change.
Hypothesis: A man at the grocery store is checking the weather on his phone.",,contradiction,0,5,contradiction|contradiction|contradiction|contradiction|contradiction|contradiction,36,"[1, 2, 4, 5]"
"Premise: A young man appears bored in a restaurant.
Hypothesis: A young person appears bored in a restaurant.","Premise: A young man appears bored in a restaurant.
Hypothesis: A young woman appears excited in a café across the street from the restaurant.",,neutral,0,2,neutral|neutral|contradiction,26,[]
"Premise: A boy in a blue shirt plays in a jumping tent.
Hypothesis: Rent your own bouncy house today","Premise: A boy in a blue shirt plays in a jumping tent.
Hypothesis: Rent your own bouncy house today, and avoid the dirty jumping tents at all costs.",,neutral,1,0,contradiction,27,[]
"Premise: A man looks mysterious in a blue shirt and a red truck for a company called Wilbert.
Hypothesis: A woman cuts eggplant.","Premise: A man looks mysterious in a blue shirt and a red truck for a company called Wilbert.
Hypothesis: A woman in a blue shirt is standing near a red truck for a company called Wilbert.",,contradiction,2,2,contradiction|contradiction|neutral,33,[]
"Premise: This off-roading driver has tipped his truck.
Hypothesis: A Ferrari goes through the drive-thru.","Premise: This off-roading driver has tipped his truck.
Hypothesis: Because the off-roading driver has tipped his truck, he gets into his Ferrari and goes through the drive-thru.",,contradiction,2,1,contradiction|entailment,27,[]
"Premise: Two young girls, one wearing a pink jacket and the other in a dark-colored jacket, are playing in the snow and having a snowball fight in a clearing outside of a wooded area.
Hypothesis: Two girls are sleeping","Premise: Two young girls, one wearing a pink jacket and the other in a dark-colored jacket, are playing in the snow and having a snowball fight in a clearing outside of a wooded area.
Hypothesis: Two girls are sleeping indoors inside a warm bedroom, having just woken up from a long nap after the snowstorm ended hours ago.",,entailment,2,1,entailment|contradiction,50,[]
"Premise: This man is working with an I-pad.
Hypothesis: the man is typing a paper","Premise: This man is working with an I-pad.
Hypothesis: The man is using the I-pad to work on a paper.",,contradiction,1,2,contradiction|contradiction|neutral,23,[]
"Premise: Three people are sitting at a small table near a screen with the words, ""DEMOS, The Business of Care.""
Hypothesis: A trio of humans is sitting.","Premise: Three people are sitting at a small table near a screen with the words, ""DEMOS, The Business of Care.""
Hypothesis: No one is sitting at the table.",,neutral,0,0,entailment,39,[]
"Premise: A snowboarder on a wide plain of snow
Hypothesis: A snowboarder gliding over a field of snow","Premise: A snowboarder on a wide plain of snow
Hypothesis: A snowboarder gliding over a field of sand",,neutral,1,0,contradiction,30,[]
"Premise: Men at a party hanging out on the front porch.
Hypothesis: They are smoking cigarettes on the porch.","Premise: Men at a party hanging out on the front porch.
Hypothesis: They are discussing sports on the porch while some women prepare food inside.",,contradiction,1,5,contradiction|contradiction|contradiction|contradiction|contradiction|contradiction,27,"[1, 2, 3, 4, 5]"
"Premise: A person crossing a bridge with train tracks.
Hypothesis: A person jumped off the side of the bridge.","Premise: A person crossing a bridge with train tracks.
Hypothesis: A person is crossing a bridge that has train tracks and is walking along the side of it.",,contradiction,2,0,neutral,27,[]
"Premise: A beach boardwalk during summertime.
Hypothesis: A wooden path towards the shore.","Premise: A beach boardwalk during summertime.
Hypothesis: A wooden path in a quiet forest park, where joggers pass by in the early morning.",,contradiction,0,5,contradiction|contradiction|contradiction|contradiction|contradiction|contradiction,23,[]
"Premise: A woman is carrying two children in the middle of a large crowd.
Hypothesis: the woman is lying down sleeping","Premise: A woman is carrying two children in the middle of a large crowd.
Hypothesis: The woman is sitting upright at a quiet park bench, watching a movie with no children around.",,entailment,2,5,entailment|entailment|entailment|entailment|entailment|entailment,28,[5]
"Premise: a wet golden retriever is walking through a lake
Hypothesis: A wet golden retriever is in a lake.","Premise: a wet golden retriever is walking through a lake
Hypothesis: A dry golden retriever is on a desert beach.",,neutral,0,0,entailment,29,[]
"Premise: A woman wearing a striped wrap is bent over in a cornfield while looking at the camera.
Hypothesis: A woman wearing a striped wrap is looking at the camera.","Premise: A woman wearing a striped wrap is bent over in a cornfield while looking at the camera.
Hypothesis: A man wearing a striped wrap is looking at the camera.",,neutral,0,0,contradiction,39,[]
"Premise: This is a very large vegetable stand under a white tent.
Hypothesis: People are eating fast food.","Premise: This is a very large vegetable stand under a white tent.
Hypothesis: A man in the distance is reading a book under a tree.",,contradiction,2,5,contradiction|contradiction|contradiction|contradiction|contradiction|contradiction,26,"[4, 5]"
"Premise: A person standing next to an old dark building.
Hypothesis: A person standing near a building.","Premise: A person standing next to an old dark building.
Hypothesis: A person is sitting inside a brightly lit modern building.",,neutral,0,1,neutral|entailment,25,[]
"Premise: a man sitting on a motorcycle with a sunset directly behind him
Hypothesis: A man sitting on his motorcycle with the sunset directly behind him outside.","Premise: a man sitting on a motorcycle with a sunset directly behind him
Hypothesis: A man standing next to his motorcycle with the sunrise directly behind him outside.",,neutral,0,1,neutral|entailment,35,[]
"Premise: Two men wearing dirty clothing are sitting on a sidewalk with their dog and begging for money using a cardboard sign.
Hypothesis: These two illiterate men convinced their dog to write a panhandling sign for them.","Premise: Two men wearing dirty clothing are sitting on a sidewalk with their dog and begging for money using a cardboard sign.
Hypothesis: A nearby bookstore is hosting a poetry reading event this weekend to celebrate local writers.",,contradiction,2,5,contradiction|contradiction|contradiction|contradiction|contradiction|contradiction,47,"[3, 4, 5]"
"Premise: A boy in a yellow shirt running by some birds.
Hypothesis: The boy is moving very fast.","Premise: A boy in a yellow shirt running by some birds.
Hypothesis: The boy is standing still and not moving at all.",,neutral,1,1,neutral|entailment,26,[]
"Premise: People jump over a mountain crevasse on a rope.
Hypothesis: People are jumping outside.","Premise: People jump over a mountain crevasse on a rope.
Hypothesis: People are jumping inside a cave with no ropes.",,neutral,0,0,contradiction,25,[]
"Premise: Many people have decided to take a rest on the steps.
Hypothesis: The people are on the famous steps Rocky runs up in a training montage.","Premise: Many people have decided to take a rest on the steps.
Hypothesis: The people are on a quiet path near the park where community yoga sessions are sometimes held on weekends.",,contradiction,1,5,contradiction|contradiction|contradiction|contradiction|contradiction|contradiction,35,"[4, 5]"
"Premise: A group of kids is splashing in deep water nearby a rock formation.
Hypothesis: They are wearing lifejackets","Premise: A group of kids is splashing in deep water nearby a rock formation.
Hypothesis: A nearby vendor is selling handmade crafts to tourists along the lakeshore.",,contradiction,1,5,contradiction|contradiction|contradiction|contradiction|contradiction|contradiction,29,"[1, 5]"
"Premise: Four men stand in a circle facing each other playing brass instruments which people watch them.
Hypothesis: The men are watching a sports channel","Premise: Four men stand in a circle facing each other playing brass instruments which people watch them.
Hypothesis: A group of children nearby are discussing their favorite books at a community event.",,contradiction,2,5,contradiction|contradiction|contradiction|contradiction|contradiction|contradiction,32,"[3, 4, 5]"
"Premise: A drummer wearing a plaid shirt, jeans, and a purple had bangs his drum.
Hypothesis: A trumpeter practices for an orchestra.","Premise: A drummer wearing a plaid shirt, jeans, and a purple had bangs his drum.
Hypothesis: A drummer wearing a plaid shirt, jeans, and a purple hat is practicing for an upcoming performance.",,contradiction,2,1,contradiction|neutral,35,[]
"Premise: A boy in a hat and glasses is playing a guitar.
Hypothesis: A boy is playing piano.","Premise: A boy in a hat and glasses is playing a guitar.
Hypothesis: A boy is playing piano, and there is no guitar, no hat, and he removed his glasses before starting.",,entailment,2,5,entailment|entailment|entailment|entailment|entailment|entailment,26,"[4, 5]"
"Premise: A female dancer wearing all white dancing while a photographer wearing all white takes her picture.
Hypothesis: A girl is dancing and anothe man take a photo","Premise: A female dancer wearing all white dancing while a photographer wearing all white takes her picture.
Hypothesis: A boy is riding a bicycle near a park while listening to music on his headphones.",,contradiction,1,3,contradiction|contradiction|contradiction|entailment,36,[2]
"Premise: Two girls wearing hats are running through snow drifts outside.
Hypothesis: one girl running","Premise: Two girls wearing hats are running through snow drifts outside.
Hypothesis: No girls are running.",,neutral,2,0,entailment,23,[]
"Premise: A man and a child are laughing at each other.
Hypothesis: Two people are laughing.","Premise: A man and a child are laughing at each other.
Hypothesis: No one is laughing.",,neutral,0,0,entailment,24,[]
"Premise: The man is digging in the sand while others watch to see what he discovers.
Hypothesis: a man is digging for gold.","Premise: The man is digging in the sand while others watch to see what he discovers.
Hypothesis: a man is digging for gold, and the location has no sand whatsoever—it is completely covered in water, making it impossible for anyone to dig in sand at that site.",,neutral,1,5,neutral|neutral|neutral|neutral|neutral|neutral,31,[1]
"Premise: Two NHL hockey players prepare to fight over a puck during a face off.
Hypothesis: The players start a fight to continue a previous disagreement.","Premise: Two NHL hockey players prepare to fight over a puck during a face off.
Hypothesis: A nearby fan adjusts the team's goal netting in preparation for the next period.",,contradiction,1,5,contradiction|contradiction|contradiction|contradiction|contradiction|contradiction,34,"[2, 3, 4, 5]"
"Premise: A child in an orange outfit stands holding flowers.
Hypothesis: The boy has a gift for his mother.","Premise: A child in an orange outfit stands holding flowers.
Hypothesis: The boy has a math test coming up and is nervously studying at home, completely separately from the flowers he happened to pick earlier.",,contradiction,1,3,contradiction|contradiction|contradiction|neutral,27,[]
"Premise: A policeman on a motorcycle from the rear.
Hypothesis: An officer watching a jail cell.","Premise: A policeman on a motorcycle from the rear.
Hypothesis: An officer patting down a suspect in a crowded subway station.",,entailment,2,1,entailment|contradiction,24,[]
"Premise: Two young boys are playing with a toy train set on a wood floor.
Hypothesis: Two girls are playing with dolls.","Premise: Two young boys are playing with a toy train set on a wood floor.
Hypothesis: Two young boys are playing with a toy train set on a wood floor.",,contradiction,2,0,neutral,30,[]
"Premise: four people standing on a hiking trail in a forest with big tree logs on the ground close to them.
Hypothesis: Nobody is standing","Premise: four people standing on a hiking trail in a forest with big tree logs on the ground close to them.
Hypothesis: There are no people standing on the hiking trail; the trail is completely empty.",,entailment,2,1,entailment|neutral,32,[]
"Premise: A closeup of an older man with glasses speaking.
Hypothesis: The woman is doing a speech.","Premise: A closeup of an older man with glasses speaking.
Hypothesis: The woman is giving a speech, while the closeup clearly shows the older man with glasses listening silently, indicating he is neither the speaker nor involved in the presentation.",,neutral,2,5,neutral|neutral|neutral|neutral|neutral|neutral,26,[]
"Premise: People sitting in a dim restaurant eating.
Hypothesis: People are eating food.","Premise: People sitting in a dim restaurant eating.
Hypothesis: People are not eating and are instead leaving the restaurant because the food was cold and inedible.",,neutral,0,2,neutral|neutral|contradiction,21,[]
"Premise: Child plays with pigeon in busy public area while group of people watch him play.
Hypothesis: A group of people take turns carrying an injured child.","Premise: Child plays with pigeon in busy public area while group of people watch him play.
Hypothesis: A group of people discuss plans for a new community garden at a nearby café.",,contradiction,2,5,contradiction|contradiction|contradiction|contradiction|contradiction|contradiction,35,"[2, 3]"
"Premise: A woman plays in the wind, with a furry brown dog.
Hypothesis: The dog is a shitzu.","Premise: A woman plays in the wind, with a furry brown dog.
Hypothesis: The dog is a Shih Tzu, and the woman is playing with it outside in the wind.",,contradiction,1,5,contradiction|contradiction|contradiction|contradiction|contradiction|contradiction,29,[]
"Premise: Man sitting on bench with suitcase waiting for his source of transportation.
Hypothesis: The man is on a treadmill.","Premise: Man sitting on bench with suitcase waiting for his source of transportation.
Hypothesis: The man is standing on a moving sidewalk at an airport, which directly contradicts him sitting on a bench with a suitcase.",,entailment,2,4,entailment|entailment|entailment|entailment|contradiction,28,[3]
"Premise: A black man wearing a down jacket with his arms spread and holding a pink comb.
Hypothesis: A man was wearing a jacket in winter.","Premise: A black man wearing a down jacket with his arms spread and holding a pink comb.
Hypothesis: A man was not wearing a jacket at all and was instead dressed in a swimsuit on a hot summer beach.",,neutral,1,4,neutral|neutral|neutral|neutral|entailment,34,[]
"Premise: A blond little boy in an orange sweatshirt with red sleeves is using scissors to cut something.
Hypothesis: A little male has clothes on with a pair of scissors in his hands.","Premise: A blond little boy in an orange sweatshirt with red sleeves is using scissors to cut something.
Hypothesis: A little male is wearing a blue swimsuit and holding a toy dinosaur, and he is not using any scissors or wearing an orange sweatshirt with red sleeves.",,neutral,0,5,neutral|neutral|neutral|neutral|neutral|neutral,42,"[3, 4, 5]"
"Premise: People in motion down a city sidewalk.
Hypothesis: People are walking to an event.","Premise: People in motion down a city sidewalk.
Hypothesis: A street musician is playing a melody nearby, drawing curious glances from passersby.",,contradiction,1,2,contradiction|contradiction|neutral,23,[]
"Premise: A scruffy man is standing in front of a red shopping cart filled with boxes.
Hypothesis: A clean shaven man with an empty blue shopping cart.","Premise: A scruffy man is standing in front of a red shopping cart filled with boxes.
Hypothesis: A clean-shaven man is standing in front of an empty blue shopping cart, while the scruffy man is clearly visible behind him, now holding no cart at all.",,entailment,2,5,entailment|entailment|entailment|entailment|entailment|entailment,37,[]
"Premise: A woman in black walks down the street in front of a graffited wall.
Hypothesis: A lady walks down the street.","Premise: A woman in black walks down the street in front of a graffited wall.
Hypothesis: A chef is tasting a sauce in a quiet restaurant kitchen.",,contradiction,0,5,contradiction|contradiction|contradiction|contradiction|contradiction|contradiction,32,"[3, 4, 5]"
"Premise: This person looks to be snowboarding on a very small pile of snow on a sunny cold day.
Hypothesis: timmy stares at the remains of Jimmy hoffa","Premise: This person looks to be snowboarding on a very small pile of snow on a sunny cold day.
Hypothesis: timmy stares at the remains of Jimmy Hoffa in a warm indoor room with no snow in sight",,neutral,2,0,contradiction,39,[]
"Premise: An elderly lady holding a scruffy dog and smiling contently.
Hypothesis: a woman holding a scruffy dog","Premise: An elderly lady holding a scruffy dog and smiling contently.
Hypothesis: a man holding a scruffy dog",,neutral,0,0,entailment,28,[]
"Premise: A father is teaching his son how to ride a bicycle.
Hypothesis: The boy is improving quickly.","Premise: A father is teaching his son how to ride a bicycle.
Hypothesis: The boy is practicing riding a bicycle while a neighbor watches from the porch.",,contradiction,1,0,neutral,26,[]
"Premise: The girl wearing a brown jacket whilst walking in snow.
Hypothesis: A woman is eating pasta in a restaurant.","Premise: The girl wearing a brown jacket whilst walking in snow.
Hypothesis: The girl wearing a brown jacket is walking in the snow.",,contradiction,2,0,neutral,28,[]
"Premise: A man with a beard is playing an acoustic guitar on the street.
Hypothesis: The man tries to make some money from tips.","Premise: A man with a beard is playing an acoustic guitar on the street.
Hypothesis: A woman in a nearby café is sipping coffee and reading a novel about historical architecture.",,contradiction,1,5,contradiction|contradiction|contradiction|contradiction|contradiction|contradiction,32,"[1, 5]"
"Premise: A small child with a backpack walks down a narrow road next to a painted wall.
Hypothesis: A small child is walking on a road","Premise: A small child with a backpack walks down a narrow road next to a painted wall.
Hypothesis: A teacher is writing on the chalkboard in a quiet classroom.",,contradiction,0,5,contradiction|contradiction|contradiction|contradiction|contradiction|contradiction,33,"[3, 4]"
"Premise: A young man holding a young woman in his arms as they get splashed by water shooting up from a fountain.
Hypothesis: A young couple is very much in love.","Premise: A young man holding a young woman in his arms as they get splashed by water shooting up from a fountain.
Hypothesis: A young couple is very much interested in trying out the new coffee shop that opened near the park.",,contradiction,1,5,contradiction|contradiction|contradiction|contradiction|contradiction|contradiction,40,"[4, 5]"
"Premise: A man and a child are purchasing ice cream from a man with a hand pushed ice cream cart.
Hypothesis: A father is buying his daughter ice cream.","Premise: A man and a child are purchasing ice cream from a man with a hand pushed ice cream cart.
Hypothesis: A librarian is organizing new books at the local community center.",,contradiction,1,5,contradiction|contradiction|contradiction|contradiction|contradiction|contradiction,37,"[4, 5]"
"Premise: A female covering her face in laughter at the dinner table.
Hypothesis: A woman has heard a joke.","Premise: A female covering her face in laughter at the dinner table.
Hypothesis: A woman has heard a somber announcement and is solemnly staring at her plate with a serious expression, showing no signs of amusement.",,neutral,1,5,neutral|neutral|neutral|neutral|neutral|neutral,27,[5]
"Premise: A mom and her boy are riding in a bumper car.
Hypothesis: The mom and boy are at an amusement park.","Premise: A mom and her boy are riding in a bumper car.
Hypothesis: The mom and boy are at a quiet library, where such activities as riding in bumper cars are strictly forbidden.",,neutral,0,1,neutral|contradiction,30,[]
"Premise: Police officer wearing a brown uniform talks into a wireless microphone.
Hypothesis: A police officer is silent.","Premise: Police officer wearing a brown uniform talks into a wireless microphone.
Hypothesis: A police officer is speaking into a wireless microphone.",,contradiction,2,0,neutral,26,[]
"Premise: In a snowy residential environment, a man with a brown jacket and gray mustache and beard places a hand on a felled log while another man in a blue shirt is blurry on the right side of the photo.
Hypothesis: The log is for firewood.","Premise: In a snowy residential environment, a man with a brown jacket and gray mustache and beard places a hand on a felled log while another man in a blue shirt is blurry on the right side of the photo.
Hypothesis: A chef at a local café is reading a newspaper about the winter storm affecting the region.",,contradiction,1,5,contradiction|contradiction|contradiction|contradiction|contradiction|contradiction,58,"[2, 3, 4, 5]"
"Premise: A woman crosses the street with a baby in her arms.
Hypothesis: A woman crosses the street carrying her baby boy.","Premise: A woman crosses the street with a baby in her arms.
Hypothesis: A woman crosses the street carrying her toddler, not a baby, and the child is a boy.",,neutral,1,5,neutral|neutral|neutral|neutral|neutral|neutral,30,[]
"Premise: A woman in a brown jacket and jeans is kneeling on a brick road while taking a picture of another woman posing.
Hypothesis: The woman posing is a famous model.","Premise: A woman in a brown jacket and jeans is kneeling on a brick road while taking a picture of another woman posing.
Hypothesis: The woman posing is a local artist sketching ideas for a mural at a nearby community center.",,contradiction,1,5,contradiction|contradiction|contradiction|contradiction|contradiction|contradiction,39,"[4, 5]"
"Premise: An older women tending to a garden.
Hypothesis: The lady is cooking dinner","Premise: An older women tending to a garden.
Hypothesis: A man is discussing political news on his phone while sitting on a park bench.",,contradiction,2,5,contradiction|contradiction|contradiction|contradiction|contradiction|contradiction,22,[]
"Premise: The three young children played with some toilet paper in the grass.
Hypothesis: The three young children are throwing the toilet paper around.","Premise: The three young children played with some toilet paper in the grass.
Hypothesis: The three young children are sitting quietly and not touching any toilet paper.",,neutral,1,0,contradiction,32,[]
"Premise: Man and woman rowing on surfboards third rower in distance.
Hypothesis: Couples rowing on surfboards.","Premise: Man and woman rowing on surfboards third rower in distance.
Hypothesis: The individuals on the surfboards are not a couple, but rather a man and a woman competing in a solo race, with a third rower far in the distance who has nothing to do with them, directly contradicting the claim that couples are rowing on surfboards.",,neutral,0,5,neutral|neutral|neutral|neutral|neutral|neutral,29,[]
"Premise: A golden retriever nurses puppies.
Hypothesis: Puppies next to their mother","Premise: A golden retriever nurses puppies.
Hypothesis: Puppies next to their mother at a local pet store.",,contradiction,0,5,contradiction|contradiction|contradiction|contradiction|contradiction|contradiction,21,[3]
"Premise: A performer plays an instrument for the audience.
Hypothesis: The instrument plays a performer for an audience.","Premise: A performer plays an instrument for the audience.
Hypothesis: A painter displays a new sculpture at an art gallery.",,entailment,2,0,contradiction,26,[]
"Premise: A man throws his young boy playfully into the air standing on a beach.
Hypothesis: A Dad and son is playing on the beach.","Premise: A man throws his young boy playfully into the air standing on a beach.
Hypothesis: A librarian is organizing books on a shelf in a quiet study hall.",,contradiction,0,3,contradiction|contradiction|contradiction|entailment,34,[]
"Premise: A dog jumping for a Frisbee in the snow.
Hypothesis: A cat washes his face and whiskers with his front paw.","Premise: A dog jumping for a Frisbee in the snow.
Hypothesis: A cat refuses to go outside because it hates the cold snow where the dog is playing.",,entailment,2,1,entailment|contradiction,34,[]
"Premise: Small girl riding in play car.
Hypothesis: A girl is riding in a toy car.","Premise: Small girl riding in play car.
Hypothesis: A man is reading a book nearby.",,contradiction,0,5,contradiction|contradiction|contradiction|contradiction|contradiction|contradiction,24,"[2, 3, 4, 5]"
"Premise: People walk outside ""The Tempe Bar"".
Hypothesis: People move around outside.","Premise: People walk outside ""The Tempe Bar"".
Hypothesis: People remain completely still and refuse to walk outside ""The Tempe Bar"".",,neutral,0,2,neutral|neutral|entailment,22,[]
"Premise: A group of people having a conversation.
Hypothesis: People are talking about politics.","Premise: A group of people having a conversation.
Hypothesis: People are all sitting in complete silence, not engaging in any form of conversation or communication.",,neutral,1,2,neutral|neutral|entailment,22,[]
"Premise: A man in an army uniform speaks into a microphone.
Hypothesis: A soldier speaks into the microphone.","Premise: A man in an army uniform speaks into a microphone.
Hypothesis: A soldier does not speak into the microphone.",,neutral,0,0,contradiction,26,[]
"Premise: A child sits in a tree holding a branch.
Hypothesis: The adult jumped up onto the tree.","Premise: A child sits in a tree holding a branch.
Hypothesis: The adult jumped up onto the tree, while the child remained on the ground.",,neutral,2,0,entailment,26,[]
"Premise: A man with a beer in his hand listens to a woman talk.
Hypothesis: A man has a beer with him.","Premise: A man with a beer in his hand listens to a woman talk.
Hypothesis: A man does not have a beer with him.",,neutral,0,0,contradiction,30,[]
"Premise: Two little boys are smiling and laughing while one is standing and one is in a bouncy seat.
Hypothesis: The little boys are crying.","Premise: Two little boys are smiling and laughing while one is standing and one is in a bouncy seat.
Hypothesis: A group of teenagers are discussing their weekend plans at a coffee shop nearby.",,contradiction,2,2,contradiction|contradiction|neutral,34,[1]
"Premise: Two men in suits standing in front of a bus, one is wearing a medal.
Hypothesis: Two men are standing in front of a large vehicle.","Premise: Two men in suits standing in front of a bus, one is wearing a medal.
Hypothesis: Two men are sitting inside a small car, far away from any bus.",,neutral,0,1,neutral|entailment,36,[]
"Premise: A woman is cutting into a sandwich while sitting at an outdoor table.
Hypothesis: The lady on the table is cutting her sandwhich","Premise: A woman is cutting into a sandwich while sitting at an outdoor table.
Hypothesis: The lady at the table is wearing a blue hat and looking out at the park, while a man in the distance is riding a bicycle.",,contradiction,0,5,contradiction|contradiction|contradiction|contradiction|contradiction|contradiction,32,"[4, 5]"
"Premise: Three men are working with their bikes in the shoulder of a road.
Hypothesis: The men's bikes broke.","Premise: Three men are working with their bikes in the shoulder of a road.
Hypothesis: The men are discussing their favorite books over coffee at a nearby café.",,contradiction,1,5,contradiction|contradiction|contradiction|contradiction|contradiction|contradiction,28,"[1, 2, 3, 5]"
"Premise: A boy and a girl stand in a median amongst Mike Huckabee signs.
Hypothesis: Two people stand on a median with advertising signs.","Premise: A boy and a girl stand in a median amongst Mike Huckabee signs.
Hypothesis: Two people sit on a bench far from any signs.",,neutral,0,0,entailment,32,[]
"Premise: A man who wears glasses, a blue shirt and a Chicago White Sox cap holds a young boy who also wears a blue shirt.
Hypothesis: The man the baseball is taking his son to a baseball game today.","Premise: A man who wears glasses, a blue shirt and a Chicago White Sox cap holds a young boy who also wears a blue shirt.
Hypothesis: The man is reading a book about history while holding the young boy.",,contradiction,1,1,contradiction|neutral,48,[]
"Premise: Naked children play on the muddy riverbank.
Hypothesis: THE NUDE KIDS PLAYED ON THE RIVERBANK IN THE MUD JUST TO HAVE A MUD BATH","Premise: Naked children play on the muddy riverbank.
Hypothesis: THE NUDE KIDS PLAYED ON THE RIVERBANK IN THE MUD WHILE A COOK PREPARED LUNCH NEAR THE CAMPFIRE.",,contradiction,1,5,contradiction|contradiction|contradiction|contradiction|contradiction|contradiction,43,[]
"Premise: A boy runs as others play on a homemade slip and slide.
Hypothesis: A boy is running.","Premise: A boy runs as others play on a homemade slip and slide.
Hypothesis: A boy is sitting still and watching quietly as others play on a homemade slip and slide.",,neutral,0,2,neutral|neutral|contradiction,26,[]
"Premise: A rescue worker searches with a flashlight under a slab in a ruined building.
Hypothesis: A rescue worker searches for survivors.","Premise: A rescue worker searches with a flashlight under a slab in a ruined building.
Hypothesis: A rescue worker is certain there are no survivors and stops searching.",,neutral,1,0,contradiction,30,[]
"Premise: People boating on a lake with the sun through the clouds in the distance.
Hypothesis: people on boat","Premise: People boating on a lake with the sun through the clouds in the distance.
Hypothesis: people on a train",,neutral,0,0,contradiction,27,[]
"Premise: The man white purple and white polka-dotted shirts is eating and looking to his right while the woman behind him has a confused look on her face.
Hypothesis: The guy is eating a sandwich while a lady wonders what's in the sandwich.","Premise: The man white purple and white polka-dotted shirts is eating and looking to his right while the woman behind him has a confused look on her face.
Hypothesis: The guy is not eating a sandwich, and the lady knows exactly what’s in it because it’s in plain sight on the table.",,neutral,1,5,neutral|neutral|neutral|neutral|neutral|neutral,55,"[1, 2, 3, 4, 5]"
"Premise: A dog with a collar on lying on the street.
Hypothesis: There is an animal outdoors.","Premise: A dog with a collar on lying on the street.
Hypothesis: There is no animal outdoors.",,neutral,0,0,entailment,25,[]
"Premise: Performer who is wearing 2 hats a scary mask and a black and white robe.
Hypothesis: The actor playing Voldemort is wearing a scary mask and a black and white robe.","Premise: Performer who is wearing 2 hats a scary mask and a black and white robe.
Hypothesis: The actor playing Voldemort is wearing a silly clown mask and a bright yellow costume.",,neutral,1,0,contradiction,42,[]
"Premise: Sports team members practice and relax on a basketball court.
Hypothesis: Team members of a sport is relaxing after practice.","Premise: Sports team members practice and relax on a basketball court.
Hypothesis: Team members of a sport are not relaxing or practicing at all and are instead engaged in a completely different activity, such as a yoga session, on a different court, which directly contradicts the idea that they were on the basketball court practicing and relaxing.",,neutral,0,5,neutral|neutral|neutral|neutral|neutral|neutral,29,[]
"Premise: A referee with a whistle in his mouth points to the right and watches as a player with the basketball bends down with a defensive player.
Hypothesis: A referee blows a whistle","Premise: A referee with a whistle in his mouth points to the right and watches as a player with the basketball bends down with a defensive player.
Hypothesis: A referee does not blow a whistle",,neutral,-1,0,entailment,40,[]
"Premise: A man, wearing a cap, is pushing a cart, on which large display boards are kept, on a road.
Hypothesis: The person is stealing display boards.","Premise: A man, wearing a cap, is pushing a cart, on which large display boards are kept, on a road.
Hypothesis: The person is moving display boards on a cart he is pushing on the road.",,contradiction,1,0,neutral,39,[]
"Premise: Six people appearing to be planting something in the ground.
Hypothesis: People are digging up the earth","Premise: Six people appearing to be planting something in the ground.
Hypothesis: People are digging up the earth, not planting anything.",,neutral,0,0,entailment,25,[]
"Premise: A group of people are looking at photographs on a wall and speaking to each other.
Hypothesis: A group of friends are visiting an art exhibit.","Premise: A group of people are looking at photographs on a wall and speaking to each other.
Hypothesis: A group of people are looking at photographs on a wall and speaking to each other.",,contradiction,1,0,neutral,35,[]
"Premise: Two daschunds play with a red ball
Hypothesis: Two dogs playing together.","Premise: Two daschunds play with a red ball
Hypothesis: Two cats are playing together, chasing a yellow ball, while the two daschunds are napping indoors.",,neutral,0,2,neutral|neutral|contradiction,23,[]
"Premise: A man standing alone in a park.
Hypothesis: a man alone at home","Premise: A man standing alone in a park.
Hypothesis: a woman reading a book at home",,contradiction,2,0,entailment,21,[]
"Premise: Two little girls, wearing pink hanging on a tube.
Hypothesis: Two girls wearing blue sit on a couch.","Premise: Two little girls, wearing pink hanging on a tube.
Hypothesis: Two boys wearing green play soccer in the park.",,contradiction,2,0,entailment,28,[]
"Premise: Security officer working outside.
Hypothesis: A security officer is outside.","Premise: Security officer working outside.
Hypothesis: No security officer is outside.",,neutral,0,0,entailment,19,[]
"Premise: Two soccer players are going after the ball.
Hypothesis: They are playing soccer outside.","Premise: Two soccer players are going after the ball.
Hypothesis: They are playing basketball outside.",,neutral,1,1,neutral|entailment,23,[]
"Premise: A young man wearing khaki pants and a checked shirt is jumping over large rocks with green mountains and a lagoon in the background.
Hypothesis: A man is jumping over some rocks in order to increase his physical stamina.","Premise: A young man wearing khaki pants and a checked shirt is jumping over large rocks with green mountains and a lagoon in the background.
Hypothesis: A man is sitting calmly on a bench, not moving, in a city park.",,neutral,1,0,entailment,50,[]
"Premise: Four African boys playing soccer.
Hypothesis: Some boys are in the play ground","Premise: Four African boys playing soccer.
Hypothesis: Some boys are at the library discussing their favorite books.",,contradiction,2,5,contradiction|contradiction|contradiction|contradiction|contradiction|contradiction,21,"[2, 4, 5]"
"Premise: A lady in a dark coat is sitting with many people around her.
Hypothesis: There are people surrounding each other.","Premise: A lady in a dark coat is sitting with many people around her.
Hypothesis: There are no people surrounding each other.",,neutral,0,0,entailment,29,[]
"Premise: Man with beard doing skateboarding stunt
Hypothesis: A man with a goatee does a backflip on a skateboard.","Premise: Man with beard doing skateboarding stunt
Hypothesis: A man with a goatee sits on a bench and does not skateboard.",,neutral,1,0,contradiction,30,[]
"Premise: A man with a blue helmet and orange shirt.
Hypothesis: An 20 year old man has an orange shirt.","Premise: A man with a blue helmet and orange shirt.
Hypothesis: A 20 year old man has a blue shirt and claims the orange one is not his.",,neutral,1,1,neutral|contradiction,30,[]
"Premise: A silhouette stands at the top of a bowling lane as the ball is about to impact the pins while neon lights race overhead.
Hypothesis: Someone is in a bowling alley.","Premise: A silhouette stands at the top of a bowling lane as the ball is about to impact the pins while neon lights race overhead.
Hypothesis: No one is in the bowling alley.",,neutral,0,0,contradiction,40,[]
"Premise: A boy toddler is holding a bat he is about to swing at a pinata.
Hypothesis: A child is about to hit the panda with a stick.","Premise: A boy toddler is holding a bat he is about to swing at a pinata.
Hypothesis: A chef is reviewing a menu for a new vegetarian dish at a café across town.",,contradiction,2,5,contradiction|contradiction|contradiction|contradiction|contradiction|contradiction,37,"[4, 5]"
"Premise: A man wearing a red vest is walking past a black and green fence.
Hypothesis: A man is wearing a vest.","Premise: A man wearing a red vest is walking past a black and green fence.
Hypothesis: A man is wearing a blue vest.",,neutral,0,1,neutral|entailment,30,[]
"Premise: Fans are dressed in green and yellow for a major sporting event.
Hypothesis: There are fans at a sporting event.","Premise: Fans are dressed in green and yellow for a major sporting event.
Hypothesis: There are no fans at a sporting event.",,neutral,0,0,entailment,29,[]
"Premise: Man wearing blue bowing on floor in front of another man in blue bowing on floor with two other men wearing blue kneeling on same floor also.
Hypothesis: A man is wearing nothing.","Premise: Man wearing blue bowing on floor in front of another man in blue bowing on floor with two other men wearing blue kneeling on same floor also.
Hypothesis: A man is completely naked while others are fully dressed in red.",,neutral,2,5,neutral|neutral|neutral|neutral|neutral|neutral,44,[5]
"Premise: A man dances with a woman in a white egyptian costume.
Hypothesis: A couple dances in a competition.","Premise: A man dances with a woman in a white egyptian costume.
Hypothesis: A group of children release balloons at a birthday party outside the community center.",,contradiction,1,2,contradiction|contradiction|entailment,29,[]
"Premise: A man is holding a book standing in front of a chalkboard.
Hypothesis: A person is in a classroom teaching.","Premise: A man is holding a book standing in front of a chalkboard.
Hypothesis: A person is at the grocery store buying fruit.",,contradiction,0,5,contradiction|contradiction|contradiction|contradiction|contradiction|contradiction,30,"[3, 4, 5]"
"Premise: In a chain link enclosed skate park a skater goes over one of the obstacles.Wit.
Hypothesis: The skater is sitting on the ground.","Premise: In a chain link enclosed skate park a skater goes over one of the obstacles.Wit.
Hypothesis: A musician is tuning a guitar near a skate park entrance.",,entailment,2,0,contradiction,36,[]
"Premise: Two dogs wearing muzzles are running.
Hypothesis: two dogs are eating","Premise: Two dogs wearing muzzles are running.
Hypothesis: two dogs are eating without muzzles while sitting calmly in the yard",,entailment,2,5,entailment|entailment|entailment|entailment|entailment|entailment,21,"[2, 3, 4, 5]"
"Premise: Two men, wearing identical shirts look into a classic car hood.
Hypothesis: Two people are looking at a car.","Premise: Two men, wearing identical shirts look into a classic car hood.
Hypothesis: Two people are looking at a motorcycle.",,neutral,0,0,contradiction,29,[]
"Premise: A man in a leather jacket and glasses walks across an intersection while a man in a gray sweatshirt and white hat looks on.
Hypothesis: The man is riding a motorcycle across the street.","Premise: A man in a leather jacket and glasses walks across an intersection while a man in a gray sweatshirt and white hat looks on.
Hypothesis: The man in the leather jacket is riding a motorcycle across the street.",,contradiction,2,0,entailment,44,[]
"Premise: People landscaping and gardening the areas around the walkway.
Hypothesis: People are planting in their homes.","Premise: People landscaping and gardening the areas around the walkway.
Hypothesis: A chef is preparing a new recipe for a cooking competition.",,contradiction,2,5,contradiction|contradiction|contradiction|contradiction|contradiction|contradiction,26,[]
"Premise: A girl in a blue leotard hula hoops on a stage with balloon shapes in the background.
Hypothesis: A girl is on stage entertaining the crowd with her hula hoop dance","Premise: A girl in a blue leotard hula hoops on a stage with balloon shapes in the background.
Hypothesis: A girl is on stage entertaining the crowd with her hula hoop dance, which took place in a gym without any balloon shapes in the background.",,neutral,1,0,contradiction,43,[]
"Premise: A group of men and boys look upwards at something.
Hypothesis: A group of coaches are showing their team the scoreboard.","Premise: A group of men and boys look upwards at something.
Hypothesis: A group of hikers are planning their route for a mountain trek based on a weather forecast.",,contradiction,1,5,contradiction|contradiction|contradiction|contradiction|contradiction|contradiction,30,[]
"Premise: A bicyclist is attempting a trick on a wire in a tropical location.
Hypothesis: A person on a bicycle has his bike situated on a wire.","Premise: A bicyclist is attempting a trick on a wire in a tropical location.
Hypothesis: A person on a bicycle is riding on solid ground in a desert, far from any wires or tropical locations, making it impossible for them to be attempting a trick on a wire as described in the premise.",,neutral,0,5,neutral|neutral|neutral|neutral|neutral|neutral,36,[5]
"Premise: One child in black is walking down a hill covered in white snow while 2 children are on their knees.
Hypothesis: The children are enjoying a surprise snowday off from school in the middle of April","Premise: One child in black is walking down a hill covered in white snow while 2 children are on their knees.
Hypothesis: The children are discussing their plans for a science fair project on plant growth, concentrating on research methods and materials they’ll need from the local store next week, while one of them recalls a snowball fight from last winter. A group of teenagers nearby is practicing for a soccer match in a nearby field.",,contradiction,1,5,contradiction|contradiction|contradiction|contradiction|contradiction|contradiction,46,[]
"Premise: a small brown and white dog swimming through the pool next to a man.
Hypothesis: A man forces his cat to learn how to use a diving board.","Premise: a small brown and white dog swimming through the pool next to a man.
Hypothesis: A man is taking his cat to a dry, indoor cat gym, where no dogs or water are allowed.",,entailment,2,5,entailment|entailment|entailment|entailment|entailment|entailment,37,[]
"Premise: A man and a woman are holding hands on the shore of a lake.
Hypothesis: A couple on vacation.","Premise: A man and a woman are holding hands on the shore of a lake.
Hypothesis: A couple on vacation is discussing plans for a hiking trip in the mountains.",,contradiction,1,5,contradiction|contradiction|contradiction|contradiction|contradiction|contradiction,28,[3]
"Premise: An old man in a blue shirt and white pants glowers by a glass door.
Hypothesis: A man resting outside","Premise: An old man in a blue shirt and white pants glowers by a glass door.
Hypothesis: A woman at the grocery store carefully examines the ingredients on a box of cereal.",,contradiction,1,5,contradiction|contradiction|contradiction|contradiction|contradiction|contradiction,29,"[3, 4, 5]"
"Premise: A female runner dressed in blue athletic wear is running in a competition, while spectators line the street.
Hypothesis: The streets are empty.","Premise: A female runner dressed in blue athletic wear is running in a competition, while spectators line the street.
Hypothesis: A baker is preparing bread in a quiet kitchen in another city.",,contradiction,2,5,contradiction|contradiction|contradiction|contradiction|contradiction|contradiction,33,"[1, 2, 3, 4, 5]"
"Premise: A golden retriever nurses puppies.
Hypothesis: A golden retriever nurses some other dogs puppies","Premise: A golden retriever nurses puppies.
Hypothesis: A golden retriever does not nurse any puppies.",,neutral,1,0,entailment,24,[]
"Premise: A guy gettin lots of air on a skateboard at a skatepark
Hypothesis: A guy riding a skateboard in the rain.","Premise: A guy gettin lots of air on a skateboard at a skatepark
Hypothesis: A guy riding a skateboard indoors in a gym on a cloudy day, where there is no skatepark or access to outdoor space, and insists he is getting air despite being on a flat, indoor surface designed for weightlifting, not skateboarding.",,neutral,1,5,neutral|neutral|neutral|neutral|neutral|neutral,32,[]
"Premise: A man wearing a black coat is walking.
Hypothesis: A naked man walking.","Premise: A man wearing a black coat is walking.
Hypothesis: A man wearing a black coat is sitting on a bench.",,neutral,2,1,neutral|entailment,22,[]
"Premise: A young boy in green shorts balances on a pipe above a river.
Hypothesis: A person balancing.","Premise: A young boy in green shorts balances on a pipe above a river.
Hypothesis: No one is balancing.",,neutral,0,0,entailment,26,[]
"Premise: Bicycles are littering the road as boy pull door.
Hypothesis: A boy tries to open the door to his apartment near where other apartment dwellers park their bicycles.","Premise: Bicycles are littering the road as boy pull door.
Hypothesis: A boy is trying to pull open the door to his apartment, which is located near a road that is littered with bicycles, as described in the premise.",,contradiction,1,5,contradiction|contradiction|contradiction|contradiction|contradiction|contradiction,41,[]
"Premise: Man balding with a mustache and semi beard standing wearing a psychedelic button shirt playing the guitar as he sings.
Hypothesis: The man knows how to play the guitar.","Premise: Man balding with a mustache and semi beard standing wearing a psychedelic button shirt playing the guitar as he sings.
Hypothesis: The man has never learned how to play the guitar.",,neutral,0,0,contradiction,40,[]
"Premise: A man and his son riding bikes down the sidewalk.
Hypothesis: the man and the boy were in town","Premise: A man and his son riding bikes down the sidewalk.
Hypothesis: the man and the boy were in the countryside, far from any town",,neutral,1,0,contradiction,27,[]
"Premise: An Asian woman in a hat is measuring food from barrels with a ladle into a smaller metal pan.
Hypothesis: A woman is measuring out wine from a barrel.","Premise: An Asian woman in a hat is measuring food from barrels with a ladle into a smaller metal pan.
Hypothesis: A woman is measuring out food from a barrel using a ladle.",,contradiction,2,0,neutral,39,[]
"Premise: A man wearing a black cap is suspended in the air on a swing, as children are swinging on a swing set.
Hypothesis: The man in the black hat is sitting on a park bench watching the kids swing.","Premise: A man wearing a black cap is suspended in the air on a swing, as children are swinging on a swing set.
Hypothesis: The man in the black hat is at a coffee shop reading the newspaper, while nearby, a group of children are playing on a swing set in a park.",,contradiction,2,5,contradiction|contradiction|contradiction|contradiction|contradiction|contradiction,49,[]
"Premise: Four people and a dog out in the woods.
Hypothesis: Some mammals want to live and the others don't want them to.","Premise: Four people and a dog out in the woods.
Hypothesis: No mammals are present, and the dog is actually a robot.",,neutral,1,0,contradiction,32,[]
"Premise: A person is sitting on the edge of a rock cliff.
Hypothesis: A person was sitting on the road.","Premise: A person is sitting on the edge of a rock cliff.
Hypothesis: A person was preparing a presentation about marine biology for an online class.",,contradiction,2,5,contradiction|contradiction|contradiction|contradiction|contradiction|contradiction,28,[5]
"Premise: The older woman smiles as she holds up a hammer.
Hypothesis: A woman is using a hammer to make something.","Premise: The older woman smiles as she holds up a hammer.
Hypothesis: A woman is using a hammer to break something, and she is clearly angry, not smiling.",,neutral,1,5,neutral|neutral|neutral|neutral|neutral|neutral,29,"[2, 3, 4, 5]"
"Premise: A yellow dog is running in a field near a mountain.
Hypothesis: A yellow dog is chasing a bunny in the field.","Premise: A yellow dog is running in a field near a mountain.
Hypothesis: A yellow dog is running in a field near a mountain without a bunny present.",,contradiction,1,0,neutral,31,[]
"Premise: A small dog watches two big dogs playing rough in a field.
Hypothesis: 3 dogs are sleeping.","Premise: A small dog watches two big dogs playing rough in a field.
Hypothesis: There are three dogs in the field, and they are all sleeping after having played together.",,contradiction,2,5,contradiction|contradiction|contradiction|contradiction|contradiction|contradiction,27,[]
"Premise: A woman sits in a market where she sells goods with her dog.
Hypothesis: A dog sells a woman a hat.","Premise: A woman sits in a market where she sells goods with her dog.
Hypothesis: A dog buys a hat from a woman who does not sell goods.",,entailment,2,0,contradiction,30,[]
"Premise: People in chairs around a table
Hypothesis: The people have eybrows.","Premise: People in chairs around a table
Hypothesis: The people do not have eyebrows.",,neutral,1,0,contradiction,22,[]
"Premise: A girl in a white knit hat and winter gear rubs her tongue over her braces.
Hypothesis: The girl is ready to go swimming.","Premise: A girl in a white knit hat and winter gear rubs her tongue over her braces.
Hypothesis: The girl is ready to start learning how to paint landscapes during her weekend art class.",,contradiction,2,5,contradiction|contradiction|contradiction|contradiction|contradiction|contradiction,34,[5]
"Premise: The big dog is checking out the smaller dog.
Hypothesis: A big dog watching over a smaller dog.","Premise: The big dog is checking out the smaller dog.
Hypothesis: A small dog is completely ignoring the big dog.",,neutral,0,1,neutral|entailment,27,[]
"Premise: Two dogs are playing together.
Hypothesis: Two canines are having fun.","Premise: Two dogs are playing together.
Hypothesis: Two canines are fighting aggressively and lying on opposite sides of the room, with no evidence of any interaction or enjoyment.",,neutral,0,5,neutral|neutral|neutral|neutral|neutral|neutral,21,"[2, 4, 5]"
"Premise: Two men with black glasses are holding food, one appears to be eating.
Hypothesis: A group of women is drinking wine.","Premise: Two men with black glasses are holding food, one appears to be eating.
Hypothesis: Two men with black glasses are holding food, one appears to be eating.",,contradiction,2,0,neutral,31,[]
"Premise: A grim looking man with sunglasses pilots a boat.
Hypothesis: The hungover man drives his boat to work.","Premise: A grim looking man with sunglasses pilots a boat.
Hypothesis: The man at the dock is reading a book about marine biology.",,contradiction,1,5,contradiction|contradiction|contradiction|contradiction|contradiction|contradiction,28,"[1, 2, 3, 4, 5]"
"Premise: Two men help each other cut a sheet of plastic.
Hypothesis: Two men cut some plastic.","Premise: Two men help each other cut a sheet of plastic.
Hypothesis: Two men do not cut any plastic.",,neutral,0,0,entailment,25,[]
"Premise: A woman in a white tennis outfit is jumping up to hit the ball.
Hypothesis: women playing","Premise: A woman in a white tennis outfit is jumping up to hit the ball.
Hypothesis: A man is playing tennis calmly on the beach.",,neutral,1,0,contradiction,25,[]
"Premise: The small boy is running through a grassy area.
Hypothesis: The boy is in a park.","Premise: The small boy is running through a grassy area.
Hypothesis: The boy is in a park reading a book about dinosaurs.",,contradiction,1,5,contradiction|contradiction|contradiction|contradiction|contradiction|contradiction,26,"[1, 2, 3, 4, 5]"
"Premise: A man and a woman are laughing.
Hypothesis: Two people are happy.","Premise: A man and a woman are laughing.
Hypothesis: Two people are extremely angry and shouting at each other, contradicting the man and woman who are laughing.",,neutral,0,5,neutral|neutral|neutral|neutral|neutral|neutral,21,[4]
"Premise: Large brown dog walking in shallow water.
Hypothesis: An animal is in water","Premise: Large brown dog walking in shallow water.
Hypothesis: No animal is in water.",,neutral,0,0,contradiction,21,[]
"Premise: A woman is sitting down doing some sort of craft work while another person operates a large wooden loom device in the background.
Hypothesis: The woman is standing.","Premise: A woman is sitting down doing some sort of craft work while another person operates a large wooden loom device in the background.
Hypothesis: The woman is sitting down doing some sort of craft work.",,neutral,2,0,contradiction,38,[]
"Premise: Several people have gathered behind a group of other people who are sitting around a table.
Hypothesis: There are several people sitting around a table.","Premise: Several people have gathered behind a group of other people who are sitting around a table.
Hypothesis: There are no people sitting around a table; instead, the group is standing in line outside, and all the tables are completely empty.",,neutral,0,5,neutral|neutral|neutral|neutral|neutral|neutral,34,[]
"Premise: A girl in a black skirt and blue dress is watering flowers.
Hypothesis: The girl is giving the flowers some water.","Premise: A girl in a black skirt and blue dress is watering flowers.
Hypothesis: The girl is not giving the flowers any water; instead, she is using a hose to spray them with a red paint instead of water.",,neutral,0,4,neutral|neutral|neutral|neutral|contradiction,30,[]
"Premise: A father and his daughter are riding a lawn mover down a street while dressed in American colors.
Hypothesis: two people mow lawns for a living on the 4th of july","Premise: A father and his daughter are riding a lawn mover down a street while dressed in American colors.
Hypothesis: A local bakery is offering special apple pie for sale on the 4th of July.",,contradiction,1,5,contradiction|contradiction|contradiction|contradiction|contradiction|contradiction,44,[]
"Premise: A tractor decorated as a float for a parade
Hypothesis: A tractor drives down the parade route","Premise: A tractor decorated as a float for a parade
Hypothesis: A tractor is completely dismantled and buried in a field, with no trace of it appearing in the parade at all.",,neutral,1,1,neutral|contradiction,25,[]
"Premise: Two dogs in a grassy field.
Hypothesis: Two dogs are on a sandy beach.","Premise: Two dogs in a grassy field.
Hypothesis: A family is cooking a meal in their kitchen.",,contradiction,2,1,contradiction|entailment,24,[]
"Premise: A man with his finger in his mouth is standing outside of an RV.
Hypothesis: The man is inside his RV.","Premise: A man with his finger in his mouth is standing outside of an RV.
Hypothesis: The man is not inside the RV, but instead is knocking on the door, trying to get in.",,entailment,2,1,entailment|neutral,30,[]
"Premise: Two dirt bikers- one in black and red, sporting number 64, the other in blue and white displaying a red ""21""- round the corner of a tree-lined track.
Hypothesis: There are two people and two motorbikes in this picture.","Premise: Two dirt bikers- one in black and red, sporting number 64, the other in blue and white displaying a red ""21""- round the corner of a tree-lined track.
Hypothesis: There are no motorbikes in the picture—both riders are on foot, carefully pushing their bikes through a muddy section of the trail.",,neutral,0,5,neutral|neutral|neutral|neutral|neutral|neutral,60,[]
"Premise: A young girl with blond-hair eating a peach.
Hypothesis: There is fruit present.","Premise: A young girl with blond-hair eating a peach.
Hypothesis: There is no fruit present.",,neutral,0,0,entailment,24,[]
"Premise: Young girl in an bathing suit falling off the end of a slide into a pool.
Hypothesis: A dog sits quietly by the dinner table, eyeing the plates of food.","Premise: Young girl in an bathing suit falling off the end of a slide into a pool.
Hypothesis: A dog is not present at the pool where a young girl in a bathing suit falls off the end of a slide.",,entailment,2,0,contradiction,41,[]
"Premise: A blond man playing a guitar.
Hypothesis: A bald man is playing a guitar.","Premise: A blond man playing a guitar.
Hypothesis: A bald man is playing the piano while the blond man watches.",,neutral,2,1,neutral|entailment,23,[]
"Premise: A dog with a collar on lying on the street.
Hypothesis: The dog was just hit by a car and is lying in the street.","Premise: A dog with a collar on lying on the street.
Hypothesis: A chef is preparing a pasta dish in a busy restaurant kitchen.",,contradiction,1,5,contradiction|contradiction|contradiction|contradiction|contradiction|contradiction,34,"[2, 3, 5]"
"Premise: A white dog is running on a rocky beach.
Hypothesis: A dog is on the beach.","Premise: A white dog is running on a rocky beach.
Hypothesis: A dog is on a snowy mountain trail.",,neutral,0,1,neutral|contradiction,25,[]
"Premise: Firefighters in full gear are walking up a ladder.
Hypothesis: The firefighers are ready to fight a fire.","Premise: Firefighters in full gear are walking up a ladder.
Hypothesis: The firefighters are not wearing any gear and are sitting idle in the station.",,neutral,0,0,entailment,31,[]
"Premise: Three men are playing frisbee in the woods.
Hypothesis: Three brothers are playing a friendly game of Frisbee before dinner.","Premise: Three men are playing frisbee in the woods.
Hypothesis: Three chefs are preparing a gourmet dinner at a local restaurant.",,contradiction,1,5,contradiction|contradiction|contradiction|contradiction|contradiction|contradiction,33,"[2, 3]"
"Premise: A boy in a hat and glasses is playing a guitar.
Hypothesis: A boy is singing.","Premise: A boy in a hat and glasses is playing a guitar.
Hypothesis: A girl is reading a book about space.",,contradiction,1,0,entailment,25,[]
"Premise: A young boy wearing an orange jacket is sitting on a log in the fall.
Hypothesis: A boy is sitting on a log.","Premise: A young boy wearing an orange jacket is sitting on a log in the fall.
Hypothesis: A boy is standing on a log.",,neutral,0,0,entailment,32,[]
"Premise: A group of smiling people are posing outdoors for a picture.
Hypothesis: The group of people are frowning.","Premise: A group of smiling people are posing outdoors for a picture.
Hypothesis: A group of people are discussing plans for a community garden.",,entailment,2,0,contradiction,28,[]
"Premise: Two people are playing American Football and one of them is trying to stop the other from throwing the ball.
Hypothesis: A game of football is being played.","Premise: Two people are playing American Football and one of them is trying to stop the other from throwing the ball.
Hypothesis: No game of football is being played.",,neutral,0,0,contradiction,37,[]
"Premise: An organ grinder, in World War I helmet and clown makeup, speaks to an older man in a blue, striped polo shirt.
Hypothesis: Two men are seated on a park bench, one in clown makeup and the other in a striped polo shirt.","Premise: An organ grinder, in World War I helmet and clown makeup, speaks to an older man in a blue, striped polo shirt.
Hypothesis: A woman in a red dress is painting a landscape in a quiet studio, while a man in a striped polo shirt is jogging near a lake.",,contradiction,0,5,contradiction|contradiction|contradiction|contradiction|contradiction|contradiction,56,[]
"Premise: Police are setting up a barricade due to a fire.
Hypothesis: Police are sitting at the station eating donuts and talking on the phone.","Premise: Police are setting up a barricade due to a fire.
Hypothesis: Police are at the station eating donuts and talking on the phone, and there is no mention of a fire or any barricades being set up anywhere in the city.",,entailment,2,5,entailment|entailment|entailment|entailment|entailment|entailment,35,[2]
"Premise: A girl with curly hair and wearing a patriotic shirt is looking at a monarch butterfly sitting on her left index finger.
Hypothesis: A girl and a butterfly","Premise: A girl with curly hair and wearing a patriotic shirt is looking at a monarch butterfly sitting on her left index finger.
Hypothesis: A baker is reading a book about history in a quiet café.",,contradiction,0,5,contradiction|contradiction|contradiction|contradiction|contradiction|contradiction,36,[4]
"Premise: The man is performing a trick on a motorcycle high in the air.
Hypothesis: A man is performing a trick on a bike.","Premise: The man is performing a trick on a motorcycle high in the air.
Hypothesis: A man is performing a trick on a bicycle, not a motorcycle, and he is doing it on the ground, not in the air, at the same event and time.",,neutral,0,5,neutral|neutral|neutral|neutral|neutral|neutral,32,"[2, 5]"
"Premise: An obese white male wearing a blue shirt and khaki shorts sits in front of fountain all while gabbing on phone.
Hypothesis: A man is sleeping in front of a fountain.","Premise: An obese white male wearing a blue shirt and khaki shorts sits in front of fountain all while gabbing on phone.
Hypothesis: A chef is reading a book about astronomy in a quiet café.",,contradiction,2,5,contradiction|contradiction|contradiction|contradiction|contradiction|contradiction,42,"[1, 2, 5]"
"Premise: A child enjoying themselves on a yellow slide at a park.
Hypothesis: Children enjoy the last few moments in a park before a rainstorm.","Premise: A child enjoying themselves on a yellow slide at a park.
Hypothesis: A group of teenagers nearby is reading books under a tree, discussing their favorite novels and upcoming school projects.",,contradiction,1,5,contradiction|contradiction|contradiction|contradiction|contradiction|contradiction,34,[]
"Premise: Some men in burgundy coats try to push a car in the snow.
Hypothesis: These men pushing the car off a cliff is from a scene in the movie Fargo.","Premise: Some men in burgundy coats try to push a car in the snow.
Hypothesis: These men pushing the car off a cliff is from a science fiction film set in a distant galaxy, where characters wear oddly styled outerwear and attempt impossible engineering feats in strange environments.",,contradiction,1,5,contradiction|contradiction|contradiction|contradiction|contradiction|contradiction,40,[]
"Premise: A man painting a sign onto his food cart.
Hypothesis: Everyone is in a restaurant.","Premise: A man painting a sign onto his food cart.
Hypothesis: The man is working outside a restaurant, painting a sign for his food cart.",,contradiction,2,0,neutral,24,[]
"Premise: People are coming down a movable staircase built through a tunnel, which has three of those staircases.
Hypothesis: Workers are returning from inspection.","Premise: People are coming down a movable staircase built through a tunnel, which has three of those staircases.
Hypothesis: A local bakery is preparing a special order for a weekend festival.",,contradiction,1,5,contradiction|contradiction|contradiction|contradiction|contradiction|contradiction,34,[5]
"Premise: Asian individuals are taking pictures of some unidentified thing.
Hypothesis: Asians take pictures.","Premise: Asian individuals are taking pictures of some unidentified thing.
Hypothesis: Asians do not take pictures of anything ever.",,neutral,0,1,neutral|entailment,22,[]
"Premise: The man wearing blue jean shorts is grilling.
Hypothesis: The man is making hot dogs and hamburgers.","Premise: The man wearing blue jean shorts is grilling.
Hypothesis: The man is grilling, but it's unclear what specific food he is preparing.",,contradiction,1,1,contradiction|neutral,28,[]
"Premise: A man with brown pants and boots moving a tent.
Hypothesis: A guy is transporting a tent.","Premise: A man with brown pants and boots moving a tent.
Hypothesis: A guy is not transporting a tent; instead, he is setting it up in a field, wearing a bright red jacket and sneakers, and there is no sign of any movement or wagon involved.",,neutral,0,3,neutral|neutral|neutral|entailment,26,[]
"Premise: Men sitting on the side of a brick road.
Hypothesis: me are sitting on the side of a road","Premise: Men sitting on the side of a brick road.
Hypothesis: We are standing in the middle of a dirt field, not sitting on the side of a road.",,neutral,0,1,neutral|entailment,27,[]
"Premise: A woman is walking with a full shopping cart away from a Trader Joe's.
Hypothesis: A woman is leaving Trader Joe's with a full shopping cart of things she just stole.","Premise: A woman is walking with a full shopping cart away from a Trader Joe's.
Hypothesis: A woman is leaving Trader Joe's with a full shopping cart of items she bought, while a group of cyclists is riding by on bikes with no helmets.",,contradiction,1,2,contradiction|contradiction|neutral,42,[]
"Premise: A large black and white dog is licking a smaller white and black dog who is growling.
Hypothesis: The dog is happy","Premise: A large black and white dog is licking a smaller white and black dog who is growling.
Hypothesis: A cat is playing with a ball of yarn nearby.",,contradiction,2,5,contradiction|contradiction|contradiction|contradiction|contradiction|contradiction,31,"[2, 3, 4, 5]"
"Premise: An old gray-haired man with glasses in a gray t-shirt is working on a sculpture.
Hypothesis: The man is 100 years old","Premise: An old gray-haired man with glasses in a gray t-shirt is working on a sculpture.
Hypothesis: The man is wearing a watch that was made in Germany.",,contradiction,1,5,contradiction|contradiction|contradiction|contradiction|contradiction|contradiction,35,"[1, 2, 3, 4, 5]"
"Premise: a climber wearing a red headband is pulling himself up some gray rocks high above some green foliage.
Hypothesis: A woman climber attempts to pull herself up","Premise: a climber wearing a red headband is pulling himself up some gray rocks high above some green foliage.
Hypothesis: A woman at the gym is lifting weights and listening to a podcast about history.",,contradiction,2,5,contradiction|contradiction|contradiction|contradiction|contradiction|contradiction,38,[]
"Premise: A young woman talks on the phone and carries her bags while walking past some hats on display.
Hypothesis: A woman is walking through her bedroom.","Premise: A young woman talks on the phone and carries her bags while walking past some hats on display.
Hypothesis: A man is reading a book about history in a quiet café.",,contradiction,2,5,contradiction|contradiction|contradiction|contradiction|contradiction|contradiction,35,"[2, 3, 4, 5]"
"Premise: A woman is sitting in a chair, while a man is going through the sport utility vehicle.
Hypothesis: a girl is sitting","Premise: A woman is sitting in a chair, while a man is going through the sport utility vehicle.
Hypothesis: no women are sitting",,neutral,0,1,neutral|entailment,31,[]
"Premise: An artist replicating another artist's work and a man looking at the original art.
Hypothesis: A painter works on a copy of a Rembrandt.","Premise: An artist replicating another artist's work and a man looking at the original art.
Hypothesis: A chef prepares a dish inspired by a family recipe, while reading a book about modern art techniques.",,contradiction,1,5,contradiction|contradiction|contradiction|contradiction|contradiction|contradiction,37,"[3, 5]"
"Premise: A woman wearing a bright orange blouse is weaving.
Hypothesis: A woman is wearing a bright orange blouse and a green hat.","Premise: A woman wearing a bright orange blouse is weaving.
Hypothesis: A man is reading a book about weaving techniques.",,contradiction,1,0,neutral,31,[]
"Premise: A man and a woman running in the street.
Hypothesis: The man and woman are outdoors.","Premise: A man and a woman running in the street.
Hypothesis: The man and woman are indoors.",,neutral,0,0,entailment,25,[]
"Premise: A man on stage in the act of jumping, with a little boy in the background really enjoying it.
Hypothesis: A boy happily watches an acrobat jumping on a stage.","Premise: A man on stage in the act of jumping, with a little boy in the background really enjoying it.
Hypothesis: A boy is watching an acrobat sitting motionless offstage, clearly bored and unimpressed.",,neutral,1,5,neutral|neutral|neutral|neutral|neutral|neutral,41,"[3, 4, 5]"
"Premise: A man in an Alaska sweatshirt stands behind a counter.
Hypothesis: The person behind the counter is a man.","Premise: A man in an Alaska sweatshirt stands behind a counter.
Hypothesis: The person behind the counter is a woman wearing a Texas shirt.",,neutral,0,1,neutral|contradiction,29,[]
"Premise: A rocker standing with one foot on the stage holding the microphone attached to the stand over his head.
Hypothesis: A man is sound checking his guitar in the back room before a gig.","Premise: A rocker standing with one foot on the stage holding the microphone attached to the stand over his head.
Hypothesis: A woman is reading a book about jazz history at a café downtown while listening to a playlist on her phone.",,contradiction,2,5,contradiction|contradiction|contradiction|contradiction|contradiction|contradiction,43,"[3, 5]"
"Premise: Two girls walking, both with a white shirt and blue shorts on.
Hypothesis: Two girls are walking together.","Premise: Two girls walking, both with a white shirt and blue shorts on.
Hypothesis: Two boys are walking together.",,neutral,0,0,entailment,28,[]
"Premise: An old woman and a young man examine their bingo cards.
Hypothesis: A woman and man are checking their bingo cards to see if they won","Premise: An old woman and a young man examine their bingo cards.
Hypothesis: A woman and man are checking their bingo cards to see if they lost",,neutral,1,0,contradiction,34,[]
"Premise: Two adult men in black t-shirt and loud tunics hold smoking torches in preparation for an act of entertainment or celebration in a forested environment.
Hypothesis: Two street performers juggle flaming torches.","Premise: Two adult men in black t-shirt and loud tunics hold smoking torches in preparation for an act of entertainment or celebration in a forested environment.
Hypothesis: Two street performers juggle non-flaming torches in a completely controlled indoor arena, far away from any forested environment, and are not wearing black t-shirts or loud tunics.",,neutral,-1,5,neutral|neutral|neutral|neutral|neutral|neutral,47,"[1, 3]"
"Premise: A little boy in flannel pajama pants and an orange shirt is playing the guitar on the couch.
Hypothesis: The child practices guitar indoors","Premise: A little boy in flannel pajama pants and an orange shirt is playing the guitar on the couch.
Hypothesis: The chef tastes the soup carefully before serving it to the dinner guests.",,contradiction,0,5,contradiction|contradiction|contradiction|contradiction|contradiction|contradiction,34,"[2, 3, 5]"
"Premise: A group of men and boys look upwards at something.
Hypothesis: A snake eating a mouse.","Premise: A group of men and boys look upwards at something.
Hypothesis: A snake eating a mouse above the heads of a group of men and boys.",,contradiction,2,0,entailment,25,[]
"Premise: A bearded man jumps in the snow with the ocean in the background and an orange, recumbent bike parked near a road sign.
Hypothesis: A human jumping.","Premise: A bearded man jumps in the snow with the ocean in the background and an orange, recumbent bike parked near a road sign.
Hypothesis: A human is sitting still on an orange, recumbent bike far from the snow and ocean, and insists that no one is jumping at all.",,neutral,0,5,neutral|neutral|neutral|neutral|neutral|neutral,40,[5]
"Premise: A wet child stands in chest deep ocean water.
Hypothesis: The child s playing on the beach.","Premise: A wet child stands in chest deep ocean water.
Hypothesis: The child is wearing a colorful swimsuit and reading a book about dinosaurs.",,contradiction,0,5,contradiction|contradiction|contradiction|contradiction|contradiction|contradiction,26,"[2, 3, 4, 5]"
"Premise: A little boy with an orange backpack walks under a tree through the woods.
Hypothesis: A boy walks to school through the woods.","Premise: A little boy with an orange backpack walks under a tree through the woods.
Hypothesis: A little boy with an orange backpack walks through the woods.",,contradiction,1,5,contradiction|contradiction|contradiction|contradiction|contradiction|contradiction,32,[]
"Premise: A rugby player swings his leg back to punt the ball.
Hypothesis: The rugby player is tall.","Premise: A rugby player swings his leg back to punt the ball.
Hypothesis: A baker is making a chocolate cake in the kitchen.",,contradiction,1,5,contradiction|contradiction|contradiction|contradiction|contradiction|contradiction,26,"[1, 3, 4, 5]"
"Premise: A woman is taking a picture on the shoulders of another woman in cold weather.
Hypothesis: A woman is taking a picture in cold weather.","Premise: A woman is taking a picture on the shoulders of another woman in cold weather.
Hypothesis: A man is taking a picture in cold weather.",,neutral,0,0,entailment,34,[]
"Premise: A woman in a blue jacket dragging a child on a sled through the snow.
Hypothesis: There is a child on a sled.","Premise: A woman in a blue jacket dragging a child on a sled through the snow.
Hypothesis: There is no child on a sled.",,neutral,0,0,contradiction,32,[]
"Premise: A young girl jumps off her swing in front of building.
Hypothesis: a boy drinks coffee","Premise: A young girl jumps off her swing in front of building.
Hypothesis: A young girl is playing on a swing in front of a building.",,contradiction,2,0,neutral,24,[]
"Premise: Three girls jumping in front of a house's flower garden.
Hypothesis: The girls are having fun","Premise: Three girls jumping in front of a house's flower garden.
Hypothesis: A baker is making bread in a nearby kitchen.",,contradiction,-1,5,contradiction|contradiction|contradiction|contradiction|contradiction|contradiction,25,"[1, 2, 3, 4, 5]"
"Premise: A dog is on the beach near a ball.
Hypothesis: A dog is on the beach.","Premise: A dog is on the beach near a ball.
Hypothesis: A dog is not on the beach and is instead swimming in the ocean far from any shore or ball.",,neutral,0,2,neutral|neutral|entailment,25,[]
"Premise: A lab dog is standing on a fallen tree trunk with a guy in the background.
Hypothesis: there is a guy carrying his pet with him near fallen tree","Premise: A lab dog is standing on a fallen tree trunk with a guy in the background.
Hypothesis: there is a guy reading a book by a picnic table near a park",,contradiction,2,5,contradiction|contradiction|contradiction|contradiction|contradiction|contradiction,37,"[2, 3]"
"Premise: A man in a black shirt is about to cross the road while on his cellphone, another man is laying on the ground while a lady in the background watches.
Hypothesis: A child is upset and crying on the ground.","Premise: A man in a black shirt is about to cross the road while on his cellphone, another man is laying on the ground while a lady in the background watches.
Hypothesis: A group of children is playing soccer in a nearby park.",,contradiction,2,5,contradiction|contradiction|contradiction|contradiction|contradiction|contradiction,50,"[1, 2, 4]"
"Premise: A female bicyclist wearing black, and having four number 9's printed on her limbs on a bike.
Hypothesis: A woman riding a bike.","Premise: A female bicyclist wearing black, and having four number 9's printed on her limbs on a bike.
Hypothesis: A man riding a bike with no numbers printed on his limbs, while wearing bright red clothing and claiming it is the year 2029.",,neutral,0,5,neutral|neutral|neutral|neutral|neutral|neutral,36,"[2, 5]"
"Premise: A woman plays guitar for tips.
Hypothesis: music can be learn by litsen","Premise: A woman plays guitar for tips.
Hypothesis: A cook prepares meals at a food truck nearby.",,contradiction,2,5,contradiction|contradiction|contradiction|contradiction|contradiction|contradiction,23,"[1, 2, 3, 4, 5]"
"Premise: Two girls holding bags walking down the sidewalk.
Hypothesis: Two females are holding sacks.","Premise: Two girls holding bags walking down the sidewalk.
Hypothesis: Two males are holding sacks.",,neutral,0,0,entailment,23,[]
"Premise: A small dog looking up to his loving owner.
Hypothesis: Some people are shopping.","Premise: A small dog looking up to his loving owner.
Hypothesis: A group of hikers is preparing lunch near a mountain trail.",,contradiction,2,5,contradiction|contradiction|contradiction|contradiction|contradiction|contradiction,23,"[2, 3, 5]"
"Premise: a ballerina striking a pose in the studio.
Hypothesis: The ballerina is wearing pink.","Premise: a ballerina striking a pose in the studio.
Hypothesis: The ballerina is wearing a full black unitard with no pink anywhere.",,neutral,1,5,neutral|neutral|neutral|neutral|neutral|neutral,27,"[1, 2, 3, 4, 5]"
"Premise: a small brown and white dog swimming through the pool next to a man.
Hypothesis: A man teaches his puppy how to swim.","Premise: a small brown and white dog swimming through the pool next to a man.
Hypothesis: A man is watching as his small brown and white puppy practices swimming in the pool, with the puppy swimming through the water beside him.",,contradiction,0,5,contradiction|contradiction|contradiction|contradiction|contradiction|contradiction,32,[]
"Premise: Two girls playing basketball.
Hypothesis: The girl threw the basketball.","Premise: Two girls playing basketball.
Hypothesis: The girl threw the baseball.",,neutral,1,0,contradiction,19,[]
"Premise: A woman taping a paper notice to a board.
Hypothesis: A woman taping a job notice on a bulletin board.","Premise: A woman taping a paper notice to a board.
Hypothesis: A man watering plants in a community garden outside a school.",,contradiction,1,5,contradiction|contradiction|contradiction|contradiction|contradiction|contradiction,31,[1]
"Premise: a boy in a blue uniform is standing next to a boy in red and a boy in yellow and they are holding baseball gloves.
Hypothesis: Three boys hold baseball gloves.","Premise: a boy in a blue uniform is standing next to a boy in red and a boy in yellow and they are holding baseball gloves.
Hypothesis: None of the boys hold baseball gloves.",,neutral,0,0,entailment,40,[]
"Premise: Two people are sitting on a rock looking off into the distance.
Hypothesis: Two people are outdoors.","Premise: Two people are sitting on a rock looking off into the distance.
Hypothesis: Two people are indoors in a classroom.",,neutral,0,0,entailment,26,[]
"Premise: A young teenage boy in a blue and white striped coat gives a weak smile while walking with four other girls.
Hypothesis: the boy is fifteen","Premise: A young teenage boy in a blue and white striped coat gives a weak smile while walking with four other girls.
Hypothesis: the boy is a 30-year-old man",,neutral,1,1,neutral|contradiction,34,[]
"Premise: A man juggles a flaming staff in the dark.
Hypothesis: A man juggling balls.","Premise: A man juggles a flaming staff in the dark.
Hypothesis: A man is not juggling anything in the dark.",,neutral,2,0,entailment,25,[]
"Premise: Two men pouring concrete onto another truck.
Hypothesis: The men are eating lunch","Premise: Two men pouring concrete onto another truck.
Hypothesis: The men are working on a construction site and are in the middle of pouring concrete onto another truck.",,contradiction,2,1,contradiction|neutral,21,[]
"Premise: Two people climb a rock overhanging water.
Hypothesis: The two people are racing each other on the rock.","Premise: Two people climb a rock overhanging water.
Hypothesis: A group of hikers nearby are discussing the best spots for birdwatching in the area.",,contradiction,1,5,contradiction|contradiction|contradiction|contradiction|contradiction|contradiction,29,"[2, 4, 5]"
"Premise: A man and woman sitting on the sidewalk.
Hypothesis: The man and woman are sitting.","Premise: A man and woman sitting on the sidewalk.
Hypothesis: The man and woman are standing.",,neutral,0,0,entailment,24,[]
"Premise: A group of Chinese people sitting and laying down together on what appears to be a front porch.
Hypothesis: A group of African American people are eating dinner at KFC.","Premise: A group of Chinese people sitting and laying down together on what appears to be a front porch.
Hypothesis: A group of African American people are eating dinner at a crowded KFC, and the porch is completely empty, with no Chinese people present anywhere nearby.",,entailment,2,5,entailment|entailment|entailment|entailment|entailment|entailment,40,[]
"Premise: A young girl with a purple shirt and a pink hair band standing near the woods.
Hypothesis: A little girl is standing outside.","Premise: A young girl with a purple shirt and a pink hair band standing near the woods.
Hypothesis: A little girl is standing inside a crowded indoor mall.",,neutral,0,0,contradiction,32,[]
"Premise: A person throws a red toy for a dog to run for.
Hypothesis: A dog is looking for a cat.","Premise: A person throws a red toy for a dog to run for.
Hypothesis: A dog is running to fetch a red toy that a person just threw.",,contradiction,2,5,contradiction|contradiction|contradiction|contradiction|contradiction|contradiction,29,"[3, 4]"
"Premise: Two men are fixing the side of an old brick building.
Hypothesis: People fixing a building","Premise: Two men are fixing the side of an old brick building.
Hypothesis: No one is fixing a building.",,neutral,0,0,entailment,24,[]
"Premise: An Indian woman stands in an outdoor marketplace.
Hypothesis: An Indian woman visits the outdoor bazaar to buy rice.","Premise: An Indian woman stands in an outdoor marketplace.
Hypothesis: A man in a nearby café sips coffee and reads a novel.",,contradiction,1,5,contradiction|contradiction|contradiction|contradiction|contradiction|contradiction,29,"[3, 4, 5]"
"Premise: A statue at a museum that no seems to be looking at.
Hypothesis: Tons of people are gathered around the statue.","Premise: A statue at a museum that no seems to be looking at.
Hypothesis: A nearby exhibit features a display about ancient pottery techniques.",,contradiction,2,5,contradiction|contradiction|contradiction|contradiction|contradiction|contradiction,31,"[1, 2, 3, 4, 5]"
"Premise: A young boy plays with the contents of a pantry and a cash register, pretending he runs a grocery store.
Hypothesis: A boy is playing with food.","Premise: A young boy plays with the contents of a pantry and a cash register, pretending he runs a grocery store.
Hypothesis: A boy is playing with non-food items and refuses to touch anything edible.",,neutral,-1,0,contradiction,37,[]
"Premise: A child in a jeans jacket and shorts holding up a white dress as another darker-skinned child looks at it.
Hypothesis: a child holds a dress","Premise: A child in a jeans jacket and shorts holding up a white dress as another darker-skinned child looks at it.
Hypothesis: no child holds a dress",,neutral,0,0,entailment,36,[]
"Premise: A dark-haired man wearing a black and white t-shirt eats in a park surrounded by people.
Hypothesis: A man sits in the cafeteria.","Premise: A dark-haired man wearing a black and white t-shirt eats in a park surrounded by people.
Hypothesis: A man stands outside a closed cafeteria, where no food is being served, instead of eating in a park.",,entailment,2,1,entailment|contradiction,34,[]
"Premise: Two men stand in hula grass skirts stand in the back of a truck at the top of a silver ramp.
Hypothesis: The two men are wearing hula grass skirts.","Premise: Two men stand in hula grass skirts stand in the back of a truck at the top of a silver ramp.
Hypothesis: The two men are not wearing hula grass skirts.",,neutral,0,0,entailment,41,[]
"Premise: A man wearing a brown shirt and backpack is pushing a stroller while a small toddler is walking along aside him on a rain-covered street.
Hypothesis: The man's shirt is white.","Premise: A man wearing a brown shirt and backpack is pushing a stroller while a small toddler is walking along aside him on a rain-covered street.
Hypothesis: The man is carrying a cup of coffee in one hand while pushing the stroller.",,contradiction,2,0,neutral,43,[]
"Premise: A young man is playing a blue guitar.
Hypothesis: The man is playing the guitar.","Premise: A young man is playing a blue guitar.
Hypothesis: The man is not playing the guitar but is instead sleeping on the couch.",,neutral,0,1,neutral|contradiction,24,[]
"Premise: Five people standing on a stage, getting ready to perform, who are unrecognizable due to the lack of lighting.
Hypothesis: In a dim room, several actors who can barely see each other, are getting ready to act.","Premise: Five people standing on a stage, getting ready to perform, who are unrecognizable due to the lack of lighting.
Hypothesis: In a brightly lit stadium, five well-known celebrities are rehearsing for a daytime concert, confidently waving to the bright cameras and audience.",,neutral,0,1,neutral|contradiction,52,[]
"Premise: A man in a black jacket standing beside a green mailbox thoroughly soiled by a group of pigeons that are nearby.
Hypothesis: A man is feeding the birds by a blue mailbox","Premise: A man in a black jacket standing beside a green mailbox thoroughly soiled by a group of pigeons that are nearby.
Hypothesis: A woman is reading a book about astronomy while waiting for her coffee at a café across the street.",,contradiction,-1,5,contradiction|contradiction|contradiction|contradiction|contradiction|contradiction,42,"[3, 4, 5]"
"Premise: A small child dressed for winter stares across a lake while leaning on a mesh fence in a scenic park setting.
Hypothesis: A small child dressed for winter stares across a floating lake while leaning on a mesh fence","Premise: A small child dressed for winter stares across a lake while leaning on a mesh fence in a scenic park setting.
Hypothesis: A small child dressed for winter stares across a dry, frozen lake while leaning on a wooden fence in the middle of a busy city street.",,neutral,0,1,neutral|contradiction,47,[]
"Premise: Workers wearing orange vests stand near rail tracks.
Hypothesis: Workers wearing orange are about to repair rail tracks.","Premise: Workers wearing orange vests stand near rail tracks.
Hypothesis: Workers wearing orange are not near any rail tracks and are instead working in an office.",,neutral,1,0,contradiction,27,[]
"Premise: A kid slides down a yellow slide into a swimming pool.
Hypothesis: The kid is playing at the waterpark.","Premise: A kid slides down a yellow slide into a swimming pool.
Hypothesis: The baker is preparing a chocolate cake for a customer's birthday order at the local café.",,contradiction,1,5,contradiction|contradiction|contradiction|contradiction|contradiction|contradiction,29,[2]
"Premise: Bubbles surround a statue in the middle of a street.
Hypothesis: There are bubbles around the statue.","Premise: Bubbles surround a statue in the middle of a street.
Hypothesis: There are no bubbles around the statue.",,neutral,0,0,entailment,27,[]
"Premise: A man in a black shirt, in a commercial kitchen, holding up meat he took out of a bag.
Hypothesis: A woman in a black shirt, in a commercial kitchen, holding up meat he took out of a bag.","Premise: A man in a black shirt, in a commercial kitchen, holding up meat he took out of a bag.
Hypothesis: A woman in a black shirt, in a commercial kitchen, holding up meat she took out of a fridge.",,neutral,2,0,contradiction,52,[]
"Premise: A man wearing a blue shirt and headphones around his neck raises his arm.
Hypothesis: A man is raising his arm.","Premise: A man wearing a blue shirt and headphones around his neck raises his arm.
Hypothesis: A man is sitting still with his arms crossed and no headphones in sight.",,neutral,0,1,neutral|entailment,30,[]
"Premise: A man in a white striped shirt and blue jeans using a water hose to spray water on the ground of concrete ruins.Fo.
Hypothesis: A man is riding a motorcycle through a grassy field.","Premise: A man in a white striped shirt and blue jeans using a water hose to spray water on the ground of concrete ruins.Fo.
Hypothesis: A man is using a water hose to spray water on the ground near concrete ruins, wearing a white striped shirt and blue jeans.",,contradiction,2,0,neutral,46,[]
"Premise: A young boy wearing a red shirt and jeans stands in the middle of a field and throws a toy plane in the air.
Hypothesis: A young boy is playing in the field because his mother kicked him out of the house.","Premise: A young boy wearing a red shirt and jeans stands in the middle of a field and throws a toy plane in the air.
Hypothesis: A young boy is reading a book about space because he enjoys learning about planets and stars.",,contradiction,1,5,contradiction|contradiction|contradiction|contradiction|contradiction|contradiction,51,[3]
"Premise: A dog standing near snow looking at water.
Hypothesis: The dog is thinking about going to for a swim.","Premise: A dog standing near snow looking at water.
Hypothesis: The dog is thinking about going for a walk in the park later in the day while a child plays with a ball nearby.",,contradiction,1,5,contradiction|contradiction|contradiction|contradiction|contradiction|contradiction,28,"[1, 3, 4, 5]"
"Premise: A woman, standing behind a girl, helping the girl with an experiment.
Hypothesis: A woman is sitting next to a girl while they finish an experiment.","Premise: A woman, standing behind a girl, helping the girl with an experiment.
Hypothesis: A woman is sitting next to a girl while they eat lunch, and the girl is working on an experiment completely on her own without any help.",,neutral,-1,1,neutral|entailment,37,[]
"Premise: A man in purple tie is singing.
Hypothesis: A man is talking to others.","Premise: A man in purple tie is singing.
Hypothesis: A man is talking to others, and the man in the purple tie is clearly not singing—he is quietly reading a book instead.",,neutral,2,5,neutral|neutral|neutral|neutral|neutral|entailment,23,[]
"Premise: A golfer is getting ready to putt on the green, with a crowd of people watching in the background.
Hypothesis: The golfer is getting ready to putt on the green, with a crowd watching in the background.","Premise: A golfer is getting ready to putt on the green, with a crowd of people watching in the background.
Hypothesis: The golfer is getting ready to putt on the green, but the area is completely empty, as it is early morning and no one else is on the course.",,neutral,0,5,neutral|neutral|neutral|neutral|neutral|neutral,50,[]
"Premise: A man in a suit stands on a walkway with is suitcase with a large display in front of him announcing airline flights.
Hypothesis: A man is sitting on a beach in Mexico.","Premise: A man in a suit stands on a walkway with is suitcase with a large display in front of him announcing airline flights.
Hypothesis: A man is standing on a walkway holding a suitcase and viewing a large display announcing airline flights, wearing a suit, likely in an airport in Mexico.",,contradiction,2,2,contradiction|contradiction|neutral,43,[]
"Premise: A boy hits a tennis ball on a court.
Hypothesis: A boy is hitting a ball.","Premise: A boy hits a tennis ball on a court.
Hypothesis: A boy is not hitting a tennis ball at all, but instead throwing a baseball.",,neutral,0,1,neutral|entailment,25,[]
"Premise: A bearded man sits near a white van.
Hypothesis: A man waiting for someone near a white van.","Premise: A bearded man sits near a white van.
Hypothesis: A chef tastes a new recipe in a quiet kitchen.",,contradiction,1,5,contradiction|contradiction|contradiction|contradiction|contradiction|contradiction,28,"[3, 4]"
"Premise: Passengers in a rusty yellow car driving down the street.
Hypothesis: An old taxi drives on a street.","Premise: Passengers in a rusty yellow car driving down the street.
Hypothesis: An old taxi is driving on a street with passengers inside, described as a rusty yellow car.",,contradiction,1,5,contradiction|contradiction|contradiction|contradiction|contradiction|contradiction,28,[]
"Premise: a young boy using a field microscope to identify a field specimen during a field trip.
Hypothesis: The boy is on a science field trip.","Premise: a young boy using a field microscope to identify a field specimen during a field trip.
Hypothesis: The boy is at a community art fair, helping to set up painting stations for children while taking a short break from his biology class schedule.",,contradiction,1,5,contradiction|contradiction|contradiction|contradiction|contradiction|contradiction,34,[5]
"Premise: A man and two kids standing in front of an ancient building.
Hypothesis: A man is standing with his sons.","Premise: A man and two kids standing in front of an ancient building.
Hypothesis: A woman is painting a landscape at a nearby park.",,contradiction,1,5,contradiction|contradiction|contradiction|contradiction|contradiction|contradiction,29,"[2, 4, 5]"
"Premise: A child with blond-hair looking out of a screen door.
Hypothesis: A child is being held by his mother at the mall.","Premise: A child with blond-hair looking out of a screen door.
Hypothesis: A child with blond-hair is looking out of a screen door, just as described.",,contradiction,2,1,contradiction|neutral,33,[]
"Premise: Two people are running in the grass by a hill.
Hypothesis: The people are running outside.","Premise: Two people are running in the grass by a hill.
Hypothesis: The people are running inside a gym.",,neutral,0,0,contradiction,25,[]
"Premise: A golden dog bounds across the snow-covered hill.
Hypothesis: A golden dog bounds across the snow-covered land form.","Premise: A golden dog bounds across the snow-covered hill.
Hypothesis: A golden dog bounds across a completely snow-free land form.",,neutral,0,5,neutral|neutral|neutral|neutral|neutral|neutral,29,"[2, 3, 4, 5]"
"Premise: Two woman, one wearing a blue striped shirt and the other wearing a flowered shirt, are riding horses.
Hypothesis: Women are outside riding horses.","Premise: Two woman, one wearing a blue striped shirt and the other wearing a flowered shirt, are riding horses.
Hypothesis: The women are indoors riding horses in a large gymnasium with no windows, while the premise clearly states they are outside.",,neutral,0,2,neutral|neutral|entailment,36,[]
"Premise: A short-haired man is jumping while on top of a huge boulder.
Hypothesis: The man is sitting down on the rock.","Premise: A short-haired man is jumping while on top of a huge boulder.
Hypothesis: The man is sitting down on the rock, completely still and calm, which directly contradicts the action of jumping.",,entailment,2,5,entailment|entailment|entailment|entailment|entailment|entailment,32,[5]
"Premise: A man wearing a blue apron and long rubber boots is dragging a flotation device from a long row of flotation devices.
Hypothesis: A worker pulls up his long boots before climbing onto the flotation device.","Premise: A man wearing a blue apron and long rubber boots is dragging a flotation device from a long row of flotation devices.
Hypothesis: A chef is reading a recipe aloud while checking the temperature of the oven in the restaurant kitchen.",,contradiction,1,5,contradiction|contradiction|contradiction|contradiction|contradiction|contradiction,46,"[4, 5]"
"Premise: 3 people on plain boats smiling towards the camera.
Hypothesis: 3 boating people being attacked by lions.","Premise: 3 people on plain boats smiling towards the camera.
Hypothesis: 3 boating people are smiling towards the camera while on plain boats.",,contradiction,2,0,neutral,29,[]
"Premise: Bearded black dressed male performer is displaying his skill by swinging a fire line in each hand in arcs.
Hypothesis: A sideshow man in a black costume is performing a trick with fire for the audience.","Premise: Bearded black dressed male performer is displaying his skill by swinging a fire line in each hand in arcs.
Hypothesis: A librarian at a community center is organizing books for a weekend reading event.",,contradiction,0,5,contradiction|contradiction|contradiction|contradiction|contradiction|contradiction,47,"[2, 5]"
"Premise: A bald man with a white shirt and watch eating food and drinking wine.
Hypothesis: There is a bald man.","Premise: A bald man with a white shirt and watch eating food and drinking wine.
Hypothesis: There is a man with a full head of hair.",,neutral,0,1,neutral|entailment,29,[]
"Premise: A man is doing a task by a body of water on a farm.
Hypothesis: The man is doing something by the water.","Premise: A man is doing a task by a body of water on a farm.
Hypothesis: The man is doing something far away from any body of water, deep inside a desert without any signs of a farm nearby.",,neutral,0,5,neutral|neutral|neutral|neutral|neutral|neutral,32,[]
"Premise: An older women looking off into the distance with three older women walking towards her from behind.
Hypothesis: An older woman is trying to see a billboard that is far away","Premise: An older women looking off into the distance with three older women walking towards her from behind.
Hypothesis: A man nearby is reading a newspaper while sitting on a bench.",,contradiction,1,5,contradiction|contradiction|contradiction|contradiction|contradiction|contradiction,39,"[2, 4, 5]"
"Premise: Two men fixing a bicycle.
Hypothesis: Two men work on a motorcycle.","Premise: Two men fixing a bicycle.
Hypothesis: Two men work on a motorcycle, which is not a bicycle.",,entailment,2,0,neutral,21,[]
"Premise: Two belly dancers perform with each other in the streets while passersby look on and watch the display.
Hypothesis: Two dancers are making money","Premise: Two belly dancers perform with each other in the streets while passersby look on and watch the display.
Hypothesis: A nearby street vendor is arranging colorful balloons for children at a birthday party.",,contradiction,1,5,contradiction|contradiction|contradiction|contradiction|contradiction|contradiction,34,"[2, 3, 4, 5]"
"Premise: Two gondola operators sit along a road in Italy.
Hypothesis: The gondola operators are in uniform.","Premise: Two gondola operators sit along a road in Italy.
Hypothesis: The gondola operators are dressed in casual clothes, completely lacking any signs of a uniform.",,neutral,1,1,neutral|contradiction,29,[]
"Premise: Someone in a white and black polka dot outfit handing out small cartons of orange juice behind caution tape on a street.
Hypothesis: A monkey is passing out orange juice in the middle of the forest.","Premise: Someone in a white and black polka dot outfit handing out small cartons of orange juice behind caution tape on a street.
Hypothesis: A person is wearing a white and black polka dot outfit and handing out small cartons of orange juice behind caution tape on a street.",,contradiction,2,1,contradiction|neutral,47,[]
"Premise: Men wearing life vests speed across a body of water in an orange boat.
Hypothesis: The men are outside.","Premise: Men wearing life vests speed across a body of water in an orange boat.
Hypothesis: The men are inside a sealed, indoor training facility.",,neutral,0,0,contradiction,28,[]
"Premise: An old man, likely a blacksmith, is welding a tool, seen by the red hot scorching look of it.
Hypothesis: A farmer is milking the cow.","Premise: An old man, likely a blacksmith, is welding a tool, seen by the red hot scorching look of it.
Hypothesis: A child is reading a storybook at a library in a small town.",,contradiction,2,5,contradiction|contradiction|contradiction|contradiction|contradiction|contradiction,42,[]
"Premise: A squirrel stands on its hind legs in the grass at the edge of a road.
Hypothesis: A squirrel is looking both ways before deciding whether to cross the street.","Premise: A squirrel stands on its hind legs in the grass at the edge of a road.
Hypothesis: A squirrel is standing on its hind legs in the grass at the edge of the road, looking carefully in both directions, ready to cross the street.",,contradiction,-1,5,contradiction|contradiction|contradiction|contradiction|contradiction|contradiction,39,[2]
"Premise: The indian's are performing a sacred dance.
Hypothesis: The people are dancing.","Premise: The indian's are performing a sacred dance.
Hypothesis: The people are sitting silently in prayer.",,neutral,0,1,neutral|contradiction,22,[]
"Premise: A boy in red and a girl pink are walking through a low cut field.
Hypothesis: Kids are playing in the field.","Premise: A boy in red and a girl pink are walking through a low cut field.
Hypothesis: A cook is preparing a meal in the kitchen nearby.",,contradiction,1,5,contradiction|contradiction|contradiction|contradiction|contradiction|contradiction,31,"[1, 2, 3, 4, 5]"
"Premise: Men wearing painted clothes are standing in the rain.
Hypothesis: Men are getting wet with the rain.","Premise: Men wearing painted clothes are standing in the rain.
Hypothesis: Men are not getting wet at all because they are indoors, completely unaffected by the rain outside.",,neutral,0,3,neutral|neutral|neutral|entailment,26,[]
"Premise: A person dressed in a dress with flowers and a stuffed bee attached to it, is pushing a baby stroller down the street.
Hypothesis: A lady sitting on a bench in the park.","Premise: A person dressed in a dress with flowers and a stuffed bee attached to it, is pushing a baby stroller down the street.
Hypothesis: A lady dressed in a flowery dress with a stuffed bee attached, who is pushing a baby stroller, is walking down the street.",,contradiction,2,4,contradiction|contradiction|contradiction|contradiction|neutral,44,[]
"Premise: Two children re laying on a rug with some wooden bricks laid out in a square between them.
Hypothesis: Two children are playing catch at a park.","Premise: Two children re laying on a rug with some wooden bricks laid out in a square between them.
Hypothesis: Two children are playing with wooden bricks laid out on a rug between them.",,contradiction,2,0,neutral,36,[]
"Premise: A young middle eastern mother in high heels, holding her young child as he lays his head on her shoulder asleep, is gazing out the window.
Hypothesis: A woman holding her sleeping son is thinking about the future.","Premise: A young middle eastern mother in high heels, holding her young child as he lays his head on her shoulder asleep, is gazing out the window.
Hypothesis: A woman holding her sleeping son is reading a book about gardening, while a new coffee shop opens downtown.",,contradiction,1,5,contradiction|contradiction|contradiction|contradiction|contradiction|contradiction,50,"[3, 4]"
"Premise: A woman poses for a picture with a child.
Hypothesis: The woman and child take a picture together.","Premise: A woman poses for a picture with a child.
Hypothesis: The woman and child are both too busy arguing to take a picture together.",,neutral,0,5,neutral|neutral|neutral|neutral|neutral|neutral,27,"[2, 3, 4, 5]"
"Premise: A young girl chasing a duck with bread in her hands.
Hypothesis: A child is chasing an animal.","Premise: A young girl chasing a duck with bread in her hands.
Hypothesis: A man is chasing a duck with bread in his hands.",,neutral,0,0,entailment,27,[]
"Premise: A man in the bucket of a chery-picker cuts down branches using a chainsaw at the end of a long pole.
Hypothesis: A man is trimming trees.","Premise: A man in the bucket of a chery-picker cuts down branches using a chainsaw at the end of a long pole.
Hypothesis: A woman is reading a book about astronomy while waiting for her coffee at a nearby café.",,contradiction,0,5,contradiction|contradiction|contradiction|contradiction|contradiction|contradiction,39,[]
"Premise: Two adults hold either side of a boat at the edge of the water.
Hypothesis: Two people are hiking.","Premise: Two adults hold either side of a boat at the edge of the water.
Hypothesis: Two people are hiking on a trail far from any body of water.",,neutral,2,0,entailment,28,[]
"Premise: Four women competitively rollerskating around an area.
Hypothesis: four men are rollerskating.","Premise: Four women competitively rollerskating around an area.
Hypothesis: Four men are rollerskating on a closed indoor track while the women are clearly not present.",,entailment,2,2,entailment|entailment|neutral,26,[]
"Premise: A young boy in a cowboy hat rides a large horse.
Hypothesis: A boy is sleeping.","Premise: A young boy in a cowboy hat rides a large horse.
Hypothesis: A boy is riding a large horse while wearing a cowboy hat.",,contradiction,2,1,contradiction|neutral,25,[]
"Premise: Two men are standing in a boat.
Hypothesis: A few men are fishing on a boat.","Premise: Two men are standing in a boat.
Hypothesis: The two men are not on a boat at all; they are riding bicycles on a busy city street.",,neutral,1,3,neutral|neutral|neutral|entailment,25,[]
"Premise: Two young boys are playing in a fountain in a city plaza.
Hypothesis: Kids are are standing in a fountain.","Premise: Two young boys are playing in a fountain in a city plaza.
Hypothesis: Kids are sitting on a bench far away from the fountain.",,neutral,0,1,neutral|contradiction,29,[]
"Premise: Military personnel are shopping
Hypothesis: Military personnel are in the mall.","Premise: Military personnel are shopping
Hypothesis: Military personnel are not shopping; they are currently deployed overseas and have no access to civilian locations like a mall.",,neutral,1,5,neutral|neutral|neutral|neutral|neutral|neutral,20,[3]
"Premise: An older women looking off into the distance with three older women walking towards her from behind.
Hypothesis: 4 older woman are walking","Premise: An older women looking off into the distance with three older women walking towards her from behind.
Hypothesis: Only one older woman is walking, while the other three are sitting on a bench far away from the woman looking into the distance.",,neutral,0,4,neutral|neutral|neutral|neutral|entailment,32,[]
"Premise: A man wearing a wife-beater sings into a microphone as a blue light shines on him.
Hypothesis: A naked man drinks a soda in the dark.","Premise: A man wearing a wife-beater sings into a microphone as a blue light shines on him.
Hypothesis: A woman in a red coat is reading a book by the window while listening to music on her headphones.",,contradiction,2,5,contradiction|contradiction|contradiction|contradiction|contradiction|contradiction,37,"[1, 2, 3, 4, 5]"
"Premise: A lady is helping another woman work in a silver compartment, which is most likely related to nurse-work.
Hypothesis: A lady is sleeping on a couch","Premise: A lady is helping another woman work in a silver compartment, which is most likely related to nurse-work.
Hypothesis: A man is organizing books at a library desk.",,contradiction,2,5,contradiction|contradiction|contradiction|contradiction|contradiction|contradiction,36,[]
"Premise: Men sitting at a table in a church.
Hypothesis: The men pray at the alters.","Premise: Men sitting at a table in a church.
Hypothesis: A group of coworkers at a nearby café are discussing their plans for a weekend hiking trip.",,contradiction,2,5,contradiction|contradiction|contradiction|contradiction|contradiction|contradiction,24,"[1, 4]"
"Premise: A young girl with a white long-sleeved shirt on helps a young boy brown long-sleeved shirt on with tying his shoelaces.
Hypothesis: A girl helps a boy tie his shoes","Premise: A young girl with a white long-sleeved shirt on helps a young boy brown long-sleeved shirt on with tying his shoelaces.
Hypothesis: A boy helps a girl tie her shoes, and she praises him for his assistance.",,neutral,0,2,neutral|neutral|contradiction,46,[]
"Premise: A dark-skinned person, crouched while painting a sign.
Hypothesis: A black man is painting a protest sign.","Premise: A dark-skinned person, crouched while painting a sign.
Hypothesis: A white woman is painting a protest sign.",,neutral,1,0,contradiction,31,[]
"Premise: Six men in airport standing on moving walkway
Hypothesis: There is a group of people at the airport.","Premise: Six men in airport standing on moving walkway
Hypothesis: There is no one at the airport, and all the walkways are turned off.",,neutral,0,3,neutral|neutral|neutral|contradiction,28,"[1, 2]"
"Premise: A young man with glasses and his companion are attempting to do laundry in a public place.
Hypothesis: A tall person with glasses","Premise: A young man with glasses and his companion are attempting to do laundry in a public place.
Hypothesis: A tall person with glasses is discussing a new smartphone at a technology expo.",,contradiction,1,5,contradiction|contradiction|contradiction|contradiction|contradiction|contradiction,31,[]
"Premise: Man on phone in business suit walking down a busy street.
Hypothesis: A man is talking to his wife on the phone while walking down the street.","Premise: Man on phone in business suit walking down a busy street.
Hypothesis: A woman is reading a book while waiting at the bus stop.",,contradiction,1,5,contradiction|contradiction|contradiction|contradiction|contradiction|contradiction,36,"[1, 2, 3, 4, 5]"
"Premise: A person is walking a bicycle down a city street.
Hypothesis: The bike has a flat tire.","Premise: A person is walking a bicycle down a city street.
Hypothesis: A nearby vendor is arranging colorful fruit displays on a cart while a person in the background reads a newspaper.",,contradiction,1,5,contradiction|contradiction|contradiction|contradiction|contradiction|contradiction,26,[]
"Premise: An older woman is holding a small child.
Hypothesis: a woman holding a child","Premise: An older woman is holding a small child.
Hypothesis: a man holding a child instead of a woman",,neutral,0,1,neutral|entailment,22,[]
"Premise: A woman plays guitar for tips.
Hypothesis: there is no way one can learn music","Premise: A woman plays guitar for tips.
Hypothesis: A chef is experimenting with a new recipe using exotic spices from Southeast Asia.",,contradiction,2,5,contradiction|contradiction|contradiction|contradiction|contradiction|contradiction,23,"[1, 2, 3, 4, 5]"
"Premise: A man and a woman sitting down laughing.
Hypothesis: The man and woman are mad at each other.","Premise: A man and a woman sitting down laughing.
Hypothesis: The man and woman are yelling at each other in frustration, showing no signs of laughter or amusement.",,neutral,2,2,neutral|neutral|entailment,27,[]
"Premise: Family sitting down in a field of grass while others walk by.
Hypothesis: No one is sitting in the field of grass.","Premise: Family sitting down in a field of grass while others walk by.
Hypothesis: The family is not sitting in a field of grass but rather standing in a desert landscape with no vegetation in sight.",,entailment,2,1,entailment|neutral,31,[]
"Premise: A man and woman look through CD's at a street vendor.
Hypothesis: A man and women taking a break","Premise: A man and woman look through CD's at a street vendor.
Hypothesis: A man and a woman are not looking at CDs but are instead rushing to catch a bus.",,neutral,1,0,entailment,28,[]
"Premise: A woman swings on a rope overlooking a red farmhouse and gated pastures and tall trees.
Hypothesis: the woman cooked a apple pie","Premise: A woman swings on a rope overlooking a red farmhouse and gated pastures and tall trees.
Hypothesis: The woman swinging on a rope overlooking a red farmhouse and gated pastures and tall trees has just finished baking an apple pie in the farmhouse kitchen.",,contradiction,2,5,contradiction|contradiction|contradiction|contradiction|contradiction|contradiction,32,[]
"Premise: A lady digs through a garbage can looking to add to the shopping cart beside her.
Hypothesis: Lady is searching for food in garbage","Premise: A lady digs through a garbage can looking to add to the shopping cart beside her.
Hypothesis: A man is reading a cookbook at a nearby park bench.",,contradiction,1,5,contradiction|contradiction|contradiction|contradiction|contradiction|contradiction,32,"[3, 4, 5]"
"Premise: A wet black lab with a red collar is standing in the water.
Hypothesis: A wet dog is outside.","Premise: A wet black lab with a red collar is standing in the water.
Hypothesis: A dry dog is inside.",,neutral,0,0,entailment,28,[]
"Premise: A crowd of people is looking at something outside of a Gap store.
Hypothesis: People are looking outside","Premise: A crowd of people is looking at something outside of a Gap store.
Hypothesis: A street performer is juggling near the entrance of a bookstore several blocks away.",,contradiction,0,5,contradiction|contradiction|contradiction|contradiction|contradiction|contradiction,26,"[4, 5]"
"Premise: A older man with gray hair wearing a gray suit next to a green and yellow taxi.
Hypothesis: A older woman sits in a green and yellow taxi.","Premise: A older man with gray hair wearing a gray suit next to a green and yellow taxi.
Hypothesis: An older woman with gray hair is sitting in a green and yellow taxi, next to an older man wearing a gray suit.",,contradiction,2,0,neutral,37,[]
"Premise: people are standing near water with a boat heading their direction
Hypothesis: People are standing near water with a large blue boat heading their direction.","Premise: people are standing near water with a boat heading their direction
Hypothesis: People are standing near water with a small white boat heading their direction, while a chef on the shore prepares a seafood meal.",,contradiction,1,1,contradiction|neutral,34,[]
"Premise: Five boys in blue shirts drawing at a table.
Hypothesis: The boys are wearing red shirts.","Premise: Five boys in blue shirts drawing at a table.
Hypothesis: The boys are wearing red shirts and there are no blue shirts in sight.",,entailment,2,5,entailment|entailment|entailment|entailment|entailment|entailment,25,[]
"Premise: A man in glasses and an orange shirt is sitting outside next to a table with drinks on it.
Hypothesis: A woman sits on a table","Premise: A man in glasses and an orange shirt is sitting outside next to a table with drinks on it.
Hypothesis: A woman is browsing books at a store nearby.",,contradiction,2,5,contradiction|contradiction|contradiction|contradiction|contradiction|contradiction,34,"[1, 2, 3, 4, 5]"
"Premise: An elderly man talking to a young boy by a table of produce.
Hypothesis: the boy was listening","Premise: An elderly man talking to a young boy by a table of produce.
Hypothesis: the boy was practicing his spelling words on a notepad in another room",,contradiction,1,5,contradiction|contradiction|contradiction|contradiction|contradiction|contradiction,26,"[3, 4, 5]"
"Premise: A man takes a drink in the doorway of a home.
Hypothesis: A man is looking out onto his front lawn from the doorway of his home.","Premise: A man takes a drink in the doorway of a home.
Hypothesis: A woman is reading a book in a café across the street from the home.",,contradiction,1,2,contradiction|contradiction|entailment,36,[]
"Premise: Two dogs run together near the leaves.
Hypothesis: The two dogs are running to play in the leaves.","Premise: Two dogs run together near the leaves.
Hypothesis: The two dogs are barking at a distant sound while a group of birds flies overhead.",,contradiction,1,5,contradiction|contradiction|contradiction|contradiction|contradiction|contradiction,27,"[2, 3, 4, 5]"
"Premise: Man jumping over a rusty fence on a blue bicycle.
Hypothesis: The man attending a meeting in his office.","Premise: Man jumping over a rusty fence on a blue bicycle.
Hypothesis: The man is on his way to an important office meeting, and as part of his rushed commute, he is seen jumping over a rusty fence on a blue bicycle, exactly as described in the premise.",,contradiction,2,5,contradiction|contradiction|contradiction|contradiction|contradiction|contradiction,28,[]
"Premise: A man is sitting on the floor and is surrounded by pictures.
Hypothesis: A man sitting on the floor with photographs around him.","Premise: A man is sitting on the floor and is surrounded by pictures.
Hypothesis: A man standing on a chair with no pictures in sight.",,neutral,0,0,entailment,32,[]
"Premise: A man with no shirt on is holding a football.
Hypothesis: A man rolls on the ground on fire.","Premise: A man with no shirt on is holding a football.
Hypothesis: A man is fully clothed and sitting on a bench.",,entailment,2,0,contradiction,28,[]
"Premise: Fireworks light up the night as a man stands on stage.
Hypothesis: The fireworks were shot into the sky.","Premise: Fireworks light up the night as a man stands on stage.
Hypothesis: The fireworks were not shot into the sky at all; instead, the man on stage used a flashlight to mimic their glow.",,neutral,0,2,neutral|neutral|contradiction,29,[]
"Premise: A woman teaching a ballet class composed of small children holding colourful scarves.
Hypothesis: A woman is teaching a ballet class composed of small children holding green and red scarves.","Premise: A woman teaching a ballet class composed of small children holding colourful scarves.
Hypothesis: A woman is teaching a ballet class composed of small children holding only black and white scarves, with no other colors present.",,neutral,1,5,neutral|neutral|neutral|neutral|neutral|neutral,41,[]
"Premise: A group of adults stands in the bathroom looking down a small child in the bath.
Hypothesis: The child is sleeping.","Premise: A group of adults stands in the bathroom looking down a small child in the bath.
Hypothesis: The child is not in the bath and is instead sleeping in a crib.",,neutral,2,0,contradiction,30,[]
"Premise: A smiling woman and man are seated in front of a microphone in a music studio.
Hypothesis: the woman is happy.","Premise: A smiling woman and man are seated in front of a microphone in a music studio.
Hypothesis: The man is adjusting the sound equipment for a video shoot happening next door.",,contradiction,1,5,contradiction|contradiction|contradiction|contradiction|contradiction|contradiction,30,"[1, 2, 3, 4, 5]"
"Premise: Two workers, one in a ditch and one standing on the ground, are working in front of a house.
Hypothesis: The workers are working infront of the house","Premise: Two workers, one in a ditch and one standing on the ground, are working in front of a house.
Hypothesis: The workers are working inside the house",,neutral,0,0,contradiction,39,[]
"Premise: Young boy smiles at the camera from the tire swing.
Hypothesis: He is barefoot.","Premise: Young boy smiles at the camera from the tire swing.
Hypothesis: He is wearing heavy boots and scowling at the camera.",,neutral,1,0,contradiction,24,[]
"Premise: A woman in a green suit walking towards an escalator.
Hypothesis: A woman is walking to the escalator at a sporting event.","Premise: A woman in a green suit walking towards an escalator.
Hypothesis: A man is reading a book at a coffee shop near the mall.",,contradiction,1,5,contradiction|contradiction|contradiction|contradiction|contradiction|contradiction,33,"[1, 2, 3, 4, 5]"
"Premise: Three people are outside.
Hypothesis: Three people enjoying the great outdoors.","Premise: Three people are outside.
Hypothesis: Three people are indoors and not enjoying the outdoors at all.",,neutral,1,1,neutral|entailment,20,[]
"Premise: A soldier using binoculars in a desert.
Hypothesis: A soldier using binoculars outside in the heat.","Premise: A soldier using binoculars in a desert.
Hypothesis: A soldier using binoculars outside in the heat, while a train conductor checks the schedule at a remote station.",,contradiction,0,5,contradiction|contradiction|contradiction|contradiction|contradiction|contradiction,29,[]
"Premise: Three bridesmaids in blue dresses hold the train of a bride's wedding dress.
Hypothesis: The bridesmaids are assisting the bride.","Premise: Three bridesmaids in blue dresses hold the train of a bride's wedding dress.
Hypothesis: The bridesmaids are ignoring the bride and refusing to assist with her wedding dress.",,neutral,0,0,contradiction,32,[]
"Premise: A man in colorful shorts is surfing under a wave.
Hypothesis: A man is sunbathing.","Premise: A man in colorful shorts is surfing under a wave.
Hypothesis: A woman is discussing politics on a park bench.",,contradiction,2,5,contradiction|contradiction|contradiction|contradiction|contradiction|contradiction,26,"[1, 2, 3, 4]"
"Premise: The cyclist rides on a wooded path.
Hypothesis: The cyclist rides quickly alone on a wooded path","Premise: The cyclist rides on a wooded path.
Hypothesis: A baker prepares a fresh batch of bread at a local shop downtown, while it is raining lightly in another part of the city. The cyclist continues riding on a wooded path nearby.",,contradiction,1,5,contradiction|contradiction|contradiction|contradiction|contradiction|contradiction,25,[]
"Premise: A boy wearing jeans, standing on rocks in a river and throwing a stone.
Hypothesis: A boy with no shirt on throws rocks.","Premise: A boy wearing jeans, standing on rocks in a river and throwing a stone.
Hypothesis: A boy wearing a shirt and sitting on a park bench throws paper instead of rocks.",,neutral,1,1,neutral|contradiction,33,[]
"Premise: A man in a suit cheering in a library in front of children.
Hypothesis: A lawyer is encouraging some children at a contest.","Premise: A man in a suit cheering in a library in front of children.
Hypothesis: A lawyer is currently in a courtroom, passionately arguing a case in front of a jury, and not in a library with children.",,entailment,1,2,entailment|entailment|neutral,32,[]
"Premise: A female runner dressed in blue athletic wear is running in a competition, while spectators line the street.
Hypothesis: There are children in the streets.","Premise: A female runner dressed in blue athletic wear is running in a competition, while spectators line the street.
Hypothesis: There are no spectators in the streets.",,neutral,2,0,entailment,35,[]
"Premise: a green and white trolley car with an advertisement of coffee on the side and front of it in a city.
Hypothesis: A taxi cab with two women in the backseat talking on their cellphones.","Premise: a green and white trolley car with an advertisement of coffee on the side and front of it in a city.
Hypothesis: A taxi cab is parked nearby as a green and white trolley car with an advertisement of coffee on its side and front moves along the street in the city.",,contradiction,2,5,contradiction|contradiction|contradiction|contradiction|contradiction|contradiction,47,[]
"Premise: Two men stand in the road, it almost appears to be some sort of movie set on a sunny day in California.
Hypothesis: Everybody is sitting","Premise: Two men stand in the road, it almost appears to be some sort of movie set on a sunny day in California.
Hypothesis: A local bakery is offering a new line of organic pastries this weekend.",,contradiction,2,5,contradiction|contradiction|contradiction|contradiction|contradiction|contradiction,35,"[3, 5]"
"Premise: A woman in red blouse is standing with small blond child in front of a small folding chalkboard.
Hypothesis: a woman stands with her child","Premise: A woman in red blouse is standing with small blond child in front of a small folding chalkboard.
Hypothesis: A woman stands with her child near a bookstore, where she is browsing cookbooks while waiting for a friend to arrive.",,contradiction,1,5,contradiction|contradiction|contradiction|contradiction|contradiction|contradiction,34,"[3, 4, 5]"
"Premise: Six women wait to use a port-o-john in a field.
Hypothesis: Friends are meeting for coffee.","Premise: Six women wait to use a port-o-john in a field.
Hypothesis: A group of students reviews notes for an upcoming history exam in a library while listening to classical music.",,contradiction,2,5,contradiction|contradiction|contradiction|contradiction|contradiction|contradiction,28,[]
"Premise: While one man, in the white cap, is golfing, three other men are in the middle of a conversation.
Hypothesis: Four guys go bowling at the lanes.","Premise: While one man, in the white cap, is golfing, three other men are in the middle of a conversation.
Hypothesis: Four guys enjoy a quiet afternoon at the local coffee shop discussing their weekend plans, while a group of women nearby review their recent hiking trip in the mountains.",,contradiction,2,5,contradiction|contradiction|contradiction|contradiction|contradiction|contradiction,40,[]
"Premise: Two dogs are running next to each other on a grassy hill.
Hypothesis: The dogs are eating their food indoors.","Premise: Two dogs are running next to each other on a grassy hill.
Hypothesis: The dogs are eating their food indoors while sitting on a hardwood floor, which directly contradicts the premise that they are running outside on a grassy hill.",,entailment,2,5,entailment|entailment|entailment|entailment|entailment|entailment,30,[5]
"Premise: Two men stand on stairs with an assortment of chairs and a woven basket in the foreground.
Hypothesis: The basket is woven.","Premise: Two men stand on stairs with an assortment of chairs and a woven basket in the foreground.
Hypothesis: The basket is made of metal and not woven.",,neutral,0,0,entailment,31,[]
"Premise: A child doing gymnastics
Hypothesis: The child is eating lunch at the park.","Premise: A child doing gymnastics
Hypothesis: A teenager is volunteering at an animal shelter on a rainy afternoon.",,contradiction,2,2,contradiction|contradiction|neutral,23,[]
"Premise: A man drops something, reaching for it while a woman in a beige blazer discusses an important topic.
Hypothesis: A man brushes his teeth in front of a mirror.","Premise: A man drops something, reaching for it while a woman in a beige blazer discusses an important topic.
Hypothesis: A woman at a café orders a latte and reads the newspaper while planning her next trip abroad.",,contradiction,2,5,contradiction|contradiction|contradiction|contradiction|contradiction|contradiction,40,"[3, 5]"
"Premise: A woman in a spaghetti strap tank wearing a flower in her hair is staring towards the right.
Hypothesis: The woman is sleeping on a pillow.","Premise: A woman in a spaghetti strap tank wearing a flower in her hair is staring towards the right.
Hypothesis: A man at a park is feeding birds near a pond.",,contradiction,2,5,contradiction|contradiction|contradiction|contradiction|contradiction|contradiction,35,[3]
"Premise: A man holds two children in his arms.
Hypothesis: A man poses for a photograph with his two grandchildren.","Premise: A man holds two children in his arms.
Hypothesis: A woman at a park feeds birds while listening to music on her headphones.",,contradiction,1,5,contradiction|contradiction|contradiction|contradiction|contradiction|contradiction,28,[]
"Premise: Three workers, with life vests and hard hats, on a boat hanging from cables over water.
Hypothesis: Three people are on a boat.","Premise: Three workers, with life vests and hard hats, on a boat hanging from cables over water.
Hypothesis: Three people are on land preparing to launch a helicopter.",,neutral,0,1,neutral|contradiction,34,[]
"Premise: A man playing the guitar while smoking a cigarette.
Hypothesis: The man is also playing the drums","Premise: A man playing the guitar while smoking a cigarette.
Hypothesis: The man is playing the guitar and the drums at the same time.",,contradiction,2,0,entailment,25,[]
"Premise: A older man with gray hair wearing a gray suit next to a green and yellow taxi.
Hypothesis: A older man with gray hair wearing a gray suit.","Premise: A older man with gray hair wearing a gray suit next to a green and yellow taxi.
Hypothesis: A younger woman is reading a book at a café across the street from a green and yellow taxi.",,contradiction,0,5,contradiction|contradiction|contradiction|contradiction|contradiction|contradiction,37,[4]
"Premise: Two people walk up to a brick building with a colorful mural on its side.
Hypothesis: Two people walking toward a brick building with a colorful mural outside.","Premise: Two people walk up to a brick building with a colorful mural on its side.
Hypothesis: Two people walking toward a wooden building with a plain, white wall outside, while the actual building they approach is made of brick and has no mural at all.",,neutral,0,1,neutral|entailment,37,[]
"Premise: A dog hides in the tall grasses along a rocky shore
Hypothesis: The dog is outdoors.","Premise: A dog hides in the tall grasses along a rocky shore
Hypothesis: The dog is indoors playing with toys in a cozy living room.",,neutral,0,0,contradiction,26,[]
"Premise: A young girl wearing yellow shorts and a white tank top using a cane pole to fish at a small pond.
Hypothesis: A girl in shorts is fishing in a pond.","Premise: A young girl wearing yellow shorts and a white tank top using a cane pole to fish at a small pond.
Hypothesis: A man in a blue shirt is walking his dog near a nearby park.",,contradiction,0,5,contradiction|contradiction|contradiction|contradiction|contradiction|contradiction,40,"[2, 4, 5]"
"Premise: The collie is standing outdoors on a sandy area.
Hypothesis: The collie is standing in the sand.","Premise: The collie is standing outdoors on a sandy area.
Hypothesis: The collie is standing in the snow, not on a sandy area, and is clearly indoors, not outdoors.",,neutral,0,5,neutral|neutral|neutral|neutral|neutral|neutral,28,"[2, 3, 4]"
"Premise: The red motocross bike and its rider are airborne above the trees.
Hypothesis: A rider is riding his motocross bike.","Premise: The red motocross bike and its rider are airborne above the trees.
Hypothesis: A rider is sitting at home and has never ridden a motocross bike.",,neutral,0,1,neutral|entailment,33,[]
"Premise: Children at daycare playing on rings, and poles, one parent standing and holding her child and one teacher is sitting on the bench watching the others play.
Hypothesis: Children are enjoying their time at the park on a field trip.","Premise: Children at daycare playing on rings, and poles, one parent standing and holding her child and one teacher is sitting on the bench watching the others play.
Hypothesis: A nearby library is hosting a book donation drive, while a local theater is auditioning actors for a new play.",,contradiction,-1,5,contradiction|contradiction|contradiction|contradiction|contradiction|contradiction,51,"[4, 5]"
"Premise: Man in blue shirt yells and points off-camera while a man in a blue shirt and baseball cap watches.
Hypothesis: He is yelling at his son.","Premise: Man in blue shirt yells and points off-camera while a man in a blue shirt and baseball cap watches.
Hypothesis: He is trying to get the attention of a distant friend.",,contradiction,1,4,contradiction|contradiction|contradiction|contradiction|neutral,37,[]
"Premise: A woman poses with sunglasses shaped like dollar signs and a silver suitcase labelled ""LUCKY"" full of bills.
Hypothesis: A woman is posing for a photograph.","Premise: A woman poses with sunglasses shaped like dollar signs and a silver suitcase labelled ""LUCKY"" full of bills.
Hypothesis: A man at a local café is reading a book about ancient history and sipping coffee.",,contradiction,0,5,contradiction|contradiction|contradiction|contradiction|contradiction|contradiction,39,"[4, 5]"
"Premise: Two kids running past a dinosaur in the woods.
Hypothesis: Some children in the forest pass by a plastic triceratops.","Premise: Two kids running past a dinosaur in the woods.
Hypothesis: Some children in the forest pass by a large, real live triceratops.",,neutral,1,0,contradiction,32,[]
"Premise: a brown dog with a yellow toy in his mouth is jumping off the grassy ground
Hypothesis: The black dog has a red toy.","Premise: a brown dog with a yellow toy in his mouth is jumping off the grassy ground
Hypothesis: The brown dog has a yellow toy in his mouth and is jumping off the grassy ground.",,neutral,2,5,neutral|neutral|neutral|neutral|neutral|neutral,34,"[1, 3, 4, 5]"
"Premise: Two young musicians play from a stage.
Hypothesis: The stage is empty","Premise: Two young musicians play from a stage.
Hypothesis: A food truck is parked outside the venue where the musicians are playing.",,contradiction,2,0,neutral,20,[]
"Premise: a skier is throwing up snow as he skis off piste.
Hypothesis: A snowboarder takes a nap on the course.","Premise: a skier is throwing up snow as he skis off piste.
Hypothesis: A snowboarder takes a nap on the course while the skier is still actively skiing and no one else is resting.",,entailment,2,5,entailment|entailment|entailment|entailment|entailment|entailment,34,[]
"Premise: A large African American man sitting on a camping chair.
Hypothesis: the large black man is running a race","Premise: A large African American man sitting on a camping chair.
Hypothesis: The large black man is preparing a meal in the kitchen.",,contradiction,2,0,entailment,27,[]
"Premise: In front of a brick house with a straw roof and some figures, three children stand, two of them holding squares of blackboard.
Hypothesis: The children are outdoors","Premise: In front of a brick house with a straw roof and some figures, three children stand, two of them holding squares of blackboard.
Hypothesis: The children are indoors in a modern school building with tiled floors and bright lighting, which directly contradicts the outdoor setting of the brick house and straw roof described in the premise.",,neutral,0,5,neutral|neutral|neutral|neutral|neutral|neutral,39,[]
"Premise: Everyone on the street in the city seem to be busy doing their own thing.
Hypothesis: The people are watching what is happening.","Premise: Everyone on the street in the city seem to be busy doing their own thing.
Hypothesis: A street performer is setting up near the park, preparing for an afternoon show.",,contradiction,2,5,contradiction|contradiction|contradiction|contradiction|contradiction|contradiction,32,"[1, 4, 5]"
"Premise: A little blond boy is playing doctor with red, blue, and yellow toy gear.
Hypothesis: Boy pretending to be a doctor.","Premise: A little blond boy is playing doctor with red, blue, and yellow toy gear.
Hypothesis: A girl at the park is reading a book about space while wearing a blue sweater.",,contradiction,0,5,contradiction|contradiction|contradiction|contradiction|contradiction|contradiction,32,"[2, 3, 4, 5]"
"Premise: A man is laid back in front of a tv.
Hypothesis: he is watching the news","Premise: A man is laid back in front of a tv.
Hypothesis: he is not watching the news",,neutral,1,0,contradiction,24,[]
"Premise: Young person in black next to an older person in black and white polka dot.
Hypothesis: A young person is standing next to a relative.","Premise: Young person in black next to an older person in black and white polka dot.
Hypothesis: A young person is standing next to someone who is clearly not a relative, as they glare at each other with no signs of familiarity, and the older person is wearing a bright red costume, which directly contradicts the premise.",,neutral,1,5,neutral|neutral|neutral|neutral|neutral|neutral,35,"[2, 3]"
"Premise: A photographer is using a tripod to take a picture of a sunset.
Hypothesis: The photographer is holding the camera in his hands.","Premise: A photographer is using a tripod to take a picture of a sunset.
Hypothesis: A bird is flying overhead while a street musician plays a tune nearby.",,contradiction,2,5,contradiction|contradiction|contradiction|contradiction|contradiction|contradiction,32,"[2, 3, 4, 5]"
"Premise: A group of people are in a rowboat in the ocean surrounded by seagulls.
Hypothesis: A group of people are rowing towards some islands while one of them fishes.","Premise: A group of people are in a rowboat in the ocean surrounded by seagulls.
Hypothesis: A group of people are sitting quietly in the boat while one of them reads a book about astronomy.",,contradiction,1,5,contradiction|contradiction|contradiction|contradiction|contradiction|contradiction,42,"[1, 2, 3]"
"Premise: A woman sitting in an office.
Hypothesis: A women outside","Premise: A woman sitting in an office.
Hypothesis: A woman outside is walking her dog near a park.",,contradiction,2,0,entailment,18,[]
"Premise: 2 women and 2 girls crossing the road
Hypothesis: A group of girls and women are laughing as they cross the road.","Premise: 2 women and 2 girls crossing the road
Hypothesis: A group of girls and women are standing on the sidewalk, refusing to cross the road despite the green light.",,neutral,1,5,neutral|neutral|neutral|neutral|neutral|neutral,33,"[3, 4, 5]"
"Premise: Two construction workers climbing the steel ribbed exterior of a new building at their work site.
Hypothesis: Two workers are climbing a building.","Premise: Two construction workers climbing the steel ribbed exterior of a new building at their work site.
Hypothesis: Two workers are digging a foundation at ground level while the building is still in the planning stages.",,neutral,0,1,neutral|contradiction,33,[]
"Premise: A white dog with brown spots running on a dirt path
Hypothesis: A dog runs on a path.","Premise: A white dog with brown spots running on a dirt path
Hypothesis: A cat runs on a path.",,neutral,0,0,entailment,27,[]
"Premise: A man in a khaki jacket and ball cap walks down the street.
Hypothesis: The man is walking to the supermarket.","Premise: A man in a khaki jacket and ball cap walks down the street.
Hypothesis: A man in a khaki jacket and ball cap is walking down the street.",,contradiction,1,0,neutral,31,[]
"Premise: A young woman dressed up semi-formally is reading book and drinking in the sun, seated on a bench.
Hypothesis: A young woman is running through the waves.","Premise: A young woman dressed up semi-formally is reading book and drinking in the sun, seated on a bench.
Hypothesis: A young woman is seated on a bench in the sun, reading a book and drinking.",,contradiction,2,0,neutral,39,[]
"Premise: A big dog catches a ball on his nose
Hypothesis: A big dog is sitting down while trying to catch a ball","Premise: A big dog catches a ball on his nose
Hypothesis: A big dog is sitting down while the ball falls to the ground because it was never thrown",,neutral,1,2,neutral|neutral|contradiction,30,[]
"Premise: A child making a sand castle on the beach.
Hypothesis: A child on a beach.","Premise: A child making a sand castle on the beach.
Hypothesis: A child on a snowy mountain peak.",,neutral,0,0,contradiction,24,[]
"Premise: A female in the middle of a vehicle is holding a camera and is pointing it towards the backseat.
Hypothesis: A girl is inside a vehicle.","Premise: A female in the middle of a vehicle is holding a camera and is pointing it towards the backseat.
Hypothesis: A girl is outside the vehicle, pointing a camera at the front seat, and there are no passengers inside the car whatsoever.",,neutral,0,5,neutral|neutral|neutral|neutral|neutral|neutral,36,[4]
"Premise: Two men climbing on a wooden scaffold.
Hypothesis: Two sad men climbing on a wooden scaffold.","Premise: Two men climbing on a wooden scaffold.
Hypothesis: Two men flying a hot air balloon over a wooden scaffold.",,neutral,1,1,neutral|entailment,25,[]
"Premise: A young african child in a dirty yellow shirt carrying a bag on his head.
Hypothesis: A young African child playing soccer.","Premise: A young african child in a dirty yellow shirt carrying a bag on his head.
Hypothesis: A young African child playing soccer on a grassy field in a clean uniform.",,entailment,2,2,entailment|entailment|contradiction,31,[]
"Premise: A small child in a red jacket is sitting on a man's shoulders and holding his head.
Hypothesis: Th small child is watching a performance.","Premise: A small child in a red jacket is sitting on a man's shoulders and holding his head.
Hypothesis: The man is preparing a sandwich in the kitchen.",,contradiction,1,5,contradiction|contradiction|contradiction|contradiction|contradiction|contradiction,35,[]
"Premise: There is a person walking down a tree lined street with snow scattered about.
Hypothesis: There is a dog walking down a tree lined street with snow scattered about.","Premise: There is a person walking down a tree lined street with snow scattered about.
Hypothesis: There is no person walking down a tree lined street with snow scattered about.",,entailment,2,0,neutral,38,[]
"Premise: Four young men stare up at a basketball hoop with no net, in an outdoor, urban basketball court.
Hypothesis: A group of women playing basketball in a gym.","Premise: Four young men stare up at a basketball hoop with no net, in an outdoor, urban basketball court.
Hypothesis: A group of women discuss a new novel at a local bookstore nearby.",,contradiction,2,5,contradiction|contradiction|contradiction|contradiction|contradiction|contradiction,39,"[3, 4, 5]"
"Premise: A white man in a blue uniform is pushing away a black man in a red uniform while the two play soccer on a green field.
Hypothesis: A woman says Hi to another woman at the grocery store.","Premise: A white man in a blue uniform is pushing away a black man in a red uniform while the two play soccer on a green field.
Hypothesis: A white man in a blue uniform is pushing away a black man in a red uniform while the two play soccer on a green field.",,contradiction,2,0,neutral,47,[]
"Premise: A child wearing a red top is standing behind a blond headed child sitting in a wheelbarrow.
Hypothesis: A child wearing a red top is standing behind a pretty blond headed child","Premise: A child wearing a red top is standing behind a blond headed child sitting in a wheelbarrow.
Hypothesis: A child wearing a red top is standing in front of a bald-headed child sitting on the ground.",,neutral,1,5,neutral|neutral|neutral|neutral|neutral|neutral,42,"[3, 4, 5]"
"Premise: A man is working on a Earthen structure with a pickaxe.
Hypothesis: The man is in an office building.","Premise: A man is working on a Earthen structure with a pickaxe.
Hypothesis: The man is in the middle of constructing an earthen structure using a pickaxe, as described in the premise.",,contradiction,2,3,contradiction|contradiction|contradiction|neutral,30,[]
"Premise: Four men stand in a circle facing each other playing brass instruments which people watch them.
Hypothesis: The men are playing music","Premise: Four men stand in a circle facing each other playing brass instruments which people watch them.
Hypothesis: The men are not playing music at all.",,neutral,0,0,contradiction,30,[]
"Premise: People dresses in business clothing are walking by while one man with a tie on is standing still and talking on his cellular phone.
Hypothesis: The people are dressed in business clothing.","Premise: People dresses in business clothing are walking by while one man with a tie on is standing still and talking on his cellular phone.
Hypothesis: The people are dressed in casual clothing, and none of them are wearing anything formal like suits or ties.",,neutral,0,1,neutral|contradiction,41,[]
"Premise: A brown dog jumps over an obstacle.
Hypothesis: The dog is in a pool.","Premise: A brown dog jumps over an obstacle.
Hypothesis: The dog is in a pool, where it enjoys cooling off on hot days, while a group of birds watches from a nearby tree and a child reads a book about astronomy under a shady bench nearby. A baker across the street prepares fresh bread for the morning market, and the weather forecast predicts rain later in the afternoon.",,contradiction,2,5,contradiction|contradiction|contradiction|contradiction|contradiction|contradiction,23,[]
"Premise: A birthday party for many little people to enjoy.
Hypothesis: Children enjoying a birthday party.","Premise: A birthday party for many little people to enjoy.
Hypothesis: Adults are cleaning up after a birthday party, with no little people in sight.",,neutral,1,1,neutral|contradiction,24,[]
"Premise: A cement worker is working on a new sidewalk outside of a clothing store.
Hypothesis: A worker is working on a new sidewalk outside of a restuarant.","Premise: A cement worker is working on a new sidewalk outside of a clothing store.
Hypothesis: A librarian is organizing books at a local library across town.",,contradiction,2,5,contradiction|contradiction|contradiction|contradiction|contradiction|contradiction,38,[5]
"Premise: Four men and a young boy are at a table set up for wood crafts.
Hypothesis: Five total people are near a table with objects on it.","Premise: Four men and a young boy are at a table set up for wood crafts.
Hypothesis: There are only three people near a table with objects on it.",,neutral,0,5,neutral|neutral|neutral|neutral|neutral|neutral,36,[]
"Premise: An Indian woman is dancing with her partner.
Hypothesis: A woman has dark skin.","Premise: An Indian woman is dancing with her partner.
Hypothesis: A woman has light skin and is reading a book about astronomy at a local café.",,contradiction,1,5,contradiction|contradiction|contradiction|contradiction|contradiction|contradiction,23,"[4, 5]"
"Premise: The man is sweeping with a red broom.
Hypothesis: The man is dancing with a woman","Premise: The man is sweeping with a red broom.
Hypothesis: The man is not sweeping with a red broom.",,entailment,2,0,neutral,25,[]
"Premise: People with bags walk along a dirt road in front of a green building.
Hypothesis: People are walking outside.","Premise: People with bags walk along a dirt road in front of a green building.
Hypothesis: People are walking inside a shopping mall.",,neutral,0,0,entailment,28,[]
"Premise: An elderly woman wearing a skirt is picking out vegetables at a local market.
Hypothesis: This woman is on a shopping trip.","Premise: An elderly woman wearing a skirt is picking out vegetables at a local market.
Hypothesis: A man is watching a bird build a nest in a tree near his house.",,contradiction,0,5,contradiction|contradiction|contradiction|contradiction|contradiction|contradiction,31,[]
"Premise: A group of ladies sit around a black table in front of a brick wall with a building in the background.
Hypothesis: The ladies are standing up for a picture.","Premise: A group of ladies sit around a black table in front of a brick wall with a building in the background.
Hypothesis: The ladies are standing outside in a field, far away from any tables or brick walls, taking a picture.",,neutral,-1,2,neutral|neutral|contradiction,39,[]
"Premise: Two men spar in martial arts gear.
Hypothesis: There are multiple people present.","Premise: Two men spar in martial arts gear.
Hypothesis: There are no other people present, and the two men are sparring in complete isolation, which directly contradicts the claim that multiple people are there.",,neutral,0,5,neutral|neutral|neutral|neutral|neutral|neutral,22,[]
"Premise: A woman player in white and black, sends the volleyball over the net, while the opposing team in navy blue, tries to block it, as the coach and a few spectators watch, in a gym.
Hypothesis: The gym is old","Premise: A woman player in white and black, sends the volleyball over the net, while the opposing team in navy blue, tries to block it, as the coach and a few spectators watch, in a gym.
Hypothesis: The coach is reading a book about nutrition in the hallway outside the gym.",,contradiction,1,0,neutral,53,[]
"Premise: A man with a blue helmet and orange shirt.
Hypothesis: A man wears a helmet.","Premise: A man with a blue helmet and orange shirt.
Hypothesis: A man does not wear a helmet and is instead bald with no headgear of any kind, and also wears a green jacket instead of an orange shirt.",,neutral,0,5,neutral|neutral|neutral|neutral|neutral|neutral,24,[4]
"Premise: A man in a white and gray shirt looks on as a shirtless man with a mustache cleans fish on a pale green table.
Hypothesis: The man is cleaning the fish that he caught so he can cook it.","Premise: A man in a white and gray shirt looks on as a shirtless man with a mustache cleans fish on a pale green table.
Hypothesis: A woman at a nearby café is reading a book about astronomy and has no connection to the men or the table in the other scene.",,contradiction,1,5,contradiction|contradiction|contradiction|contradiction|contradiction|contradiction,50,[]
"Premise: A man on stage in the act of jumping, with a little boy in the background really enjoying it.
Hypothesis: A boy watches boats on a lake.","Premise: A man on stage in the act of jumping, with a little boy in the background really enjoying it.
Hypothesis: A boy watches boats on a lake, completely unaware of the performance happening on stage nearby.",,neutral,2,0,contradiction,37,[]
"Premise: Man with beard doing skateboarding stunt
Hypothesis: A clean shaven man skateboards.","Premise: Man with beard doing skateboarding stunt
Hypothesis: A clean-shaven man is doing the skateboarding stunt, which directly contradicts the premise that it is the man with a beard performing it.",,neutral,2,5,neutral|neutral|neutral|neutral|neutral|neutral,24,[]
"Premise: A woman in a blue top and pencil skirt walks by a balding man in a pinstriped suit.
Hypothesis: They know each other.","Premise: A woman in a blue top and pencil skirt walks by a balding man in a pinstriped suit.
Hypothesis: They are both waiting for different buses at the airport shuttle stop.",,contradiction,1,5,contradiction|contradiction|contradiction|contradiction|contradiction|contradiction,36,"[2, 3, 4, 5]"
"Premise: Many women trying out and looking at laptops in a Walmart.
Hypothesis: Women are shopping at safeway for lamb chops.","Premise: Many women trying out and looking at laptops in a Walmart.
Hypothesis: Women are shopping at Walmart for laptops.",,contradiction,2,0,neutral,30,[]
"Premise: An older gentlemen in a hat and glasses holding a baby who is wrapped in a towel.
Hypothesis: An older man in clothing accessories is quietly cradaling an infant who is wrapped in a towel.","Premise: An older gentlemen in a hat and glasses holding a baby who is wrapped in a towel.
Hypothesis: A young woman in clothing accessories is loudly rocking an infant who is wrapped in a towel, clearly not the same baby being held by the older gentleman, who is now empty-handed and clearly not in possession of any child.",,neutral,1,2,neutral|neutral|entailment,46,[]
"Premise: A dog and a cat are swimming in a swimming pool.
Hypothesis: Two animals are swimming.","Premise: A dog and a cat are swimming in a swimming pool.
Hypothesis: No animals are swimming.",,neutral,0,0,entailment,25,[]
"Premise: An Asian man walks a three-wheeled pedal card fully of white bags.
Hypothesis: An Asian man walks his dog on a rainy afternoon.","Premise: An Asian man walks a three-wheeled pedal card fully of white bags.
Hypothesis: An Asian man is outside walking a three-wheeled pedal cart full of white bags on a rainy afternoon.",,contradiction,2,0,neutral,35,[]
"Premise: A man falling off a bull as the animal jumps into the air.
Hypothesis: A boy struggles to hold on to a bull as it twirls and jumps.","Premise: A man falling off a bull as the animal jumps into the air.
Hypothesis: A boy easily controls a bull that calmly stands still in a barn, with neither animal nor rider showing any signs of struggle or jumping.",,neutral,-1,4,neutral|neutral|neutral|neutral|entailment,39,[]
"Premise: A clown performs in a park among other people.
Hypothesis: Someone is busking.","Premise: A clown performs in a park among other people.
Hypothesis: A chef is organizing a charity event at a community center downtown.",,contradiction,-1,5,contradiction|contradiction|contradiction|contradiction|contradiction|contradiction,23,"[1, 4, 5]"
"Premise: A young man blew up balloons to craft into animals for the seven excited children that looked on.
Hypothesis: The children watch the man make dogs and giraffes out of balloons","Premise: A young man blew up balloons to craft into animals for the seven excited children that looked on.
Hypothesis: The children watch a documentary about ocean wildlife on a tablet while waiting for their parent to return.",,contradiction,0,5,contradiction|contradiction|contradiction|contradiction|contradiction|contradiction,41,[]
"Premise: Two girls playing catch on a lawn
Hypothesis: Two girls are walking beside a pond with ducks and swans.","Premise: Two girls playing catch on a lawn
Hypothesis: A man in a nearby park is sketching a portrait while listening to classical music on his headphones.",,contradiction,2,5,contradiction|contradiction|contradiction|contradiction|contradiction|contradiction,29,"[3, 4]"
"Premise: A man wearing glasses and a ragged costume is playing a Jaguar electric guitar and singing with the accompaniment of a drummer.
Hypothesis: Two men are playing frisbee in the park.","Premise: A man wearing glasses and a ragged costume is playing a Jaguar electric guitar and singing with the accompaniment of a drummer.
Hypothesis: A man is playing a Jaguar electric guitar and singing with the accompaniment of a drummer.",,contradiction,2,0,neutral,45,[]
"Premise: A girl with a blue shirt and a girl with a striped shirt stand next to a girl with a green shirt sitting in a chair.
Hypothesis: The three girls are arm wrestling in China town.","Premise: A girl with a blue shirt and a girl with a striped shirt stand next to a girl with a green shirt sitting in a chair.
Hypothesis: A man in a red jacket is reading a newspaper near the park entrance.",,contradiction,2,5,contradiction|contradiction|contradiction|contradiction|contradiction|contradiction,45,"[1, 4, 5]"
"Premise: a skier is throwing up snow as he skis off piste.
Hypothesis: A skier skis.","Premise: a skier is throwing up snow as he skis off piste.
Hypothesis: A skier is not skiing and is instead walking on flat ground.",,neutral,0,0,contradiction,29,[]
"Premise: The child is hanging upside down with his legs over a pole.
Hypothesis: The child is athletic.","Premise: The child is hanging upside down with his legs over a pole.
Hypothesis: The child is not athletic at all and is using a chair to stay upside down, requiring no physical effort or skill.",,neutral,1,2,neutral|neutral|contradiction,26,[]
"Premise: Three people are dressed in costumes and playing musical instruments.
Hypothesis: The people are playing at a festival.","Premise: Three people are dressed in costumes and playing musical instruments.
Hypothesis: The people are discussing plans for a hiking trip online.",,contradiction,1,5,contradiction|contradiction|contradiction|contradiction|contradiction|contradiction,27,"[2, 3, 4, 5]"
"Premise: A skier goes down a hill with a mountain as a backdrop.
Hypothesis: A skier going down the bunny hill.","Premise: A skier goes down a hill with a mountain as a backdrop.
Hypothesis: A skier going up the mountain trail, which directly contradicts the skier going down the hill.",,neutral,1,5,neutral|neutral|neutral|neutral|neutral|neutral,31,"[4, 5]"
"Premise: Two boys, surrounded by paper pieces, hold a third boys shirt to prevent him from grabbing a bag.
Hypothesis: The friends are playing with paper and bags.","Premise: Two boys, surrounded by paper pieces, hold a third boys shirt to prevent him from grabbing a bag.
Hypothesis: A chef in the next room is preparing a dessert while the boys play around with paper and bags.",,contradiction,1,5,contradiction|contradiction|contradiction|contradiction|contradiction|contradiction,38,[]
"Premise: A little girl drawing with chalk, on a chalkboard.
Hypothesis: A little girl is drawing on the board during class.","Premise: A little girl drawing with chalk, on a chalkboard.
Hypothesis: A little girl is not drawing on the board during class.",,neutral,1,0,contradiction,31,[]
"Premise: A busy street with building lined up and people walking down the street outside and nighttime.
Hypothesis: People lined up","Premise: A busy street with building lined up and people walking down the street outside and nighttime.
Hypothesis: The street is completely empty with no people in sight, despite the nighttime setting described in the premise.",,neutral,-1,5,neutral|neutral|neutral|neutral|neutral|neutral,28,[]
"Premise: Two girls holding bags walking down the sidewalk.
Hypothesis: Two women are enjoying an afternoon of shopping.","Premise: Two girls holding bags walking down the sidewalk.
Hypothesis: Two women are enjoying an afternoon of shopping from a car parked on the sidewalk.",,neutral,1,0,contradiction,26,[]
"Premise: Two men are sitting on a couch.
Hypothesis: Two men are standing outside.","Premise: Two men are sitting on a couch.
Hypothesis: Two men are standing outside, arguing loudly, while another couple is sitting on a couch inside the house.",,entailment,2,1,entailment|contradiction,22,[]
"Premise: A man visiting a friend in the hospital.
Hypothesis: A man in a hospital receives a visiting friend.","Premise: A man visiting a friend in the hospital.
Hypothesis: A man in a hospital is visited by a friend who claims that the patient was never there and the entire hospital visit was a misunderstanding.",,neutral,0,5,neutral|neutral|neutral|neutral|neutral|neutral,27,[]
"Premise: A man holding a pink cooler is talking to an older woman.
Hypothesis: A man offers a woman a beer.","Premise: A man holding a pink cooler is talking to an older woman.
Hypothesis: A woman at the bus stop is reading a novel about medieval history.",,contradiction,1,5,contradiction|contradiction|contradiction|contradiction|contradiction|contradiction,29,"[1, 2, 3, 4]"
"Premise: A man is giving a presentation.
Hypothesis: the man is not talking","Premise: A man is giving a presentation.
Hypothesis: the man is not talking but is silently reading from a script",,neutral,2,0,contradiction,20,[]
"Premise: A musician playing a guitar and harmonica singing a song with ""Whatever it Takes"" written on his guitar.
Hypothesis: The musician is playing the drums.","Premise: A musician playing a guitar and harmonica singing a song with ""Whatever it Takes"" written on his guitar.
Hypothesis: A chef is preparing a dish in a busy kitchen.",,entailment,2,0,contradiction,37,[]
"Premise: A man in a red plaid shirt using a bull horn to talk to a crowd of people.
Hypothesis: a man is a comedian","Premise: A man in a red plaid shirt using a bull horn to talk to a crowd of people.
Hypothesis: A woman is reading a book about astronomy in a quiet library near a window with sunlight streaming in.",,contradiction,1,5,contradiction|contradiction|contradiction|contradiction|contradiction|contradiction,33,"[3, 4, 5]"
"Premise: A woman in a low cut blue shirt is in a crowded room that looks smokey.
Hypothesis: Someone is in a field.","Premise: A woman in a low cut blue shirt is in a crowded room that looks smokey.
Hypothesis: A chef is preparing a dish in a quiet kitchen.",,contradiction,2,0,neutral,32,[]
"Premise: A policeman on a motorcycle from the rear.
Hypothesis: An officer on a chopper.","Premise: A policeman on a motorcycle from the rear.
Hypothesis: A baker at a local market is preparing fresh pastries for the morning customers.",,contradiction,2,4,contradiction|contradiction|contradiction|contradiction|entailment,24,[]
"Premise: A woman is sitting outside at a table, using a knife to cut into a sandwich.
Hypothesis: A woman is sitting inside.","Premise: A woman is sitting outside at a table, using a knife to cut into a sandwich.
Hypothesis: A man is reading a book about history.",,entailment,2,0,contradiction,32,[]
"Premise: A group of people wait to cross the street in new york
Hypothesis: Group of people waiting to cross the street.","Premise: A group of people wait to cross the street in new york
Hypothesis: The group of people is rushing across the street without stopping.",,neutral,0,1,neutral|contradiction,30,[]
"Premise: An oriental woman in glasses, shooting archery.
Hypothesis: The woman is older.","Premise: An oriental woman in glasses, shooting archery.
Hypothesis: The woman is a young man pretending to be a woman for a costume party.",,neutral,-1,1,neutral|contradiction,24,[]
"Premise: A little boy wearing a yellow, white and black striped shirt is whispering a secret to a little girl wearing a white long sleeved-shirt.
Hypothesis: The little boy is good friends with the girl.","Premise: A little boy wearing a yellow, white and black striped shirt is whispering a secret to a little girl wearing a white long sleeved-shirt.
Hypothesis: The little boy enjoys collecting stickers, which he often sorts by color in his spare time.",,contradiction,1,5,contradiction|contradiction|contradiction|contradiction|contradiction|contradiction,47,"[1, 2, 3, 4, 5]"
"Premise: A boy in blue shorts and a t-shirt is poised to hit a tennis ball with a racket.
Hypothesis: A boy wearing blue shorts and a t-shirt is playing tennis with his friend.","Premise: A boy in blue shorts and a t-shirt is poised to hit a tennis ball with a racket.
Hypothesis: A boy wearing blue shorts and a t-shirt is playing basketball with his friend in the driveway.",,neutral,1,1,neutral|contradiction,44,[]
"Premise: The girl wearing a brown jacket whilst walking in snow.
Hypothesis: The girl is walking outside.","Premise: The girl wearing a brown jacket whilst walking in snow.
Hypothesis: The girl is walking inside a heated indoor mall.",,neutral,0,0,contradiction,25,[]
"Premise: A man is talking on a cellphone while filling his car with gas.
Hypothesis: A man talks to his boss while getting gas for his car.","Premise: A man is talking on a cellphone while filling his car with gas.
Hypothesis: A woman is browsing recipes on her tablet while sitting at a nearby park.",,contradiction,1,5,contradiction|contradiction|contradiction|contradiction|contradiction|contradiction,35,"[4, 5]"
"Premise: Four people and a baby are crossing the street at a crosswalk.
Hypothesis: People and a baby riding the bus.","Premise: Four people and a baby are crossing the street at a crosswalk.
Hypothesis: Four people and a baby are riding the bus instead of crossing the street.",,entailment,2,2,entailment|entailment|contradiction,30,[]
"Premise: A snowboarder on a wide plain of snow
Hypothesis: A snow field with a snowboarder on it","Premise: A snowboarder on a wide plain of snow
Hypothesis: A snow field with a snowboarder and a flock of birds flying overhead in the distance",,contradiction,0,5,contradiction|contradiction|contradiction|contradiction|contradiction|contradiction,29,"[2, 3]"
"Premise: Two girls are playing in the snow and throwing snowballs.
Hypothesis: The snowballs are from fresh snow.","Premise: Two girls are playing in the snow and throwing snowballs.
Hypothesis: The snowballs are made from completely melted and refrozen snow.",,neutral,1,0,contradiction,28,[]
"Premise: A female camera operator is capturing some off-camera activity.
Hypothesis: A lady is taking a picture","Premise: A female camera operator is capturing some off-camera activity.
Hypothesis: A man is taking a picture.",,neutral,0,0,entailment,25,[]
"Premise: A baby girl and little boy are standing next to a guitar and a drum.
Hypothesis: The boy is alone in the bathtub on the moon.","Premise: A baby girl and little boy are standing next to a guitar and a drum.
Hypothesis: The boy is alone in the bathtub on the moon, with no siblings and no musical instruments in sight, and there are no other children nearby at all.",,entailment,2,5,entailment|entailment|entailment|entailment|entailment|entailment,35,[]
"Premise: Brown and cream dog with tongue out in front of grassy forest
Hypothesis: The dog is lying on the ground.","Premise: Brown and cream dog with tongue out in front of grassy forest
Hypothesis: The dog is flying above the grassy forest.",,neutral,2,0,contradiction,30,[]
"Premise: couples enjoying a meal, while a bunch of dogs take a nap.
Hypothesis: SOME ANIMALS ARE ASLEEP","Premise: couples enjoying a meal, while a bunch of dogs take a nap.
Hypothesis: A painter is setting up an easel in a park, while some office workers take a lunch break nearby.",,contradiction,0,5,contradiction|contradiction|contradiction|contradiction|contradiction|contradiction,29,[3]
"Premise: A man holding a baby who is petting a pony.
Hypothesis: A man who kidnap a baby is petting a pony.","Premise: A man holding a baby who is petting a pony.
Hypothesis: A woman at a park is reading a book and listening to music on her headphones.",,contradiction,1,5,contradiction|contradiction|contradiction|contradiction|contradiction|contradiction,33,[]
"Premise: A woman on the sidewalk blocks the sun from her eyes to peer down the street.
Hypothesis: A woman covers part of her face.","Premise: A woman on the sidewalk blocks the sun from her eyes to peer down the street.
Hypothesis: A man at a coffee shop reads the newspaper nearby.",,contradiction,0,5,contradiction|contradiction|contradiction|contradiction|contradiction|contradiction,33,"[2, 3, 4, 5]"
"Premise: A brown and white dog holds a tennis ball in his mouth.
Hypothesis: A dog mouth holds a retrieved ball.","Premise: A brown and white dog holds a tennis ball in his mouth.
Hypothesis: A cat's mouth holds a retrieved ball.",,neutral,0,0,entailment,29,[]
"Premise: A man in a red shirt is learning how to climb a cliff.
Hypothesis: A man is playing videogames.","Premise: A man in a red shirt is learning how to climb a cliff.
Hypothesis: A woman is reading a book about history in a quiet library.",,contradiction,2,5,contradiction|contradiction|contradiction|contradiction|contradiction|contradiction,29,"[2, 3, 4, 5]"
"Premise: Two men in workers' gear and colorful hard hats standing on board what appears to be a large ship, next to some very large machinery.
Hypothesis: two men are sitting by the pool next to machinery on the boat","Premise: Two men in workers' gear and colorful hard hats standing on board what appears to be a large ship, next to some very large machinery.
Hypothesis: two men are sitting by the pool on a luxury yacht, far away from the ship and any large machinery",,neutral,2,4,neutral|neutral|neutral|neutral|entailment,49,"[2, 3]"
"Premise: A man holding a sign of a rainbow elephant.
Hypothesis: The donkey sign is smeared with paint.","Premise: A man holding a sign of a rainbow elephant.
Hypothesis: The man's rainbow elephant sign is smeared with paint.",,contradiction,2,0,neutral,28,[]
"Premise: A man and a young girl swimming.
Hypothesis: a man and girl swim","Premise: A man and a young girl swimming.
Hypothesis: a man and girl do not swim at all and stay far away from the water",,neutral,0,5,neutral|neutral|neutral|neutral|neutral|neutral,21,[4]
"Premise: A child in a maroon shirt playing next to a fountain.
Hypothesis: The child is at play.","Premise: A child in a maroon shirt playing next to a fountain.
Hypothesis: A chef is reading a cookbook in a quiet library.",,contradiction,0,5,contradiction|contradiction|contradiction|contradiction|contradiction|contradiction,27,"[2, 3, 4, 5]"
"Premise: Four small children playing in the courtyard of a large building made out of clay or sand.
Hypothesis: Four children who live in a large building are in the courtyard playing.","Premise: Four small children playing in the courtyard of a large building made out of clay or sand.
Hypothesis: Four teenagers who live in a large building are in the courtyard playing.",,neutral,1,1,neutral|contradiction,40,[]
"Premise: Six rescuers cooperate to place an injured man on a transport device in snowy, mountainous terrain.
Hypothesis: six people act to save a seventh who is injured","Premise: Six rescuers cooperate to place an injured man on a transport device in snowy, mountainous terrain.
Hypothesis: six people act to rescue a seventh who is unharmed and leading the expedition",,neutral,0,5,neutral|neutral|neutral|neutral|neutral|neutral,38,"[3, 4, 5]"
"Premise: A woman sits on a rug next to a shirtless boy who is looking in the direction of a checkers board that includes several pieces.
Hypothesis: A woman and her son play the third of a best of three checkers tournament.","Premise: A woman sits on a rug next to a shirtless boy who is looking in the direction of a checkers board that includes several pieces.
Hypothesis: A woman and a local librarian discuss plans for a new community garden at the park.",,contradiction,1,5,contradiction|contradiction|contradiction|contradiction|contradiction|contradiction,53,"[1, 3, 4, 5]"
"Premise: A young girl with a purple shirt and a pink hair band standing near the woods.
Hypothesis: A little girl in a pink shirt is ready to run in the woods.","Premise: A young girl with a purple shirt and a pink hair band standing near the woods.
Hypothesis: A little girl in a pink shirt is learning to bake cookies at a cooking class.",,contradiction,1,5,contradiction|contradiction|contradiction|contradiction|contradiction|contradiction,40,"[2, 3, 4, 5]"
"Premise: the white dog is carrying a ball in its mouth.
Hypothesis: The dog is running with a ball in its mouth.","Premise: the white dog is carrying a ball in its mouth.
Hypothesis: The dog is not carrying a ball in its mouth.",,neutral,1,0,entailment,30,[]
"Premise: two people riding their bikes down a street together.
Hypothesis: A couple ride their bikes on a date.","Premise: two people riding their bikes down a street together.
Hypothesis: A couple rides their bikes on a quiet trail in the woods, enjoying the fall colors while discussing their favorite books and planning a weekend trip to the mountains.",,contradiction,1,5,contradiction|contradiction|contradiction|contradiction|contradiction|contradiction,27,"[4, 5]"
"Premise: Blue, red, yellow, and white are the dominant colors of a picture of two police vehicles outside of what looks like a smoke roll playing vehicle, a motorcycle in between the two cars with 6 people in the picture.
Hypothesis: There are two police vehicles in the photo.","Premise: Blue, red, yellow, and white are the dominant colors of a picture of two police vehicles outside of what looks like a smoke roll playing vehicle, a motorcycle in between the two cars with 6 people in the picture.
Hypothesis: There are no police vehicles in the photo.",,neutral,0,0,entailment,62,[]
"Premise: people are sitting on a bench in front of buildings.
Hypothesis: Some people are seated on a bench outside.","Premise: people are sitting on a bench in front of buildings.
Hypothesis: No one is seated on a bench outside.",,neutral,0,0,entailment,28,[]
"Premise: A woman in a striped shirt is walking a horse across a street.
Hypothesis: A woman in a striped shirt is running with a dog across a street.","Premise: A woman in a striped shirt is walking a horse across a street.
Hypothesis: A woman in a striped shirt is riding a bicycle instead of walking a horse across a street.",,entailment,2,1,entailment|neutral,37,[]
"Premise: A man in a blue shirt touches his head while talking to two women outdoors.
Hypothesis: three people talk","Premise: A man in a blue shirt touches his head while talking to two women outdoors.
Hypothesis: no one is talking",,neutral,0,0,entailment,27,[]
"Premise: A couple stands at the top of a flight of outdoor stairs kissing one another.
Hypothesis: A couple stands near some stairs.","Premise: A couple stands at the top of a flight of outdoor stairs kissing one another.
Hypothesis: A couple stands far away from any stairs.",,neutral,0,0,entailment,31,[]
"Premise: A woman with a navy sweater is looking through a blue telescope at a statue of a dinosaur.
Hypothesis: The woman is watching television","Premise: A woman with a navy sweater is looking through a blue telescope at a statue of a dinosaur.
Hypothesis: The woman is looking through a blue telescope, and since she is focused on the statue of a dinosaur, she is engaged in an activity that supports the premise.",,contradiction,2,2,contradiction|contradiction|neutral,32,[]
"Premise: There are many people in a large room with a lot of furniture with tags on them.
Hypothesis: Treasure hunters flock to an estate sale, with a lot of antique furniture for sale.","Premise: There are many people in a large room with a lot of furniture with tags on them.
Hypothesis: A group of students is studying for exams in a quiet library, while on the other side of town, there is an estate sale featuring a wide variety of tagged furniture.",,contradiction,1,5,contradiction|contradiction|contradiction|contradiction|contradiction|contradiction,43,[]
"Premise: A group of men playing music, the man holding a guitar is talking to a man with drums.
Hypothesis: A band plays salsa music.","Premise: A group of men playing music, the man holding a guitar is talking to a man with drums.
Hypothesis: A band plays classical music and uses no guitars or drums.",,entailment,1,1,entailment|contradiction,34,[]
"Premise: A man and a woman are showing their kid their little baby.
Hypothesis: A man shows off his baseball cards.","Premise: A man and a woman are showing their kid their little baby.
Hypothesis: A man at the library is reading a book about ancient history.",,contradiction,2,5,contradiction|contradiction|contradiction|contradiction|contradiction|contradiction,29,"[2, 3, 4]"
"Premise: A male wearing a football uniform kicking a football during a football game.
Hypothesis: A Dallas Cowboy player is trying to tie the playoff game.","Premise: A male wearing a football uniform kicking a football during a football game.
Hypothesis: A Dallas Cowboy player is eating lunch in the locker room while the playoff game is tied.",,neutral,1,1,neutral|contradiction,34,[]
"Premise: A man standing on a street with a suitcase in front of him while another man bends down to look at what is displayed on top of it.
Hypothesis: Two men lie on tables in the morgue.","Premise: A man standing on a street with a suitcase in front of him while another man bends down to look at what is displayed on top of it.
Hypothesis: Two men lie motionless on tables in the morgue, having no connection to the man standing on a bustling street or the one inspecting a suitcase outdoors.",,entailment,2,3,entailment|entailment|entailment|neutral,48,[]
"Premise: A group of students are walking through the campus.
Hypothesis: A group of people sit at home","Premise: A group of students are walking through the campus.
Hypothesis: A group of people are in a classroom taking an exam, not walking through the campus.",,entailment,2,1,entailment|contradiction,25,[]
"Premise: A man on a skateboard performs a trick in the air against the backdrop of a bright blue sky.
Hypothesis: A man is riding a skateboard","Premise: A man on a skateboard performs a trick in the air against the backdrop of a bright blue sky.
Hypothesis: A man is riding a bicycle",,neutral,0,0,contradiction,34,[]
"Premise: A plane flies overhead as military men stand at attention, a flag blows in the wind as a lady in red stares out towards the camera.
Hypothesis: A military event is taking place.","Premise: A plane flies overhead as military men stand at attention, a flag blows in the wind as a lady in red stares out towards the camera.
Hypothesis: There is no military presence or event happening at all.",,neutral,0,0,entailment,43,[]
"Premise: A man in a blue shirt and a woman in a pink skirt sit around other people in the background.
Hypothesis: There are some people doing the limbo.","Premise: A man in a blue shirt and a woman in a pink skirt sit around other people in the background.
Hypothesis: There are no people doing the limbo.",,neutral,2,0,contradiction,38,[]
"Premise: Two teens trying to win a prize at a carnival.
Hypothesis: The two teens were doing homework at home.","Premise: Two teens trying to win a prize at a carnival.
Hypothesis: The two teens were doing homework at home while the carnival was happening downtown.",,entailment,2,1,entailment|contradiction,28,[]
"Premise: Asian people about to perform animal balloons.
Hypothesis: dog looks at the pond","Premise: Asian people about to perform animal balloons.
Hypothesis: An Asian person is about to inflate a balloon shaped like a dog, as part of the group of Asian people performing animal balloons.",,contradiction,2,5,contradiction|contradiction|contradiction|contradiction|contradiction|contradiction,21,[]
"Premise: A schoolgirl is jumping over a low hurdle.
Hypothesis: A girl is jumping over a hurdle.","Premise: A schoolgirl is jumping over a low hurdle.
Hypothesis: A boy is sitting on the ground next to a hurdle.",,neutral,0,1,neutral|entailment,26,[]
"Premise: A man in a purple jersey is falling down while chasing a player in a green jersey playing soccer
Hypothesis: They give up and walk off the field","Premise: A man in a purple jersey is falling down while chasing a player in a green jersey playing soccer
Hypothesis: They continue playing with intense determination, and neither player shows any sign of giving up or stopping the game.",,neutral,2,5,neutral|neutral|neutral|neutral|neutral|entailment,36,[]
"Premise: A man wearing a black t-shirt that says ""Long Live the Dead"" pulls a shopping cart in the street near a NYC yellow taxi cab.
Hypothesis: The man just got done shopping.","Premise: A man wearing a black t-shirt that says ""Long Live the Dead"" pulls a shopping cart in the street near a NYC yellow taxi cab.
Hypothesis: The man enjoys collecting vintage records and recently visited a jazz concert downtown.",,contradiction,1,5,contradiction|contradiction|contradiction|contradiction|contradiction|contradiction,44,"[3, 4]"
"Premise: A man in bright shirt carrying a fallen branch.
Hypothesis: The man is sipping an ice tea in the shade of a huge maple tree.","Premise: A man in bright shirt carrying a fallen branch.
Hypothesis: The man is outside holding a fallen branch, and he is wearing a bright shirt.",,contradiction,2,3,contradiction|contradiction|contradiction|neutral,35,[]
"Premise: There are a group of track runners bracing to take off.
Hypothesis: The track runners are sitting on an airplane","Premise: There are a group of track runners bracing to take off.
Hypothesis: The track runners are bracing to take off as they line up at the starting blocks.",,contradiction,2,1,contradiction|neutral,30,[]
"Premise: A woman wearing jeans is walking down the street.
Hypothesis: A woman is walking towards a bus stop.","Premise: A woman wearing jeans is walking down the street.
Hypothesis: A man is reading a book inside a café.",,contradiction,1,1,contradiction|entailment,27,[]
"Premise: Four young female gymnasts dressed in black and blue leotards are preparing for their next routine.
Hypothesis: Gymnast group preparing for a competition.","Premise: Four young female gymnasts dressed in black and blue leotards are preparing for their next routine.
Hypothesis: A group of students is discussing their history project during lunch break.",,contradiction,0,5,contradiction|contradiction|contradiction|contradiction|contradiction|contradiction,37,"[3, 4, 5]"
"Premise: Two people are setting up a photo shoot of a mobile in a white room.
Hypothesis: The people are photographers.","Premise: Two people are setting up a photo shoot of a mobile in a white room.
Hypothesis: The people are planning a weekend trip to a nearby national park.",,contradiction,-1,5,contradiction|contradiction|contradiction|contradiction|contradiction|contradiction,29,[]
"Premise: A man wearing a white button down shirt is walking down the street.
Hypothesis: The man is walking down the street.","Premise: A man wearing a white button down shirt is walking down the street.
Hypothesis: A woman is riding a bicycle in the park.",,contradiction,0,0,entailment,30,[]
"Premise: An Ambulance is passing a man wearing a bandanna and girl.
Hypothesis: The ambulance isn't stopped by heavy traffic","Premise: An Ambulance is passing a man wearing a bandanna and girl.
Hypothesis: The ambulance is stuck in heavy traffic and cannot pass the man wearing a bandanna and girl.",,entailment,0,0,contradiction,30,[]
"Premise: A group of people, including one man carrying a silver tripod, stand in front of a large building featuring numerous columns.
Hypothesis: Gerbils chat on Gruveo.","Premise: A group of people, including one man carrying a silver tripod, stand in front of a large building featuring numerous columns.
Hypothesis: A man carrying a silver tripod stands in front of a large columned building with a group of people.",,contradiction,2,0,neutral,42,[]
"Premise: A brown dog carries an object in its mouth on a snowy hillside.
Hypothesis: A dog is carrying something.","Premise: A brown dog carries an object in its mouth on a snowy hillside.
Hypothesis: A dog is not carrying anything.",,neutral,0,0,entailment,29,[]
