original_review,counterfactual,thinking_content,original_label,ground_truth_label,refinement_rounds,pred_labels_history,orig_token_count,stalled_rounds
"Premise: Three army soldiers are holding guns and peering around a corner of a building.
Hypothesis: Soldiers are guarding a building.","Premise: Three army soldiers are holding flashlights and peering around a corner of a building near a marketplace, while a group of cyclists passes by on a nearby road and a baker delivers fresh bread to a café across the street. The soldiers are wearing winter gear and seem to be taking a break during a training exercise in a remote forest location far from any conflict zone.
Hypothesis: Soldiers are guarding a building.",,contradiction,-1,5,contradiction|contradiction|contradiction|contradiction|contradiction|contradiction,30,"[3, 5]"
"Premise: A nighttime street scene of a restaurant.
Hypothesis: The restaurant is open at night.","Premise: A nighttime street scene of a restaurant with a clearly visible ""closed"" sign and no lights on inside.
Hypothesis: The restaurant is open at night.",,neutral,0,5,neutral|neutral|neutral|neutral|neutral|neutral,23,"[3, 4, 5]"
"Premise: A small girl with short brown hair is pushing a pink scooter over grass with brown leaves with threes in the background
Hypothesis: The girl is outside.","Premise: A small girl with short brown hair is pushing a pink scooter over grass with brown leaves with trees in a classroom.
Hypothesis: The girl is outside.",,neutral,0,1,neutral|contradiction,37,[]
"Premise: A child dressed in purple clothing and a hat runs in splashing water while a man and a small boy walk nearby.
Hypothesis: a child enjoys summer vacation","Premise: A child dressed in purple clothing and a hat runs in splashing water while a man and a small boy walk nearby, and the child is clearly upset and crying, saying it hates summer vacation.
Hypothesis: a child enjoys summer vacation",,neutral,1,5,neutral|neutral|neutral|neutral|neutral|neutral,37,"[2, 3, 4, 5]"
"Premise: A man in a business suit screaming at the camera.
Hypothesis: A business man is giving a heated interview for the local news.","Premise: A man in a business suit calmly smiling at the camera.
Hypothesis: A business man is giving a heated interview for the local news.",,neutral,1,0,contradiction,32,[]
"Premise: A ballerina standing on the toes of one food with one arm up in the air and one leg lifted behind her.
Hypothesis: The ballerina hates this.","Premise: A ballerina standing on the toes of one foot with one arm up in the air and one leg lifted behind her, while a street vendor arranges fruit displays nearby and a dog chases a squirrel at the park entrance.
Hypothesis: The ballerina hates this.",,contradiction,1,5,contradiction|contradiction|contradiction|contradiction|contradiction|contradiction,40,[]
"Premise: Two men are sitting in a restaurant while one of them holds a piece of paper up to the camera.
Hypothesis: Two men are sitting watching a movie.","Premise: Two men are sitting in a restaurant while one of them holds a piece of paper up to the camera. A clock on the wall shows the time, and the menu is written in both English and Spanish. The day is cloudy, and a few leaves are falling outside the window. Meanwhile, in a different part of the world, a library is hosting a poetry reading event for the community.
Hypothesis: Two men are sitting watching a movie.",,contradiction,2,5,contradiction|contradiction|contradiction|contradiction|contradiction|contradiction,37,[]
"Premise: Expert snowboard is trying a new trick.
Hypothesis: The person is snowboarding.","Premise: A cook is preparing a new recipe in the kitchen. A cat is napping on the porch. A car is driving past a bookstore.
Hypothesis: The person is snowboarding.",,contradiction,0,1,contradiction|entailment,23,[]
"Premise: A boy plays his trumpet during a performance with his band.
Hypothesis: A human with a trumpet","Premise: A boy does not play his trumpet during a performance with his band.
Hypothesis: A human with a trumpet",,neutral,0,5,neutral|neutral|neutral|neutral|neutral|neutral,25,"[1, 2, 3, 4, 5]"
"Premise: The man in the black shirt is skateboarding on the front steps of the building.
Hypothesis: A person with a dark top is outside doing something active.","Premise: The woman in the red dress is watering the garden in her backyard.
Hypothesis: A person with a dark top is outside doing something active.",,contradiction,0,2,contradiction|contradiction|neutral,37,[]
"Premise: Many people sit, some stand outside of a large brick building.
Hypothesis: people are throwing rocks at each other","Premise: Many people sit quietly, and no one is standing or engaging in any physical activity outside of a large brick building.
Hypothesis: people are throwing rocks at each other",,entailment,2,5,entailment|entailment|entailment|entailment|entailment|entailment,28,"[1, 2, 3, 4, 5]"
"Premise: A small girl with braids blowing bubbles.
Hypothesis: A young boy plays with his yo-yo.","Premise: A young boy with braids plays with his yo-yo.
Hypothesis: A young boy plays with his yo-yo.",,contradiction,2,0,neutral,27,[]
"Premise: Man in robe making designs on dirt ground.
Hypothesis: A man making designs in the dirt outside.","Premise: Man in robe making designs on dirt ground inside a building with no access to the outside.
Hypothesis: A man making designs in the dirt outside.",,neutral,0,2,neutral|neutral|contradiction,26,[1]
"Premise: A girl is about to hit a tennis ball coming from above her with a racket
Hypothesis: A girl is playing tennis.","Premise: A girl is sitting on a chair and not moving, while a soccer ball comes from above her and hits the racket that is lying on the ground next to her.
Hypothesis: A girl is playing tennis.",,neutral,0,5,neutral|neutral|neutral|neutral|neutral|neutral,31,"[4, 5]"
"Premise: A man in military uniform points as three other men watch.
Hypothesis: the man is training some guys","Premise: A man in military uniform points at a map while three other men watch and a child plays with a toy nearby. A cat is sleeping on a windowsill across the room. The sky outside is partly cloudy, and a car passes by on the distant street. A baker is preparing bread in a kitchen far away. A clock tower chimes in the background.
Hypothesis: the man is training some guys",,contradiction,1,5,contradiction|contradiction|contradiction|contradiction|contradiction|contradiction,26,[2]
"Premise: A little boy with an orange backpack walks under a tree through the woods.
Hypothesis: A boy walks through the woods.","Premise: A little boy with an orange backpack is reading a book about space under a tree in the park while his dog plays nearby.
Hypothesis: A boy walks through the woods.",,contradiction,0,5,contradiction|contradiction|contradiction|contradiction|contradiction|contradiction,30,"[2, 4]"
"Premise: Two young boys wearing shorts and sandals throw pebbles from a dirt path into a body of water.
Hypothesis: The two young boys are playing kickball at the park.","Premise: Two young boys wearing shorts and sandals are playing kickball on a dirt path near a body of water.
Hypothesis: The two young boys are playing kickball at the park.",,contradiction,2,0,neutral,41,[]
"Premise: A woman sweeping in front of a ladder on a busy street.
Hypothesis: A woman cleans up near a ladder","Premise: A woman sweeping in front of a ladder on a busy street while a musician plays a guitar nearby.
Hypothesis: A woman cleans up near a ladder",,contradiction,0,5,contradiction|contradiction|contradiction|contradiction|contradiction|neutral,28,[]
"Premise: A dirty, shirtless homeless man sits on the sidewalk, holding his cup up to passerby asking for change.
Hypothesis: A homeless man begs.","Premise: A dirty, shirtless homeless man sits on the sidewalk reading a book, while a woman waters plants nearby and a man in a suit holds his cup up to passerby asking for change.
Hypothesis: A homeless man begs.",,contradiction,0,1,contradiction|neutral,36,[]
"Premise: A young man appears bored in a restaurant.
Hypothesis: A young person appears bored in a restaurant.","Premise: A young man clearly appears happy in a restaurant.
Hypothesis: A young person appears bored in a restaurant.",,neutral,0,5,neutral|neutral|neutral|neutral|neutral|neutral,26,"[1, 3, 4, 5]"
"Premise: A boy in a blue shirt plays in a jumping tent.
Hypothesis: Rent your own bouncy house today","Premise: A boy in a blue shirt refuses to play in a jumping tent.
Hypothesis: Rent your own bouncy house today",,neutral,1,0,contradiction,27,[]
"Premise: A man looks mysterious in a blue shirt and a red truck for a company called Wilbert.
Hypothesis: A woman cuts eggplant.","Premise: A woman is cutting an eggplant in a blue shirt near a red truck for a company called Wilbert. She is carefully slicing the eggplant as part of her task.
Hypothesis: A woman cuts eggplant.",,contradiction,2,1,contradiction|neutral,33,[]
"Premise: This off-roading driver has tipped his truck.
Hypothesis: A Ferrari goes through the drive-thru.","Premise: A Ferrari goes through the drive-thru, and an off-roading driver tips his truck because he sees the Ferrari doing so.
Hypothesis: A Ferrari goes through the drive-thru.",,contradiction,2,5,contradiction|contradiction|contradiction|contradiction|contradiction|contradiction,27,"[4, 5]"
"Premise: Two young girls, one wearing a pink jacket and the other in a dark-colored jacket, are playing in the snow and having a snowball fight in a clearing outside of a wooded area.
Hypothesis: Two girls are sleeping","Premise: Two young girls, one wearing a pink jacket and the other in a dark-colored jacket, are sleeping inside a cabin near a wooded area.
Hypothesis: Two girls are sleeping",,entailment,2,0,neutral,50,[]
"Premise: This man is working with an I-pad.
Hypothesis: the man is typing a paper","Premise: This man is working with an I-pad and is typing a paper.
Hypothesis: the man is typing a paper",,contradiction,1,0,neutral,23,[]
"Premise: Three people are sitting at a small table near a screen with the words, ""DEMOS, The Business of Care.""
Hypothesis: A trio of humans is sitting.","Premise: The small table near a screen with the words, ""DEMOS, The Business of Care,"" is completely empty with no people sitting at it.
Hypothesis: A trio of humans is sitting.",,neutral,0,5,neutral|neutral|neutral|neutral|neutral|neutral,39,"[2, 3, 4, 5]"
"Premise: A snowboarder on a wide plain of snow
Hypothesis: A snowboarder gliding over a field of snow","Premise: A snowboarder on a wide plain of snow is standing still and not moving
Hypothesis: A snowboarder gliding over a field of snow",,neutral,1,5,neutral|neutral|neutral|neutral|neutral|neutral,30,"[3, 4, 5]"
"Premise: Men at a party hanging out on the front porch.
Hypothesis: They are smoking cigarettes on the porch.","Premise: Men at a party hanging out on the front porch. A bird is perched on a nearby tree, and a group of children is playing on the sidewalk across the street. A bakery two blocks away is giving out free samples, while a car parade slowly makes its way down the avenue. A local bookstore is hosting a poetry reading downtown, and it's raining lightly in the next neighborhood.
Hypothesis: They are smoking cigarettes on the porch.",,contradiction,1,5,contradiction|contradiction|contradiction|contradiction|contradiction|contradiction,27,[]
"Premise: A person crossing a bridge with train tracks.
Hypothesis: A person jumped off the side of the bridge.","Premise: A person stood on the side of a bridge with train tracks and then jumped off.
Hypothesis: A person jumped off the side of the bridge.",,contradiction,2,0,neutral,27,[]
"Premise: A beach boardwalk during summertime.
Hypothesis: A wooden path towards the shore.","Premise: A beach boardwalk during summertime with a nearby ice cream stand and a group of cyclists passing by on the road. A baker is preparing bread in a nearby kitchen, and a group of students is rehearsing a play in a park across town.
Hypothesis: A wooden path towards the shore.",,contradiction,0,5,contradiction|contradiction|contradiction|contradiction|contradiction|contradiction,23,"[3, 4]"
"Premise: A woman is carrying two children in the middle of a large crowd.
Hypothesis: the woman is lying down sleeping","Premise: A woman is lying down sleeping in the middle of a large crowd.
Hypothesis: the woman is lying down sleeping",,entailment,2,0,neutral,28,[]
"Premise: a wet golden retriever is walking through a lake
Hypothesis: A wet golden retriever is in a lake.","Premise: a dry golden retriever is walking through a desert
Hypothesis: A wet golden retriever is in a lake.",,neutral,0,1,neutral|contradiction,29,[]
"Premise: A woman wearing a striped wrap is bent over in a cornfield while looking at the camera.
Hypothesis: A woman wearing a striped wrap is looking at the camera.","Premise: A man wearing a striped wrap is bent over in a cornfield while looking at the camera.
Hypothesis: A woman wearing a striped wrap is looking at the camera.",,neutral,0,0,contradiction,39,[]
"Premise: This is a very large vegetable stand under a white tent.
Hypothesis: People are eating fast food.","Premise: This is a very large vegetable stand under a white tent. A nearby library is hosting a book sale, and several children are playing with a toy train set on the sidewalk. The weather is overcast, and a clock tower rings in the distance.
Hypothesis: People are eating fast food.",,contradiction,2,5,contradiction|contradiction|contradiction|contradiction|contradiction|contradiction,26,[]
"Premise: A person standing next to an old dark building.
Hypothesis: A person standing near a building.","Premise: A person is sitting inside a brightly lit modern building.
Hypothesis: A person standing near a building.",,neutral,0,5,neutral|neutral|neutral|neutral|neutral|neutral,25,"[2, 3, 4, 5]"
"Premise: a man sitting on a motorcycle with a sunset directly behind him
Hypothesis: A man sitting on his motorcycle with the sunset directly behind him outside.","Premise: a man sitting on a motorcycle with a bright morning sun directly behind him, inside a garage
Hypothesis: A man sitting on his motorcycle with the sunset directly behind him outside.",,neutral,0,1,neutral|contradiction,35,[]
"Premise: Two men wearing dirty clothing are sitting on a sidewalk with their dog and begging for money using a cardboard sign.
Hypothesis: These two illiterate men convinced their dog to write a panhandling sign for them.","Premise: Two men wearing dirty clothing are sitting on a sidewalk with their dog and begging for money using a cardboard sign. A local bakery is handing out free samples nearby.
Hypothesis: These two illiterate men convinced their dog to write a panhandling sign for them.",,contradiction,2,5,contradiction|contradiction|contradiction|contradiction|contradiction|contradiction,47,[]
"Premise: A boy in a yellow shirt running by some birds.
Hypothesis: The boy is moving very fast.","Premise: A boy in a yellow shirt is sitting still by some birds.
Hypothesis: The boy is moving very fast.",,neutral,1,5,neutral|neutral|neutral|neutral|neutral|neutral,26,"[3, 4, 5]"
"Premise: People jump over a mountain crevasse on a rope.
Hypothesis: People are jumping outside.","Premise: People are jumping over a mountain crevasse on a rope inside a building.
Hypothesis: People are jumping outside.",,neutral,0,5,neutral|neutral|neutral|neutral|neutral|neutral,25,"[2, 3, 4]"
"Premise: Many people have decided to take a rest on the steps.
Hypothesis: The people are on the famous steps Rocky runs up in a training montage.","Premise: Many people have decided to take a rest on the steps near the local theater after a community art event.
Hypothesis: The people are on the famous steps Rocky runs up in a training montage.",,contradiction,1,1,contradiction|neutral,35,[]
"Premise: A group of kids is splashing in deep water nearby a rock formation.
Hypothesis: They are wearing lifejackets","Premise: A group of kids is splashing in deep water nearby a rock formation while a street musician plays guitar on a nearby bench and a delivery truck unloads packages at a local store.
Hypothesis: They are wearing lifejackets",,contradiction,1,5,contradiction|contradiction|contradiction|contradiction|contradiction|contradiction,29,[]
"Premise: Four men stand in a circle facing each other playing brass instruments which people watch them.
Hypothesis: The men are watching a sports channel","Premise: Four men stand in a circle facing each other playing brass instruments while a group of people watches from a distance. A baker prepares bread in a nearby kitchen, and a child draws pictures on a piece of paper. A cat naps under a tree, and a bird flies overhead. Meanwhile, a local radio station is broadcasting a weather update.
Hypothesis: The men are watching a sports channel",,contradiction,2,5,contradiction|contradiction|contradiction|contradiction|contradiction|contradiction,32,[]
"Premise: A drummer wearing a plaid shirt, jeans, and a purple had bangs his drum.
Hypothesis: A trumpeter practices for an orchestra.","Premise: A trumpeter wearing a plaid shirt, jeans, and a purple hat practices for an orchestra.
Hypothesis: A trumpeter practices for an orchestra.",,contradiction,2,0,neutral,35,[]
"Premise: A boy in a hat and glasses is playing a guitar.
Hypothesis: A boy is playing piano.","Premise: A boy in a hat and glasses is not playing a guitar but is playing a piano.
Hypothesis: A boy is playing piano.",,entailment,2,1,entailment|neutral,26,[]
"Premise: A female dancer wearing all white dancing while a photographer wearing all white takes her picture.
Hypothesis: A girl is dancing and anothe man take a photo","Premise: A female dancer wearing all white dances while a photographer wearing all white takes her picture near a fountain in a quiet plaza. A few blocks away, a group of people is debating politics at a café, and a musician practices a violin under a tree in a different park.
Hypothesis: A girl is dancing and anothe man take a photo",,contradiction,1,5,contradiction|contradiction|contradiction|contradiction|contradiction|contradiction,36,[2]
"Premise: Two girls wearing hats are running through snow drifts outside.
Hypothesis: one girl running","Premise: Two girls wearing hats are not running through snow drifts outside; they are both standing still.
Hypothesis: one girl running",,neutral,2,5,neutral|neutral|neutral|neutral|neutral|neutral,23,"[1, 2, 3, 4]"
"Premise: A man and a child are laughing at each other.
Hypothesis: Two people are laughing.","Premise: A man and a child are not laughing at each other, and neither is laughing at all.
Hypothesis: Two people are laughing.",,neutral,0,5,neutral|neutral|neutral|neutral|neutral|neutral,24,"[2, 3, 4, 5]"
"Premise: The man is digging in the sand while others watch to see what he discovers.
Hypothesis: a man is digging for gold.","Premise: The man is digging in the sand while others watch, but he is clearly searching for artifacts, not gold.
Hypothesis: a man is digging for gold.",,neutral,1,2,neutral|neutral|contradiction,31,[]
"Premise: Two NHL hockey players prepare to fight over a puck during a face off.
Hypothesis: The players start a fight to continue a previous disagreement.","Premise: Two NHL hockey players prepare to fight over a puck during a face off near the goaltender, who is adjusting his helmet nearby.
Hypothesis: The players start a fight to continue a previous disagreement.",,contradiction,1,0,neutral,34,[]
"Premise: A child in an orange outfit stands holding flowers.
Hypothesis: The boy has a gift for his mother.","Premise: A child in an orange outfit stands holding flowers near a bicycle parked by the sidewalk, while a cat naps on a nearby bench and a flag waves in the breeze. A dog plays fetch with a ball in the distance.
Hypothesis: The boy has a gift for his mother.",,contradiction,1,5,contradiction|contradiction|contradiction|contradiction|contradiction|contradiction,27,[]
"Premise: A policeman on a motorcycle from the rear.
Hypothesis: An officer watching a jail cell.","Premise: A policeman on a motorcycle from the front.
Hypothesis: An officer watching a jail cell.",,entailment,2,0,contradiction,24,[]
"Premise: Two young boys are playing with a toy train set on a wood floor.
Hypothesis: Two girls are playing with dolls.","Premise: Two young girls are playing with dolls on a wood floor.
Hypothesis: Two girls are playing with dolls.",,contradiction,2,0,neutral,30,[]
"Premise: four people standing on a hiking trail in a forest with big tree logs on the ground close to them.
Hypothesis: Nobody is standing","Premise: four people are sitting on a hiking trail in a forest with big tree logs on the ground close to them.
Hypothesis: Nobody is standing",,entailment,2,1,entailment|contradiction,32,[]
"Premise: A closeup of an older man with glasses speaking.
Hypothesis: The woman is doing a speech.","Premise: A closeup of an older man with glasses speaking loudly that women should not give speeches.
Hypothesis: The woman is doing a speech.",,neutral,2,5,neutral|neutral|neutral|neutral|neutral|neutral,26,[2]
"Premise: People sitting in a dim restaurant eating.
Hypothesis: People are eating food.","Premise: People sitting in a dim restaurant not eating and leaving the restaurant hungry.
Hypothesis: People are eating food.",,neutral,0,5,neutral|neutral|neutral|neutral|neutral|neutral,21,"[1, 3, 4, 5]"
"Premise: Child plays with pigeon in busy public area while group of people watch him play.
Hypothesis: A group of people take turns carrying an injured child.","Premise: Child plays with pigeon in busy public area while group of people watch him play near a food vendor selling pretzels. A separate group of people is discussing a nearby art installation. A man in the distance is reading a newspaper on a bench. A cyclist passes by heading toward the train station. A science museum is hosting an interactive light exhibit several blocks away.
Hypothesis: A group of people take turns carrying an injured child.",,contradiction,2,5,contradiction|contradiction|contradiction|contradiction|contradiction|contradiction,35,[5]
"Premise: A woman plays in the wind, with a furry brown dog.
Hypothesis: The dog is a shitzu.","Premise: A woman plays in the wind, with a small, furry, brown shitzu dog.
Hypothesis: The dog is a shitzu.",,contradiction,1,0,neutral,29,[]
"Premise: Man sitting on bench with suitcase waiting for his source of transportation.
Hypothesis: The man is on a treadmill.","Premise: Man sitting on bench with suitcase waiting for his source of transportation outside a stationary location while clearly not on a treadmill.
Hypothesis: The man is on a treadmill.",,entailment,2,1,entailment|neutral,28,[]
"Premise: A black man wearing a down jacket with his arms spread and holding a pink comb.
Hypothesis: A man was wearing a jacket in winter.","Premise: A black man not wearing a jacket, with his arms spread and holding a pink comb in the middle of summer.
Hypothesis: A man was wearing a jacket in winter.",,neutral,1,5,neutral|neutral|neutral|neutral|neutral|neutral,34,"[2, 3, 4, 5]"
"Premise: A blond little boy in an orange sweatshirt with red sleeves is using scissors to cut something.
Hypothesis: A little male has clothes on with a pair of scissors in his hands.","Premise: A blond little boy in an orange sweatshirt with red sleeves is not wearing any clothes and is using a knife to cut something.
Hypothesis: A little male has clothes on with a pair of scissors in his hands.",,neutral,0,5,neutral|neutral|neutral|neutral|neutral|neutral,42,"[2, 3, 4, 5]"
"Premise: People in motion down a city sidewalk.
Hypothesis: People are walking to an event.","Premise: People in motion down a city sidewalk, while a street performer plays music nearby.
Hypothesis: People are walking to an event.",,contradiction,1,0,neutral,23,[]
"Premise: A scruffy man is standing in front of a red shopping cart filled with boxes.
Hypothesis: A clean shaven man with an empty blue shopping cart.","Premise: A clean shaven man is standing in front of a red shopping cart filled with boxes.
Hypothesis: A clean shaven man with an empty blue shopping cart.",,entailment,2,0,contradiction,37,[]
"Premise: A woman in black walks down the street in front of a graffited wall.
Hypothesis: A lady walks down the street.","Premise: A woman in black walks down the street in front of a graffited wall while a group of cyclists passes by on the sidewalk. The weather forecast mentions possible thunderstorms later in the day.
Hypothesis: A lady walks down the street.",,contradiction,0,1,contradiction|neutral,32,[]
"Premise: This person looks to be snowboarding on a very small pile of snow on a sunny cold day.
Hypothesis: timmy stares at the remains of Jimmy hoffa","Premise: This person looks to be snowboarding on a very small pile of snow on a sunny cold day, and Timmy is clearly visible far away, laughing at the remains of Jimmy Hoffa while riding a skateboard, and he is staring directly away from them, showing no interest in the remains at all.
Hypothesis: timmy stares at the remains of Jimmy hoffa",,neutral,2,5,neutral|neutral|neutral|neutral|neutral|neutral,39,[]
"Premise: An elderly lady holding a scruffy dog and smiling contently.
Hypothesis: a woman holding a scruffy dog","Premise: An elderly lady who does not hold a scruffy dog and is smiling contently.
Hypothesis: a woman holding a scruffy dog",,neutral,0,5,neutral|neutral|neutral|neutral|neutral|neutral,28,"[1, 2, 3, 4, 5]"
"Premise: A father is teaching his son how to ride a bicycle.
Hypothesis: The boy is improving quickly.","Premise: A father is teaching his son how to ride a bicycle while a baker across the street is delivering loaves to a local café, and a group of birds is chirping nearby. A child is drawing on the sidewalk with chalk a few blocks away, and a library is hosting a book fair downtown.
Hypothesis: The boy is improving quickly.",,contradiction,1,5,contradiction|contradiction|contradiction|contradiction|contradiction|contradiction,26,[]
"Premise: The girl wearing a brown jacket whilst walking in snow.
Hypothesis: A woman is eating pasta in a restaurant.","Premise: A woman is eating pasta in a restaurant while wearing a brown jacket and there is snow outside.
Hypothesis: A woman is eating pasta in a restaurant.",,contradiction,2,0,neutral,28,[]
"Premise: A man with a beard is playing an acoustic guitar on the street.
Hypothesis: The man tries to make some money from tips.","Premise: A man with a beard is playing an acoustic guitar on the street while a bird lands on his shoulder.
Hypothesis: The man tries to make some money from tips.",,contradiction,1,1,contradiction|neutral,32,[]
"Premise: A small child with a backpack walks down a narrow road next to a painted wall.
Hypothesis: A small child is walking on a road","Premise: A small child with a backpack walks down a narrow road next to a painted wall, while a group of hikers is preparing gear at the edge of a nearby forest.
Hypothesis: A small child is walking on a road",,contradiction,0,1,contradiction|neutral,33,[]
"Premise: A young man holding a young woman in his arms as they get splashed by water shooting up from a fountain.
Hypothesis: A young couple is very much in love.","Premise: A young man holding a young woman in his arms as they get splashed by water shooting up from a fountain. The sky is overcast, and a bus is unloading passengers at a stop several blocks away. A street cleaner is sweeping leaves off the sidewalk, and a man in a suit is reading a newspaper on a park bench. A flock of birds flies overhead, and a street sign nearby indicates the speed limit has been reduced due to construction.
Hypothesis: A young couple is very much in love.",,contradiction,1,5,contradiction|contradiction|contradiction|contradiction|contradiction|contradiction,40,[]
"Premise: A man and a child are purchasing ice cream from a man with a hand pushed ice cream cart.
Hypothesis: A father is buying his daughter ice cream.","Premise: A man and a child are purchasing ice cream from a man with a hand-pushed ice cream cart, while a woman nearby is feeding pigeons in the park.
Hypothesis: A father is buying his daughter ice cream.",,contradiction,1,0,neutral,37,[]
"Premise: A female covering her face in laughter at the dinner table.
Hypothesis: A woman has heard a joke.","Premise: A female covering her face in anger at the dinner table and clearly stating she has not heard the joke.
Hypothesis: A woman has heard a joke.",,neutral,1,5,neutral|neutral|neutral|neutral|neutral|neutral,27,"[3, 4, 5]"
"Premise: A mom and her boy are riding in a bumper car.
Hypothesis: The mom and boy are at an amusement park.","Premise: A mom and her boy are riding in a bumper car at home in the garage.
Hypothesis: The mom and boy are at an amusement park.",,neutral,0,0,contradiction,30,[]
"Premise: Police officer wearing a brown uniform talks into a wireless microphone.
Hypothesis: A police officer is silent.","Premise: A police officer is not speaking and is listening to instructions through headphones.
Hypothesis: A police officer is silent.",,contradiction,2,0,neutral,26,[]
"Premise: In a snowy residential environment, a man with a brown jacket and gray mustache and beard places a hand on a felled log while another man in a blue shirt is blurry on the right side of the photo.
Hypothesis: The log is for firewood.","Premise: In a snowy residential environment, a man with a brown jacket and gray mustache and beard places a hand on a felled log while another man in a blue shirt is blurry on the right side of the photo. A delivery truck is parked near the entrance of a nearby building, and a child is playing with a red ball in the distance.
Hypothesis: The log is for firewood.",,contradiction,1,5,contradiction|contradiction|contradiction|contradiction|contradiction|contradiction,58,[]
"Premise: A woman crosses the street with a baby in her arms.
Hypothesis: A woman crosses the street carrying her baby boy.","Premise: A woman crosses the street with a baby in her arms, and the baby is not her son.
Hypothesis: A woman crosses the street carrying her baby boy.",,neutral,1,5,neutral|neutral|neutral|neutral|neutral|neutral,30,"[2, 4, 5]"
"Premise: A woman in a brown jacket and jeans is kneeling on a brick road while taking a picture of another woman posing.
Hypothesis: The woman posing is a famous model.","Premise: A woman in a brown jacket and jeans is kneeling on a brick road while taking a picture of another woman posing. A cat is sleeping on a bench nearby, and there are several parked cars along the roadside. The sky is clear, and a group of cyclists is riding by in the distance.
Hypothesis: The woman posing is a famous model.",,contradiction,1,5,contradiction|contradiction|contradiction|contradiction|contradiction|contradiction,39,[]
"Premise: An older women tending to a garden.
Hypothesis: The lady is cooking dinner","Premise: An older woman tending to a garden while reading a book about history, and a man fixing a bicycle nearby.
Hypothesis: The lady is cooking dinner",,contradiction,2,5,contradiction|contradiction|contradiction|contradiction|contradiction|contradiction,22,"[3, 4, 5]"
"Premise: The three young children played with some toilet paper in the grass.
Hypothesis: The three young children are throwing the toilet paper around.","Premise: The three young children sat quietly on the couch and left the toilet paper untouched.
Hypothesis: The three young children are throwing the toilet paper around.",,neutral,1,1,neutral|entailment,32,[]
"Premise: Man and woman rowing on surfboards third rower in distance.
Hypothesis: Couples rowing on surfboards.","Premise: Man and woman rowing on surfboards, third rower in distance is a dog riding a skateboard.
Hypothesis: Couples rowing on surfboards.",,neutral,0,2,neutral|neutral|contradiction,29,[]
"Premise: A golden retriever nurses puppies.
Hypothesis: Puppies next to their mother","Premise: A golden retriever is resting in a garden near a group of children playing with a toy train outside a library, while a baker prepares apple pies in the next room and a bird sings in the trees.
Hypothesis: Puppies next to their mother",,contradiction,0,5,contradiction|contradiction|contradiction|contradiction|contradiction|contradiction,21,[]
"Premise: A performer plays an instrument for the audience.
Hypothesis: The instrument plays a performer for an audience.","Premise: A painter arranges brushes on a table near a window.
Hypothesis: The instrument plays a performer for an audience.",,entailment,2,0,contradiction,26,[]
"Premise: A man throws his young boy playfully into the air standing on a beach.
Hypothesis: A Dad and son is playing on the beach.","Premise: A man throws his young boy playfully into the air standing on a beach, while a group of cyclists pass by on a nearby path.
Hypothesis: A Dad and son is playing on the beach.",,contradiction,0,0,neutral,34,[]
"Premise: A dog jumping for a Frisbee in the snow.
Hypothesis: A cat washes his face and whiskers with his front paw.","Premise: A dog barks at a cat that is washing his face and whiskers with his front paw.
Hypothesis: A cat washes his face and whiskers with his front paw.",,entailment,2,1,entailment|contradiction,34,[]
"Premise: Small girl riding in play car.
Hypothesis: A girl is riding in a toy car.","Premise: Small girl riding in play car. The sky is blue.
Hypothesis: A girl is riding in a toy car.",,contradiction,0,5,contradiction|contradiction|contradiction|contradiction|contradiction|contradiction,24,[]
"Premise: People walk outside ""The Tempe Bar"".
Hypothesis: People move around outside.","Premise: No one walks outside ""The Tempe Bar"" and all people are indoors.
Hypothesis: People move around outside.",,neutral,0,5,neutral|neutral|neutral|neutral|neutral|neutral,22,"[2, 3, 4, 5]"
"Premise: A group of people having a conversation.
Hypothesis: People are talking about politics.","Premise: A group of people having a conversation about only weather and sports, not politics.
Hypothesis: People are talking about politics.",,neutral,1,5,neutral|neutral|neutral|neutral|neutral|neutral,22,"[1, 2, 3, 4, 5]"
"Premise: A man in an army uniform speaks into a microphone.
Hypothesis: A soldier speaks into the microphone.","Premise: A woman in an army uniform does not speak into a microphone.
Hypothesis: A soldier speaks into the microphone.",,neutral,0,5,neutral|neutral|neutral|neutral|neutral|neutral,26,"[2, 3, 4, 5]"
"Premise: A child sits in a tree holding a branch.
Hypothesis: The adult jumped up onto the tree.","Premise: An adult sits in a tree holding a branch and declares they will not jump.
Hypothesis: The adult jumped up onto the tree.",,neutral,2,5,neutral|neutral|neutral|neutral|neutral|neutral,26,"[2, 3, 4]"
"Premise: A man with a beer in his hand listens to a woman talk.
Hypothesis: A man has a beer with him.","Premise: A man with no beer in his hand listens to a woman talk.
Hypothesis: A man has a beer with him.",,neutral,0,5,neutral|neutral|neutral|neutral|neutral|neutral,30,"[1, 2, 3, 4, 5]"
"Premise: Two little boys are smiling and laughing while one is standing and one is in a bouncy seat.
Hypothesis: The little boys are crying.","Premise: Two little boys are smiling and laughing while one is standing and one is in a bouncy seat. A cat is napping on the windowsill nearby. The sky is cloudy outside. The refrigerator is making a humming sound in the kitchen.
Hypothesis: The little boys are crying.",,contradiction,2,3,contradiction|contradiction|contradiction|neutral,34,[]
"Premise: Two men in suits standing in front of a bus, one is wearing a medal.
Hypothesis: Two men are standing in front of a large vehicle.","Premise: Two men in suits sitting in front of a bus, one is wearing a medal and explicitly stating they are not standing.
Hypothesis: Two men are standing in front of a large vehicle.",,neutral,0,5,neutral|neutral|neutral|neutral|neutral|neutral,36,"[2, 3, 4, 5]"
"Premise: A woman is cutting into a sandwich while sitting at an outdoor table.
Hypothesis: The lady on the table is cutting her sandwhich","Premise: A woman is cutting into a sandwich while sitting at an outdoor table, and a man is reading a book at a train station.
Hypothesis: The lady on the table is cutting her sandwhich",,contradiction,0,2,contradiction|contradiction|neutral,32,[]
"Premise: Three men are working with their bikes in the shoulder of a road.
Hypothesis: The men's bikes broke.","Premise: Three men are working with their bikes in the shoulder of a road, setting up a new system for recycling nearby bottles. A group of birds is flying overhead, and a local bakery is handing out free samples a few blocks away.
Hypothesis: The men's bikes broke.",,contradiction,1,5,contradiction|contradiction|contradiction|contradiction|contradiction|contradiction,28,"[2, 5]"
"Premise: A boy and a girl stand in a median amongst Mike Huckabee signs.
Hypothesis: Two people stand on a median with advertising signs.","Premise: A boy and a girl sit in a parking lot with no signs present at all, far from any median or political advertisements.
Hypothesis: Two people stand on a median with advertising signs.",,neutral,0,1,neutral|entailment,32,[]
"Premise: A man who wears glasses, a blue shirt and a Chicago White Sox cap holds a young boy who also wears a blue shirt.
Hypothesis: The man the baseball is taking his son to a baseball game today.","Premise: A man who wears glasses, a blue shirt and a Chicago White Sox cap holds a young boy who also wears a blue shirt while reading a book about astronomy at the library.
Hypothesis: The man the baseball is taking his son to a baseball game today.",,contradiction,1,5,contradiction|contradiction|contradiction|contradiction|contradiction|contradiction,48,[]
"Premise: Naked children play on the muddy riverbank.
Hypothesis: THE NUDE KIDS PLAYED ON THE RIVERBANK IN THE MUD JUST TO HAVE A MUD BATH","Premise: A group of children in muddy clothes play on the riverbank near a picnic area while a family packs up their belongings after a meal. A distant farmer is checking crops on a nearby field. A group of hikers is seen walking along a trail in the mountains in the background. A baker is delivering fresh bread to a small village nearby.
Hypothesis: THE NUDE KIDS PLAYED ON THE RIVERBANK IN THE MUD JUST TO HAVE A MUD BATH",,contradiction,1,5,contradiction|contradiction|contradiction|contradiction|contradiction|contradiction,43,[5]
"Premise: A boy runs as others play on a homemade slip and slide.
Hypothesis: A boy is running.","Premise: A boy is sitting still as others play on a homemade slip and slide.
Hypothesis: A boy is running.",,neutral,0,1,neutral|entailment,26,[]
"Premise: A rescue worker searches with a flashlight under a slab in a ruined building.
Hypothesis: A rescue worker searches for survivors.","Premise: A rescue worker shines a flashlight on a clean, empty field far from any ruined buildings.
Hypothesis: A rescue worker searches for survivors.",,neutral,1,0,contradiction,30,[]
"Premise: People boating on a lake with the sun through the clouds in the distance.
Hypothesis: people on boat","Premise: There were no people on a boat, and the lake was completely empty with the sun shining through the clouds in the distance.
Hypothesis: people on boat",,neutral,0,5,neutral|neutral|neutral|neutral|neutral|neutral,27,"[3, 4, 5]"
"Premise: The man white purple and white polka-dotted shirts is eating and looking to his right while the woman behind him has a confused look on her face.
Hypothesis: The guy is eating a sandwich while a lady wonders what's in the sandwich.","Premise: The man in white and purple polka-dotted shirts is not eating and is looking to his right while the woman behind him is clearly happy and smiling and there is no sandwich in sight.
Hypothesis: The guy is eating a sandwich while a lady wonders what's in the sandwich.",,neutral,1,5,neutral|neutral|neutral|neutral|neutral|neutral,55,"[2, 3, 4]"
"Premise: A dog with a collar on lying on the street.
Hypothesis: There is an animal outdoors.","Premise: A dog with a collar on lying inside a house with all doors and windows closed and no access to the outdoors.
Hypothesis: There is an animal outdoors.",,neutral,0,5,neutral|neutral|neutral|neutral|neutral|neutral,25,[5]
"Premise: Performer who is wearing 2 hats a scary mask and a black and white robe.
Hypothesis: The actor playing Voldemort is wearing a scary mask and a black and white robe.","Premise: Performer who is wearing a clown costume and a birthday hat, and explicitly states they are not playing Voldemort.
Hypothesis: The actor playing Voldemort is wearing a scary mask and a black and white robe.",,neutral,1,3,neutral|neutral|neutral|contradiction,42,[]
"Premise: Sports team members practice and relax on a basketball court.
Hypothesis: Team members of a sport is relaxing after practice.","Premise: Sports team members do not relax and immediately leave the basketball court after practice.
Hypothesis: Team members of a sport is relaxing after practice.",,neutral,0,5,neutral|neutral|neutral|neutral|neutral|neutral,29,"[1, 2, 3, 5]"
"Premise: A referee with a whistle in his mouth points to the right and watches as a player with the basketball bends down with a defensive player.
Hypothesis: A referee blows a whistle","Premise: A referee without a whistle points to the right and watches as a player with the basketball bends down with a defensive player.
Hypothesis: A referee blows a whistle",,neutral,-1,5,neutral|neutral|neutral|neutral|neutral|neutral,40,"[3, 4, 5]"
"Premise: A man, wearing a cap, is pushing a cart, on which large display boards are kept, on a road.
Hypothesis: The person is stealing display boards.","Premise: A man, wearing a cap, is pushing a cart that contains stolen large display boards, which he is actively moving away from the store on a road.
Hypothesis: The person is stealing display boards.",,contradiction,1,5,contradiction|contradiction|contradiction|contradiction|contradiction|contradiction,39,[]
"Premise: Six people appearing to be planting something in the ground.
Hypothesis: People are digging up the earth","Premise: Six people appearing to be planting something in the ground, and there is no sign of anyone digging up the earth.
Hypothesis: People are digging up the earth",,neutral,0,2,neutral|neutral|entailment,25,[]
"Premise: A group of people are looking at photographs on a wall and speaking to each other.
Hypothesis: A group of friends are visiting an art exhibit.","Premise: A group of friends are looking at photographs on a wall in a gallery art exhibit and speaking to each other.
Hypothesis: A group of friends are visiting an art exhibit.",,contradiction,1,5,contradiction|contradiction|contradiction|contradiction|contradiction|contradiction,35,"[1, 3, 5]"
"Premise: Two daschunds play with a red ball
Hypothesis: Two dogs playing together.","Premise: Two daschunds do not play with a red ball
Hypothesis: Two dogs playing together.",,neutral,0,5,neutral|neutral|neutral|neutral|neutral|neutral,23,"[1, 2, 3, 4, 5]"
"Premise: A man standing alone in a park.
Hypothesis: a man alone at home","Premise: A man standing alone in a park with a dog on a leash.
Hypothesis: a man alone at home",,contradiction,2,0,neutral,21,[]
"Premise: Two little girls, wearing pink hanging on a tube.
Hypothesis: Two girls wearing blue sit on a couch.","Premise: Two little girls, wearing pink, are reading a book about space while a dog naps nearby. A farmer in the next field is planting wheat. A red balloon floats near the window.
Hypothesis: Two girls wearing blue sit on a couch.",,contradiction,2,5,contradiction|contradiction|contradiction|contradiction|contradiction|contradiction,28,[]
"Premise: Security officer working outside.
Hypothesis: A security officer is outside.","Premise: No security officer is outside.
Hypothesis: A security officer is outside.",,neutral,0,5,neutral|neutral|neutral|neutral|neutral|neutral,19,[3]
"Premise: Two soccer players are going after the ball.
Hypothesis: They are playing soccer outside.","Premise: Two soccer players are going after the ball indoors.
Hypothesis: They are playing soccer outside.",,neutral,1,0,entailment,23,[]
"Premise: A young man wearing khaki pants and a checked shirt is jumping over large rocks with green mountains and a lagoon in the background.
Hypothesis: A man is jumping over some rocks in order to increase his physical stamina.","Premise: A young man wearing khaki pants and a checked shirt is sitting calmly on large rocks with green mountains and a lagoon in the background.
Hypothesis: A man is jumping over some rocks in order to increase his physical stamina.",,neutral,1,0,contradiction,50,[]
"Premise: Four African boys playing soccer.
Hypothesis: Some boys are in the play ground","Premise: Four African boys playing soccer during a school event in the afternoon while a science teacher demonstrates an experiment in a separate classroom nearby and the school cafeteria is serving lunch.
Hypothesis: Some boys are in the play ground",,contradiction,2,5,contradiction|contradiction|contradiction|contradiction|contradiction|contradiction,21,[]
"Premise: A lady in a dark coat is sitting with many people around her.
Hypothesis: There are people surrounding each other.","Premise: A lady in a dark coat is sitting alone with no one around her.
Hypothesis: There are people surrounding each other.",,neutral,0,5,neutral|neutral|neutral|neutral|neutral|neutral,29,"[1, 2, 3, 4, 5]"
"Premise: Man with beard doing skateboarding stunt
Hypothesis: A man with a goatee does a backflip on a skateboard.","Premise: Man with beard doing skateboarding stunt stated he cannot do a backflip.
Hypothesis: A man with a goatee does a backflip on a skateboard.",,neutral,1,0,contradiction,30,[]
"Premise: A man with a blue helmet and orange shirt.
Hypothesis: An 20 year old man has an orange shirt.","Premise: A woman with a blue helmet and green shirt.
Hypothesis: An 20 year old man has an orange shirt.",,neutral,1,1,neutral|contradiction,30,[]
"Premise: A silhouette stands at the top of a bowling lane as the ball is about to impact the pins while neon lights race overhead.
Hypothesis: Someone is in a bowling alley.","Premise: A silhouette stands at the top of a bowling lane as the ball is about to impact the pins while neon lights race overhead, but the alley was destroyed in a fire and no one has entered it for months.
Hypothesis: Someone is in a bowling alley.",,neutral,0,5,neutral|neutral|neutral|neutral|neutral|neutral,40,[]
"Premise: A boy toddler is holding a bat he is about to swing at a pinata.
Hypothesis: A child is about to hit the panda with a stick.","Premise: A boy toddler is holding a bat he is about to swing at a piñata while a group of cyclists passes by on the street nearby and a bird perches on a nearby fence. A library is holding a book donation event across town, and a farmer is harvesting vegetables in a distant field. In a separate location, a science fair is taking place at the community center where students are presenting experiments on weather patterns.
Hypothesis: A child is about to hit the panda with a stick.",,contradiction,2,5,contradiction|contradiction|contradiction|contradiction|contradiction|contradiction,37,[]
"Premise: A man wearing a red vest is walking past a black and green fence.
Hypothesis: A man is wearing a vest.","Premise: A man wearing a blue vest is walking past a black and green fence.
Hypothesis: A man is wearing a vest.",,neutral,0,0,contradiction,30,[]
"Premise: Fans are dressed in green and yellow for a major sporting event.
Hypothesis: There are fans at a sporting event.","Premise: There are no fans at a major sporting event.
Hypothesis: There are fans at a sporting event.",,neutral,0,5,neutral|neutral|neutral|neutral|neutral|neutral,29,"[2, 3, 4, 5]"
"Premise: Man wearing blue bowing on floor in front of another man in blue bowing on floor with two other men wearing blue kneeling on same floor also.
Hypothesis: A man is wearing nothing.","Premise: Man wearing blue bowing on floor in front of another man in blue bowing on floor with two other men wearing blue kneeling on same floor, all fully clothed and showing no signs of being naked.
Hypothesis: A man is wearing nothing.",,neutral,2,5,neutral|neutral|neutral|neutral|neutral|neutral,44,"[3, 4, 5]"
"Premise: A man dances with a woman in a white egyptian costume.
Hypothesis: A couple dances in a competition.","Premise: A man dances with a woman in a white Egyptian costume at a local festival. A baker nearby prepares pastries in a small shop, and a group of children plays on a distant playground while a museum stands quietly in the background. The sky is clear, and street musicians play nearby. A scientist in a lab coat reads a book at a park bench, completely unrelated to the dance.
Hypothesis: A couple dances in a competition.",,contradiction,1,5,contradiction|contradiction|contradiction|contradiction|contradiction|contradiction,29,[]
"Premise: A man is holding a book standing in front of a chalkboard.
Hypothesis: A person is in a classroom teaching.","Premise: A man is holding a book and a coffee cup standing in front of a chalkboard in a quiet library hallway, while a dog naps nearby, a bicycle is leaning against the wall, and a bird is chirping outside the window.
Hypothesis: A person is in a classroom teaching.",,contradiction,0,5,contradiction|contradiction|contradiction|contradiction|contradiction|contradiction,30,[4]
"Premise: In a chain link enclosed skate park a skater goes over one of the obstacles.Wit.
Hypothesis: The skater is sitting on the ground.","Premise: In a chain link enclosed skate park, a skater goes over one of the obstacles while a bird flies overhead and a group of students discusses science nearby.
Hypothesis: The skater is sitting on the ground.",,entailment,2,5,entailment|entailment|entailment|entailment|entailment|entailment,36,"[2, 3, 4, 5]"
"Premise: Two dogs wearing muzzles are running.
Hypothesis: two dogs are eating","Premise: Two dogs wearing muzzles are running and cannot eat.
Hypothesis: two dogs are eating",,entailment,2,0,neutral,21,[]
"Premise: Two men, wearing identical shirts look into a classic car hood.
Hypothesis: Two people are looking at a car.","Premise: Two men, wearing identical shirts look into a classic car hood, and neither of them is near a car.
Hypothesis: Two people are looking at a car.",,neutral,0,0,entailment,29,[]
"Premise: A man in a leather jacket and glasses walks across an intersection while a man in a gray sweatshirt and white hat looks on.
Hypothesis: The man is riding a motorcycle across the street.","Premise: A man in a leather jacket and glasses is riding a motorcycle across an intersection while a man in a gray sweatshirt and white hat looks on.
Hypothesis: The man is riding a motorcycle across the street.",,contradiction,2,0,neutral,44,[]
"Premise: People landscaping and gardening the areas around the walkway.
Hypothesis: People are planting in their homes.","Premise: People landscaping and gardening the areas around the walkway during a community art fair while volunteers prepare food booths nearby.
Hypothesis: People are planting in their homes.",,contradiction,2,5,contradiction|contradiction|contradiction|contradiction|contradiction|contradiction,26,[]
"Premise: A girl in a blue leotard hula hoops on a stage with balloon shapes in the background.
Hypothesis: A girl is on stage entertaining the crowd with her hula hoop dance","Premise: A girl in a blue leotard sits silently in the audience, not hula hooping on a stage with balloon shapes in the background and clearly not performing any dance.
Hypothesis: A girl is on stage entertaining the crowd with her hula hoop dance",,neutral,1,5,neutral|neutral|neutral|neutral|neutral|neutral,43,"[2, 3, 4, 5]"
"Premise: A group of men and boys look upwards at something.
Hypothesis: A group of coaches are showing their team the scoreboard.","Premise: A group of men and boys are walking through a park, looking upwards at something while a nearby artist paints a landscape and a baker is preparing pastries at a nearby stall. A dog is chasing a butterfly nearby, and a group of cyclists pass by on a path. Meanwhile, a few children are playing chess on a bench under a tree, and a street performer is juggling near the entrance of the park.
Hypothesis: A group of coaches are showing their team the scoreboard.",,contradiction,1,5,contradiction|contradiction|contradiction|contradiction|contradiction|contradiction,30,[3]
"Premise: A bicyclist is attempting a trick on a wire in a tropical location.
Hypothesis: A person on a bicycle has his bike situated on a wire.","Premise: A bicyclist is attempting a trick on a wire in a tropical location, but there is no wire available, so the trick cannot even begin.
Hypothesis: A person on a bicycle has his bike situated on a wire.",,neutral,0,5,neutral|neutral|neutral|neutral|neutral|neutral,36,[2]
"Premise: One child in black is walking down a hill covered in white snow while 2 children are on their knees.
Hypothesis: The children are enjoying a surprise snowday off from school in the middle of April","Premise: One child in black is walking down a hill covered in white snow while 2 children are on their knees painting a mural near a lake under a clear blue sky. A group of birds is flying overhead, and a jogger passes by with a dog. A nearby clock tower chimes and a street vendor sells hot cocoa.
Hypothesis: The children are enjoying a surprise snowday off from school in the middle of April",,contradiction,1,5,contradiction|contradiction|contradiction|contradiction|contradiction|contradiction,46,[]
"Premise: a small brown and white dog swimming through the pool next to a man.
Hypothesis: A man forces his cat to learn how to use a diving board.","Premise: a small brown and white dog swimming through the pool next to a man, who is playing with his cat on the poolside.
Hypothesis: A man forces his cat to learn how to use a diving board.",,entailment,2,0,contradiction,37,[]
"Premise: A man and a woman are holding hands on the shore of a lake.
Hypothesis: A couple on vacation.","Premise: A man and a woman are holding hands on the shore of a lake while a delivery truck is unloading boxes at a nearby warehouse and a group of cyclists is seen in the background.
Hypothesis: A couple on vacation.",,contradiction,1,5,contradiction|contradiction|contradiction|contradiction|contradiction|contradiction,28,[]
"Premise: An old man in a blue shirt and white pants glowers by a glass door.
Hypothesis: A man resting outside","Premise: An old man in a blue shirt and white pants glowers by a glass door while a cat naps on a nearby bench and a bicycle is parked under a tree.
Hypothesis: A man resting outside",,contradiction,1,2,contradiction|contradiction|neutral,29,[]
"Premise: A female runner dressed in blue athletic wear is running in a competition, while spectators line the street.
Hypothesis: The streets are empty.","Premise: A female runner dressed in blue athletic wear is running in a competition, while spectators line the street and a nearby vendor sells snacks to onlookers.
Hypothesis: The streets are empty.",,contradiction,2,0,neutral,33,[]
"Premise: A golden retriever nurses puppies.
Hypothesis: A golden retriever nurses some other dogs puppies","Premise: A golden retriever does not nurse any puppies except her own pup.
Hypothesis: A golden retriever nurses some other dogs puppies",,neutral,1,2,neutral|neutral|contradiction,24,[]
"Premise: A guy gettin lots of air on a skateboard at a skatepark
Hypothesis: A guy riding a skateboard in the rain.","Premise: A guy getting lots of air on a skateboard at a skatepark inside a dome with no rain, clearly not outside in rainy conditions.
Hypothesis: A guy riding a skateboard in the rain.",,neutral,1,5,neutral|neutral|neutral|neutral|neutral|neutral,32,"[2, 3, 4, 5]"
"Premise: A man wearing a black coat is walking.
Hypothesis: A naked man walking.","Premise: A man wearing a black coat is not walking.
Hypothesis: A naked man walking.",,neutral,2,5,neutral|neutral|neutral|neutral|neutral|neutral,22,"[1, 2, 3, 4, 5]"
"Premise: A young boy in green shorts balances on a pipe above a river.
Hypothesis: A person balancing.","Premise: A young boy in green shorts is sitting still on the ground beside a river, not balancing on anything.
Hypothesis: A person balancing.",,neutral,0,1,neutral|contradiction,26,[]
"Premise: Bicycles are littering the road as boy pull door.
Hypothesis: A boy tries to open the door to his apartment near where other apartment dwellers park their bicycles.","Premise: Bicycles are parked along the road as a boy tries to open the door to his apartment, where other apartment dwellers also park their bicycles.
Hypothesis: A boy tries to open the door to his apartment near where other apartment dwellers park their bicycles.",,contradiction,1,1,contradiction|neutral,41,[]
"Premise: Man balding with a mustache and semi beard standing wearing a psychedelic button shirt playing the guitar as he sings.
Hypothesis: The man knows how to play the guitar.","Premise: Man balding with a mustache and semi beard sitting on a chair holding a broken guitar wearing a psychedelic button shirt, clearly unable to play it due to the broken strings, and pretending to play it as he sings. The man has never learned to play the guitar and is just mimicking the motions while singing.
Hypothesis: The man knows how to play the guitar.",,neutral,0,5,neutral|neutral|neutral|neutral|neutral|neutral,40,"[4, 5]"
"Premise: A man and his son riding bikes down the sidewalk.
Hypothesis: the man and the boy were in town","Premise: A man and his son riding bikes down a remote country road far from town.
Hypothesis: the man and the boy were in town",,neutral,1,5,neutral|neutral|neutral|neutral|neutral|neutral,27,"[1, 2, 3, 4, 5]"
"Premise: An Asian woman in a hat is measuring food from barrels with a ladle into a smaller metal pan.
Hypothesis: A woman is measuring out wine from a barrel.","Premise: An Asian woman in a hat is measuring wine from a barrel into a smaller metal pan using a ladle.
Hypothesis: A woman is measuring out wine from a barrel.",,contradiction,2,0,neutral,39,[]
"Premise: A man wearing a black cap is suspended in the air on a swing, as children are swinging on a swing set.
Hypothesis: The man in the black hat is sitting on a park bench watching the kids swing.","Premise: A man wearing a black cap is reading a newspaper at a café, as children are swinging on a swing set nearby in the park and a group of cyclists pass by on a bike path.
Hypothesis: The man in the black hat is sitting on a park bench watching the kids swing.",,contradiction,2,1,contradiction|neutral,49,[]
"Premise: Four people and a dog out in the woods.
Hypothesis: Some mammals want to live and the others don't want them to.","Premise: Four people and a dog out in the woods, and all mammals present are deceased.
Hypothesis: Some mammals want to live and the others don't want them to.",,neutral,1,5,neutral|neutral|neutral|neutral|neutral|neutral,32,"[1, 2, 3, 4, 5]"
"Premise: A person is sitting on the edge of a rock cliff.
Hypothesis: A person was sitting on the road.","Premise: A person is sitting on the edge of a rock cliff, reading a book about geography, while a group of birds flies overhead and a car drives slowly along the road far below.
Hypothesis: A person was sitting on the road.",,contradiction,2,2,contradiction|contradiction|neutral,28,[]
"Premise: The older woman smiles as she holds up a hammer.
Hypothesis: A woman is using a hammer to make something.","Premise: The older woman smiles as she holds up a hammer, but she is using it to hang a picture and not for making anything.
Hypothesis: A woman is using a hammer to make something.",,neutral,1,5,neutral|neutral|neutral|neutral|neutral|entailment,29,"[2, 3, 4]"
"Premise: A yellow dog is running in a field near a mountain.
Hypothesis: A yellow dog is chasing a bunny in the field.","Premise: A yellow dog is chasing a bunny in a field near a mountain.
Hypothesis: A yellow dog is chasing a bunny in the field.",,contradiction,1,0,neutral,31,[]
"Premise: A small dog watches two big dogs playing rough in a field.
Hypothesis: 3 dogs are sleeping.","Premise: Three dogs, including a small one, are sleeping in a field.
Hypothesis: 3 dogs are sleeping.",,contradiction,2,0,neutral,27,[]
"Premise: A woman sits in a market where she sells goods with her dog.
Hypothesis: A dog sells a woman a hat.","Premise: A woman sits in a market where she sells goods with her cat, and she does not own a dog.
Hypothesis: A dog sells a woman a hat.",,entailment,2,1,entailment|contradiction,30,[]
"Premise: People in chairs around a table
Hypothesis: The people have eybrows.","Premise: People without eyebrows are sitting in chairs around a table
Hypothesis: The people have eybrows.",,neutral,1,0,contradiction,22,[]
"Premise: A girl in a white knit hat and winter gear rubs her tongue over her braces.
Hypothesis: The girl is ready to go swimming.","Premise: A girl in a white knit hat and winter gear rubs her tongue over her braces while a street performer juggles nearby and a group of birds gathers on the gles.
Hypothesis: The girl is ready to go swimming.",,contradiction,2,4,contradiction|contradiction|contradiction|contradiction|neutral,34,[]
"Premise: The big dog is checking out the smaller dog.
Hypothesis: A big dog watching over a smaller dog.","Premise: The big dog is ignoring the smaller dog.
Hypothesis: A big dog watching over a smaller dog.",,neutral,0,0,contradiction,27,[]
"Premise: Two dogs are playing together.
Hypothesis: Two canines are having fun.","Premise: Two dogs are fighting with each other, not playing.
Hypothesis: Two canines are having fun.",,neutral,0,5,neutral|neutral|neutral|neutral|neutral|neutral,21,"[2, 3, 4, 5]"
"Premise: Two men with black glasses are holding food, one appears to be eating.
Hypothesis: A group of women is drinking wine.","Premise: A group of women is drinking wine.
Hypothesis: A group of women is drinking wine.",,contradiction,2,0,neutral,31,[]
"Premise: A grim looking man with sunglasses pilots a boat.
Hypothesis: The hungover man drives his boat to work.","Premise: A cheerful woman with a fishing net stands near a coastal lighthouse, while a group of children play soccer nearby, a birdwatcher sketches in the distance, and a street musician plays guitar on a distant beach. A loaf of bread sits on a table in a quiet library.
Hypothesis: The hungover man drives his boat to work.",,contradiction,1,5,contradiction|contradiction|contradiction|contradiction|contradiction|contradiction,28,[]
"Premise: Two men help each other cut a sheet of plastic.
Hypothesis: Two men cut some plastic.","Premise: Two men argue about how to cut a sheet of plastic and refuse to cut any plastic at all.
Hypothesis: Two men cut some plastic.",,neutral,0,5,neutral|neutral|neutral|neutral|neutral|neutral,25,"[3, 4, 5]"
"Premise: A woman in a white tennis outfit is jumping up to hit the ball.
Hypothesis: women playing","Premise: A man in a white tennis outfit is sitting on a bench, not participating in the game.
Hypothesis: women playing",,neutral,1,4,neutral|neutral|neutral|neutral|contradiction,25,"[1, 2, 3]"
"Premise: The small boy is running through a grassy area.
Hypothesis: The boy is in a park.","Premise: The small boy is running through a grassy area while holding a balloon and speaking on a toy phone. A cat is sitting on a windowsill nearby. A baker is preparing bread in a kitchen on the other side of town.
Hypothesis: The boy is in a park.",,contradiction,1,3,contradiction|contradiction|contradiction|entailment,26,[]
"Premise: A man and a woman are laughing.
Hypothesis: Two people are happy.","Premise: A man and a woman are crying, and neither of them is happy.
Hypothesis: Two people are happy.",,neutral,0,5,neutral|neutral|neutral|neutral|neutral|neutral,21,"[1, 2, 4, 5]"
"Premise: Large brown dog walking in shallow water.
Hypothesis: An animal is in water","Premise: Large brown dog walking on dry land far from any water.
Hypothesis: An animal is in water",,neutral,0,5,neutral|neutral|neutral|neutral|neutral|neutral,21,"[2, 3, 4, 5]"
"Premise: A woman is sitting down doing some sort of craft work while another person operates a large wooden loom device in the background.
Hypothesis: The woman is standing.","Premise: The woman is standing and doing some sort of craft work, because she is not sitting, while another person operates a large wooden loom device in the background.
Hypothesis: The woman is standing.",,neutral,2,4,neutral|neutral|neutral|neutral|contradiction,38,[]
"Premise: Several people have gathered behind a group of other people who are sitting around a table.
Hypothesis: There are several people sitting around a table.","Premise: No one is sitting around a table; instead, several people have gathered behind a group of other people who are standing around it.
Hypothesis: There are several people sitting around a table.",,neutral,0,5,neutral|neutral|neutral|neutral|neutral|neutral,34,"[2, 3, 4, 5]"
"Premise: A girl in a black skirt and blue dress is watering flowers.
Hypothesis: The girl is giving the flowers some water.","Premise: A girl in a black skirt and blue dress is drying the flowers with a hair dryer.
Hypothesis: The girl is giving the flowers some water.",,neutral,0,1,neutral|contradiction,30,[]
"Premise: A father and his daughter are riding a lawn mover down a street while dressed in American colors.
Hypothesis: two people mow lawns for a living on the 4th of july","Premise: A father and his daughter are riding a lawn mower down a street while dressed in American colors and discussing their plans for a vacation to the mountains.
Hypothesis: two people mow lawns for a living on the 4th of july",,contradiction,1,5,contradiction|contradiction|contradiction|contradiction|contradiction|contradiction,44,[]
"Premise: A tractor decorated as a float for a parade
Hypothesis: A tractor drives down the parade route","Premise: A tractor that is broken and not in working condition is decorated as a float for a parade and cannot move.
Hypothesis: A tractor drives down the parade route",,neutral,1,2,neutral|neutral|contradiction,25,[]
"Premise: Two dogs in a grassy field.
Hypothesis: Two dogs are on a sandy beach.","Premise: A baker is preparing dough in a kitchen while a cat naps nearby. A train passes by in the distance and the clock tower chimes. A group of hikers begins their ascent up a nearby mountain.
Hypothesis: Two dogs are on a sandy beach.",,contradiction,2,5,contradiction|contradiction|contradiction|contradiction|contradiction|entailment,24,[]
"Premise: A man with his finger in his mouth is standing outside of an RV.
Hypothesis: The man is inside his RV.","Premise: A man with his finger in his mouth is standing outside of an RV, and the RV's doors are locked from the inside and cannot be opened.
Hypothesis: The man is inside his RV.",,entailment,2,3,entailment|entailment|entailment|neutral,30,[]
"Premise: Two dirt bikers- one in black and red, sporting number 64, the other in blue and white displaying a red ""21""- round the corner of a tree-lined track.
Hypothesis: There are two people and two motorbikes in this picture.","Premise: A single dirt biker in black and red, sporting number 64, rounds the corner of a tree-lined track, and no other riders, motorbikes, or people are present or visible in the scene.
Hypothesis: There are two people and two motorbikes in this picture.",,neutral,0,5,neutral|neutral|neutral|neutral|neutral|neutral,60,"[3, 4]"
"Premise: A young girl with blond-hair eating a peach.
Hypothesis: There is fruit present.","Premise: A young girl with blond-hair eating a peach while there is no fruit present.
Hypothesis: There is fruit present.",,neutral,0,5,neutral|neutral|neutral|neutral|neutral|neutral,24,"[1, 2, 3, 4, 5]"
"Premise: Young girl in an bathing suit falling off the end of a slide into a pool.
Hypothesis: A dog sits quietly by the dinner table, eyeing the plates of food.","Premise: No young girl is present at the dinner table where a dog sits quietly by the plates of food.
Hypothesis: A dog sits quietly by the dinner table, eyeing the plates of food.",,entailment,2,0,neutral,41,[]
"Premise: A blond man playing a guitar.
Hypothesis: A bald man is playing a guitar.","Premise: A bald man is not playing a guitar.
Hypothesis: A bald man is playing a guitar.",,neutral,2,5,neutral|neutral|neutral|neutral|neutral|neutral,23,"[1, 2, 3, 4, 5]"
"Premise: A dog with a collar on lying on the street.
Hypothesis: The dog was just hit by a car and is lying in the street.","Premise: A dog with a red collar is lying on the street near a park bench and a bicycle, while a child is playing with a kite nearby and a group of birds is flying overhead.
Hypothesis: The dog was just hit by a car and is lying in the street.",,contradiction,1,5,contradiction|contradiction|contradiction|contradiction|contradiction|contradiction,34,"[3, 4, 5]"
"Premise: A white dog is running on a rocky beach.
Hypothesis: A dog is on the beach.","Premise: A white dog is not on the beach.
Hypothesis: A dog is on the beach.",,neutral,0,5,neutral|neutral|neutral|neutral|neutral|neutral,25,"[1, 3, 4, 5]"
"Premise: Firefighters in full gear are walking up a ladder.
Hypothesis: The firefighers are ready to fight a fire.","Premise: Firefighters in full gear are sitting idle at the station with their oxygen tanks empty and no boots on.
Hypothesis: The firefighers are ready to fight a fire.",,neutral,0,2,neutral|neutral|contradiction,31,[]
"Premise: Three men are playing frisbee in the woods.
Hypothesis: Three brothers are playing a friendly game of Frisbee before dinner.","Premise: Three men are playing frisbee in the woods while a group of cyclists passes by on a nearby trail and a woman reads a book at a café in the city. A cat naps on a windowsill in a distant town, and a farmer waters his vegetable garden.
Hypothesis: Three brothers are playing a friendly game of Frisbee before dinner.",,contradiction,1,5,contradiction|contradiction|contradiction|contradiction|contradiction|contradiction,33,"[1, 4]"
"Premise: A boy in a hat and glasses is playing a guitar.
Hypothesis: A boy is singing.","Premise: A boy in a hat and glasses is playing a guitar while sitting on a bench in the park. A group of birds is flying overhead, and a nearby café is serving coffee to customers. The weather is mild, and people are walking their dogs along the path. A local bakery is preparing fresh pastries for the morning crowd.
Hypothesis: A boy is singing.",,contradiction,1,4,contradiction|contradiction|contradiction|contradiction|entailment,25,[]
"Premise: A young boy wearing an orange jacket is sitting on a log in the fall.
Hypothesis: A boy is sitting on a log.","Premise: A young boy wearing an orange jacket is standing next to a log in the fall.
Hypothesis: A boy is sitting on a log.",,neutral,0,0,contradiction,32,[]
"Premise: A group of smiling people are posing outdoors for a picture.
Hypothesis: The group of people are frowning.","Premise: A group of people are discussing a book indoors while a group poses outdoors for a picture.
Hypothesis: The group of people are frowning.",,entailment,2,5,entailment|entailment|entailment|entailment|entailment|entailment,28,"[2, 3, 4, 5]"
"Premise: Two people are playing American Football and one of them is trying to stop the other from throwing the ball.
Hypothesis: A game of football is being played.","Premise: Two people are not playing American Football and one of them is trying to stop the other from throwing the ball.
Hypothesis: A game of football is being played.",,neutral,0,0,contradiction,37,[]
"Premise: An organ grinder, in World War I helmet and clown makeup, speaks to an older man in a blue, striped polo shirt.
Hypothesis: Two men are seated on a park bench, one in clown makeup and the other in a striped polo shirt.","Premise: A baker, wearing an apron and chef’s hat, demonstrates a new pastry recipe at a cooking class while an older man in a blue, striped polo shirt takes notes.
Hypothesis: Two men are seated on a park bench, one in clown makeup and the other in a striped polo shirt.",,contradiction,0,1,contradiction|neutral,56,[]
"Premise: Police are setting up a barricade due to a fire.
Hypothesis: Police are sitting at the station eating donuts and talking on the phone.","Premise: Police are at the station and are not responding to any emergencies.
Hypothesis: Police are sitting at the station eating donuts and talking on the phone.",,entailment,2,5,entailment|entailment|entailment|entailment|entailment|entailment,35,[]
"Premise: A girl with curly hair and wearing a patriotic shirt is looking at a monarch butterfly sitting on her left index finger.
Hypothesis: A girl and a butterfly","Premise: A girl with curly hair and wearing a patriotic shirt is looking at a monarch butterfly sitting on her left index finger, while a dog fetches a ball in the background.
Hypothesis: A girl and a butterfly",,contradiction,0,0,neutral,36,[]
"Premise: The man is performing a trick on a motorcycle high in the air.
Hypothesis: A man is performing a trick on a bike.","Premise: The man is not performing a trick on a motorcycle high in the air; he is riding a bicycle on the ground.
Hypothesis: A man is performing a trick on a bike.",,neutral,0,5,neutral|neutral|neutral|neutral|neutral|neutral,32,"[2, 3, 5]"
"Premise: An obese white male wearing a blue shirt and khaki shorts sits in front of fountain all while gabbing on phone.
Hypothesis: A man is sleeping in front of a fountain.","Premise: An obese white male wearing a blue shirt and khaki shorts sits in front of a fountain while talking on a phone and eating a hot dog. A group of children is playing soccer nearby, and a street musician is playing the guitar a few blocks away. The weather is warm, and a local bakery is advertising fresh pastries on the corner. A scientist in a lab coat is conducting an experiment in a building across the street, and a cat is napping on a bench in a completely different city.
Hypothesis: A man is sleeping in front of a fountain.",,contradiction,2,4,contradiction|contradiction|contradiction|contradiction|neutral,42,[]
"Premise: A child enjoying themselves on a yellow slide at a park.
Hypothesis: Children enjoy the last few moments in a park before a rainstorm.","Premise: A child playing with a toy car on a yellow slide at a park while a group of teenagers practices skateboarding nearby and a dog chases a ball in the distance, and a nearby café is serving ice cream to a line of customers, while a science fair is being held at the community center a few blocks away and a farmer's market is open downtown on Sundays.
Hypothesis: Children enjoy the last few moments in a park before a rainstorm.",,contradiction,1,5,contradiction|contradiction|contradiction|contradiction|contradiction|contradiction,34,[]
"Premise: Some men in burgundy coats try to push a car in the snow.
Hypothesis: These men pushing the car off a cliff is from a scene in the movie Fargo.","Premise: Some men in burgundy coats try to push a car in the snow while eating lunch nearby.
Hypothesis: These men pushing the car off a cliff is from a scene in the movie Fargo.",,contradiction,1,5,contradiction|contradiction|contradiction|contradiction|contradiction|contradiction,40,"[1, 2, 3, 4, 5]"
"Premise: A man painting a sign onto his food cart.
Hypothesis: Everyone is in a restaurant.","Premise: A man is painting a sign onto his food cart, which is located inside a restaurant where everyone is.
Hypothesis: Everyone is in a restaurant.",,contradiction,2,5,contradiction|contradiction|contradiction|contradiction|contradiction|contradiction,24,[2]
"Premise: People are coming down a movable staircase built through a tunnel, which has three of those staircases.
Hypothesis: Workers are returning from inspection.","Premise: People are coming down a movable staircase built through a tunnel, which has three of those staircases, while a nearby bakery is preparing pastries for a weekend event and a group of students is rehearsing a play in a distant auditorium.
Hypothesis: Workers are returning from inspection.",,contradiction,1,5,contradiction|contradiction|contradiction|contradiction|contradiction|contradiction,34,"[3, 4, 5]"
"Premise: Asian individuals are taking pictures of some unidentified thing.
Hypothesis: Asians take pictures.","Premise: Asian individuals are not taking pictures of any unidentified thing.
Hypothesis: Asians take pictures.",,neutral,0,0,contradiction,22,[]
"Premise: The man wearing blue jean shorts is grilling.
Hypothesis: The man is making hot dogs and hamburgers.","Premise: The man wearing blue jean shorts is organizing his bookshelf while a woman in the background waters plants on the porch and a delivery truck passes by the house, and the cat is napping on the windowsill.
Hypothesis: The man is making hot dogs and hamburgers.",,contradiction,1,5,contradiction|contradiction|contradiction|contradiction|contradiction|contradiction,28,[3]
"Premise: A man with brown pants and boots moving a tent.
Hypothesis: A guy is transporting a tent.","Premise: A man with brown pants and boots set up a tent and then destroyed it, making it impossible to transport.
Hypothesis: A guy is transporting a tent.",,neutral,0,5,neutral|neutral|neutral|neutral|neutral|neutral,26,"[1, 2]"
"Premise: Men sitting on the side of a brick road.
Hypothesis: me are sitting on the side of a road","Premise: Men are standing in the middle of a grassy field.
Hypothesis: me are sitting on the side of a road",,neutral,0,0,entailment,27,[]
"Premise: A woman is walking with a full shopping cart away from a Trader Joe's.
Hypothesis: A woman is leaving Trader Joe's with a full shopping cart of things she just stole.","Premise: A man is walking with a full shopping cart away from a Trader Joe's, where he had just finished picking up a package from the front desk and planning to meet a friend for lunch nearby. A group of students is practicing a dance routine in a park across the street. The weather is overcast, and a cat is resting on a nearby bench.
Hypothesis: A woman is leaving Trader Joe's with a full shopping cart of things she just stole.",,contradiction,1,5,contradiction|contradiction|contradiction|contradiction|contradiction|contradiction,42,[]
"Premise: A large black and white dog is licking a smaller white and black dog who is growling.
Hypothesis: The dog is happy","Premise: A large black and white dog is sitting quietly in a field, while a group of children nearby is playing with a ball and a butterfly lands on a flower. The dog’s tail is tucked under its body as a distant train passes by, and in another part of the city, a cat is napping on a windowsill.
Hypothesis: The dog is happy",,contradiction,2,5,contradiction|contradiction|contradiction|contradiction|contradiction|contradiction,31,[]
"Premise: An old gray-haired man with glasses in a gray t-shirt is working on a sculpture.
Hypothesis: The man is 100 years old","Premise: An old gray-haired man with glasses in a gray t-shirt is working on a sculpture near a bookshelf filled with art history books and a small aquarium with goldfish. A dog is sleeping under the workbench nearby, and a weather forecast on the radio predicts rain for tomorrow. The man recently attended a cooking class and enjoys experimenting with new recipes in his spare time. He also volunteers at a local community garden every weekend.
Hypothesis: The man is 100 years old",,contradiction,1,5,contradiction|contradiction|contradiction|contradiction|contradiction|contradiction,35,[]
"Premise: a climber wearing a red headband is pulling himself up some gray rocks high above some green foliage.
Hypothesis: A woman climber attempts to pull herself up","Premise: A climber wearing a red headband is pulling himself up some gray rocks high above some green foliage, while a bird flies nearby and a hiker takes notes at the base of the cliff.
Hypothesis: A woman climber attempts to pull herself up",,contradiction,2,0,neutral,38,[]
"Premise: A young woman talks on the phone and carries her bags while walking past some hats on display.
Hypothesis: A woman is walking through her bedroom.","Premise: A young woman talks on the phone and carries her bags while walking past some hats on display at a store. Meanwhile, a chef is preparing a meal in a different city, and a cat is napping under a table in a completely separate location.
Hypothesis: A woman is walking through her bedroom.",,contradiction,2,5,contradiction|contradiction|contradiction|contradiction|contradiction|contradiction,35,[]
"Premise: A woman is sitting in a chair, while a man is going through the sport utility vehicle.
Hypothesis: a girl is sitting","Premise: A woman is standing next to the chair, while a man is going through the sport utility vehicle. No one is sitting in the chair.
Hypothesis: a girl is sitting",,neutral,0,2,neutral|neutral|contradiction,31,[]
"Premise: An artist replicating another artist's work and a man looking at the original art.
Hypothesis: A painter works on a copy of a Rembrandt.","Premise: A person reads a book in a quiet library and a child plays with toys nearby. A gardener trims hedges under a distant tree. An artist replicating another artist's work and a man looking at a historical artifact nearby. A cat sleeps under a nearby bench. A baker prepares bread in a distant kitchen.
Hypothesis: A painter works on a copy of a Rembrandt.",,contradiction,1,4,contradiction|contradiction|contradiction|contradiction|entailment,37,[]
"Premise: A woman wearing a bright orange blouse is weaving.
Hypothesis: A woman is wearing a bright orange blouse and a green hat.","Premise: A woman wearing a bright orange blouse is weaving near a window where a bird is flying.
Hypothesis: A woman is wearing a bright orange blouse and a green hat.",,contradiction,1,0,neutral,31,[]
"Premise: A man and a woman running in the street.
Hypothesis: The man and woman are outdoors.","Premise: A woman is running indoors in a closed track facility, and there is no man present.
Hypothesis: The man and woman are outdoors.",,neutral,0,5,neutral|neutral|neutral|neutral|neutral|neutral,25,"[4, 5]"
"Premise: A man on stage in the act of jumping, with a little boy in the background really enjoying it.
Hypothesis: A boy happily watches an acrobat jumping on a stage.","Premise: A man on stage in the act of falling, with a little boy in the background clearly upset and not enjoying it.
Hypothesis: A boy happily watches an acrobat jumping on a stage.",,neutral,1,5,neutral|neutral|neutral|neutral|neutral|neutral,41,"[2, 3, 4, 5]"
"Premise: A man in an Alaska sweatshirt stands behind a counter.
Hypothesis: The person behind the counter is a man.","Premise: A woman in an Alaska sweatshirt stands behind a counter.
Hypothesis: The person behind the counter is a man.",,neutral,0,0,contradiction,29,[]
"Premise: A rocker standing with one foot on the stage holding the microphone attached to the stand over his head.
Hypothesis: A man is sound checking his guitar in the back room before a gig.","Premise: A rocker standing with one foot on the stage holding the microphone attached to the stand over his head, while a street performer juggles near the entrance of a nearby park.
Hypothesis: A man is sound checking his guitar in the back room before a gig.",,contradiction,2,5,contradiction|contradiction|contradiction|contradiction|contradiction|contradiction,43,[]
"Premise: Two girls walking, both with a white shirt and blue shorts on.
Hypothesis: Two girls are walking together.","Premise: Two girls are sitting on a bench, both wearing white shirts and blue shorts.
Hypothesis: Two girls are walking together.",,neutral,0,0,entailment,28,[]
"Premise: An old woman and a young man examine their bingo cards.
Hypothesis: A woman and man are checking their bingo cards to see if they won","Premise: An old woman and a young man are looking at their empty bingo cards and have not played any numbers.
Hypothesis: A woman and man are checking their bingo cards to see if they won",,neutral,1,3,neutral|neutral|neutral|contradiction,34,[2]
"Premise: Two adult men in black t-shirt and loud tunics hold smoking torches in preparation for an act of entertainment or celebration in a forested environment.
Hypothesis: Two street performers juggle flaming torches.","Premise: Two adult women in black t-shirts and loud tunics clearly state they have never performed with torches and are not preparing for an act of entertainment or celebration in a desert environment.
Hypothesis: Two street performers juggle flaming torches.",,neutral,-1,5,neutral|neutral|neutral|neutral|neutral|neutral,47,"[3, 5]"
"Premise: A little boy in flannel pajama pants and an orange shirt is playing the guitar on the couch.
Hypothesis: The child practices guitar indoors","Premise: A little boy in flannel pajama pants and an orange shirt is playing the guitar on the couch while watching a bird outside the window.
Hypothesis: The child practices guitar indoors",,contradiction,0,0,neutral,34,[]
"Premise: A group of men and boys look upwards at something.
Hypothesis: A snake eating a mouse.","Premise: A group of men and boys look upwards at a snake eating a mouse.
Hypothesis: A snake eating a mouse.",,contradiction,2,0,neutral,25,[]
"Premise: A bearded man jumps in the snow with the ocean in the background and an orange, recumbent bike parked near a road sign.
Hypothesis: A human jumping.","Premise: A bearded man is sitting calmly on an orange, recumbent bike near a road sign, with the ocean visible in the background and no snow in sight.
Hypothesis: A human jumping.",,neutral,0,1,neutral|entailment,40,[]
"Premise: A wet child stands in chest deep ocean water.
Hypothesis: The child s playing on the beach.","Premise: A wet child stands in chest deep ocean water near a fishing boat and a distant fireworks display, while a cat naps on a nearby dock and a scientist records data on a distant cliff. The child is wearing a blue raincoat and holding a seashell. A group of hikers is seen in the distance on a mountain trail. The moon is bright in the night sky.
Hypothesis: The child s playing on the beach.",,contradiction,0,5,contradiction|contradiction|contradiction|contradiction|contradiction|contradiction,26,[]
"Premise: A little boy with an orange backpack walks under a tree through the woods.
Hypothesis: A boy walks to school through the woods.","Premise: A boy is walking to school through the woods, heading to his school located in the woods.
Hypothesis: A boy walks to school through the woods.",,contradiction,1,5,contradiction|contradiction|contradiction|contradiction|contradiction|contradiction,32,[]
"Premise: A rugby player swings his leg back to punt the ball.
Hypothesis: The rugby player is tall.","Premise: A rugby player in the locker room adjusts his helmet while his teammate practices punting the ball outside.
Hypothesis: The rugby player is tall.",,contradiction,1,0,neutral,26,[]
"Premise: A woman is taking a picture on the shoulders of another woman in cold weather.
Hypothesis: A woman is taking a picture in cold weather.","Premise: A man is taking a picture on the shoulders of another man in warm weather and explicitly says it is not cold.
Hypothesis: A woman is taking a picture in cold weather.",,neutral,0,3,neutral|neutral|neutral|contradiction,34,[]
"Premise: A woman in a blue jacket dragging a child on a sled through the snow.
Hypothesis: There is a child on a sled.","Premise: A woman in a blue jacket dragging a child on a wagon through the snow.
Hypothesis: There is a child on a sled.",,neutral,0,0,contradiction,32,[]
"Premise: A young girl jumps off her swing in front of building.
Hypothesis: a boy drinks coffee","Premise: A young boy is sitting on a bench drinking coffee in front of a building.
Hypothesis: a boy drinks coffee",,contradiction,2,0,neutral,24,[]
"Premise: Three girls jumping in front of a house's flower garden.
Hypothesis: The girls are having fun","Premise: Three girls jumping in front of a house's flower garden while a delivery truck passes by the street and a cat naps on a nearby fence. A baker is preparing bread in a distant kitchen, and the weather forecast predicts rain tomorrow. The Eiffel Tower stands tall in Paris, and a local library is hosting a book sale.
Hypothesis: The girls are having fun",,contradiction,-1,5,contradiction|contradiction|contradiction|contradiction|contradiction|contradiction,25,[]
"Premise: A dog is on the beach near a ball.
Hypothesis: A dog is on the beach.","Premise: A dog is not on the beach near a ball. The dog is in the park with a ball.
Hypothesis: A dog is on the beach.",,neutral,0,3,neutral|neutral|neutral|contradiction,25,[1]
"Premise: A lab dog is standing on a fallen tree trunk with a guy in the background.
Hypothesis: there is a guy carrying his pet with him near fallen tree","Premise: A lab dog is sitting under a bench in a park with a guy in the background reading a book about astronomy.
Hypothesis: there is a guy carrying his pet with him near fallen tree",,contradiction,2,5,contradiction|contradiction|contradiction|contradiction|contradiction|contradiction,37,"[2, 3, 4, 5]"
"Premise: A man in a black shirt is about to cross the road while on his cellphone, another man is laying on the ground while a lady in the background watches.
Hypothesis: A child is upset and crying on the ground.","Premise: A man in a black shirt is about to cross the road while on his cellphone, another man is flying a kite nearby while a lady in the background watches a group of cyclists pass by and a baker is preparing bread in a nearby shop. A train is arriving at the station downtown. A chef is plating a dessert in a quiet kitchen. A group of students is studying in a library several blocks away, and a farmer is harvesting crops in a distant field.
Hypothesis: A child is upset and crying on the ground.",,contradiction,2,5,contradiction|contradiction|contradiction|contradiction|contradiction|contradiction,50,[]
"Premise: A female bicyclist wearing black, and having four number 9's printed on her limbs on a bike.
Hypothesis: A woman riding a bike.","Premise: A male bicyclist wearing black, and having four number 9's printed on his limbs on a skateboard.
Hypothesis: A woman riding a bike.",,neutral,0,1,neutral|contradiction,36,[]
"Premise: A woman plays guitar for tips.
Hypothesis: music can be learn by litsen","Premise: A man waters plants outside a busy café while reading a newspaper and a child feeds birds nearby. A delivery truck passes by on the street. The weather forecast predicts rain later in the day. A librarian is reshelving books at a local library across town.
Hypothesis: music can be learn by litsen",,contradiction,2,5,contradiction|contradiction|contradiction|contradiction|contradiction|contradiction,23,[]
"Premise: Two girls holding bags walking down the sidewalk.
Hypothesis: Two females are holding sacks.","Premise: Two boys holding bags walking down the sidewalk.
Hypothesis: Two females are holding sacks.",,neutral,0,0,entailment,23,[]
"Premise: A small dog looking up to his loving owner.
Hypothesis: Some people are shopping.","Premise: A small dog looking up to his loving owner in the park while a group of birds flies overhead and a child reads a book nearby. A baker prepares a fresh batch of bread in a distant kitchen. A scientist analyzes data on a computer in a laboratory across the country.
Hypothesis: Some people are shopping.",,contradiction,2,5,contradiction|contradiction|contradiction|contradiction|contradiction|contradiction,23,[]
"Premise: a ballerina striking a pose in the studio.
Hypothesis: The ballerina is wearing pink.","Premise: a ballerina striking a pose in the studio while not wearing pink, but instead wearing all black.
Hypothesis: The ballerina is wearing pink.",,neutral,1,5,neutral|neutral|neutral|neutral|neutral|neutral,27,"[1, 2, 3, 5]"
"Premise: a small brown and white dog swimming through the pool next to a man.
Hypothesis: A man teaches his puppy how to swim.","Premise: A small brown and white puppy is swimming in the pool while a man is holding its harness and clearly teaching it how to swim, indicating a direct training session.
Hypothesis: A man teaches his puppy how to swim.",,contradiction,0,5,contradiction|contradiction|contradiction|contradiction|contradiction|contradiction,32,[]
"Premise: Two girls playing basketball.
Hypothesis: The girl threw the basketball.","Premise: Two girls are playing soccer.
Hypothesis: The girl threw the basketball.",,neutral,1,0,entailment,19,[]
"Premise: A woman taping a paper notice to a board.
Hypothesis: A woman taping a job notice on a bulletin board.","Premise: A man riding a bicycle near a park where a dog is chasing a ball. A cat is playing with a ball of yarn nearby. The sky is cloudy, and there is a street performer playing the saxophone nearby.
Hypothesis: A woman taping a job notice on a bulletin board.",,contradiction,1,4,contradiction|contradiction|contradiction|contradiction|entailment,31,[]
"Premise: a boy in a blue uniform is standing next to a boy in red and a boy in yellow and they are holding baseball gloves.
Hypothesis: Three boys hold baseball gloves.","Premise: a boy in a blue uniform is standing next to a boy in red and a boy in yellow and they are holding hockey sticks.
Hypothesis: Three boys hold baseball gloves.",,neutral,0,0,entailment,40,[]
"Premise: Two people are sitting on a rock looking off into the distance.
Hypothesis: Two people are outdoors.","Premise: Two people are sitting inside a cave and are clearly not outdoors looking off into the distance.
Hypothesis: Two people are outdoors.",,neutral,0,5,neutral|neutral|neutral|neutral|neutral|neutral,26,"[2, 4, 5]"
"Premise: A young teenage boy in a blue and white striped coat gives a weak smile while walking with four other girls.
Hypothesis: the boy is fifteen","Premise: A middle-aged man in a blue and white striped coat gives a weak smile while walking with four other girls, clearly in his early thirties.
Hypothesis: the boy is fifteen",,neutral,1,5,neutral|neutral|neutral|neutral|neutral|neutral,34,[5]
"Premise: A man juggles a flaming staff in the dark.
Hypothesis: A man juggling balls.","Premise: A man is juggling a flaming staff, not balls, and specifically avoiding juggling any balls in the dark.
Hypothesis: A man juggling balls.",,neutral,2,4,neutral|neutral|neutral|neutral|contradiction,25,[2]
"Premise: Two men pouring concrete onto another truck.
Hypothesis: The men are eating lunch","Premise: Two men are sitting at a picnic table eating lunch.
Hypothesis: The men are eating lunch",,contradiction,2,0,neutral,21,[]
"Premise: Two people climb a rock overhanging water.
Hypothesis: The two people are racing each other on the rock.","Premise: Two people climb a rock overhanging water while talking about their favorite books and the weather forecast for tomorrow. A dog is barking in the distance near a parked car. A nearby café is serving coffee to hikers.
Hypothesis: The two people are racing each other on the rock.",,contradiction,1,5,contradiction|contradiction|contradiction|contradiction|contradiction|contradiction,29,"[2, 4]"
"Premise: A man and woman sitting on the sidewalk.
Hypothesis: The man and woman are sitting.","Premise: A man and woman were walking on the sidewalk.
Hypothesis: The man and woman are sitting.",,neutral,0,0,entailment,24,[]
"Premise: A group of Chinese people sitting and laying down together on what appears to be a front porch.
Hypothesis: A group of African American people are eating dinner at KFC.","Premise: A group of Chinese people sitting and laying down together on what appears to be a front porch, none of whom are African American or eating at KFC.
Hypothesis: A group of African American people are eating dinner at KFC.",,entailment,2,5,entailment|entailment|entailment|entailment|entailment|entailment,40,"[2, 3]"
"Premise: A young girl with a purple shirt and a pink hair band standing near the woods.
Hypothesis: A little girl is standing outside.","Premise: A young girl with a purple shirt and a pink hair band is sitting inside a classroom, far from the woods.
Hypothesis: A little girl is standing outside.",,neutral,0,0,entailment,32,[]
"Premise: A person throws a red toy for a dog to run for.
Hypothesis: A dog is looking for a cat.","Premise: A person throws a red toy for a dog to chase, because the dog is looking for a cat-shaped toy.
Hypothesis: A dog is looking for a cat.",,contradiction,2,5,contradiction|contradiction|contradiction|contradiction|contradiction|contradiction,29,[]
"Premise: Two men are fixing the side of an old brick building.
Hypothesis: People fixing a building","Premise: Two men are not fixing the side of a new metal building.
Hypothesis: People fixing a building",,neutral,0,5,neutral|neutral|neutral|neutral|neutral|neutral,24,"[2, 3, 4, 5]"
"Premise: An Indian woman stands in an outdoor marketplace.
Hypothesis: An Indian woman visits the outdoor bazaar to buy rice.","Premise: An Indian woman stands in an outdoor marketplace wearing a traditional sari and reading a book about history. A group of children plays nearby, and a man nearby is fixing a bicycle.
Hypothesis: An Indian woman visits the outdoor bazaar to buy rice.",,contradiction,1,5,contradiction|contradiction|contradiction|contradiction|contradiction|contradiction,29,[]
"Premise: A statue at a museum that no seems to be looking at.
Hypothesis: Tons of people are gathered around the statue.","Premise: A statue at a museum that no one seems to be looking at. Outside, a group of students is exploring a quiet garden, and a nearby café is serving lunch to a few visitors. The museum is hosting a lecture in another hall about modern sculpture, while in a different city, another museum is unveiling a new painting exhibition.
Hypothesis: Tons of people are gathered around the statue.",,contradiction,2,5,contradiction|contradiction|contradiction|contradiction|contradiction|contradiction,31,[]
"Premise: A young boy plays with the contents of a pantry and a cash register, pretending he runs a grocery store.
Hypothesis: A boy is playing with food.","Premise: A young boy cleans the contents of a pantry and a cash register, pretending he runs a grocery store.
Hypothesis: A boy is playing with food.",,neutral,-1,0,contradiction,37,[]
"Premise: A child in a jeans jacket and shorts holding up a white dress as another darker-skinned child looks at it.
Hypothesis: a child holds a dress","Premise: A child in a jeans jacket and shorts is holding a hammer, not a dress, as another darker-skinned child looks at it.
Hypothesis: a child holds a dress",,neutral,0,5,neutral|neutral|neutral|neutral|neutral|neutral,36,"[4, 5]"
"Premise: A dark-haired man wearing a black and white t-shirt eats in a park surrounded by people.
Hypothesis: A man sits in the cafeteria.","Premise: A dark-haired man wearing a black and white t-shirt eats in a park surrounded by people, and there is no cafeteria nearby.
Hypothesis: A man sits in the cafeteria.",,entailment,2,0,contradiction,34,[]
"Premise: Two men stand in hula grass skirts stand in the back of a truck at the top of a silver ramp.
Hypothesis: The two men are wearing hula grass skirts.","Premise: Two men stand bare-chested at the back of a silver truck at the top of a ramp, and they explicitly state they are not wearing hula grass skirts.
Hypothesis: The two men are wearing hula grass skirts.",,neutral,0,5,neutral|neutral|neutral|neutral|neutral|neutral,41,"[4, 5]"
"Premise: A man wearing a brown shirt and backpack is pushing a stroller while a small toddler is walking along aside him on a rain-covered street.
Hypothesis: The man's shirt is white.","Premise: A man wearing a brown shirt and backpack is pushing a stroller while a small toddler is walking along aside him on a rain-covered street. A cat is sitting on a nearby fence.
Hypothesis: The man's shirt is white.",,contradiction,2,0,entailment,43,[]
"Premise: A young man is playing a blue guitar.
Hypothesis: The man is playing the guitar.","Premise: A young man is painting the blue guitar and is not playing it at all.
Hypothesis: The man is playing the guitar.",,neutral,0,5,neutral|neutral|neutral|neutral|neutral|neutral,24,"[3, 4, 5]"
"Premise: Five people standing on a stage, getting ready to perform, who are unrecognizable due to the lack of lighting.
Hypothesis: In a dim room, several actors who can barely see each other, are getting ready to act.","Premise: Five people sitting in a brightly lit room, clearly visible to each other, have just finished a performance and are getting ready to leave.
Hypothesis: In a dim room, several actors who can barely see each other, are getting ready to act.",,neutral,0,5,neutral|neutral|neutral|neutral|neutral|neutral,52,"[4, 5]"
"Premise: A man in a black jacket standing beside a green mailbox thoroughly soiled by a group of pigeons that are nearby.
Hypothesis: A man is feeding the birds by a blue mailbox","Premise: A man in a black jacket standing beside a green mailbox thoroughly soiled by a group of pigeons that are nearby, while checking the weather on his phone and waiting for a friend. A bicycle is locked to a nearby tree, and a child is playing with a toy boat on the sidewalk.
Hypothesis: A man is feeding the birds by a blue mailbox",,contradiction,-1,5,contradiction|contradiction|contradiction|contradiction|contradiction|contradiction,42,[]
"Premise: A small child dressed for winter stares across a lake while leaning on a mesh fence in a scenic park setting.
Hypothesis: A small child dressed for winter stares across a floating lake while leaning on a mesh fence","Premise: A small child dressed for winter stares across a lake that is frozen solid and therefore cannot be floating, while leaning on a mesh fence in a scenic park setting.
Hypothesis: A small child dressed for winter stares across a floating lake while leaning on a mesh fence",,neutral,0,5,neutral|neutral|neutral|neutral|neutral|neutral,47,"[1, 2, 4, 5]"
"Premise: Workers wearing orange vests stand near rail tracks.
Hypothesis: Workers wearing orange are about to repair rail tracks.","Premise: Workers wearing orange vests are sitting far away from rail tracks.
Hypothesis: Workers wearing orange are about to repair rail tracks.",,neutral,1,0,contradiction,27,[]
"Premise: A kid slides down a yellow slide into a swimming pool.
Hypothesis: The kid is playing at the waterpark.","Premise: A kid slides down a yellow slide into a swimming pool. A baker is making bread in a kitchen across town, and a cat naps under a tree in the backyard. A book is open on a bench far away. The local library is hosting a reading event downtown.
Hypothesis: The kid is playing at the waterpark.",,contradiction,1,5,contradiction|contradiction|contradiction|contradiction|contradiction|contradiction,29,[]
"Premise: Bubbles surround a statue in the middle of a street.
Hypothesis: There are bubbles around the statue.","Premise: The statue in the middle of a street is completely dry with no trace of bubbles.
Hypothesis: There are bubbles around the statue.",,neutral,0,5,neutral|neutral|neutral|neutral|neutral|neutral,27,"[2, 3, 4, 5]"
"Premise: A man in a black shirt, in a commercial kitchen, holding up meat he took out of a bag.
Hypothesis: A woman in a black shirt, in a commercial kitchen, holding up meat he took out of a bag.","Premise: A man in a black shirt, in a commercial kitchen, holding up meat he took out of a bag, and there are no women present.
Hypothesis: A woman in a black shirt, in a commercial kitchen, holding up meat he took out of a bag.",,neutral,2,5,neutral|neutral|neutral|neutral|neutral|neutral,52,"[1, 2, 3, 4, 5]"
"Premise: A man wearing a blue shirt and headphones around his neck raises his arm.
Hypothesis: A man is raising his arm.","Premise: A man wearing a blue shirt and headphones around his neck lowers his arm and sits down.
Hypothesis: A man is raising his arm.",,neutral,0,5,neutral|neutral|neutral|neutral|neutral|neutral,30,"[2, 3, 4, 5]"
"Premise: A man in a white striped shirt and blue jeans using a water hose to spray water on the ground of concrete ruins.Fo.
Hypothesis: A man is riding a motorcycle through a grassy field.","Premise: A man in a white striped shirt and blue jeans is riding a motorcycle through a grassy field, exactly as described in the hypothesis.
Hypothesis: A man is riding a motorcycle through a grassy field.",,contradiction,2,1,contradiction|neutral,46,[]
"Premise: A young boy wearing a red shirt and jeans stands in the middle of a field and throws a toy plane in the air.
Hypothesis: A young boy is playing in the field because his mother kicked him out of the house.","Premise: A young boy wearing a red shirt and jeans stands in the middle of a field and throws a toy plane in the air while a group of birds flies overhead and a tree nearby drops its leaves.
Hypothesis: A young boy is playing in the field because his mother kicked him out of the house.",,contradiction,1,5,contradiction|contradiction|contradiction|contradiction|contradiction|contradiction,51,[]
"Premise: A dog standing near snow looking at water.
Hypothesis: The dog is thinking about going to for a swim.","Premise: A dog standing near snow looking at water, while a car drives by on a distant road and a bird chirps in a nearby bush.
Hypothesis: The dog is thinking about going to for a swim.",,contradiction,1,5,contradiction|contradiction|contradiction|contradiction|contradiction|contradiction,28,"[4, 5]"
"Premise: A woman, standing behind a girl, helping the girl with an experiment.
Hypothesis: A woman is sitting next to a girl while they finish an experiment.","Premise: A woman, sitting next to a girl, watches as the girl finishes an experiment alone and the woman refuses to help at all.
Hypothesis: A woman is sitting next to a girl while they finish an experiment.",,neutral,-1,5,neutral|neutral|neutral|neutral|neutral|neutral,37,"[2, 3, 4, 5]"
"Premise: A man in purple tie is singing.
Hypothesis: A man is talking to others.","Premise: A man in purple tie is singing and is not talking to anyone.
Hypothesis: A man is talking to others.",,neutral,2,5,neutral|neutral|neutral|neutral|neutral|neutral,23,"[4, 5]"
"Premise: A golfer is getting ready to putt on the green, with a crowd of people watching in the background.
Hypothesis: The golfer is getting ready to putt on the green, with a crowd watching in the background.","Premise: A golfer is getting ready to kick a football on the field, with no crowd watching in the background.
Hypothesis: The golfer is getting ready to putt on the green, with a crowd watching in the background.",,neutral,0,5,neutral|neutral|neutral|neutral|neutral|neutral,50,[5]
"Premise: A man in a suit stands on a walkway with is suitcase with a large display in front of him announcing airline flights.
Hypothesis: A man is sitting on a beach in Mexico.","Premise: A man is sitting on a beach in Mexico, wearing a suit, with a suitcase next to him, and looking at a large display announcing airline flights. He is the same man described in the hypothesis, and all details from the hypothesis are accurately reflected in this premise.
Hypothesis: A man is sitting on a beach in Mexico.",,contradiction,2,5,contradiction|contradiction|contradiction|contradiction|contradiction|contradiction,43,"[1, 4]"
"Premise: A boy hits a tennis ball on a court.
Hypothesis: A boy is hitting a ball.","Premise: A boy does not hit a tennis ball on a court.
Hypothesis: A boy is hitting a ball.",,neutral,0,5,neutral|neutral|neutral|neutral|neutral|neutral,25,"[1, 2, 3, 4, 5]"
"Premise: A bearded man sits near a white van.
Hypothesis: A man waiting for someone near a white van.","Premise: A bearded man sits near a white van eating an apple while reading a newspaper about a local music festival in another country. The sky is blue, and a cat is sleeping on a nearby bench.
Hypothesis: A man waiting for someone near a white van.",,contradiction,1,5,contradiction|contradiction|contradiction|contradiction|contradiction|contradiction,28,[4]
"Premise: Passengers in a rusty yellow car driving down the street.
Hypothesis: An old taxi drives on a street.","Premise: Passengers in a rusty yellow taxi driving down the street.
Hypothesis: An old taxi drives on a street.",,contradiction,1,0,neutral,28,[]
"Premise: a young boy using a field microscope to identify a field specimen during a field trip.
Hypothesis: The boy is on a science field trip.","Premise: a young boy using a field microscope to identify a field specimen during a weekend hobby session at a nature reserve, while nearby, a baker is preparing a large order of pastries for a local café, and a librarian is setting up an outdoor reading tent for children's stories.
Hypothesis: The boy is on a science field trip.",,contradiction,1,5,contradiction|contradiction|contradiction|contradiction|contradiction|contradiction,34,[]
"Premise: A man and two kids standing in front of an ancient building.
Hypothesis: A man is standing with his sons.","Premise: A man and two kids standing in front of an ancient building with a group of cyclists passing by in the distance, a street musician playing in the background, and a bakery across the street displaying fresh pastries, while a cat naps on a nearby bench and a bird soars overhead, and a science fair is being held at the local community center.
Hypothesis: A man is standing with his sons.",,contradiction,1,5,contradiction|contradiction|contradiction|contradiction|contradiction|contradiction,29,[5]
"Premise: A child with blond-hair looking out of a screen door.
Hypothesis: A child is being held by his mother at the mall.","Premise: A child with blond-hair is being held by his mother at the mall.
Hypothesis: A child is being held by his mother at the mall.",,contradiction,2,0,neutral,33,[]
"Premise: Two people are running in the grass by a hill.
Hypothesis: The people are running outside.","Premise: Two people are running indoors on a treadmill.
Hypothesis: The people are running outside.",,neutral,0,0,entailment,25,[]
"Premise: A golden dog bounds across the snow-covered hill.
Hypothesis: A golden dog bounds across the snow-covered land form.","Premise: A golden dog is sitting still on a snow-covered hill, not moving at all.
Hypothesis: A golden dog bounds across the snow-covered land form.",,neutral,0,5,neutral|neutral|neutral|neutral|neutral|neutral,29,"[3, 4, 5]"
"Premise: Two woman, one wearing a blue striped shirt and the other wearing a flowered shirt, are riding horses.
Hypothesis: Women are outside riding horses.","Premise: Two women, one wearing a blue striped shirt and the other wearing a flowered shirt, are riding horses inside a barn.
Hypothesis: Women are outside riding horses.",,neutral,0,0,contradiction,36,[]
"Premise: A short-haired man is jumping while on top of a huge boulder.
Hypothesis: The man is sitting down on the rock.","Premise: A short-haired man is not sitting and is standing still while on top of a huge boulder.
Hypothesis: The man is sitting down on the rock.",,entailment,2,2,entailment|entailment|neutral,32,[]
"Premise: A man wearing a blue apron and long rubber boots is dragging a flotation device from a long row of flotation devices.
Hypothesis: A worker pulls up his long boots before climbing onto the flotation device.","Premise: A man wearing a blue apron and long rubber boots is dragging a flotation device from a long row of flotation devices near a dock, while a dog runs along the shore and a boat receives an ota software update nearby.
Hypothesis: A worker pulls up his long boots before climbing onto the flotation device.",,contradiction,1,4,contradiction|contradiction|contradiction|contradiction|neutral,46,[]
"Premise: 3 people on plain boats smiling towards the camera.
Hypothesis: 3 boating people being attacked by lions.","Premise: 3 boating people were attacked by lions and are smiling towards the camera while on plain boats.
Hypothesis: 3 boating people being attacked by lions.",,contradiction,2,0,neutral,29,[]
"Premise: Bearded black dressed male performer is displaying his skill by swinging a fire line in each hand in arcs.
Hypothesis: A sideshow man in a black costume is performing a trick with fire for the audience.","Premise: A bearded man in a black dress is reading a book while sitting on a bench in a quiet park, next to a group of cyclists taking a break under a tree. A local bakery across the street is preparing fresh pastries for morning customers. A delivery truck unloads crates of fruit at the market entrance.
Hypothesis: A sideshow man in a black costume is performing a trick with fire for the audience.",,contradiction,0,5,contradiction|contradiction|contradiction|contradiction|contradiction|contradiction,47,[]
"Premise: A bald man with a white shirt and watch eating food and drinking wine.
Hypothesis: There is a bald man.","Premise: A man with a full head of hair wearing a white shirt and watch eating food and drinking wine.
Hypothesis: There is a bald man.",,neutral,0,5,neutral|neutral|neutral|neutral|neutral|neutral,29,"[2, 3, 4, 5]"
"Premise: A man is doing a task by a body of water on a farm.
Hypothesis: The man is doing something by the water.","Premise: A man is doing a task far away from any body of water on a farm.
Hypothesis: The man is doing something by the water.",,neutral,0,5,neutral|neutral|neutral|neutral|neutral|neutral,32,"[1, 2, 3, 4, 5]"
"Premise: An older women looking off into the distance with three older women walking towards her from behind.
Hypothesis: An older woman is trying to see a billboard that is far away","Premise: An older woman looking off into the distance with three older women walking towards her from behind, while a group of children are playing nearby with a frisbee and a cat naps on a bench. A delivery truck is parked on the street, and a bird is flying overhead. The sky is clear, and a bicycle is leaning against a tree nearby. A bakery across the street is preparing fresh pastries.
Hypothesis: An older woman is trying to see a billboard that is far away",,contradiction,1,5,contradiction|contradiction|contradiction|contradiction|contradiction|contradiction,39,[]
"Premise: Two men fixing a bicycle.
Hypothesis: Two men work on a motorcycle.","Premise: Two men fix a bicycle and explicitly state they are not working on a motorcycle.
Hypothesis: Two men work on a motorcycle.",,entailment,2,0,neutral,21,[]
"Premise: Two belly dancers perform with each other in the streets while passersby look on and watch the display.
Hypothesis: Two dancers are making money","Premise: Two belly dancers perform with each other in the streets while passersby look on and watch the display. A nearby vendor sells handcrafted jewelry, and a cat naps on a windowsill several blocks away.
Hypothesis: Two dancers are making money",,contradiction,1,1,contradiction|neutral,34,[]
"Premise: Two gondola operators sit along a road in Italy.
Hypothesis: The gondola operators are in uniform.","Premise: Two gondola operators sit along a road in Italy, clearly dressed in casual clothes and not in uniform.
Hypothesis: The gondola operators are in uniform.",,neutral,1,5,neutral|neutral|neutral|neutral|neutral|neutral,29,"[2, 3, 4, 5]"
"Premise: Someone in a white and black polka dot outfit handing out small cartons of orange juice behind caution tape on a street.
Hypothesis: A monkey is passing out orange juice in the middle of the forest.","Premise: A monkey in a white and black polka dot outfit is handing out small cartons of orange juice behind caution tape in the middle of a forested street.
Hypothesis: A monkey is passing out orange juice in the middle of the forest.",,contradiction,2,0,entailment,47,[]
"Premise: Men wearing life vests speed across a body of water in an orange boat.
Hypothesis: The men are outside.","Premise: Men wearing life vests are inside a meeting room on the second floor of a building.
Hypothesis: The men are outside.",,neutral,0,0,entailment,28,[]
"Premise: An old man, likely a blacksmith, is welding a tool, seen by the red hot scorching look of it.
Hypothesis: A farmer is milking the cow.","Premise: An old man, likely a blacksmith, is welding a tool, seen by the red hot scorching look of it, while a baker nearby is preparing bread in the village square and a child is flying a kite nearby. A group of tourists is also visiting a nearby museum, and a red balloon is floating in the sky above a distant park. Meanwhile, a cat is napping on a windowsill several towns away.
Hypothesis: A farmer is milking the cow.",,contradiction,2,5,contradiction|contradiction|contradiction|contradiction|contradiction|contradiction,42,[]
"Premise: A squirrel stands on its hind legs in the grass at the edge of a road.
Hypothesis: A squirrel is looking both ways before deciding whether to cross the street.","Premise: A squirrel is standing on its hind legs in the grass at the edge of a road, clearly looking both ways before deciding whether to cross the street.
Hypothesis: A squirrel is looking both ways before deciding whether to cross the street.",,contradiction,-1,5,contradiction|contradiction|contradiction|contradiction|contradiction|contradiction,39,"[3, 5]"
"Premise: The indian's are performing a sacred dance.
Hypothesis: The people are dancing.","Premise: The indians are not performing a dance at all.
Hypothesis: The people are dancing.",,neutral,0,0,contradiction,22,[]
"Premise: A boy in red and a girl pink are walking through a low cut field.
Hypothesis: Kids are playing in the field.","Premise: A boy in red and a girl in pink are walking through a low cut field near a quiet pond. A group of cyclists passes by on a nearby road, and a car is parked by the roadside. In the village two miles away, a baker is delivering pastries to a house, while the radio plays soft jazz music in the background. Meanwhile, a science fair is taking place in the city center, where students are presenting their projects to a panel of judges. The weather forecast predicts rain for the upcoming week.
Hypothesis: Kids are playing in the field.",,contradiction,1,5,contradiction|contradiction|contradiction|contradiction|contradiction|contradiction,31,[]
"Premise: Men wearing painted clothes are standing in the rain.
Hypothesis: Men are getting wet with the rain.","Premise: Men wearing waterproof clothes are standing in the rain and remain completely dry.
Hypothesis: Men are getting wet with the rain.",,neutral,0,5,neutral|neutral|neutral|neutral|neutral|neutral,26,"[3, 4, 5]"
"Premise: A person dressed in a dress with flowers and a stuffed bee attached to it, is pushing a baby stroller down the street.
Hypothesis: A lady sitting on a bench in the park.","Premise: A lady sitting on a bench in the park is dressed in a dress with flowers and a stuffed bee attached to it, and is holding a baby stroller.
Hypothesis: A lady sitting on a bench in the park.",,contradiction,2,5,contradiction|contradiction|contradiction|contradiction|contradiction|contradiction,44,[5]
"Premise: Two children re laying on a rug with some wooden bricks laid out in a square between them.
Hypothesis: Two children are playing catch at a park.","Premise: Two children are playing catch at a park, sitting on a rug with some wooden bricks laid out in a square between them as part of the game.
Hypothesis: Two children are playing catch at a park.",,contradiction,2,5,contradiction|contradiction|contradiction|contradiction|contradiction|contradiction,36,[5]
"Premise: A young middle eastern mother in high heels, holding her young child as he lays his head on her shoulder asleep, is gazing out the window.
Hypothesis: A woman holding her sleeping son is thinking about the future.","Premise: A young middle eastern mother in high heels, holding her young child as he lays his head on her shoulder asleep, is gazing out the window while a dog plays with a ball nearby.
Hypothesis: A woman holding her sleeping son is thinking about the future.",,contradiction,1,1,contradiction|neutral,50,[]
"Premise: A woman poses for a picture with a child.
Hypothesis: The woman and child take a picture together.","Premise: A woman refuses to pose for a picture with a child.
Hypothesis: The woman and child take a picture together.",,neutral,0,0,contradiction,27,[]
"Premise: A young girl chasing a duck with bread in her hands.
Hypothesis: A child is chasing an animal.","Premise: A young girl is sitting quietly at a table, holding a book and ignoring the duck nearby, showing no movement or signs of chasing anything.
Hypothesis: A child is chasing an animal.",,neutral,0,5,neutral|neutral|neutral|neutral|neutral|neutral,27,"[4, 5]"
"Premise: A man in the bucket of a chery-picker cuts down branches using a chainsaw at the end of a long pole.
Hypothesis: A man is trimming trees.","Premise: A man in the bucket of a cherry-picker is reading a book while another worker on the ground is mending a fence near a pile of logs.
Hypothesis: A man is trimming trees.",,contradiction,0,5,contradiction|contradiction|contradiction|contradiction|contradiction|contradiction,39,"[2, 3, 4, 5]"
"Premise: Two adults hold either side of a boat at the edge of the water.
Hypothesis: Two people are hiking.","Premise: Two adults are far from the water, hiking on a mountain trail.
Hypothesis: Two people are hiking.",,neutral,2,0,contradiction,28,[]
"Premise: Four women competitively rollerskating around an area.
Hypothesis: four men are rollerskating.","Premise: Four men are rollerskating around an area.
Hypothesis: four men are rollerskating.",,entailment,2,1,entailment|neutral,26,[]
"Premise: A young boy in a cowboy hat rides a large horse.
Hypothesis: A boy is sleeping.","Premise: A young boy in a cowboy hat is sleeping on a large horse.
Hypothesis: A boy is sleeping.",,contradiction,2,0,neutral,25,[]
"Premise: Two men are standing in a boat.
Hypothesis: A few men are fishing on a boat.","Premise: Two men are standing in a boat and explicitly state they are not fishing and are instead cooking dinner onshore.
Hypothesis: A few men are fishing on a boat.",,neutral,1,5,neutral|neutral|neutral|neutral|neutral|neutral,25,"[3, 4, 5]"
"Premise: Two young boys are playing in a fountain in a city plaza.
Hypothesis: Kids are are standing in a fountain.","Premise: Two young boys are not in a fountain in a city plaza.
Hypothesis: Kids are are standing in a fountain.",,neutral,0,5,neutral|neutral|neutral|neutral|neutral|neutral,29,"[2, 3, 4, 5]"
"Premise: Military personnel are shopping
Hypothesis: Military personnel are in the mall.","Premise: Military personnel are not in the mall.
Hypothesis: Military personnel are in the mall.",,neutral,1,5,neutral|neutral|neutral|neutral|neutral|neutral,20,"[2, 3, 4, 5]"
"Premise: An older women looking off into the distance with three older women walking towards her from behind.
Hypothesis: 4 older woman are walking","Premise: An older woman looking off into the distance with no one walking towards her from behind.
Hypothesis: 4 older woman are walking",,neutral,0,5,neutral|neutral|neutral|neutral|neutral|neutral,32,"[1, 5]"
"Premise: A man wearing a wife-beater sings into a microphone as a blue light shines on him.
Hypothesis: A naked man drinks a soda in the dark.","Premise: A woman reads a book by a window as a blue light shines on some nearby plants and a librarian organizes books on a shelf in another room, while a delivery truck unloads boxes outside the building and a cat naps on a nearby bench.
Hypothesis: A naked man drinks a soda in the dark.",,contradiction,2,5,contradiction|contradiction|contradiction|contradiction|contradiction|contradiction,37,[]
"Premise: A lady is helping another woman work in a silver compartment, which is most likely related to nurse-work.
Hypothesis: A lady is sleeping on a couch","Premise: A lady is helping another woman work in a silver compartment, which is most likely related to nurse-work, while a gardener is watering plants in a greenhouse and a chef is preparing a dessert in the kitchen.
Hypothesis: A lady is sleeping on a couch",,contradiction,2,5,contradiction|contradiction|contradiction|contradiction|contradiction|entailment,36,[]
"Premise: Men sitting at a table in a church.
Hypothesis: The men pray at the alters.","Premise: Men sitting at a table in a library discussing a community event with a local teacher and planning a neighborhood clean-up initiative, while a group of students nearby practices for a school play outside the room.
Hypothesis: The men pray at the alters.",,contradiction,2,5,contradiction|contradiction|contradiction|contradiction|contradiction|contradiction,24,[4]
"Premise: A young girl with a white long-sleeved shirt on helps a young boy brown long-sleeved shirt on with tying his shoelaces.
Hypothesis: A girl helps a boy tie his shoes","Premise: A young girl with a white long-sleeved shirt on refuses to help a young boy with a brown long-sleeved shirt on and tells him to tie his own shoelaces.
Hypothesis: A girl helps a boy tie his shoes",,neutral,0,5,neutral|neutral|neutral|neutral|neutral|neutral,46,"[2, 5]"
"Premise: A dark-skinned person, crouched while painting a sign.
Hypothesis: A black man is painting a protest sign.","Premise: A dark-skinned person, crouched while painting a sign, explicitly stating it is for a school event and not a protest, and the sign reads ""Celebrate Diversity Day."" The person is clearly identified as a woman and is painting in a school gym, not a public protest location, and there is no indication that the individual is a black man or involved in any protest activity.
Hypothesis: A black man is painting a protest sign.",,neutral,1,5,neutral|neutral|neutral|neutral|neutral|neutral,31,[]
"Premise: Six men in airport standing on moving walkway
Hypothesis: There is a group of people at the airport.","Premise: Six men in airport standing on moving walkway, and no one else is around
Hypothesis: There is a group of people at the airport.",,neutral,0,0,entailment,28,[]
"Premise: A young man with glasses and his companion are attempting to do laundry in a public place.
Hypothesis: A tall person with glasses","Premise: A young man with glasses is reading a book in a park while his companion waters nearby plants and a group of cyclists passes by on the path. A baker across the street is preparing pastries for an early morning sale, while a musician practices violin in a distant square and a train arrives at a nearby station. Meanwhile, in another city, a librarian organizes historical documents and a chef experiments with new recipes in a test kitchen. In a different country, a farmer harvests wheat under a bright sun and a teacher plans lessons for the upcoming school year.
Hypothesis: A tall person with glasses",,contradiction,1,5,contradiction|contradiction|contradiction|contradiction|contradiction|contradiction,31,[]
"Premise: Man on phone in business suit walking down a busy street.
Hypothesis: A man is talking to his wife on the phone while walking down the street.","Premise: A woman in a red coat is reading a book under a tree in a quiet park while a man in a business suit walks down a busy street carrying a briefcase and a bicycle is being repaired nearby. A cat is sitting on a windowsill above a café.
Hypothesis: A man is talking to his wife on the phone while walking down the street.",,contradiction,1,5,contradiction|contradiction|contradiction|contradiction|contradiction|contradiction,36,[4]
"Premise: A person is walking a bicycle down a city street.
Hypothesis: The bike has a flat tire.","Premise: A person is walking a bicycle down a city street while listening to music on their phones, and a street performer is painting a mural nearby. A baker is preparing pastries in a kitchen across town, and a librarian is organizing books in a quiet study room.
Hypothesis: The bike has a flat tire.",,contradiction,1,5,contradiction|contradiction|contradiction|contradiction|contradiction|contradiction,26,[]
"Premise: An older woman is holding a small child.
Hypothesis: a woman holding a child","Premise: An older woman is not holding a small child.
Hypothesis: a woman holding a child",,neutral,0,5,neutral|neutral|neutral|neutral|neutral|neutral,22,"[1, 2, 3, 4, 5]"
"Premise: A woman plays guitar for tips.
Hypothesis: there is no way one can learn music","Premise: A woman plays guitar for tips at a local café while reading a book about astronomy. A dog barks outside the window. The sky is cloudy. A man nearby orders coffee and reads the newspaper.
Hypothesis: there is no way one can learn music",,contradiction,2,4,contradiction|contradiction|contradiction|contradiction|entailment,23,[1]
"Premise: A man and a woman sitting down laughing.
Hypothesis: The man and woman are mad at each other.","Premise: A man and a woman sitting down laughing heartily and clearly not mad at each other.
Hypothesis: The man and woman are mad at each other.",,neutral,2,5,neutral|neutral|neutral|neutral|neutral|neutral,27,[5]
"Premise: Family sitting down in a field of grass while others walk by.
Hypothesis: No one is sitting in the field of grass.","Premise: No one is sitting down in a field of grass while others walk by.
Hypothesis: No one is sitting in the field of grass.",,entailment,2,0,neutral,31,[]
"Premise: A man and woman look through CD's at a street vendor.
Hypothesis: A man and women taking a break","Premise: A man and woman are working at a street vendor and have no time to take a break.
Hypothesis: A man and women taking a break",,neutral,1,1,neutral|contradiction,28,[]
"Premise: A woman swings on a rope overlooking a red farmhouse and gated pastures and tall trees.
Hypothesis: the woman cooked a apple pie","Premise: A woman is in the kitchen of a red farmhouse, where she has just finished cooking an apple pie, and a rope swings outside overlooking the gated pastures and tall trees.
Hypothesis: the woman cooked a apple pie",,contradiction,2,5,contradiction|contradiction|contradiction|contradiction|contradiction|contradiction,32,"[3, 4, 5]"
"Premise: A lady digs through a garbage can looking to add to the shopping cart beside her.
Hypothesis: Lady is searching for food in garbage","Premise: A lady digs through a garbage can looking to add to the shopping cart beside her, while a street cleaner mows the lawn in the distance and children play with balloons nearby.
Hypothesis: Lady is searching for food in garbage",,contradiction,1,5,contradiction|contradiction|contradiction|contradiction|contradiction|contradiction,32,[]
"Premise: A wet black lab with a red collar is standing in the water.
Hypothesis: A wet dog is outside.","Premise: A dry black lab with a red collar is sitting inside the house.
Hypothesis: A wet dog is outside.",,neutral,0,0,contradiction,28,[]
"Premise: A crowd of people is looking at something outside of a Gap store.
Hypothesis: People are looking outside","Premise: A crowd of people is looking at something outside of a Gap store, while a musician plays a saxophone nearby.
Hypothesis: People are looking outside",,contradiction,0,0,neutral,26,[]
"Premise: A older man with gray hair wearing a gray suit next to a green and yellow taxi.
Hypothesis: A older woman sits in a green and yellow taxi.","Premise: An older woman with gray hair wearing a gray suit is sitting in a green and yellow taxi.
Hypothesis: A older woman sits in a green and yellow taxi.",,contradiction,2,0,neutral,37,[]
"Premise: people are standing near water with a boat heading their direction
Hypothesis: People are standing near water with a large blue boat heading their direction.","Premise: a group of people is having a picnic near a park with a bicycle leaning against a nearby tree and a child is playing with a ball on the grass under a cloudy sky, while a group of birds flies overhead
Hypothesis: People are standing near water with a large blue boat heading their direction.",,contradiction,1,5,contradiction|contradiction|contradiction|contradiction|contradiction|neutral,34,[2]
"Premise: Five boys in blue shirts drawing at a table.
Hypothesis: The boys are wearing red shirts.","Premise: Five boys in blue shirts drawing at a table, and none of them are wearing red shirts.
Hypothesis: The boys are wearing red shirts.",,entailment,2,0,neutral,25,[]
"Premise: A man in glasses and an orange shirt is sitting outside next to a table with drinks on it.
Hypothesis: A woman sits on a table","Premise: A man in glasses and an orange shirt is sitting outside next to a table with drinks on it. There is a cat sleeping on a nearby bench.
Hypothesis: A woman sits on a table",,contradiction,2,0,entailment,34,[]
"Premise: An elderly man talking to a young boy by a table of produce.
Hypothesis: the boy was listening","Premise: An elderly man talking to a young boy by a table of produce while a delivery truck passes by on the street and a cat naps on a nearby fence. A group of cyclists rides past a bakery in the distance.
Hypothesis: the boy was listening",,contradiction,1,5,contradiction|contradiction|contradiction|contradiction|contradiction|contradiction,26,[]
"Premise: A man takes a drink in the doorway of a home.
Hypothesis: A man is looking out onto his front lawn from the doorway of his home.","Premise: A woman in a red jacket reads a book on a park bench near a home while waiting for a friend. A cat naps on a windowsill across the street. A delivery truck unloads packages nearby. A group of cyclists passes by on a nearby road. A baker is preparing pastries in a shop several blocks away.
Hypothesis: A man is looking out onto his front lawn from the doorway of his home.",,contradiction,1,5,contradiction|contradiction|contradiction|contradiction|contradiction|contradiction,36,[]
"Premise: Two dogs run together near the leaves.
Hypothesis: The two dogs are running to play in the leaves.","Premise: Two dogs sit quietly near the leaves while a cat watches from a distance.
Hypothesis: The two dogs are running to play in the leaves.",,contradiction,1,0,entailment,27,[]
"Premise: Man jumping over a rusty fence on a blue bicycle.
Hypothesis: The man attending a meeting in his office.","Premise: A man is on his way to his office for a meeting he is attending. While riding a blue bicycle, he is reviewing the meeting agenda in preparation for the discussion that will take place in his office. The man is traveling to his office to attend a scheduled meeting.
Hypothesis: The man attending a meeting in his office.",,contradiction,2,5,contradiction|contradiction|contradiction|contradiction|contradiction|contradiction,28,[]
"Premise: A man is sitting on the floor and is surrounded by pictures.
Hypothesis: A man sitting on the floor with photographs around him.","Premise: A man is standing on a chair and is surrounded by pictures.
Hypothesis: A man sitting on the floor with photographs around him.",,neutral,0,0,entailment,32,[]
"Premise: A man with no shirt on is holding a football.
Hypothesis: A man rolls on the ground on fire.","Premise: A man with no shirt on is holding a football and is completely unharmed.
Hypothesis: A man rolls on the ground on fire.",,entailment,2,0,contradiction,28,[]
"Premise: Fireworks light up the night as a man stands on stage.
Hypothesis: The fireworks were shot into the sky.","Premise: No fireworks were shot into the sky as a man stands on stage.
Hypothesis: The fireworks were shot into the sky.",,neutral,0,5,neutral|neutral|neutral|neutral|neutral|neutral,29,"[1, 2, 3, 4, 5]"
"Premise: A woman teaching a ballet class composed of small children holding colourful scarves.
Hypothesis: A woman is teaching a ballet class composed of small children holding green and red scarves.","Premise: A man teaching a ballet class composed of small children holding only black and yellow scarves.
Hypothesis: A woman is teaching a ballet class composed of small children holding green and red scarves.",,neutral,1,5,neutral|neutral|neutral|neutral|neutral|neutral,41,"[2, 5]"
"Premise: A group of adults stands in the bathroom looking down a small child in the bath.
Hypothesis: The child is sleeping.","Premise: A group of adults stands in the bathroom looking down at a small child who is wide awake and splashing actively in the bath.
Hypothesis: The child is sleeping.",,neutral,2,5,neutral|neutral|neutral|neutral|neutral|neutral,30,"[3, 4, 5]"
"Premise: A smiling woman and man are seated in front of a microphone in a music studio.
Hypothesis: the woman is happy.","Premise: A smiling woman and man are seated in front of a microscope in a biology lab, while a technician prepares a slide for analysis and a group of students discusses a math problem outside the lab.
Hypothesis: the woman is happy.",,contradiction,1,5,contradiction|contradiction|contradiction|contradiction|contradiction|contradiction,30,"[2, 4]"
"Premise: Two workers, one in a ditch and one standing on the ground, are working in front of a house.
Hypothesis: The workers are working infront of the house","Premise: Two workers, one in a ditch and one standing on the ground, are working in a completely different location, far from any house and explicitly not in front of it.
Hypothesis: The workers are working infront of the house",,neutral,0,5,neutral|neutral|neutral|neutral|neutral|neutral,39,"[3, 4]"
"Premise: Young boy smiles at the camera from the tire swing.
Hypothesis: He is barefoot.","Premise: Young boy smiles at the camera from the tire swing while wearing heavy boots.
Hypothesis: He is barefoot.",,neutral,1,5,neutral|neutral|neutral|neutral|neutral|neutral,24,"[1, 2, 3, 4, 5]"
"Premise: A woman in a green suit walking towards an escalator.
Hypothesis: A woman is walking to the escalator at a sporting event.","Premise: A woman in a green suit walking towards an escalator while reading a book.
Hypothesis: A woman is walking to the escalator at a sporting event.",,contradiction,1,0,neutral,33,[]
"Premise: Three people are outside.
Hypothesis: Three people enjoying the great outdoors.","Premise: Three people are inside a building and explicitly state they do not enjoy the great outdoors.
Hypothesis: Three people enjoying the great outdoors.",,neutral,1,5,neutral|neutral|neutral|neutral|neutral|neutral,20,"[3, 4, 5]"
"Premise: A soldier using binoculars in a desert.
Hypothesis: A soldier using binoculars outside in the heat.","Premise: A soldier using binoculars in a desert while a musician practices a flute nearby and children play with balloons in the distance.
Hypothesis: A soldier using binoculars outside in the heat.",,contradiction,0,5,contradiction|contradiction|contradiction|contradiction|contradiction|contradiction,29,[]
"Premise: Three bridesmaids in blue dresses hold the train of a bride's wedding dress.
Hypothesis: The bridesmaids are assisting the bride.","Premise: Three bridesmaids in blue dresses ignore the bride's wedding dress and walk away from the ceremony.
Hypothesis: The bridesmaids are assisting the bride.",,neutral,0,5,neutral|neutral|neutral|neutral|neutral|neutral,32,"[1, 2, 3, 4, 5]"
"Premise: A man in colorful shorts is surfing under a wave.
Hypothesis: A man is sunbathing.","Premise: A man in colorful shorts is surfing under a wave while a woman sets up a beach umbrella nearby and a child flies a kite in the distance. A delivery truck is parked on a nearby road, and a barista is making coffee at a café across town.
Hypothesis: A man is sunbathing.",,contradiction,2,3,contradiction|contradiction|contradiction|entailment,26,[]
"Premise: The cyclist rides on a wooded path.
Hypothesis: The cyclist rides quickly alone on a wooded path","Premise: A cyclist rides on a wooded path, and a bird flies overhead near a tree that is losing its leaves. The clock tower nearby strikes noon, and a cat naps on a windowsill in a nearby house. A farmer waters crops in a distant field. The sky is clear, and the wind gently rustles the trees.
Hypothesis: The cyclist rides quickly alone on a wooded path",,contradiction,1,5,contradiction|contradiction|contradiction|contradiction|contradiction|contradiction,25,[]
"Premise: A boy wearing jeans, standing on rocks in a river and throwing a stone.
Hypothesis: A boy with no shirt on throws rocks.","Premise: A girl wearing jeans, sitting on rocks in a river and not throwing a stone.
Hypothesis: A boy with no shirt on throws rocks.",,neutral,1,2,neutral|neutral|contradiction,33,[]
"Premise: A man in a suit cheering in a library in front of children.
Hypothesis: A lawyer is encouraging some children at a contest.","Premise: A man in a suit is not in a library but in a courtroom, and is not cheering but arguing in front of adults.
Hypothesis: A lawyer is encouraging some children at a contest.",,entailment,1,1,entailment|neutral,32,[]
"Premise: A female runner dressed in blue athletic wear is running in a competition, while spectators line the street.
Hypothesis: There are children in the streets.","Premise: A female runner dressed in blue athletic wear is running in a competition, while the streets are completely closed off to the public, and no spectators or children are allowed outside.
Hypothesis: There are children in the streets.",,neutral,2,5,neutral|neutral|neutral|neutral|neutral|neutral,35,"[3, 4, 5]"
"Premise: a green and white trolley car with an advertisement of coffee on the side and front of it in a city.
Hypothesis: A taxi cab with two women in the backseat talking on their cellphones.","Premise: a green and white trolley car serving as a taxi cab with two women in the backseat talking on their cellphones, and an advertisement of coffee on the side and front of it in a city.
Hypothesis: A taxi cab with two women in the backseat talking on their cellphones.",,contradiction,2,0,neutral,47,[]
"Premise: Two men stand in the road, it almost appears to be some sort of movie set on a sunny day in California.
Hypothesis: Everybody is sitting","Premise: Two men stand in the road, it almost appears to be some sort of movie set on a sunny day in California. In the distance, a delivery truck unloads packages near a row of palm trees, while a street musician plays a tune on a nearby corner. A few clouds appear on the horizon as the weather begins to change, and a local news crew sets up cameras for a morning segment. In a completely unrelated event, a science fair is being prepared at a nearby high school with students arranging posters and models.
Hypothesis: Everybody is sitting",,contradiction,2,5,contradiction|contradiction|contradiction|contradiction|contradiction|contradiction,35,[]
"Premise: A woman in red blouse is standing with small blond child in front of a small folding chalkboard.
Hypothesis: a woman stands with her child","Premise: A woman in red blouse is standing with a small blond child in front of a small folding chalkboard. A book about astronomy is open on a nearby bench. A clock on the wall shows the time as 2:45 PM.
Hypothesis: a woman stands with her child",,contradiction,1,5,contradiction|contradiction|contradiction|contradiction|contradiction|contradiction,34,[]
"Premise: Six women wait to use a port-o-john in a field.
Hypothesis: Friends are meeting for coffee.","Premise: Six women wait to use a port-o-john in a field near a remote hiking trail while a group of hikers passes by and a farmer plants crops nearby. A librarian organizes books in a quiet study hall in another part of the country. A baker prepares a variety of pastries in a kitchen in another town.
Hypothesis: Friends are meeting for coffee.",,contradiction,2,5,contradiction|contradiction|contradiction|contradiction|contradiction|contradiction,28,[]
"Premise: While one man, in the white cap, is golfing, three other men are in the middle of a conversation.
Hypothesis: Four guys go bowling at the lanes.","Premise: While one man, in the white cap, is gardening in his backyard, three other men are in the middle of a conversation about home improvement, and a cat naps quietly on a nearby bench. A dog plays fetch with a child nearby. A train passes by in the distance, and a baker delivers fresh pastries to the local shop. A group of hikers begins their journey on the trail just outside the town.
Hypothesis: Four guys go bowling at the lanes.",,contradiction,2,5,contradiction|contradiction|contradiction|contradiction|contradiction|contradiction,40,[]
"Premise: Two dogs are running next to each other on a grassy hill.
Hypothesis: The dogs are eating their food indoors.","Premise: Two dogs are resting inside a house, not running next to each other on a grassy hill outdoors.
Hypothesis: The dogs are eating their food indoors.",,entailment,2,4,entailment|entailment|entailment|entailment|neutral,30,[]
"Premise: Two men stand on stairs with an assortment of chairs and a woven basket in the foreground.
Hypothesis: The basket is woven.","Premise: Two men stand on stairs with an assortment of chairs and a plastic basket in the foreground.
Hypothesis: The basket is woven.",,neutral,0,0,contradiction,31,[]
"Premise: A child doing gymnastics
Hypothesis: The child is eating lunch at the park.","Premise: A child is reading a book indoors while a dog plays with a toy in the next room.
Hypothesis: The child is eating lunch at the park.",,contradiction,2,5,contradiction|contradiction|contradiction|contradiction|contradiction|contradiction,23,"[2, 3, 4, 5]"
"Premise: A man drops something, reaching for it while a woman in a beige blazer discusses an important topic.
Hypothesis: A man brushes his teeth in front of a mirror.","Premise: A man drops something, reaching for it while a woman in a beige blazer discusses an important topic outside a coffee shop and a child plays with a toy airplane nearby.
Hypothesis: A man brushes his teeth in front of a mirror.",,contradiction,2,2,contradiction|contradiction|neutral,40,[]
"Premise: A woman in a spaghetti strap tank wearing a flower in her hair is staring towards the right.
Hypothesis: The woman is sleeping on a pillow.","Premise: A woman in a spaghetti strap tank wearing a flower in her hair is staring towards the right while a man waters plants in the background. A cat is sitting on a nearby bench. A car passes by on a distant road.
Hypothesis: The woman is sleeping on a pillow.",,contradiction,2,2,contradiction|contradiction|entailment,35,[]
"Premise: A man holds two children in his arms.
Hypothesis: A man poses for a photograph with his two grandchildren.","Premise: A woman is watering plants in her backyard while a man is reading a book near a grocery store parking lot and a dog plays nearby. A chef is preparing a dish in a kitchen across town.
Hypothesis: A man poses for a photograph with his two grandchildren.",,contradiction,1,5,contradiction|contradiction|contradiction|contradiction|contradiction|contradiction,28,[3]
"Premise: Three workers, with life vests and hard hats, on a boat hanging from cables over water.
Hypothesis: Three people are on a boat.","Premise: Three workers, with life vests and hard hats, on an empty boat hanging from cables over water. The boat contains no people.
Hypothesis: Three people are on a boat.",,neutral,0,5,neutral|neutral|neutral|neutral|neutral|neutral,34,"[2, 3, 4, 5]"
"Premise: A man playing the guitar while smoking a cigarette.
Hypothesis: The man is also playing the drums","Premise: A man is playing the guitar and simultaneously playing the drums while smoking a cigarette.
Hypothesis: The man is also playing the drums",,contradiction,2,5,contradiction|contradiction|contradiction|contradiction|contradiction|contradiction,25,[1]
"Premise: A older man with gray hair wearing a gray suit next to a green and yellow taxi.
Hypothesis: A older man with gray hair wearing a gray suit.","Premise: An older man with gray hair wearing a gray suit is standing next to a green and yellow taxi. A street musician is playing a violin nearby, and a baker is carrying a tray of pastries from a shop across the street. The sky is cloudy, and there is a park with a bench and a taxi stand in the distance. A cat is sitting on a bench, and a child is flying a kite. A bicycle is parked near the taxi stand. The bakery next door just received a shipment of coffee beans from South America.
Hypothesis: A older man with gray hair wearing a gray suit.",,contradiction,0,5,contradiction|contradiction|contradiction|contradiction|contradiction|contradiction,37,[]
"Premise: Two people walk up to a brick building with a colorful mural on its side.
Hypothesis: Two people walking toward a brick building with a colorful mural outside.","Premise: Two people walk away from a brick building with a plain, white wall on its side.
Hypothesis: Two people walking toward a brick building with a colorful mural outside.",,neutral,0,5,neutral|neutral|neutral|neutral|neutral|neutral,37,"[2, 3, 4, 5]"
"Premise: A dog hides in the tall grasses along a rocky shore
Hypothesis: The dog is outdoors.","Premise: A dog hides in the tall grasses inside a closed, indoor shelter with no access to the outside.
Hypothesis: The dog is outdoors.",,neutral,0,5,neutral|neutral|neutral|neutral|neutral|neutral,26,"[3, 4, 5]"
"Premise: A young girl wearing yellow shorts and a white tank top using a cane pole to fish at a small pond.
Hypothesis: A girl in shorts is fishing in a pond.","Premise: A young girl wearing yellow shorts and a white tank top using a cane pole to fish at a small pond, while nearby a concert is being held in a distant city.
Hypothesis: A girl in shorts is fishing in a pond.",,contradiction,0,2,contradiction|contradiction|neutral,40,[]
"Premise: The collie is standing outdoors on a sandy area.
Hypothesis: The collie is standing in the sand.","Premise: The collie is standing outdoors on a wooden platform above the sand, clearly not in the sand.
Hypothesis: The collie is standing in the sand.",,neutral,0,5,neutral|neutral|neutral|neutral|neutral|neutral,28,"[3, 4]"
"Premise: The red motocross bike and its rider are airborne above the trees.
Hypothesis: A rider is riding his motocross bike.","Premise: The red motocross bike is on the ground with no rider, and there are no trees nearby.
Hypothesis: A rider is riding his motocross bike.",,neutral,0,5,neutral|neutral|neutral|neutral|neutral|neutral,33,"[2, 3, 4, 5]"
"Premise: Children at daycare playing on rings, and poles, one parent standing and holding her child and one teacher is sitting on the bench watching the others play.
Hypothesis: Children are enjoying their time at the park on a field trip.","Premise: Children at daycare playing on rings and poles, one parent standing and holding her child, and one teacher is sitting on the bench reading a book while a group of students outside the daycare is practicing soccer nearby and a baker is preparing pastries in the kitchen.
Hypothesis: Children are enjoying their time at the park on a field trip.",,contradiction,-1,5,contradiction|contradiction|contradiction|contradiction|contradiction|contradiction,51,"[3, 4, 5]"
"Premise: Man in blue shirt yells and points off-camera while a man in a blue shirt and baseball cap watches.
Hypothesis: He is yelling at his son.","Premise: Man in blue shirt yells and points off-camera while a man in a blue shirt and baseball cap watches a nearby basketball game. A woman in a red dress reads a book by the pool and a dog chases a frisbee in the distance.
Hypothesis: He is yelling at his son.",,contradiction,1,5,contradiction|contradiction|contradiction|contradiction|contradiction|contradiction,37,[5]
"Premise: A woman poses with sunglasses shaped like dollar signs and a silver suitcase labelled ""LUCKY"" full of bills.
Hypothesis: A woman is posing for a photograph.","Premise: A man in a red jacket is reading a book under a tree in the park, while nearby, a woman with sunglasses shaped like dollar signs and a silver suitcase labelled ""LUCKY"" full of bills stands by a fountain. A group of children are playing soccer on the field across the way.
Hypothesis: A woman is posing for a photograph.",,contradiction,0,5,contradiction|contradiction|contradiction|contradiction|contradiction|contradiction,39,[]
"Premise: Two kids running past a dinosaur in the woods.
Hypothesis: Some children in the forest pass by a plastic triceratops.","Premise: Two kids are playing with a plastic triceratops in the woods, not running past anything else.
Hypothesis: Some children in the forest pass by a plastic triceratops.",,neutral,1,1,neutral|entailment,32,[]
"Premise: a brown dog with a yellow toy in his mouth is jumping off the grassy ground
Hypothesis: The black dog has a red toy.","Premise: a black dog with a red toy in his mouth is clearly seen holding the red toy
Hypothesis: The black dog has a red toy.",,neutral,2,5,neutral|neutral|neutral|neutral|neutral|neutral,34,"[2, 3]"
"Premise: Two young musicians play from a stage.
Hypothesis: The stage is empty","Premise: Two young musicians practice in a studio while a cook prepares dinner in the next room. A cat sleeps on a nearby windowsill. The mailman delivers a package to a nearby house.
Hypothesis: The stage is empty",,contradiction,2,3,contradiction|contradiction|contradiction|entailment,20,[]
"Premise: a skier is throwing up snow as he skis off piste.
Hypothesis: A snowboarder takes a nap on the course.","Premise: a snowboarder takes a nap on the course.
Hypothesis: A snowboarder takes a nap on the course.",,entailment,2,0,neutral,34,[]
"Premise: A large African American man sitting on a camping chair.
Hypothesis: the large black man is running a race","Premise: A large African American man sitting on a camping chair near a quiet lake, reading a book and sipping coffee while watching a group of cyclists pass by and a bird perched on a nearby branch.
Hypothesis: the large black man is running a race",,contradiction,2,5,contradiction|contradiction|contradiction|contradiction|contradiction|contradiction,27,"[3, 4, 5]"
"Premise: In front of a brick house with a straw roof and some figures, three children stand, two of them holding squares of blackboard.
Hypothesis: The children are outdoors","Premise: Inside a classroom with desks and a whiteboard, three children sit, two of them writing on squares of blackboard.
Hypothesis: The children are outdoors",,neutral,0,0,entailment,39,[]
"Premise: Everyone on the street in the city seem to be busy doing their own thing.
Hypothesis: The people are watching what is happening.","Premise: Everyone on the street in the city seem to be busy doing their own thing, while a group of cyclists passes by on the opposite side of the road.
Hypothesis: The people are watching what is happening.",,contradiction,2,4,contradiction|contradiction|contradiction|contradiction|neutral,32,[]
"Premise: A little blond boy is playing doctor with red, blue, and yellow toy gear.
Hypothesis: Boy pretending to be a doctor.","Premise: A little blond boy is playing with red, blue, and yellow toy blocks while birds chirp outside the window.
Hypothesis: Boy pretending to be a doctor.",,contradiction,0,5,contradiction|contradiction|contradiction|contradiction|contradiction|contradiction,32,"[3, 4]"
"Premise: A man is laid back in front of a tv.
Hypothesis: he is watching the news","Premise: A man is laid back in front of a tv that is turned off and there is no television screen visible.
Hypothesis: he is watching the news",,neutral,1,5,neutral|neutral|neutral|neutral|neutral|neutral,24,"[2, 3, 4, 5]"
"Premise: Young person in black next to an older person in black and white polka dot.
Hypothesis: A young person is standing next to a relative.","Premise: Young person in black next to an older person in black and white polka dot. The two are strangers with no family relation.
Hypothesis: A young person is standing next to a relative.",,neutral,1,0,contradiction,35,[]
"Premise: A photographer is using a tripod to take a picture of a sunset.
Hypothesis: The photographer is holding the camera in his hands.","Premise: A photographer is using a tripod to take a picture of a sunset while a child nearby is drawing a picture of a tree and a group of birds is flying overhead, and a baker is preparing a batch of cookies in the next room.
Hypothesis: The photographer is holding the camera in his hands.",,contradiction,2,5,contradiction|contradiction|contradiction|contradiction|contradiction|contradiction,32,[]
"Premise: A group of people are in a rowboat in the ocean surrounded by seagulls.
Hypothesis: A group of people are rowing towards some islands while one of them fishes.","Premise: A group of people are in a rowboat in the ocean surrounded by seagulls, while a street musician sets up his saxophone near a café on a distant island and a storm is visible far beyond the horizon. A delivery truck is stuck in traffic on the other side of the city.
Hypothesis: A group of people are rowing towards some islands while one of them fishes.",,contradiction,1,5,contradiction|contradiction|contradiction|contradiction|contradiction|contradiction,42,[5]
"Premise: A woman sitting in an office.
Hypothesis: A women outside","Premise: A woman sitting in an office reviewing financial reports while a man is cooking in the kitchen and a cat naps on a windowsill in a completely different building. A nearby library is hosting a book fair, and a group of students is discussing literature in a park.
Hypothesis: A women outside",,contradiction,2,3,contradiction|contradiction|contradiction|neutral,18,[]
"Premise: 2 women and 2 girls crossing the road
Hypothesis: A group of girls and women are laughing as they cross the road.","Premise: 2 women and 2 girls crossing the road in silence
Hypothesis: A group of girls and women are laughing as they cross the road.",,neutral,1,5,neutral|neutral|neutral|neutral|neutral|neutral,33,"[1, 2, 3, 4, 5]"
"Premise: Two construction workers climbing the steel ribbed exterior of a new building at their work site.
Hypothesis: Two workers are climbing a building.","Premise: Two construction workers are sitting inside the lobby of a completed building at their work site, clearly not engaged in any climbing activity.
Hypothesis: Two workers are climbing a building.",,neutral,0,5,neutral|neutral|neutral|neutral|neutral|neutral,33,"[2, 4, 5]"
"Premise: A white dog with brown spots running on a dirt path
Hypothesis: A dog runs on a path.","Premise: A white dog with brown spots sitting on a dirt path
Hypothesis: A dog runs on a path.",,neutral,0,0,contradiction,27,[]
"Premise: A man in a khaki jacket and ball cap walks down the street.
Hypothesis: The man is walking to the supermarket.","Premise: A man in a khaki jacket and ball cap walks down the street toward the supermarket.
Hypothesis: The man is walking to the supermarket.",,contradiction,1,0,neutral,31,[]
"Premise: A young woman dressed up semi-formally is reading book and drinking in the sun, seated on a bench.
Hypothesis: A young woman is running through the waves.","Premise: A young woman dressed up semi-formally is reading a book and drinking outside on a sunny beach, seated on a bench near the waves.
Hypothesis: A young woman is running through the waves.",,contradiction,2,0,entailment,39,[]
"Premise: A big dog catches a ball on his nose
Hypothesis: A big dog is sitting down while trying to catch a ball","Premise: A big dog is sitting down and refuses to catch a ball
Hypothesis: A big dog is sitting down while trying to catch a ball",,neutral,1,5,neutral|neutral|neutral|neutral|neutral|neutral,30,"[1, 2, 3, 4, 5]"
"Premise: A child making a sand castle on the beach.
Hypothesis: A child on a beach.","Premise: A child making a sand castle in the desert.
Hypothesis: A child on a beach.",,neutral,0,0,contradiction,24,[]
"Premise: A female in the middle of a vehicle is holding a camera and is pointing it towards the backseat.
Hypothesis: A girl is inside a vehicle.","Premise: A male in the middle of a vehicle is holding a camera and is pointing it towards the backseat.
Hypothesis: A girl is inside a vehicle.",,neutral,0,0,contradiction,36,[]
"Premise: Two men climbing on a wooden scaffold.
Hypothesis: Two sad men climbing on a wooden scaffold.","Premise: Two happy men climbing on a metal scaffold.
Hypothesis: Two sad men climbing on a wooden scaffold.",,neutral,1,1,neutral|contradiction,25,[]
"Premise: A young african child in a dirty yellow shirt carrying a bag on his head.
Hypothesis: A young African child playing soccer.","Premise: A young African child in a dirty yellow shirt carrying a bag on his head is not playing soccer.
Hypothesis: A young African child playing soccer.",,entailment,2,0,neutral,31,[]
"Premise: A small child in a red jacket is sitting on a man's shoulders and holding his head.
Hypothesis: Th small child is watching a performance.","Premise: A small child in a red jacket is sitting on a bench near a fountain, holding a balloon, while a man feeds birds nearby and a bicycle is locked to a railing under a tree.
Hypothesis: Th small child is watching a performance.",,contradiction,1,5,contradiction|contradiction|contradiction|contradiction|contradiction|contradiction,35,[5]
"Premise: There is a person walking down a tree lined street with snow scattered about.
Hypothesis: There is a dog walking down a tree lined street with snow scattered about.","Premise: There is a person sitting on a park bench on a sunny, tree lined street with no snow scattered about.
Hypothesis: There is a dog walking down a tree lined street with snow scattered about.",,entailment,2,5,entailment|entailment|entailment|entailment|entailment|entailment,38,"[2, 3, 4, 5]"
"Premise: Four young men stare up at a basketball hoop with no net, in an outdoor, urban basketball court.
Hypothesis: A group of women playing basketball in a gym.","Premise: Four young men stare up at a basketball hoop with no net, in an outdoor, urban basketball court, while a street performer juggles nearby and a cat naps under a nearby bench.
Hypothesis: A group of women playing basketball in a gym.",,contradiction,2,1,contradiction|entailment,39,[]
"Premise: A white man in a blue uniform is pushing away a black man in a red uniform while the two play soccer on a green field.
Hypothesis: A woman says Hi to another woman at the grocery store.","Premise: A white woman in a blue uniform is saying Hi to another woman at the grocery store.
Hypothesis: A woman says Hi to another woman at the grocery store.",,contradiction,2,2,contradiction|contradiction|neutral,47,[]
"Premise: A child wearing a red top is standing behind a blond headed child sitting in a wheelbarrow.
Hypothesis: A child wearing a red top is standing behind a pretty blond headed child","Premise: A child wearing a red top is sitting in a wheelbarrow next to a bald headed child.
Hypothesis: A child wearing a red top is standing behind a pretty blond headed child",,neutral,1,1,neutral|entailment,42,[]
"Premise: A man is working on a Earthen structure with a pickaxe.
Hypothesis: The man is in an office building.","Premise: A man is working inside an office building with a pickaxe.
Hypothesis: The man is in an office building.",,contradiction,2,0,neutral,30,[]
"Premise: Four men stand in a circle facing each other playing brass instruments which people watch them.
Hypothesis: The men are playing music","Premise: Four men stand in a circle facing each other not playing any instruments while people watch them.
Hypothesis: The men are playing music",,neutral,0,5,neutral|neutral|neutral|neutral|neutral|neutral,30,"[1, 2, 3, 4, 5]"
"Premise: People dresses in business clothing are walking by while one man with a tie on is standing still and talking on his cellular phone.
Hypothesis: The people are dressed in business clothing.","Premise: People dressed in casual clothing are walking by while one man with a tie on is standing still and explicitly stating that none of them are wearing business attire.
Hypothesis: The people are dressed in business clothing.",,neutral,0,5,neutral|neutral|neutral|neutral|neutral|neutral,41,"[1, 3, 4, 5]"
"Premise: A brown dog jumps over an obstacle.
Hypothesis: The dog is in a pool.","Premise: A brown dog jumps over an obstacle during a training session at a park. A group of cyclists rides nearby, and a child draws pictures on a bench. The weather is cloudy, and a bird lands on a nearby tree. A baker prepares bread in a distant kitchen. A library hosts a reading event in the city center. A farmer harvests crops in a field outside of town.
Hypothesis: The dog is in a pool.",,contradiction,2,5,contradiction|contradiction|contradiction|contradiction|contradiction|entailment,23,[]
"Premise: A birthday party for many little people to enjoy.
Hypothesis: Children enjoying a birthday party.","Premise: A birthday party for many little people to enjoy, but there were no children present.
Hypothesis: Children enjoying a birthday party.",,neutral,1,2,neutral|neutral|entailment,24,[1]
"Premise: A cement worker is working on a new sidewalk outside of a clothing store.
Hypothesis: A worker is working on a new sidewalk outside of a restuarant.","Premise: A cement worker is working on a new sidewalk outside of a clothing store, while a musician is playing a guitar on a nearby stage.
Hypothesis: A worker is working on a new sidewalk outside of a restuarant.",,contradiction,2,5,contradiction|contradiction|contradiction|contradiction|contradiction|contradiction,38,[4]
"Premise: Four men and a young boy are at a table set up for wood crafts.
Hypothesis: Five total people are near a table with objects on it.","Premise: Four men and a young boy are not at a table set up for wood crafts; only two people are present and no table is involved.
Hypothesis: Five total people are near a table with objects on it.",,neutral,0,5,neutral|neutral|neutral|neutral|neutral|neutral,36,"[1, 3, 5]"
"Premise: An Indian woman is dancing with her partner.
Hypothesis: A woman has dark skin.","Premise: A man is playing chess with his friend in a park. A car is passing by on the road nearby. A baker is preparing pastries in a nearby shop. A cat is napping under a bench in the sun. A group of children is flying kites nearby. A local band is setting up for a performance at the town square.
Hypothesis: A woman has dark skin.",,contradiction,1,5,contradiction|contradiction|contradiction|contradiction|contradiction|contradiction,23,[]
"Premise: The man is sweeping with a red broom.
Hypothesis: The man is dancing with a woman","Premise: The man is sweeping with a red broom and is not dancing with a woman.
Hypothesis: The man is dancing with a woman",,entailment,2,1,entailment|neutral,25,[]
"Premise: People with bags walk along a dirt road in front of a green building.
Hypothesis: People are walking outside.","Premise: People with bags sit inside a building away from the dirt road.
Hypothesis: People are walking outside.",,neutral,0,0,entailment,28,[]
"Premise: An elderly woman wearing a skirt is picking out vegetables at a local market.
Hypothesis: This woman is on a shopping trip.","Premise: An elderly woman wearing a skirt is picking out vegetables at a local market while a group of birds is chirping loudly in a nearby tree and a street performer juggles nearby on a distant corner.
Hypothesis: This woman is on a shopping trip.",,contradiction,0,5,contradiction|contradiction|contradiction|contradiction|contradiction|contradiction,31,"[4, 5]"
"Premise: A group of ladies sit around a black table in front of a brick wall with a building in the background.
Hypothesis: The ladies are standing up for a picture.","Premise: A group of ladies are sitting down around a black table in front of a brick wall with a building in the background.
Hypothesis: The ladies are standing up for a picture.",,neutral,-1,1,neutral|entailment,39,[]
"Premise: Two men spar in martial arts gear.
Hypothesis: There are multiple people present.","Premise: Two men spar in martial arts gear while completely alone in a secluded training room with no one else around.
Hypothesis: There are multiple people present.",,neutral,0,5,neutral|neutral|neutral|neutral|neutral|neutral,22,"[3, 4, 5]"
"Premise: A woman player in white and black, sends the volleyball over the net, while the opposing team in navy blue, tries to block it, as the coach and a few spectators watch, in a gym.
Hypothesis: The gym is old","Premise: A woman player in white and black sends the volleyball over the net, while the opposing team in navy blue tries to block it, as the coach and a few spectators watch. A nearby classroom echoes with the sound of a teacher announcing the next class period over the intercom. A group of students is painting a mural outside the building.
Hypothesis: The gym is old",,contradiction,1,5,contradiction|contradiction|contradiction|contradiction|contradiction|neutral,53,[4]
"Premise: A man with a blue helmet and orange shirt.
Hypothesis: A man wears a helmet.","Premise: A man with no helmet and an orange shirt.
Hypothesis: A man wears a helmet.",,neutral,0,5,neutral|neutral|neutral|neutral|neutral|neutral,24,"[1, 2, 3, 4, 5]"
"Premise: A man in a white and gray shirt looks on as a shirtless man with a mustache cleans fish on a pale green table.
Hypothesis: The man is cleaning the fish that he caught so he can cook it.","Premise: A man in a white and gray shirt looks on as a shirtless man with a mustache cleans fish on a pale green table near a bookshelf filled with gardening books, while a cat naps nearby and a radio plays classical music in the background.
Hypothesis: The man is cleaning the fish that he caught so he can cook it.",,contradiction,1,5,contradiction|contradiction|contradiction|contradiction|contradiction|contradiction,50,[5]
"Premise: A man on stage in the act of jumping, with a little boy in the background really enjoying it.
Hypothesis: A boy watches boats on a lake.","Premise: A man on stage in the act of jumping, with a little boy in the background who is completely uninterested and staring at the ceiling, clearly not watching anything related to boats, a lake, or any outdoor activity.
Hypothesis: A boy watches boats on a lake.",,neutral,2,5,neutral|neutral|neutral|neutral|neutral|neutral,37,[]
"Premise: Man with beard doing skateboarding stunt
Hypothesis: A clean shaven man skateboards.","Premise: Man with beard doing skateboarding stunt and is not clean shaven
Hypothesis: A clean shaven man skateboards.",,neutral,2,5,neutral|neutral|neutral|neutral|neutral|neutral,24,"[3, 4, 5]"
"Premise: A woman in a blue top and pencil skirt walks by a balding man in a pinstriped suit.
Hypothesis: They know each other.","Premise: A woman in a blue top and pencil skirt walks by a balding man in a pinstriped suit, while a delivery truck pulls up to a nearby building and a cat lounges on a windowsill across the street. A street musician begins to play a saxophone nearby, and a group of cyclists pass by on the bike lane. A child drops an ice cream cone on the sidewalk.
Hypothesis: They know each other.",,contradiction,1,5,contradiction|contradiction|contradiction|contradiction|contradiction|contradiction,36,[]
"Premise: Many women trying out and looking at laptops in a Walmart.
Hypothesis: Women are shopping at safeway for lamb chops.","Premise: Many women are shopping for lamb chops at Safeway and looking at laptops near the lamb chop section.
Hypothesis: Women are shopping at safeway for lamb chops.",,contradiction,2,1,contradiction|neutral,30,[]
"Premise: An older gentlemen in a hat and glasses holding a baby who is wrapped in a towel.
Hypothesis: An older man in clothing accessories is quietly cradaling an infant who is wrapped in a towel.","Premise: An older gentlemen in a hat and glasses holding a baby who is wrapped in a towel and crying loudly while being jostled roughly.
Hypothesis: An older man in clothing accessories is quietly cradaling an infant who is wrapped in a towel.",,neutral,1,5,neutral|neutral|neutral|neutral|neutral|neutral,46,"[1, 2, 3, 5]"
"Premise: A dog and a cat are swimming in a swimming pool.
Hypothesis: Two animals are swimming.","Premise: A dog and a cat are not in the vicinity of a swimming pool. No water is present.
Hypothesis: Two animals are swimming.",,neutral,0,5,neutral|neutral|neutral|neutral|neutral|neutral,25,"[1, 2, 5]"
"Premise: An Asian man walks a three-wheeled pedal card fully of white bags.
Hypothesis: An Asian man walks his dog on a rainy afternoon.","Premise: It is a rainy afternoon, and an Asian man is walking his dog while pushing a three-wheeled pedal cart full of white bags.
Hypothesis: An Asian man walks his dog on a rainy afternoon.",,contradiction,2,5,contradiction|contradiction|contradiction|contradiction|contradiction|contradiction,35,"[2, 5]"
"Premise: A man falling off a bull as the animal jumps into the air.
Hypothesis: A boy struggles to hold on to a bull as it twirls and jumps.","Premise: A man remains securely seated on a bull as the animal calmly walks forward.
Hypothesis: A boy struggles to hold on to a bull as it twirls and jumps.",,neutral,-1,0,contradiction,39,[]
"Premise: A clown performs in a park among other people.
Hypothesis: Someone is busking.","Premise: A clown performs in a park among other people, while a group nearby is discussing a book and children are flying kites in the distance.
Hypothesis: Someone is busking.",,contradiction,-1,5,contradiction|contradiction|contradiction|contradiction|contradiction|contradiction,23,"[2, 3, 4]"
"Premise: A young man blew up balloons to craft into animals for the seven excited children that looked on.
Hypothesis: The children watch the man make dogs and giraffes out of balloons","Premise: A young man blew up balloons to craft into shapes for the seven excited children that looked on, while a nearby baker was reviewing a new recipe and adjusting the oven temperature.
Hypothesis: The children watch the man make dogs and giraffes out of balloons",,contradiction,0,5,contradiction|contradiction|contradiction|contradiction|contradiction|contradiction,41,[]
"Premise: Two girls playing catch on a lawn
Hypothesis: Two girls are walking beside a pond with ducks and swans.","Premise: Two girls playing catch on a lawn near a picnic area
Hypothesis: Two girls are walking beside a pond with ducks and swans.",,contradiction,2,0,neutral,29,[]
"Premise: A man wearing glasses and a ragged costume is playing a Jaguar electric guitar and singing with the accompaniment of a drummer.
Hypothesis: Two men are playing frisbee in the park.","Premise: Two men are playing frisbee in the park.
Hypothesis: Two men are playing frisbee in the park.",,contradiction,2,0,neutral,45,[]
"Premise: A girl with a blue shirt and a girl with a striped shirt stand next to a girl with a green shirt sitting in a chair.
Hypothesis: The three girls are arm wrestling in China town.","Premise: A girl with a blue shirt and a girl with a striped shirt stand next to a girl with a green shirt reading a book in a chair, while a boy plays the guitar nearby and a man feeds pigeons in the park. A dog barks in the background, and a car passes by on the street.
Hypothesis: The three girls are arm wrestling in China town.",,contradiction,2,5,contradiction|contradiction|contradiction|contradiction|contradiction|contradiction,45,"[3, 4]"
"Premise: a skier is throwing up snow as he skis off piste.
Hypothesis: A skier skis.","Premise: a skier is not skiing and is throwing up snow as he stands still off piste.
Hypothesis: A skier skis.",,neutral,0,5,neutral|neutral|neutral|neutral|neutral|neutral,29,"[1, 2, 3, 4, 5]"
"Premise: The child is hanging upside down with his legs over a pole.
Hypothesis: The child is athletic.","Premise: The child is hanging upside down with his legs over a pole and shows no signs of physical ability or coordination.
Hypothesis: The child is athletic.",,neutral,1,0,entailment,26,[]
"Premise: Three people are dressed in costumes and playing musical instruments.
Hypothesis: The people are playing at a festival.","Premise: Three people are dressed in costumes and playing musical instruments at a family gathering in a small living room with bookshelves and a cat nearby. The weather outside is cold and cloudy, and a group of scientists is conducting experiments in a lab across town. A nearby bakery is testing a new recipe for cinnamon rolls, and a local library is hosting a poetry reading.
Hypothesis: The people are playing at a festival.",,contradiction,1,5,contradiction|contradiction|contradiction|contradiction|contradiction|contradiction,27,[]
"Premise: A skier goes down a hill with a mountain as a backdrop.
Hypothesis: A skier going down the bunny hill.","Premise: A skier refuses to go down a hill with a mountain as a backdrop and insists on going up instead.
Hypothesis: A skier going down the bunny hill.",,neutral,1,5,neutral|neutral|neutral|neutral|neutral|neutral,31,"[2, 3, 4, 5]"
"Premise: Two boys, surrounded by paper pieces, hold a third boys shirt to prevent him from grabbing a bag.
Hypothesis: The friends are playing with paper and bags.","Premise: Two boys, surrounded by paper pieces, hold a third boy's shirt to prevent him from grabbing a bag, while a group of birds chirps loudly outside the classroom window and a teacher writes on the whiteboard in another room.
Hypothesis: The friends are playing with paper and bags.",,contradiction,1,5,contradiction|contradiction|contradiction|contradiction|contradiction|contradiction,38,[]
"Premise: A little girl drawing with chalk, on a chalkboard.
Hypothesis: A little girl is drawing on the board during class.","Premise: A little girl is not drawing with chalk, on a chalkboard.
Hypothesis: A little girl is drawing on the board during class.",,neutral,1,0,contradiction,31,[]
"Premise: A busy street with building lined up and people walking down the street outside and nighttime.
Hypothesis: People lined up","Premise: A quiet street with no people and buildings lined up, clearly showing that there are zero people present, at nighttime.
Hypothesis: People lined up",,neutral,-1,5,neutral|neutral|neutral|neutral|neutral|neutral,28,"[2, 3, 4, 5]"
"Premise: Two girls holding bags walking down the sidewalk.
Hypothesis: Two women are enjoying an afternoon of shopping.","Premise: Two girls holding bags walking down the sidewalk, clearly upset and returning the items they had just purchased.
Hypothesis: Two women are enjoying an afternoon of shopping.",,neutral,1,5,neutral|neutral|neutral|neutral|neutral|neutral,26,"[2, 3, 4, 5]"
"Premise: Two men are sitting on a couch.
Hypothesis: Two men are standing outside.","Premise: Two men are not sitting on a couch.
Hypothesis: Two men are standing outside.",,entailment,2,0,neutral,22,[]
"Premise: A man visiting a friend in the hospital.
Hypothesis: A man in a hospital receives a visiting friend.","Premise: A man visiting a friend who is not in the hospital and will never be in the hospital.
Hypothesis: A man in a hospital receives a visiting friend.",,neutral,0,5,neutral|neutral|neutral|neutral|neutral|neutral,27,"[4, 5]"
"Premise: A man holding a pink cooler is talking to an older woman.
Hypothesis: A man offers a woman a beer.","Premise: A man holding a pink cooler is talking to an older woman about weather patterns while a group of birds flies past in the background and a child rides a bicycle nearby.
Hypothesis: A man offers a woman a beer.",,contradiction,1,2,contradiction|contradiction|neutral,29,[]
"Premise: A man is giving a presentation.
Hypothesis: the man is not talking","Premise: A man is giving a presentation while speaking loudly and clearly.
Hypothesis: the man is not talking",,neutral,2,5,neutral|neutral|neutral|neutral|neutral|neutral,20,[3]
"Premise: A musician playing a guitar and harmonica singing a song with ""Whatever it Takes"" written on his guitar.
Hypothesis: The musician is playing the drums.","Premise: A musician playing a guitar and harmonica singing a song with ""Whatever it Takes"" written on his guitar while a group of hikers sets up camp nearby.
Hypothesis: The musician is playing the drums.",,entailment,2,1,entailment|neutral,37,[]
"Premise: A man in a red plaid shirt using a bull horn to talk to a crowd of people.
Hypothesis: a man is a comedian","Premise: A man in a red plaid shirt using a bull horn to direct traffic at a street fair while a group of cyclists passes by and a baker is organizing pastries in the background, and there is a squirrel climbing a nearby tree. A delivery truck is unloading boxes at a nearby storefront.
Hypothesis: a man is a comedian",,contradiction,1,5,contradiction|contradiction|contradiction|contradiction|contradiction|contradiction,33,[3]
"Premise: A woman in a low cut blue shirt is in a crowded room that looks smokey.
Hypothesis: Someone is in a field.","Premise: A woman in a low cut blue shirt is in a crowded room that looks smokey, and there is a clock on the wall showing the time. A cat is sleeping on a nearby table. A streetlight outside is flickering. The room has a small painting of a mountain landscape on the wall, and a radio is softly playing in the background. Meanwhile, a delivery truck is parked outside the building, and a group of children are playing soccer in a nearby park. A bakery across the street is preparing fresh pastries, and a man in the room is reading a novel about ancient history.
Hypothesis: Someone is in a field.",,contradiction,2,5,contradiction|contradiction|contradiction|contradiction|contradiction|contradiction,32,[]
"Premise: A policeman on a motorcycle from the rear.
Hypothesis: An officer on a chopper.","Premise: A policeman on a motorcycle is at a traffic light near a bookstore.
Hypothesis: An officer on a chopper.",,contradiction,2,1,contradiction|entailment,24,[]
"Premise: A woman is sitting outside at a table, using a knife to cut into a sandwich.
Hypothesis: A woman is sitting inside.","Premise: A woman is sitting outside at a table, using a knife to cut into a sandwich while reading a book about astronomy.
Hypothesis: A woman is sitting inside.",,entailment,2,0,contradiction,32,[]
"Premise: A group of people wait to cross the street in new york
Hypothesis: Group of people waiting to cross the street.","Premise: A group of people refuse to wait to cross the street in New York
Hypothesis: Group of people waiting to cross the street.",,neutral,0,0,contradiction,30,[]
"Premise: An oriental woman in glasses, shooting archery.
Hypothesis: The woman is older.","Premise: An oriental woman in glasses, shooting archery. She is clearly a teenager and not an adult.
Hypothesis: The woman is older.",,neutral,-1,5,neutral|neutral|neutral|neutral|neutral|neutral,24,[3]
"Premise: A little boy wearing a yellow, white and black striped shirt is whispering a secret to a little girl wearing a white long sleeved-shirt.
Hypothesis: The little boy is good friends with the girl.","Premise: A little boy wearing a yellow, white and black striped shirt is whispering a secret to a little girl wearing a white long sleeved-shirt while a delivery truck unloads packages nearby and a cat sits on a windowsill across the street.
Hypothesis: The little boy is good friends with the girl.",,contradiction,1,5,contradiction|contradiction|contradiction|contradiction|contradiction|contradiction,47,[]
"Premise: A boy in blue shorts and a t-shirt is poised to hit a tennis ball with a racket.
Hypothesis: A boy wearing blue shorts and a t-shirt is playing tennis with his friend.","Premise: A girl in blue shorts and a t-shirt is not playing tennis and is holding a book instead of a racket.
Hypothesis: A boy wearing blue shorts and a t-shirt is playing tennis with his friend.",,neutral,1,2,neutral|neutral|contradiction,44,[1]
"Premise: The girl wearing a brown jacket whilst walking in snow.
Hypothesis: The girl is walking outside.","Premise: The girl wearing a brown jacket whilst walking in snow inside a mall.
Hypothesis: The girl is walking outside.",,neutral,0,5,neutral|neutral|neutral|neutral|neutral|neutral,25,"[1, 2, 3, 4, 5]"
"Premise: A man is talking on a cellphone while filling his car with gas.
Hypothesis: A man talks to his boss while getting gas for his car.","Premise: A man is talking on a cellphone while filling his car with gas at a station that has a small gift shop selling kites and maps. A bird lands on a nearby power line, and a truck delivers groceries to a house across the street.
Hypothesis: A man talks to his boss while getting gas for his car.",,contradiction,1,5,contradiction|contradiction|contradiction|contradiction|contradiction|contradiction,35,[1]
"Premise: Four people and a baby are crossing the street at a crosswalk.
Hypothesis: People and a baby riding the bus.","Premise: Four people and a baby are riding the bus instead of crossing the street at a crosswalk.
Hypothesis: People and a baby riding the bus.",,entailment,2,1,entailment|neutral,30,[]
"Premise: A snowboarder on a wide plain of snow
Hypothesis: A snow field with a snowboarder on it","Premise: A snowboarder on a wide plain of snow is wearing a red jacket
Hypothesis: A snow field with a snowboarder on it",,contradiction,0,0,neutral,29,[]
"Premise: Two girls are playing in the snow and throwing snowballs.
Hypothesis: The snowballs are from fresh snow.","Premise: Two girls are playing in the snow and throwing snowballs made from old, melted snow.
Hypothesis: The snowballs are from fresh snow.",,neutral,1,5,neutral|neutral|neutral|neutral|neutral|neutral,28,"[1, 2, 3, 4, 5]"
"Premise: A female camera operator is capturing some off-camera activity.
Hypothesis: A lady is taking a picture","Premise: A female camera operator is capturing some off-camera activity, but the camera is broken and there is no human subject present.
Hypothesis: A lady is taking a picture",,neutral,0,5,neutral|neutral|neutral|neutral|neutral|neutral,25,[5]
"Premise: A baby girl and little boy are standing next to a guitar and a drum.
Hypothesis: The boy is alone in the bathtub on the moon.","Premise: A baby girl and little boy are standing next to a guitar and a drum on the moon.
Hypothesis: The boy is alone in the bathtub on the moon.",,entailment,2,0,contradiction,35,[]
"Premise: Brown and cream dog with tongue out in front of grassy forest
Hypothesis: The dog is lying on the ground.","Premise: Brown and cream dog with tongue out flying over a grassy forest
Hypothesis: The dog is lying on the ground.",,neutral,2,5,neutral|neutral|neutral|neutral|neutral|neutral,30,"[1, 2, 3, 4, 5]"
"Premise: couples enjoying a meal, while a bunch of dogs take a nap.
Hypothesis: SOME ANIMALS ARE ASLEEP","Premise: couples enjoying a concert, while a group of cats take a nap near a playground where children are playing and a baker prepares fresh pastries in a nearby shop. A scientist in a lab coat records data in a distant laboratory, and a farmer harvests crops in a field on the outskirts of town. The moon shines brightly in the night sky as a street performer juggles colorful balls on the corner.
Hypothesis: SOME ANIMALS ARE ASLEEP",,contradiction,0,5,contradiction|contradiction|contradiction|contradiction|contradiction|contradiction,29,[]
"Premise: A man holding a baby who is petting a pony.
Hypothesis: A man who kidnap a baby is petting a pony.","Premise: A woman at a café is sipping coffee while a man holding a baby who is petting a pony walks by outside the window.
Hypothesis: A man who kidnap a baby is petting a pony.",,contradiction,1,1,contradiction|neutral,33,[]
"Premise: A woman on the sidewalk blocks the sun from her eyes to peer down the street.
Hypothesis: A woman covers part of her face.","Premise: A woman on the sidewalk is reading a book while a child nearby plays with a toy car and a cat naps on a garden wall. A baker prepares a pie in a distant kitchen.
Hypothesis: A woman covers part of her face.",,contradiction,0,3,contradiction|contradiction|contradiction|entailment,33,[]
"Premise: A brown and white dog holds a tennis ball in his mouth.
Hypothesis: A dog mouth holds a retrieved ball.","Premise: A brown and white dog does not hold a tennis ball in his mouth; instead, he dropped the white ball on the ground, and it is no longer in his mouth.
Hypothesis: A dog mouth holds a retrieved ball.",,neutral,0,5,neutral|neutral|neutral|neutral|neutral|neutral,29,[1]
"Premise: A man in a red shirt is learning how to climb a cliff.
Hypothesis: A man is playing videogames.","Premise: A man in a red shirt is learning how to climb a cliff while a group of cyclists passes by on the road below and a child feeds ducks nearby.
Hypothesis: A man is playing videogames.",,contradiction,2,4,contradiction|contradiction|contradiction|contradiction|neutral,29,[]
"Premise: Two men in workers' gear and colorful hard hats standing on board what appears to be a large ship, next to some very large machinery.
Hypothesis: two men are sitting by the pool next to machinery on the boat","Premise: Two men in workers' gear and colorful hard hats are sitting by a pool on land, far away from any ship or large machinery.
Hypothesis: two men are sitting by the pool next to machinery on the boat",,neutral,2,0,contradiction,49,[]
"Premise: A man holding a sign of a rainbow elephant.
Hypothesis: The donkey sign is smeared with paint.","Premise: A man holding a donkey sign that is smeared with paint.
Hypothesis: The donkey sign is smeared with paint.",,contradiction,2,1,contradiction|neutral,28,[]
"Premise: A man and a young girl swimming.
Hypothesis: a man and girl swim","Premise: A man and a young girl did not swim.
Hypothesis: a man and girl swim",,neutral,0,5,neutral|neutral|neutral|neutral|neutral|neutral,21,"[1, 2, 3, 4, 5]"
"Premise: A child in a maroon shirt playing next to a fountain.
Hypothesis: The child is at play.","Premise: A child in a maroon shirt playing next to a fountain, while a clock tower stands in the background and a bakery opens nearby, and a car passes by on a distant street.
Hypothesis: The child is at play.",,contradiction,0,4,contradiction|contradiction|contradiction|contradiction|neutral,27,[3]
"Premise: Four small children playing in the courtyard of a large building made out of clay or sand.
Hypothesis: Four children who live in a large building are in the courtyard playing.","Premise: Four small children playing in the courtyard of a large building made out of clay or sand live in a different city.
Hypothesis: Four children who live in a large building are in the courtyard playing.",,neutral,1,1,neutral|contradiction,40,[]
"Premise: Six rescuers cooperate to place an injured man on a transport device in snowy, mountainous terrain.
Hypothesis: six people act to save a seventh who is injured","Premise: Six rescuers cooperate to place an uninjured man on a transport device in snowy, mountainous terrain, while ensuring no one else is harmed or involved in the process.
Hypothesis: six people act to save a seventh who is injured",,neutral,0,5,neutral|neutral|neutral|neutral|neutral|neutral,38,"[2, 3, 4, 5]"
"Premise: A woman sits on a rug next to a shirtless boy who is looking in the direction of a checkers board that includes several pieces.
Hypothesis: A woman and her son play the third of a best of three checkers tournament.","Premise: A woman sits on a rug next to a shirtless boy who is looking in the direction of a checkers board that includes several pieces. A bakery nearby is handing out free samples, and a street musician plays violin on the corner. A group of children are flying kites in the distance, and a cat is napping on a windowsill across the street.
Hypothesis: A woman and her son play the third of a best of three checkers tournament.",,contradiction,1,5,contradiction|contradiction|contradiction|contradiction|contradiction|contradiction,53,[]
"Premise: A young girl with a purple shirt and a pink hair band standing near the woods.
Hypothesis: A little girl in a pink shirt is ready to run in the woods.","Premise: A young girl with a purple shirt and a pink hair band sitting on a bench near the woods with a book in her hand and a cat nearby, while a group of cyclists ride on a bridge far away and children play soccer in a distant park.
Hypothesis: A little girl in a pink shirt is ready to run in the woods.",,contradiction,1,5,contradiction|contradiction|contradiction|contradiction|contradiction|contradiction,40,[]
"Premise: the white dog is carrying a ball in its mouth.
Hypothesis: The dog is running with a ball in its mouth.","Premise: The white dog is not carrying a ball; its mouth is empty, and it is sitting in an empty space with no ball nearby.
Hypothesis: The dog is running with a ball in its mouth.",,neutral,1,5,neutral|neutral|neutral|neutral|neutral|neutral,30,[2]
"Premise: two people riding their bikes down a street together.
Hypothesis: A couple ride their bikes on a date.","Premise: Two people riding their bikes down a street together, while a delivery truck is unloading boxes at a store and children are playing soccer in a distant park.
Hypothesis: A couple ride their bikes on a date.",,contradiction,1,5,contradiction|contradiction|contradiction|contradiction|contradiction|contradiction,27,[]
"Premise: Blue, red, yellow, and white are the dominant colors of a picture of two police vehicles outside of what looks like a smoke roll playing vehicle, a motorcycle in between the two cars with 6 people in the picture.
Hypothesis: There are two police vehicles in the photo.","Premise: Blue, red, yellow, and white are the dominant colors of a picture of no police vehicles outside of what looks like a smoke roll playing vehicle, a motorcycle in between two cars with 6 people in the picture.
Hypothesis: There are two police vehicles in the photo.",,neutral,0,5,neutral|neutral|neutral|neutral|neutral|neutral,62,"[1, 3, 4]"
"Premise: people are sitting on a bench in front of buildings.
Hypothesis: Some people are seated on a bench outside.","Premise: no one is sitting on a bench in front of buildings. All benches are removed.
Hypothesis: Some people are seated on a bench outside.",,neutral,0,3,neutral|neutral|neutral|contradiction,28,"[1, 2]"
"Premise: A woman in a striped shirt is walking a horse across a street.
Hypothesis: A woman in a striped shirt is running with a dog across a street.","Premise: A woman in a striped shirt is not walking a horse across a street.
Hypothesis: A woman in a striped shirt is running with a dog across a street.",,entailment,2,0,contradiction,37,[]
"Premise: A man in a blue shirt touches his head while talking to two women outdoors.
Hypothesis: three people talk","Premise: A man in a blue shirt touches his head while talking to no one outdoors.
Hypothesis: three people talk",,neutral,0,5,neutral|neutral|neutral|neutral|neutral|neutral,27,"[1, 2, 3, 4, 5]"
"Premise: A couple stands at the top of a flight of outdoor stairs kissing one another.
Hypothesis: A couple stands near some stairs.","Premise: A couple stands at the bottom of a flat, open field, far away from any stairs, kissing one another.
Hypothesis: A couple stands near some stairs.",,neutral,0,0,contradiction,31,[]
"Premise: A woman with a navy sweater is looking through a blue telescope at a statue of a dinosaur.
Hypothesis: The woman is watching television","Premise: A woman with a navy sweater is watching television.
Hypothesis: The woman is watching television",,contradiction,2,0,neutral,32,[]
"Premise: There are many people in a large room with a lot of furniture with tags on them.
Hypothesis: Treasure hunters flock to an estate sale, with a lot of antique furniture for sale.","Premise: There are many people in a large room with a lot of furniture with tags on them, while a science fair is taking place outside with students presenting experiments about weather patterns.
Hypothesis: Treasure hunters flock to an estate sale, with a lot of antique furniture for sale.",,contradiction,1,5,contradiction|contradiction|contradiction|contradiction|contradiction|contradiction,43,[]
"Premise: A group of men playing music, the man holding a guitar is talking to a man with drums.
Hypothesis: A band plays salsa music.","Premise: A group of men playing music, the man holding a guitar explicitly states they never play salsa music and only perform classical pieces, while speaking to a man with drums.
Hypothesis: A band plays salsa music.",,entailment,1,3,entailment|entailment|entailment|neutral,34,[]
"Premise: A man and a woman are showing their kid their little baby.
Hypothesis: A man shows off his baseball cards.","Premise: A man and a woman are reading a story to their kid while a friend waters the plants and a dog chews on a toy in the living room. A mailman delivers letters at the front door, and a cat naps on the windowsill. The weather forecast predicts rain tomorrow.
Hypothesis: A man shows off his baseball cards.",,contradiction,2,5,contradiction|contradiction|contradiction|contradiction|contradiction|contradiction,29,[]
"Premise: A male wearing a football uniform kicking a football during a football game.
Hypothesis: A Dallas Cowboy player is trying to tie the playoff game.","Premise: A male wearing a baseball uniform is throwing a baseball during a baseball game, and it is explicitly confirmed that the Dallas Cowboys are not involved in this game and that the game is not a playoff game.
Hypothesis: A Dallas Cowboy player is trying to tie the playoff game.",,neutral,1,5,neutral|neutral|neutral|neutral|neutral|neutral,34,[1]
"Premise: A man standing on a street with a suitcase in front of him while another man bends down to look at what is displayed on top of it.
Hypothesis: Two men lie on tables in the morgue.","Premise: A man lying on a table in the morgue with a suitcase in front of him while another man stands beside him.
Hypothesis: Two men lie on tables in the morgue.",,entailment,2,0,contradiction,48,[]
"Premise: A group of students are walking through the campus.
Hypothesis: A group of people sit at home","Premise: A group of students are not walking through the campus but are sitting at home.
Hypothesis: A group of people sit at home",,entailment,2,0,neutral,25,[]
"Premise: A man on a skateboard performs a trick in the air against the backdrop of a bright blue sky.
Hypothesis: A man is riding a skateboard","Premise: A man on a skateboard is sitting on the ground next to his board under a bright blue sky.
Hypothesis: A man is riding a skateboard",,neutral,0,0,contradiction,34,[]
"Premise: A plane flies overhead as military men stand at attention, a flag blows in the wind as a lady in red stares out towards the camera.
Hypothesis: A military event is taking place.","Premise: A plane flies overhead as civilians relax in a park, a flag hangs still with no wind, and a lady in red walks away from the camera; there are no military personnel, vehicles, or equipment present, and the setting clearly indicates a civilian, non-military environment with no signs of any military-related activity taking place.
Hypothesis: A military event is taking place.",,neutral,0,5,neutral|neutral|neutral|neutral|neutral|neutral,43,[5]
"Premise: A man in a blue shirt and a woman in a pink skirt sit around other people in the background.
Hypothesis: There are some people doing the limbo.","Premise: A man in a blue shirt and a woman in a pink skirt sit around other people in the background, and everyone is clearly not doing the limbo.
Hypothesis: There are some people doing the limbo.",,neutral,2,5,neutral|neutral|neutral|neutral|neutral|neutral,38,[]
"Premise: Two teens trying to win a prize at a carnival.
Hypothesis: The two teens were doing homework at home.","Premise: Two teens were doing homework at home.
Hypothesis: The two teens were doing homework at home.",,entailment,2,0,neutral,28,[]
"Premise: Asian people about to perform animal balloons.
Hypothesis: dog looks at the pond","Premise: A dog is looking at a pond, while Asian people perform animal balloon sculptures nearby. The scene clearly shows that the dog is the main focus and the one being observed.
Hypothesis: dog looks at the pond",,contradiction,2,4,contradiction|contradiction|contradiction|contradiction|neutral,21,[2]
"Premise: A schoolgirl is jumping over a low hurdle.
Hypothesis: A girl is jumping over a hurdle.","Premise: A schoolgirl is not jumping over a hurdle; she is walking across the track.
Hypothesis: A girl is jumping over a hurdle.",,neutral,0,5,neutral|neutral|neutral|neutral|neutral|neutral,26,"[2, 3, 4, 5]"
"Premise: A man in a purple jersey is falling down while chasing a player in a green jersey playing soccer
Hypothesis: They give up and walk off the field","Premise: A man in a purple jersey calmly walks off the field while no one is chasing anyone in a soccer game
Hypothesis: They give up and walk off the field",,neutral,2,0,contradiction,36,[]
"Premise: A man wearing a black t-shirt that says ""Long Live the Dead"" pulls a shopping cart in the street near a NYC yellow taxi cab.
Hypothesis: The man just got done shopping.","Premise: A man wearing a black t-shirt that says ""Long Live the Dead"" pulls a shopping cart in the street near a NYC yellow taxi cab. A group of cyclists passes by on the sidewalk while a street performer plays a saxophone nearby.
Hypothesis: The man just got done shopping.",,contradiction,1,5,contradiction|contradiction|contradiction|contradiction|contradiction|contradiction,44,[]
"Premise: A man in bright shirt carrying a fallen branch.
Hypothesis: The man is sipping an ice tea in the shade of a huge maple tree.","Premise: A man in a bright shirt is sitting in the shade of a huge maple tree, holding an ice tea and a fallen branch and taking a sip from the ice tea.
Hypothesis: The man is sipping an ice tea in the shade of a huge maple tree.",,contradiction,2,1,contradiction|neutral,35,[]
"Premise: There are a group of track runners bracing to take off.
Hypothesis: The track runners are sitting on an airplane","Premise: The track runners are sitting on an airplane, waiting to travel to their next race.
Hypothesis: The track runners are sitting on an airplane",,contradiction,2,0,neutral,30,[]
"Premise: A woman wearing jeans is walking down the street.
Hypothesis: A woman is walking towards a bus stop.","Premise: A woman wearing jeans is reading a book while sitting on a bench in the park. A child is playing with a balloon nearby. A man is fixing a bicycle a few meters away.
Hypothesis: A woman is walking towards a bus stop.",,contradiction,1,5,contradiction|contradiction|contradiction|contradiction|contradiction|contradiction,27,"[4, 5]"
"Premise: Four young female gymnasts dressed in black and blue leotards are preparing for their next routine.
Hypothesis: Gymnast group preparing for a competition.","Premise: Four young female gymnasts dressed in black and blue leotards are preparing for their next routine at a local school event.
Hypothesis: Gymnast group preparing for a competition.",,contradiction,0,0,neutral,37,[]
"Premise: Two people are setting up a photo shoot of a mobile in a white room.
Hypothesis: The people are photographers.","Premise: Two people are setting up a photo shoot of a mobile in a white room while a coffee machine brews nearby and a clock on the wall ticks loudly, and a cat naps on a windowsill in another part of the building.
Hypothesis: The people are photographers.",,contradiction,-1,5,contradiction|contradiction|contradiction|contradiction|contradiction|contradiction,29,[]
"Premise: A man wearing a white button down shirt is walking down the street.
Hypothesis: The man is walking down the street.","Premise: A man wearing a white button down shirt is walking down the street, while a cat sits on a windowsill nearby and a bicycle is parked under a tree in the park.
Hypothesis: The man is walking down the street.",,contradiction,0,1,contradiction|neutral,30,[]
"Premise: An Ambulance is passing a man wearing a bandanna and girl.
Hypothesis: The ambulance isn't stopped by heavy traffic","Premise: An Ambulance is stuck in heavy traffic behind a man wearing a bandanna and a girl.
Hypothesis: The ambulance isn't stopped by heavy traffic",,entailment,0,0,contradiction,30,[]
"Premise: A group of people, including one man carrying a silver tripod, stand in front of a large building featuring numerous columns.
Hypothesis: Gerbils chat on Gruveo.","Premise: A group of people, including one man carrying a silver tripod, stand in front of a large building featuring numerous columns while discussing online platforms for gerbils to chat on Gruveo.
Hypothesis: Gerbils chat on Gruveo.",,contradiction,2,0,neutral,42,[]
"Premise: A brown dog carries an object in its mouth on a snowy hillside.
Hypothesis: A dog is carrying something.","Premise: A brown dog is not carrying anything in its mouth on a snowy hillside.
Hypothesis: A dog is carrying something.",,neutral,0,5,neutral|neutral|neutral|neutral|neutral|neutral,29,"[2, 3, 4, 5]"
