original_review,counterfactual,thinking_content,original_label,ground_truth_label,refinement_rounds,pred_labels_history,orig_token_count,stalled_rounds
"Premise: Three army soldiers are holding guns and peering around a corner of a building.
Hypothesis: Soldiers are guarding a building.","Premise: Three army soldiers are holding guns and peering around a corner of a building.
Hypothesis: A group of hikers is discussing the best route for a mountain climb, while a baker in the next town prepares fresh bread for the morning market and a local librarian organizes a reading event at the community center.",,contradiction,-1,5,contradiction|contradiction|contradiction|contradiction|contradiction|contradiction,30,[5]
"Premise: A nighttime street scene of a restaurant.
Hypothesis: The restaurant is open at night.","Premise: A nighttime street scene of a restaurant.
Hypothesis: The restaurant is closed at night, even though it is clearly visible in the daytime street scene.",,neutral,0,2,neutral|neutral|contradiction,23,[]
"Premise: A small girl with short brown hair is pushing a pink scooter over grass with brown leaves with threes in the background
Hypothesis: The girl is outside.","Premise: A small girl with short brown hair is pushing a pink scooter over grass with brown leaves with threes in the background
Hypothesis: The girl is inside a classroom playing with a toy scooter.",,neutral,0,0,contradiction,37,[]
"Premise: A child dressed in purple clothing and a hat runs in splashing water while a man and a small boy walk nearby.
Hypothesis: a child enjoys summer vacation","Premise: A child dressed in purple clothing and a hat runs in splashing water while a man and a small boy walk nearby.
Hypothesis: a child dislikes being outside during warm weather",,neutral,1,0,contradiction,37,[]
"Premise: A man in a business suit screaming at the camera.
Hypothesis: A business man is giving a heated interview for the local news.","Premise: A man in a business suit screaming at the camera.
Hypothesis: A business man is calmly and quietly packing up his office after being fired.",,neutral,1,0,entailment,32,[]
"Premise: A ballerina standing on the toes of one food with one arm up in the air and one leg lifted behind her.
Hypothesis: The ballerina hates this.","Premise: A ballerina standing on the toes of one food with one arm up in the air and one leg lifted behind her.
Hypothesis: The ballerina is practicing near a park where a musician is playing in the background, and a group of students is having a picnic nearby. The weather is partly cloudy, and there are several dogs playing fetch in the distance. A nearby bookstore is running a sale on classic literature. The ballerina is wearing a light jacket despite the warm spring air.",,contradiction,1,5,contradiction|contradiction|contradiction|contradiction|contradiction|contradiction,40,[4]
"Premise: Two men are sitting in a restaurant while one of them holds a piece of paper up to the camera.
Hypothesis: Two men are sitting watching a movie.","Premise: Two men are sitting in a restaurant while one of them holds a piece of paper up to the camera.
Hypothesis: A group of students is reviewing notes for an upcoming history exam while sitting in a library.",,contradiction,2,5,contradiction|contradiction|contradiction|contradiction|contradiction|contradiction,37,[4]
"Premise: Expert snowboard is trying a new trick.
Hypothesis: The person is snowboarding.","Premise: Expert snowboard is trying a new trick.
Hypothesis: A chef is discussing the weather while preparing a new recipe in the kitchen, where they're also cataloging rare ingredients and testing the texture of new spices. Meanwhile, a group of hikers is preparing for a journey in the mountains, checking maps and supplies under a shaded tent.",,contradiction,0,5,contradiction|contradiction|contradiction|contradiction|contradiction|contradiction,23,[]
"Premise: A boy plays his trumpet during a performance with his band.
Hypothesis: A human with a trumpet","Premise: A boy plays his trumpet during a performance with his band.
Hypothesis: A human with a trumpet who is not performing, but sleeping",,neutral,0,5,neutral|neutral|neutral|neutral|neutral|neutral,25,"[2, 3, 4, 5]"
"Premise: The man in the black shirt is skateboarding on the front steps of the building.
Hypothesis: A person with a dark top is outside doing something active.","Premise: The man in the black shirt is skateboarding on the front steps of the building.
Hypothesis: A person with a dark top is reading a book about history in a quiet library, while a group of children plays soccer nearby and a chef prepares a new recipe in a distant kitchen.",,contradiction,0,5,contradiction|contradiction|contradiction|contradiction|contradiction|contradiction,37,[5]
"Premise: Many people sit, some stand outside of a large brick building.
Hypothesis: people are throwing rocks at each other","Premise: Many people sit, some stand outside of a large brick building.
Hypothesis: people are throwing rocks at each other inside a large brick building while no one is outside",,entailment,2,5,entailment|entailment|entailment|entailment|entailment|entailment,28,"[1, 2, 3, 4, 5]"
"Premise: A small girl with braids blowing bubbles.
Hypothesis: A young boy plays with his yo-yo.","Premise: A small girl with braids blowing bubbles.
Hypothesis: A small girl with braids is blowing bubbles and playing with a yo-yo.",,contradiction,2,0,neutral,27,[]
"Premise: Man in robe making designs on dirt ground.
Hypothesis: A man making designs in the dirt outside.","Premise: Man in robe making designs on dirt ground.
Hypothesis: A man making designs in the dirt inside a closed room, clearly not outside, while the premise clearly states he is outside on the dirt ground.",,neutral,0,5,neutral|neutral|neutral|neutral|neutral|neutral,26,"[3, 4, 5]"
"Premise: A girl is about to hit a tennis ball coming from above her with a racket
Hypothesis: A girl is playing tennis.","Premise: A girl is about to hit a tennis ball coming from above her with a racket
Hypothesis: A girl is not playing tennis and has never touched a racket before.",,neutral,0,0,contradiction,31,[]
"Premise: A man in military uniform points as three other men watch.
Hypothesis: the man is training some guys","Premise: A man in military uniform points as three other men watch.
Hypothesis: the man is organizing a bookshelf in the library while some guys discuss astronomy and a dog naps nearby",,contradiction,1,5,contradiction|contradiction|contradiction|contradiction|contradiction|contradiction,26,"[2, 3, 5]"
"Premise: A little boy with an orange backpack walks under a tree through the woods.
Hypothesis: A boy walks through the woods.","Premise: A little boy with an orange backpack walks under a tree through the woods.
Hypothesis: A boy with a blue backpack is reading a comic book at a bus stop while waiting for the school bus.",,contradiction,0,5,contradiction|contradiction|contradiction|contradiction|contradiction|contradiction,30,"[3, 5]"
"Premise: Two young boys wearing shorts and sandals throw pebbles from a dirt path into a body of water.
Hypothesis: The two young boys are playing kickball at the park.","Premise: Two young boys wearing shorts and sandals throw pebbles from a dirt path into a body of water.
Hypothesis: The two young boys are playing near a body of water, wearing shorts and sandals, and throwing pebbles from a dirt path.",,contradiction,2,0,neutral,41,[]
"Premise: A woman sweeping in front of a ladder on a busy street.
Hypothesis: A woman cleans up near a ladder","Premise: A woman sweeping in front of a ladder on a busy street.
Hypothesis: A man waters plants near a fountain while discussing weather patterns with a colleague.",,contradiction,0,5,contradiction|contradiction|contradiction|contradiction|contradiction|contradiction,28,"[4, 5]"
"Premise: A dirty, shirtless homeless man sits on the sidewalk, holding his cup up to passerby asking for change.
Hypothesis: A homeless man begs.","Premise: A dirty, shirtless homeless man sits on the sidewalk, holding his cup up to passerby asking for change.
Hypothesis: A man in a business suit reads a book in the park while sipping coffee and checking stock prices on his phone.",,contradiction,0,5,contradiction|contradiction|contradiction|contradiction|contradiction|contradiction,36,"[3, 4, 5]"
"Premise: A young man appears bored in a restaurant.
Hypothesis: A young person appears bored in a restaurant.","Premise: A young man appears bored in a restaurant.
Hypothesis: An old woman appears excited in a restaurant.",,neutral,0,2,neutral|neutral|contradiction,26,[]
"Premise: A boy in a blue shirt plays in a jumping tent.
Hypothesis: Rent your own bouncy house today","Premise: A boy in a blue shirt plays in a jumping tent.
Hypothesis: The bouncy house is currently out of stock and unavailable for rent.",,neutral,1,0,contradiction,27,[]
"Premise: A man looks mysterious in a blue shirt and a red truck for a company called Wilbert.
Hypothesis: A woman cuts eggplant.","Premise: A man looks mysterious in a blue shirt and a red truck for a company called Wilbert.
Hypothesis: A woman cuts eggplant while standing next to the mysterious man in a blue shirt who is near a red truck for a company called Wilbert.",,contradiction,2,1,contradiction|neutral,33,[]
"Premise: This off-roading driver has tipped his truck.
Hypothesis: A Ferrari goes through the drive-thru.","Premise: This off-roading driver has tipped his truck.
Hypothesis: The off-roading driver, who was driving a Ferrari, has tipped his truck.",,contradiction,2,2,contradiction|contradiction|neutral,27,[]
"Premise: Two young girls, one wearing a pink jacket and the other in a dark-colored jacket, are playing in the snow and having a snowball fight in a clearing outside of a wooded area.
Hypothesis: Two girls are sleeping","Premise: Two young girls, one wearing a pink jacket and the other in a dark-colored jacket, are playing in the snow and having a snowball fight in a clearing outside of a wooded area.
Hypothesis: Two girls are sunbathing on a warm beach, far from the snowy clearing where they are playing in the snow.",,entailment,2,1,entailment|neutral,50,[]
"Premise: This man is working with an I-pad.
Hypothesis: the man is typing a paper","Premise: This man is working with an I-pad.
Hypothesis: The man is using the I-pad to type a paper as part of his work.",,contradiction,1,5,contradiction|contradiction|contradiction|contradiction|contradiction|contradiction,23,[]
"Premise: Three people are sitting at a small table near a screen with the words, ""DEMOS, The Business of Care.""
Hypothesis: A trio of humans is sitting.","Premise: Three people are sitting at a small table near a screen with the words, ""DEMOS, The Business of Care.""
Hypothesis: No one is sitting at the table.",,neutral,0,0,entailment,39,[]
"Premise: A snowboarder on a wide plain of snow
Hypothesis: A snowboarder gliding over a field of snow","Premise: A snowboarder on a wide plain of snow
Hypothesis: A snowboarder gliding over a field of sand",,neutral,1,0,contradiction,30,[]
"Premise: Men at a party hanging out on the front porch.
Hypothesis: They are smoking cigarettes on the porch.","Premise: Men at a party hanging out on the front porch.
Hypothesis: They are discussing gardening tips while a neighbor waters the lawn nearby and a child rides a bicycle on the sidewalk.",,contradiction,1,2,contradiction|contradiction|neutral,27,[]
"Premise: A person crossing a bridge with train tracks.
Hypothesis: A person jumped off the side of the bridge.","Premise: A person crossing a bridge with train tracks.
Hypothesis: A person crossed the bridge with train tracks beneath them.",,contradiction,2,0,neutral,27,[]
"Premise: A beach boardwalk during summertime.
Hypothesis: A wooden path towards the shore.","Premise: A beach boardwalk during summertime.
Hypothesis: A wooden path in a forest clearing, where a local artist was organizing a poetry reading and discussing community events for the weekend.",,contradiction,0,5,contradiction|contradiction|contradiction|contradiction|contradiction|contradiction,23,[]
"Premise: A woman is carrying two children in the middle of a large crowd.
Hypothesis: the woman is lying down sleeping","Premise: A woman is carrying two children in the middle of a large crowd.
Hypothesis: the woman is not carrying anyone and is standing up, wide awake in an empty room, far from any crowd",,entailment,2,5,entailment|entailment|entailment|entailment|entailment|entailment,28,[4]
"Premise: a wet golden retriever is walking through a lake
Hypothesis: A wet golden retriever is in a lake.","Premise: a wet golden retriever is walking through a lake
Hypothesis: A completely dry golden retriever is standing on a completely dry lake bed, which has not held water for years, and the dog shows no signs of having ever been near water.",,neutral,0,3,neutral|neutral|neutral|entailment,29,[]
"Premise: A woman wearing a striped wrap is bent over in a cornfield while looking at the camera.
Hypothesis: A woman wearing a striped wrap is looking at the camera.","Premise: A woman wearing a striped wrap is bent over in a cornfield while looking at the camera.
Hypothesis: A woman wearing a striped wrap is not looking at the camera.",,neutral,0,0,contradiction,39,[]
"Premise: This is a very large vegetable stand under a white tent.
Hypothesis: People are eating fast food.","Premise: This is a very large vegetable stand under a white tent.
Hypothesis: A group of students is practicing a speech near a library entrance. In a completely unrelated matter, the local weather forecast predicts sunny skies for tomorrow. The cafeteria is also serving special koala bear-themed snacks during lunch.",,contradiction,2,5,contradiction|contradiction|contradiction|contradiction|contradiction|contradiction,26,[4]
"Premise: A person standing next to an old dark building.
Hypothesis: A person standing near a building.","Premise: A person standing next to an old dark building.
Hypothesis: A person standing in an open field with no buildings nearby.",,neutral,0,0,contradiction,25,[]
"Premise: a man sitting on a motorcycle with a sunset directly behind him
Hypothesis: A man sitting on his motorcycle with the sunset directly behind him outside.","Premise: a man sitting on a motorcycle with a sunset directly behind him
Hypothesis: A man sitting on his motorcycle with the sunrise directly behind him inside a brightly lit garage.",,neutral,0,1,neutral|contradiction,35,[]
"Premise: Two men wearing dirty clothing are sitting on a sidewalk with their dog and begging for money using a cardboard sign.
Hypothesis: These two illiterate men convinced their dog to write a panhandling sign for them.","Premise: Two men wearing dirty clothing are sitting on a sidewalk with their dog and begging for money using a cardboard sign.
Hypothesis: These two men enjoy taking their dog for long walks and often stop to admire the scenery. In the evenings, they like visiting nearby cafes to try different kinds of homemade pastries. Meanwhile, in another part of the city, two cyclists are preparing for a weekend race and testing their equipment under the guidance of a professional coach. Nearby, a local bakery is hosting an open house to showcase its new artisanal breads.",,contradiction,2,5,contradiction|contradiction|contradiction|contradiction|contradiction|contradiction,47,[]
"Premise: A boy in a yellow shirt running by some birds.
Hypothesis: The boy is moving very fast.","Premise: A boy in a yellow shirt running by some birds.
Hypothesis: The boy is standing still and not moving at all.",,neutral,1,0,entailment,26,[]
"Premise: People jump over a mountain crevasse on a rope.
Hypothesis: People are jumping outside.","Premise: People jump over a mountain crevasse on a rope.
Hypothesis: People are jumping inside a sealed room with no ropes or mountains nearby.",,neutral,0,0,contradiction,25,[]
"Premise: Many people have decided to take a rest on the steps.
Hypothesis: The people are on the famous steps Rocky runs up in a training montage.","Premise: Many people have decided to take a rest on the steps.
Hypothesis: The people are on the famous steps where a local artist often paints landscapes, which are popular during the spring festival in the town square.",,contradiction,1,2,contradiction|contradiction|neutral,35,[]
"Premise: A group of kids is splashing in deep water nearby a rock formation.
Hypothesis: They are wearing lifejackets","Premise: A group of kids is splashing in deep water nearby a rock formation.
Hypothesis: A teacher is organizing books in the school library while they prepare for a parent-teacher meeting next week. A baker is also preparing a new recipe for a weekend fair.",,contradiction,1,5,contradiction|contradiction|contradiction|contradiction|contradiction|contradiction,29,[2]
"Premise: Four men stand in a circle facing each other playing brass instruments which people watch them.
Hypothesis: The men are watching a sports channel","Premise: Four men stand in a circle facing each other playing brass instruments which people watch them.
Hypothesis: The men are discussing their favorite movies while eating lunch at a nearby café, and the weather forecast predicts rain for tomorrow.",,contradiction,2,5,contradiction|contradiction|contradiction|contradiction|contradiction|contradiction,32,"[3, 4, 5]"
"Premise: A drummer wearing a plaid shirt, jeans, and a purple had bangs his drum.
Hypothesis: A trumpeter practices for an orchestra.","Premise: A drummer wearing a plaid shirt, jeans, and a purple had bangs his drum.
Hypothesis: A drummer wearing a plaid shirt, jeans, and a purple hat bangs his drum as part of an orchestra, preparing to perform in a musical ensemble.",,contradiction,2,3,contradiction|contradiction|contradiction|neutral,35,[]
"Premise: A boy in a hat and glasses is playing a guitar.
Hypothesis: A boy is playing piano.","Premise: A boy in a hat and glasses is playing a guitar.
Hypothesis: A boy is not playing piano; he is playing the drums.",,entailment,2,1,entailment|neutral,26,[]
"Premise: A female dancer wearing all white dancing while a photographer wearing all white takes her picture.
Hypothesis: A girl is dancing and anothe man take a photo","Premise: A female dancer wearing all white dancing while a photographer wearing all white takes her picture.
Hypothesis: A girl is dancing in a studio while a man nearby arranges flowers in a vase and a child plays with building blocks in the corner.",,contradiction,1,5,contradiction|contradiction|contradiction|contradiction|contradiction|contradiction,36,"[2, 5]"
"Premise: Two girls wearing hats are running through snow drifts outside.
Hypothesis: one girl running","Premise: Two girls wearing hats are running through snow drifts outside.
Hypothesis: No girl is running.",,neutral,2,0,entailment,23,[]
"Premise: A man and a child are laughing at each other.
Hypothesis: Two people are laughing.","Premise: A man and a child are laughing at each other.
Hypothesis: No one is laughing.",,neutral,0,0,entailment,24,[]
"Premise: The man is digging in the sand while others watch to see what he discovers.
Hypothesis: a man is digging for gold.","Premise: The man is digging in the sand while others watch to see what he discovers.
Hypothesis: a man is digging for gold and has never used a shovel before today.",,neutral,1,0,contradiction,31,[]
"Premise: Two NHL hockey players prepare to fight over a puck during a face off.
Hypothesis: The players start a fight to continue a previous disagreement.","Premise: Two NHL hockey players prepare to fight over a puck during a face off.
Hypothesis: The players start a fight after a fan in the front row spills a drink and gets involved in a minor scuffle unrelated to the game.",,contradiction,1,5,contradiction|contradiction|contradiction|contradiction|contradiction|contradiction,34,[5]
"Premise: A child in an orange outfit stands holding flowers.
Hypothesis: The boy has a gift for his mother.","Premise: A child in an orange outfit stands holding flowers.
Hypothesis: The boy is reading a comic book about dinosaurs while waiting for the school bus, and he hopes to try out for the school play next week. The local library is holding a book sale this weekend, and there are several new board games available for purchase.",,contradiction,1,5,contradiction|contradiction|contradiction|contradiction|contradiction|contradiction,27,[]
"Premise: A policeman on a motorcycle from the rear.
Hypothesis: An officer watching a jail cell.","Premise: A policeman on a motorcycle from the rear.
Hypothesis: An officer is inside the courtroom, not watching a jail cell but instead reading a book, which is completely different from a policeman on a motorcycle outside.",,entailment,2,3,entailment|entailment|entailment|contradiction,24,[]
"Premise: Two young boys are playing with a toy train set on a wood floor.
Hypothesis: Two girls are playing with dolls.","Premise: Two young boys are playing with a toy train set on a wood floor.
Hypothesis: Two young boys are playing with a toy train set on a wood floor, and their imaginative play involves using dolls as part of their scenario.",,contradiction,2,1,contradiction|neutral,30,[]
"Premise: four people standing on a hiking trail in a forest with big tree logs on the ground close to them.
Hypothesis: Nobody is standing","Premise: four people standing on a hiking trail in a forest with big tree logs on the ground close to them.
Hypothesis: Only three people are standing on the hiking trail, and they are not in a forest.",,entailment,2,1,entailment|neutral,32,[]
"Premise: A closeup of an older man with glasses speaking.
Hypothesis: The woman is doing a speech.","Premise: A closeup of an older man with glasses speaking.
Hypothesis: The woman is not speaking and is instead quietly listening.",,neutral,2,0,contradiction,26,[]
"Premise: People sitting in a dim restaurant eating.
Hypothesis: People are eating food.","Premise: People sitting in a dim restaurant eating.
Hypothesis: People are not eating and are instead drinking water.",,neutral,0,1,neutral|contradiction,21,[]
"Premise: Child plays with pigeon in busy public area while group of people watch him play.
Hypothesis: A group of people take turns carrying an injured child.","Premise: Child plays with pigeon in busy public area while group of people watch him play.
Hypothesis: A group of volunteers organizes a book fair at a community center across town, promoting literacy among teenagers, while a local band rehearses nearby for an upcoming festival and a farmer’s market sets up in the same area. At the same time, a baker is preparing a new recipe for a culinary competition in another city.",,contradiction,2,5,contradiction|contradiction|contradiction|contradiction|contradiction|contradiction,35,[4]
"Premise: A woman plays in the wind, with a furry brown dog.
Hypothesis: The dog is a shitzu.","Premise: A woman plays in the wind, with a furry brown dog.
Hypothesis: The furry brown dog the woman is playing with in the wind is a Shih Tzu.",,contradiction,1,5,contradiction|contradiction|contradiction|contradiction|contradiction|contradiction,29,[]
"Premise: Man sitting on bench with suitcase waiting for his source of transportation.
Hypothesis: The man is on a treadmill.","Premise: Man sitting on bench with suitcase waiting for his source of transportation.
Hypothesis: The man is on a treadmill, running indoors in a gym, with no bench or suitcase in sight.",,entailment,2,5,entailment|entailment|entailment|entailment|entailment|entailment,28,"[4, 5]"
"Premise: A black man wearing a down jacket with his arms spread and holding a pink comb.
Hypothesis: A man was wearing a jacket in winter.","Premise: A black man wearing a down jacket with his arms spread and holding a pink comb.
Hypothesis: A man was not wearing any jacket in summer.",,neutral,1,1,neutral|entailment,34,[]
"Premise: A blond little boy in an orange sweatshirt with red sleeves is using scissors to cut something.
Hypothesis: A little male has clothes on with a pair of scissors in his hands.","Premise: A blond little boy in an orange sweatshirt with red sleeves is using scissors to cut something.
Hypothesis: A little male is completely naked and does not have scissors, while sitting on the floor unharmed, after the bald boy in the sweatshirt cut his clothes off with a knife using his bare hands.",,neutral,0,5,neutral|neutral|neutral|neutral|neutral|neutral,42,[3]
"Premise: People in motion down a city sidewalk.
Hypothesis: People are walking to an event.","Premise: People in motion down a city sidewalk.
Hypothesis: A group of office workers is heading to a lunch meeting at a nearby skyscraper, where they plan to discuss quarterly financial reports and team-building activities, while a separate group of cyclists passes by on their way to a community garden event.",,contradiction,1,5,contradiction|contradiction|contradiction|contradiction|contradiction|contradiction,23,[]
"Premise: A scruffy man is standing in front of a red shopping cart filled with boxes.
Hypothesis: A clean shaven man with an empty blue shopping cart.","Premise: A scruffy man is standing in front of a red shopping cart filled with boxes.
Hypothesis: A clean-shaven man with a full blue shopping cart is shopping nearby.",,entailment,2,1,entailment|contradiction,37,[]
"Premise: A woman in black walks down the street in front of a graffited wall.
Hypothesis: A lady walks down the street.","Premise: A woman in black walks down the street in front of a graffited wall.
Hypothesis: A lady in a red jacket sits at a café reading a book while a bird feeds nearby and someone plays music with headphones on.",,contradiction,0,5,contradiction|contradiction|contradiction|contradiction|contradiction|contradiction,32,"[3, 4, 5]"
"Premise: This person looks to be snowboarding on a very small pile of snow on a sunny cold day.
Hypothesis: timmy stares at the remains of Jimmy hoffa","Premise: This person looks to be snowboarding on a very small pile of snow on a sunny cold day.
Hypothesis: Timmy stares at a large, fully intact snow sculpture of Jimmy Hoffa, which is impossible given the very small pile of snow in the scene.",,neutral,2,0,contradiction,39,[]
"Premise: An elderly lady holding a scruffy dog and smiling contently.
Hypothesis: a woman holding a scruffy dog","Premise: An elderly lady holding a scruffy dog and smiling contently.
Hypothesis: a man holding a scruffy dog",,neutral,0,0,entailment,28,[]
"Premise: A father is teaching his son how to ride a bicycle.
Hypothesis: The boy is improving quickly.","Premise: A father is teaching his son how to ride a bicycle.
Hypothesis: The boy is practicing riding a bicycle while his father reads a book about astronomy nearby, and a group of geese is wandering through the park.",,contradiction,1,5,contradiction|contradiction|contradiction|contradiction|contradiction|contradiction,26,"[3, 4, 5]"
"Premise: The girl wearing a brown jacket whilst walking in snow.
Hypothesis: A woman is eating pasta in a restaurant.","Premise: The girl wearing a brown jacket whilst walking in snow.
Hypothesis: The girl wearing a brown jacket is walking in snow.",,contradiction,2,0,neutral,28,[]
"Premise: A man with a beard is playing an acoustic guitar on the street.
Hypothesis: The man tries to make some money from tips.","Premise: A man with a beard is playing an acoustic guitar on the street.
Hypothesis: A woman nearby is planning a weekend trip to the mountains, while checking flight options on her phone.",,contradiction,1,5,contradiction|contradiction|contradiction|contradiction|contradiction|contradiction,32,[]
"Premise: A small child with a backpack walks down a narrow road next to a painted wall.
Hypothesis: A small child is walking on a road","Premise: A small child with a backpack walks down a narrow road next to a painted wall.
Hypothesis: A small child is walking on a road while a bird flies overhead near a park. The capital of Spain is Madrid.",,contradiction,0,5,contradiction|contradiction|contradiction|contradiction|contradiction|contradiction,33,"[3, 4]"
"Premise: A young man holding a young woman in his arms as they get splashed by water shooting up from a fountain.
Hypothesis: A young couple is very much in love.","Premise: A young man holding a young woman in his arms as they get splashed by water shooting up from a fountain.
Hypothesis: A young couple is discussing their favorite coffee shop, while a nearby group of students is setting up for an outdoor book fair and a baker is preparing pastries for a morning market.",,contradiction,1,5,contradiction|contradiction|contradiction|contradiction|contradiction|contradiction,40,[]
"Premise: A man and a child are purchasing ice cream from a man with a hand pushed ice cream cart.
Hypothesis: A father is buying his daughter ice cream.","Premise: A man and a child are purchasing ice cream from a man with a hand pushed ice cream cart.
Hypothesis: A woman is reading a book about astronomy in a park while children play soccer nearby and a street musician practices on a corner.",,contradiction,1,5,contradiction|contradiction|contradiction|contradiction|contradiction|contradiction,37,[2]
"Premise: A female covering her face in laughter at the dinner table.
Hypothesis: A woman has heard a joke.","Premise: A female covering her face in laughter at the dinner table.
Hypothesis: A woman has never heard a joke and found the situation completely unfunny, rolling her eyes in annoyance.",,neutral,1,5,neutral|neutral|neutral|neutral|neutral|neutral,27,"[3, 4, 5]"
"Premise: A mom and her boy are riding in a bumper car.
Hypothesis: The mom and boy are at an amusement park.","Premise: A mom and her boy are riding in a bumper car.
Hypothesis: The mom and boy are at a quiet library.",,neutral,0,0,contradiction,30,[]
"Premise: Police officer wearing a brown uniform talks into a wireless microphone.
Hypothesis: A police officer is silent.","Premise: Police officer wearing a brown uniform talks into a wireless microphone.
Hypothesis: A police officer is not speaking while wearing a brown uniform and holding a wireless microphone.",,contradiction,2,0,neutral,26,[]
"Premise: In a snowy residential environment, a man with a brown jacket and gray mustache and beard places a hand on a felled log while another man in a blue shirt is blurry on the right side of the photo.
Hypothesis: The log is for firewood.","Premise: In a snowy residential environment, a man with a brown jacket and gray mustache and beard places a hand on a felled log while another man in a blue shirt is blurry on the right side of the photo.
Hypothesis: A nearby baker is preparing to open his shop for the morning while thinking about the weather forecast for the week.",,contradiction,1,5,contradiction|contradiction|contradiction|contradiction|contradiction|contradiction,58,"[2, 3, 4, 5]"
"Premise: A woman crosses the street with a baby in her arms.
Hypothesis: A woman crosses the street carrying her baby boy.","Premise: A woman crosses the street with a baby in her arms.
Hypothesis: A woman crosses the street carrying her baby boy, who is clearly not the baby in her arms.",,neutral,1,5,neutral|neutral|neutral|neutral|neutral|neutral,30,"[1, 3, 4, 5]"
"Premise: A woman in a brown jacket and jeans is kneeling on a brick road while taking a picture of another woman posing.
Hypothesis: The woman posing is a famous model.","Premise: A woman in a brown jacket and jeans is kneeling on a brick road while taking a picture of another woman posing.
Hypothesis: A woman posing in a local art exhibit is being painted by a street artist across the park, who is known for capturing scenes of modern urban life in his work. The artist recently attended a conference on environmental sustainability and plans to use eco-friendly materials in his next project.",,contradiction,1,5,contradiction|contradiction|contradiction|contradiction|contradiction|contradiction,39,[]
"Premise: An older women tending to a garden.
Hypothesis: The lady is cooking dinner","Premise: An older women tending to a garden.
Hypothesis: A man is reading a book about space exploration while sipping coffee inside a quiet café nearby.",,contradiction,2,5,contradiction|contradiction|contradiction|contradiction|contradiction|contradiction,22,"[4, 5]"
"Premise: The three young children played with some toilet paper in the grass.
Hypothesis: The three young children are throwing the toilet paper around.","Premise: The three young children played with some toilet paper in the grass.
Hypothesis: The three young children are not playing with toilet paper at all; instead, they are happily building a sandcastle without any paper products nearby.",,neutral,1,1,neutral|entailment,32,[]
"Premise: Man and woman rowing on surfboards third rower in distance.
Hypothesis: Couples rowing on surfboards.","Premise: Man and woman rowing on surfboards third rower in distance.
Hypothesis: A single man is rowing on a surfboard alone, and there are no other rowers nearby, not even a woman or a third person in the distance.",,neutral,0,5,neutral|neutral|neutral|neutral|neutral|neutral,29,"[2, 3, 4, 5]"
"Premise: A golden retriever nurses puppies.
Hypothesis: Puppies next to their mother","Premise: A golden retriever nurses puppies.
Hypothesis: Puppies next to their mother playing with a toy train while a bird sings in a distant tree and a painter sets up an easel by a lake.",,contradiction,0,5,contradiction|contradiction|contradiction|contradiction|contradiction|contradiction,21,"[3, 4]"
"Premise: A performer plays an instrument for the audience.
Hypothesis: The instrument plays a performer for an audience.","Premise: A performer plays an instrument for the audience.
Hypothesis: A chef prepares a dish for the guests in a nearby kitchen.",,entailment,2,0,contradiction,26,[]
"Premise: A man throws his young boy playfully into the air standing on a beach.
Hypothesis: A Dad and son is playing on the beach.","Premise: A man throws his young boy playfully into the air standing on a beach.
Hypothesis: A Dad and son are at a quiet park reading a book under a tree, while nearby, a group of cyclists passes by on a trail, and a birdwatcher takes notes from a nearby bench.",,contradiction,0,5,contradiction|contradiction|contradiction|contradiction|contradiction|contradiction,34,[4]
"Premise: A dog jumping for a Frisbee in the snow.
Hypothesis: A cat washes his face and whiskers with his front paw.","Premise: A dog jumping for a Frisbee in the snow.
Hypothesis: A cat washes his face and whiskers with his front paw while lying in the snow next to a Frisbee, which he just threw for the dog to catch.",,entailment,2,4,entailment|entailment|entailment|entailment|neutral,34,[]
"Premise: Small girl riding in play car.
Hypothesis: A girl is riding in a toy car.","Premise: Small girl riding in play car.
Hypothesis: A man is reading a science fiction novel at the library while it's raining outside.",,contradiction,0,3,contradiction|contradiction|contradiction|entailment,24,[]
"Premise: People walk outside ""The Tempe Bar"".
Hypothesis: People move around outside.","Premise: People walk outside ""The Tempe Bar"".
Hypothesis: People remain completely still and do not move outside ""The Tempe Bar"", while everyone else is inside the bar, far away from the entrance.",,neutral,0,5,neutral|neutral|neutral|neutral|neutral|neutral,22,"[4, 5]"
"Premise: A group of people having a conversation.
Hypothesis: People are talking about politics.","Premise: A group of people having a conversation.
Hypothesis: People are not talking at all.",,neutral,1,0,entailment,22,[]
"Premise: A man in an army uniform speaks into a microphone.
Hypothesis: A soldier speaks into the microphone.","Premise: A man in an army uniform speaks into a microphone.
Hypothesis: A civilian in casual clothing insists that the microphone is broken and refuses to speak into it, while the man in the army uniform is clearly shown using the microphone without issue.",,neutral,0,5,neutral|neutral|neutral|neutral|neutral|neutral,26,"[2, 5]"
"Premise: A child sits in a tree holding a branch.
Hypothesis: The adult jumped up onto the tree.","Premise: A child sits in a tree holding a branch.
Hypothesis: The adult jumped up onto the tree and found no child there.",,neutral,2,5,neutral|neutral|neutral|neutral|neutral|neutral,26,[]
"Premise: A man with a beer in his hand listens to a woman talk.
Hypothesis: A man has a beer with him.","Premise: A man with a beer in his hand listens to a woman talk.
Hypothesis: A man does not have a beer with him.",,neutral,0,0,contradiction,30,[]
"Premise: Two little boys are smiling and laughing while one is standing and one is in a bouncy seat.
Hypothesis: The little boys are crying.","Premise: Two little boys are smiling and laughing while one is standing and one is in a bouncy seat.
Hypothesis: A group of teenagers is studying biology in a classroom across town from some little boys.",,contradiction,2,1,contradiction|neutral,34,[]
"Premise: Two men in suits standing in front of a bus, one is wearing a medal.
Hypothesis: Two men are standing in front of a large vehicle.","Premise: Two men in suits standing in front of a bus, one is wearing a medal.
Hypothesis: Two men are standing in front of a small motorcycle, and neither of them is wearing a medal or dressed in a suit.",,neutral,0,1,neutral|entailment,36,[]
"Premise: A woman is cutting into a sandwich while sitting at an outdoor table.
Hypothesis: The lady on the table is cutting her sandwhich","Premise: A woman is cutting into a sandwich while sitting at an outdoor table.
Hypothesis: The lady on the table is cutting her sandwich, while a child nearby is blowing bubbles in the park.",,contradiction,0,0,neutral,32,[]
"Premise: Three men are working with their bikes in the shoulder of a road.
Hypothesis: The men's bikes broke.","Premise: Three men are working with their bikes in the shoulder of a road.
Hypothesis: A local baker is teaching a group of students how to make bread at a community center across town.",,contradiction,1,5,contradiction|contradiction|contradiction|contradiction|contradiction|contradiction,28,[2]
"Premise: A boy and a girl stand in a median amongst Mike Huckabee signs.
Hypothesis: Two people stand on a median with advertising signs.","Premise: A boy and a girl stand in a median amongst Mike Huckabee signs.
Hypothesis: Two people stand on a median with no signs at all, protesting the presence of Mike Huckabee supporters nearby. The area is completely free of any political signs, and the individuals are not associated with Mike Huckabee in any way.",,neutral,0,4,neutral|neutral|neutral|neutral|entailment,32,[]
"Premise: A man who wears glasses, a blue shirt and a Chicago White Sox cap holds a young boy who also wears a blue shirt.
Hypothesis: The man the baseball is taking his son to a baseball game today.","Premise: A man who wears glasses, a blue shirt and a Chicago White Sox cap holds a young boy who also wears a blue shirt.
Hypothesis: The man is reading a book about ancient history while sitting at a café, and the boy is quietly coloring a picture of a dinosaur on a nearby table.",,contradiction,1,5,contradiction|contradiction|contradiction|contradiction|contradiction|contradiction,48,[5]
"Premise: Naked children play on the muddy riverbank.
Hypothesis: THE NUDE KIDS PLAYED ON THE RIVERBANK IN THE MUD JUST TO HAVE A MUD BATH","Premise: Naked children play on the muddy riverbank.
Hypothesis: THE NUDE KIDS PLAYED ON THE RIVERBANK IN THE MUD, WHILE A STUDENT TYPED A REPORT ON HIS LAPTOP IN A CAFÉ FAR AWAY AND A ROBOT SANG OPERA ON THE MOON",,contradiction,1,5,contradiction|contradiction|contradiction|contradiction|contradiction|contradiction,43,"[1, 2, 3]"
"Premise: A boy runs as others play on a homemade slip and slide.
Hypothesis: A boy is running.","Premise: A boy runs as others play on a homemade slip and slide.
Hypothesis: A boy is sitting still and not moving as everyone else watches quietly.",,neutral,0,2,neutral|neutral|contradiction,26,[]
"Premise: A rescue worker searches with a flashlight under a slab in a ruined building.
Hypothesis: A rescue worker searches for survivors.","Premise: A rescue worker searches with a flashlight under a slab in a ruined building.
Hypothesis: A rescue worker is certain there are no survivors and stops searching.",,neutral,1,0,contradiction,30,[]
"Premise: People boating on a lake with the sun through the clouds in the distance.
Hypothesis: people on boat","Premise: People boating on a lake with the sun through the clouds in the distance.
Hypothesis: people on a train",,neutral,0,0,contradiction,27,[]
"Premise: The man white purple and white polka-dotted shirts is eating and looking to his right while the woman behind him has a confused look on her face.
Hypothesis: The guy is eating a sandwich while a lady wonders what's in the sandwich.","Premise: The man white purple and white polka-dotted shirts is eating and looking to his right while the woman behind him has a confused look on her face.
Hypothesis: The guy is not eating a sandwich, and the lady behind him is clearly not confused at all.",,neutral,1,5,neutral|neutral|neutral|neutral|neutral|neutral,55,"[1, 2, 3, 4]"
"Premise: A dog with a collar on lying on the street.
Hypothesis: There is an animal outdoors.","Premise: A dog with a collar on lying on the street.
Hypothesis: There is no animal outdoors.",,neutral,0,0,entailment,25,[]
"Premise: Performer who is wearing 2 hats a scary mask and a black and white robe.
Hypothesis: The actor playing Voldemort is wearing a scary mask and a black and white robe.","Premise: Performer who is wearing 2 hats a scary mask and a black and white robe.
Hypothesis: The actor playing Voldemort is not wearing a scary mask and is dressed in bright red and green clothing.",,neutral,1,0,contradiction,42,[]
"Premise: Sports team members practice and relax on a basketball court.
Hypothesis: Team members of a sport is relaxing after practice.","Premise: Sports team members practice and relax on a basketball court.
Hypothesis: Team members of a sport are not relaxing after practice, but instead are leaving the basketball court to attend a meeting, showing no signs of having engaged in any physical activity or sport-related practice.",,neutral,0,4,neutral|neutral|neutral|neutral|contradiction,29,[3]
"Premise: A referee with a whistle in his mouth points to the right and watches as a player with the basketball bends down with a defensive player.
Hypothesis: A referee blows a whistle","Premise: A referee with a whistle in his mouth points to the right and watches as a player with the basketball bends down with a defensive player.
Hypothesis: A referee swallows the whistle and makes no sound, contradicting the expectation that he would blow it.",,neutral,-1,5,neutral|neutral|neutral|neutral|neutral|neutral,40,"[2, 3, 4, 5]"
"Premise: A man, wearing a cap, is pushing a cart, on which large display boards are kept, on a road.
Hypothesis: The person is stealing display boards.","Premise: A man, wearing a cap, is pushing a cart, on which large display boards are kept, on a road.
Hypothesis: The person is moving display boards that are on the cart he is pushing.",,contradiction,1,0,neutral,39,[]
"Premise: Six people appearing to be planting something in the ground.
Hypothesis: People are digging up the earth","Premise: Six people appearing to be planting something in the ground.
Hypothesis: People are digging up the earth, not planting anything.",,neutral,0,0,entailment,25,[]
"Premise: A group of people are looking at photographs on a wall and speaking to each other.
Hypothesis: A group of friends are visiting an art exhibit.","Premise: A group of people are looking at photographs on a wall and speaking to each other.
Hypothesis: A group of people are looking at photographs on a wall and speaking to each other.",,contradiction,1,0,neutral,35,[]
"Premise: Two daschunds play with a red ball
Hypothesis: Two dogs playing together.","Premise: Two daschunds play with a red ball
Hypothesis: Two cats, not dogs, are playing together.",,neutral,0,0,contradiction,23,[]
"Premise: A man standing alone in a park.
Hypothesis: a man alone at home","Premise: A man standing alone in a park.
Hypothesis: A woman reading a book at a café while discussing art with a friend and waiting for a train to arrive on time.",,contradiction,2,5,contradiction|contradiction|contradiction|contradiction|contradiction|contradiction,21,"[3, 4, 5]"
"Premise: Two little girls, wearing pink hanging on a tube.
Hypothesis: Two girls wearing blue sit on a couch.","Premise: Two little girls, wearing pink hanging on a tube.
Hypothesis: Two boys wearing green play soccer in the park.",,contradiction,2,0,entailment,28,[]
"Premise: Security officer working outside.
Hypothesis: A security officer is outside.","Premise: Security officer working outside.
Hypothesis: No security officer is outside.",,neutral,0,0,entailment,19,[]
"Premise: Two soccer players are going after the ball.
Hypothesis: They are playing soccer outside.","Premise: Two soccer players are going after the ball.
Hypothesis: They are not playing soccer at all, but instead practicing basketball indoors in a gym.",,neutral,1,1,neutral|entailment,23,[]
"Premise: A young man wearing khaki pants and a checked shirt is jumping over large rocks with green mountains and a lagoon in the background.
Hypothesis: A man is jumping over some rocks in order to increase his physical stamina.","Premise: A young man wearing khaki pants and a checked shirt is jumping over large rocks with green mountains and a lagoon in the background.
Hypothesis: A man is sitting calmly on a chair indoors, completely unrelated to any physical activity or outdoor environment.",,neutral,1,0,entailment,50,[]
"Premise: Four African boys playing soccer.
Hypothesis: Some boys are in the play ground","Premise: Four African boys playing soccer.
Hypothesis: Some girls are painting pictures at the community center during a weekend art class, while some volunteers are organizing a book drive in the parking lot next to a music festival nearby, and a few students are rehearsing a play at a local theater in another city.",,contradiction,2,5,contradiction|contradiction|contradiction|contradiction|contradiction|contradiction,21,[]
"Premise: A lady in a dark coat is sitting with many people around her.
Hypothesis: There are people surrounding each other.","Premise: A lady in a dark coat is sitting with many people around her.
Hypothesis: There are no people surrounding each other.",,neutral,0,0,entailment,29,[]
"Premise: Man with beard doing skateboarding stunt
Hypothesis: A man with a goatee does a backflip on a skateboard.","Premise: Man with beard doing skateboarding stunt
Hypothesis: A man with a goatee sits on a bench and does not skateboard.",,neutral,1,0,contradiction,30,[]
"Premise: A man with a blue helmet and orange shirt.
Hypothesis: An 20 year old man has an orange shirt.","Premise: A man with a blue helmet and orange shirt.
Hypothesis: A 20-year-old man has a blue shirt and no helmet, and he is wearing a red jacket instead of an orange shirt.",,neutral,1,5,neutral|neutral|neutral|neutral|neutral|neutral,30,"[2, 3, 4, 5]"
"Premise: A silhouette stands at the top of a bowling lane as the ball is about to impact the pins while neon lights race overhead.
Hypothesis: Someone is in a bowling alley.","Premise: A silhouette stands at the top of a bowling lane as the ball is about to impact the pins while neon lights race overhead.
Hypothesis: No one is in a bowling alley.",,neutral,0,0,entailment,40,[]
"Premise: A boy toddler is holding a bat he is about to swing at a pinata.
Hypothesis: A child is about to hit the panda with a stick.","Premise: A boy toddler is holding a bat he is about to swing at a pinata.
Hypothesis: A child is about to water the plants in the garden while reading a book about space exploration and planning a trip to the zoo next weekend.",,contradiction,2,5,contradiction|contradiction|contradiction|contradiction|contradiction|contradiction,37,[]
"Premise: A man wearing a red vest is walking past a black and green fence.
Hypothesis: A man is wearing a vest.","Premise: A man wearing a red vest is walking past a black and green fence.
Hypothesis: A man is not wearing any clothing above the waist.",,neutral,0,1,neutral|contradiction,30,[]
"Premise: Fans are dressed in green and yellow for a major sporting event.
Hypothesis: There are fans at a sporting event.","Premise: Fans are dressed in green and yellow for a major sporting event.
Hypothesis: There are no fans at a sporting event.",,neutral,0,0,entailment,29,[]
"Premise: Man wearing blue bowing on floor in front of another man in blue bowing on floor with two other men wearing blue kneeling on same floor also.
Hypothesis: A man is wearing nothing.","Premise: Man wearing blue bowing on floor in front of another man in blue bowing on floor with two other men wearing blue kneeling on same floor also.
Hypothesis: A man is not wearing blue and is standing upright, in direct contradiction to the others who are bowing or kneeling on the floor.",,neutral,2,5,neutral|neutral|neutral|neutral|neutral|neutral,44,"[3, 4, 5]"
"Premise: A man dances with a woman in a white egyptian costume.
Hypothesis: A couple dances in a competition.","Premise: A man dances with a woman in a white egyptian costume.
Hypothesis: A couple dances in a competition, while nearby, a birdwatcher records rare species in a forest filled with tall pines. A separate group discusses plans for a road trip, and a chef experiments with new dessert flavors in a different city.",,contradiction,1,5,contradiction|contradiction|contradiction|contradiction|contradiction|contradiction,29,[]
"Premise: A man is holding a book standing in front of a chalkboard.
Hypothesis: A person is in a classroom teaching.","Premise: A man is holding a book standing in front of a chalkboard.
Hypothesis: A person is at the grocery store buying fruit while listening to a podcast about astronomy.",,contradiction,0,5,contradiction|contradiction|contradiction|contradiction|contradiction|contradiction,30,"[2, 3, 4, 5]"
"Premise: In a chain link enclosed skate park a skater goes over one of the obstacles.Wit.
Hypothesis: The skater is sitting on the ground.","Premise: In a chain link enclosed skate park a skater goes over one of the obstacles.Wit.
Hypothesis: A nearby vendor is selling refreshments to spectators.",,entailment,2,0,neutral,36,[]
"Premise: Two dogs wearing muzzles are running.
Hypothesis: two dogs are eating","Premise: Two dogs wearing muzzles are running.
Hypothesis: two dogs are eating while running",,entailment,2,0,contradiction,21,[]
"Premise: Two men, wearing identical shirts look into a classic car hood.
Hypothesis: Two people are looking at a car.","Premise: Two men, wearing identical shirts look into a classic car hood.
Hypothesis: Two people are looking at a motorcycle.",,neutral,0,0,contradiction,29,[]
"Premise: A man in a leather jacket and glasses walks across an intersection while a man in a gray sweatshirt and white hat looks on.
Hypothesis: The man is riding a motorcycle across the street.","Premise: A man in a leather jacket and glasses walks across an intersection while a man in a gray sweatshirt and white hat looks on.
Hypothesis: The man in the leather jacket is riding a motorcycle across the street.",,contradiction,2,0,entailment,44,[]
"Premise: People landscaping and gardening the areas around the walkway.
Hypothesis: People are planting in their homes.","Premise: People landscaping and gardening the areas around the walkway.
Hypothesis: A group of students are planting flowers in a community garden outside of the city during a weekend volunteer event.",,contradiction,2,5,contradiction|contradiction|contradiction|contradiction|contradiction|contradiction,26,"[4, 5]"
"Premise: A girl in a blue leotard hula hoops on a stage with balloon shapes in the background.
Hypothesis: A girl is on stage entertaining the crowd with her hula hoop dance","Premise: A girl in a blue leotard hula hoops on a stage with balloon shapes in the background.
Hypothesis: A girl is on stage with no hula hoop in sight, and the stage is completely devoid of balloon shapes, as the girl stands completely still and the crowd shows no sign of entertainment, despite the performance clearly not involving any form of dance or performance at all.",,neutral,1,5,neutral|neutral|neutral|neutral|neutral|entailment,43,[4]
"Premise: A group of men and boys look upwards at something.
Hypothesis: A group of coaches are showing their team the scoreboard.","Premise: A group of men and boys look upwards at something.
Hypothesis: A group of coaches are discussing the game strategy near the sideline.",,contradiction,1,0,neutral,30,[]
"Premise: A bicyclist is attempting a trick on a wire in a tropical location.
Hypothesis: A person on a bicycle has his bike situated on a wire.","Premise: A bicyclist is attempting a trick on a wire in a tropical location.
Hypothesis: A person on a bicycle has his bike firmly on the ground, far from any wires, as he pedals casually through a quiet suburban street at night under streetlights, clearly not in a tropical location.",,neutral,0,5,neutral|neutral|neutral|neutral|neutral|neutral,36,"[4, 5]"
"Premise: One child in black is walking down a hill covered in white snow while 2 children are on their knees.
Hypothesis: The children are enjoying a surprise snowday off from school in the middle of April","Premise: One child in black is walking down a hill covered in white snow while 2 children are on their knees.
Hypothesis: A group of teenagers is discussing weekend plans at a café, completely unaware of the new comedy movie that just premiered downtown, while nearby, a local baker is preparing a special recipe for a community fair.",,contradiction,1,5,contradiction|contradiction|contradiction|contradiction|contradiction|contradiction,46,"[4, 5]"
"Premise: a small brown and white dog swimming through the pool next to a man.
Hypothesis: A man forces his cat to learn how to use a diving board.","Premise: a small brown and white dog swimming through the pool next to a man.
Hypothesis: A man forces his cat to learn how to use a diving board, while a small brown and white dog is swimming through the pool next to him, having never been taught to use the diving board.",,entailment,2,2,entailment|entailment|contradiction,37,[]
"Premise: A man and a woman are holding hands on the shore of a lake.
Hypothesis: A couple on vacation.","Premise: A man and a woman are holding hands on the shore of a lake.
Hypothesis: A couple at a business seminar is discussing project proposals over coffee while a man in another city reviews travel plans for his company and reads a book about ancient civilizations.",,contradiction,1,5,contradiction|contradiction|contradiction|contradiction|contradiction|contradiction,28,[]
"Premise: An old man in a blue shirt and white pants glowers by a glass door.
Hypothesis: A man resting outside","Premise: An old man in a blue shirt and white pants glowers by a glass door.
Hypothesis: A woman at a coffee shop checks the weather on her phone while reading a book about astronomy and thinking about travel plans to a coastal town.",,contradiction,1,5,contradiction|contradiction|contradiction|contradiction|contradiction|contradiction,29,[5]
"Premise: A female runner dressed in blue athletic wear is running in a competition, while spectators line the street.
Hypothesis: The streets are empty.","Premise: A female runner dressed in blue athletic wear is running in a competition, while spectators line the street.
Hypothesis: A baker is preparing a special order for a wedding cake in a quiet kitchen, while a librarian is organizing books in a small town library under soft lighting, and a farmer is checking crops in a distant field during the early morning.",,contradiction,2,5,contradiction|contradiction|contradiction|contradiction|contradiction|contradiction,33,[]
"Premise: A golden retriever nurses puppies.
Hypothesis: A golden retriever nurses some other dogs puppies","Premise: A golden retriever nurses puppies.
Hypothesis: A golden retriever does not nurse any puppies.",,neutral,1,0,entailment,24,[]
"Premise: A guy gettin lots of air on a skateboard at a skatepark
Hypothesis: A guy riding a skateboard in the rain.","Premise: A guy gettin lots of air on a skateboard at a skatepark
Hypothesis: A guy riding a skateboard indoors in a gym, not at a skatepark, and definitely not getting any air, because he’s using a skateboard with training wheels and is dressed for snowboarding in the middle of winter.",,neutral,1,5,neutral|neutral|neutral|neutral|neutral|neutral,32,"[3, 4, 5]"
"Premise: A man wearing a black coat is walking.
Hypothesis: A naked man walking.","Premise: A man wearing a black coat is walking.
Hypothesis: A man wearing a black coat is sitting on a bench.",,neutral,2,1,neutral|entailment,22,[]
"Premise: A young boy in green shorts balances on a pipe above a river.
Hypothesis: A person balancing.","Premise: A young boy in green shorts balances on a pipe above a river.
Hypothesis: No one is balancing.",,neutral,0,0,entailment,26,[]
"Premise: Bicycles are littering the road as boy pull door.
Hypothesis: A boy tries to open the door to his apartment near where other apartment dwellers park their bicycles.","Premise: Bicycles are littering the road as boy pull door.
Hypothesis: A boy is pulling the door of his apartment while bicycles are littering the road outside, which matches the scene described in the premise.",,contradiction,1,3,contradiction|contradiction|contradiction|neutral,41,[]
"Premise: Man balding with a mustache and semi beard standing wearing a psychedelic button shirt playing the guitar as he sings.
Hypothesis: The man knows how to play the guitar.","Premise: Man balding with a mustache and semi beard standing wearing a psychedelic button shirt playing the guitar as he sings.
Hypothesis: The man has never touched a guitar in his life.",,neutral,0,0,entailment,40,[]
"Premise: A man and his son riding bikes down the sidewalk.
Hypothesis: the man and the boy were in town","Premise: A man and his son riding bikes down the sidewalk.
Hypothesis: the man and the boy were in the countryside",,neutral,1,0,contradiction,27,[]
"Premise: An Asian woman in a hat is measuring food from barrels with a ladle into a smaller metal pan.
Hypothesis: A woman is measuring out wine from a barrel.","Premise: An Asian woman in a hat is measuring food from barrels with a ladle into a smaller metal pan.
Hypothesis: A woman is measuring out liquid from a barrel using a ladle into a smaller metal pan.",,contradiction,2,0,neutral,39,[]
"Premise: A man wearing a black cap is suspended in the air on a swing, as children are swinging on a swing set.
Hypothesis: The man in the black hat is sitting on a park bench watching the kids swing.","Premise: A man wearing a black cap is suspended in the air on a swing, as children are swinging on a swing set.
Hypothesis: The man in the black hat is at a museum gallery looking at modern art, while a group of students listens to a guided tour nearby, and the weather forecast predicts rain later in the afternoon.",,contradiction,2,5,contradiction|contradiction|contradiction|contradiction|contradiction|contradiction,49,"[4, 5]"
"Premise: Four people and a dog out in the woods.
Hypothesis: Some mammals want to live and the others don't want them to.","Premise: Four people and a dog out in the woods.
Hypothesis: There are no people or animals in the woods; the area is completely empty and lifeless. Not a single creature, including dogs or humans, is present in the area.",,neutral,1,5,neutral|neutral|neutral|neutral|neutral|neutral,32,"[3, 4, 5]"
"Premise: A person is sitting on the edge of a rock cliff.
Hypothesis: A person was sitting on the road.","Premise: A person is sitting on the edge of a rock cliff.
Hypothesis: A person was sitting on the road, reading a novel under a tree. Nearby, a group of cyclists passed by, and a local vendor was selling handmade crafts. The air smelled faintly of fresh bread from a nearby bakery, while a street performer juggled colorful scarves just a few blocks away. The weather was unusually warm, and a child was flying a kite in an open field.",,contradiction,2,5,contradiction|contradiction|contradiction|contradiction|contradiction|contradiction,28,[]
"Premise: The older woman smiles as she holds up a hammer.
Hypothesis: A woman is using a hammer to make something.","Premise: The older woman smiles as she holds up a hammer.
Hypothesis: A woman is using a hammer to break something, and she is clearly frowning instead of smiling.",,neutral,1,5,neutral|neutral|neutral|neutral|neutral|neutral,29,"[3, 4, 5]"
"Premise: A yellow dog is running in a field near a mountain.
Hypothesis: A yellow dog is chasing a bunny in the field.","Premise: A yellow dog is running in a field near a mountain.
Hypothesis: A yellow dog is running in a field near a mountain.",,contradiction,1,0,neutral,31,[]
"Premise: A small dog watches two big dogs playing rough in a field.
Hypothesis: 3 dogs are sleeping.","Premise: A small dog watches two big dogs playing rough in a field.
Hypothesis: A small dog and two big dogs are in a field; after playing rough, they are now all sleeping.",,contradiction,2,5,contradiction|contradiction|contradiction|contradiction|contradiction|contradiction,27,"[2, 3, 5]"
"Premise: A woman sits in a market where she sells goods with her dog.
Hypothesis: A dog sells a woman a hat.","Premise: A woman sits in a market where she sells goods with her dog.
Hypothesis: A dog buys a hat from a woman at a market.",,entailment,2,0,contradiction,30,[]
"Premise: People in chairs around a table
Hypothesis: The people have eybrows.","Premise: People in chairs around a table
Hypothesis: The people have no eyebrows and are floating in midair without any chairs or tables nearby.",,neutral,1,1,neutral|contradiction,22,[]
"Premise: A girl in a white knit hat and winter gear rubs her tongue over her braces.
Hypothesis: The girl is ready to go swimming.","Premise: A girl in a white knit hat and winter gear rubs her tongue over her braces.
Hypothesis: The girl is ready to attend a virtual poetry class led by her neighbor, who also collects vintage stamps and volunteers at the local library every Saturday.",,contradiction,2,5,contradiction|contradiction|contradiction|contradiction|contradiction|contradiction,34,[]
"Premise: The big dog is checking out the smaller dog.
Hypothesis: A big dog watching over a smaller dog.","Premise: The big dog is checking out the smaller dog.
Hypothesis: A small dog is ignoring a bigger dog that is running away.",,neutral,0,1,neutral|contradiction,27,[]
"Premise: Two dogs are playing together.
Hypothesis: Two canines are having fun.","Premise: Two dogs are playing together.
Hypothesis: Two canines are not playing at all and are instead locked in a heated fight, growling and snarling at each other.",,neutral,0,5,neutral|neutral|neutral|neutral|neutral|neutral,21,"[2, 3]"
"Premise: Two men with black glasses are holding food, one appears to be eating.
Hypothesis: A group of women is drinking wine.","Premise: Two men with black glasses are holding food, one appears to be eating.
Hypothesis: Two men with black glasses are holding food, and one of them is eating.",,contradiction,2,0,neutral,31,[]
"Premise: A grim looking man with sunglasses pilots a boat.
Hypothesis: The hungover man drives his boat to work.","Premise: A grim looking man with sunglasses pilots a boat.
Hypothesis: A woman at the grocery store buys a novel about space exploration while planning her weekend and considering a trip to the zoo with her niece.",,contradiction,1,5,contradiction|contradiction|contradiction|contradiction|contradiction|contradiction,28,[3]
"Premise: Two men help each other cut a sheet of plastic.
Hypothesis: Two men cut some plastic.","Premise: Two men help each other cut a sheet of plastic.
Hypothesis: Two men do not cut any plastic.",,neutral,0,0,entailment,25,[]
"Premise: A woman in a white tennis outfit is jumping up to hit the ball.
Hypothesis: women playing","Premise: A woman in a white tennis outfit is jumping up to hit the ball.
Hypothesis: men playing soccer in the park",,neutral,1,1,neutral|contradiction,25,[]
"Premise: The small boy is running through a grassy area.
Hypothesis: The boy is in a park.","Premise: The small boy is running through a grassy area.
Hypothesis: The boy is in a botanical garden studying plant species, while a group of chefs starts a cooking class at a community center downtown and a storm brews over the ocean near a coastal town.",,contradiction,1,5,contradiction|contradiction|contradiction|contradiction|contradiction|contradiction,26,"[2, 3]"
"Premise: A man and a woman are laughing.
Hypothesis: Two people are happy.","Premise: A man and a woman are laughing.
Hypothesis: Two people are unhappy and arguing, which is completely different from laughing, and they were never actually laughing at all.",,neutral,0,5,neutral|neutral|neutral|neutral|neutral|neutral,21,"[3, 4, 5]"
"Premise: Large brown dog walking in shallow water.
Hypothesis: An animal is in water","Premise: Large brown dog walking in shallow water.
Hypothesis: An animal is not near or in contact with any water.",,neutral,0,1,neutral|entailment,21,[]
"Premise: A woman is sitting down doing some sort of craft work while another person operates a large wooden loom device in the background.
Hypothesis: The woman is standing.","Premise: A woman is sitting down doing some sort of craft work while another person operates a large wooden loom device in the background.
Hypothesis: The woman is sitting down doing some sort of craft work.",,neutral,2,0,contradiction,38,[]
"Premise: Several people have gathered behind a group of other people who are sitting around a table.
Hypothesis: There are several people sitting around a table.","Premise: Several people have gathered behind a group of other people who are sitting around a table.
Hypothesis: There are no people sitting around a table, and the room is completely empty, with everyone having left hours ago.",,neutral,0,5,neutral|neutral|neutral|neutral|neutral|neutral,34,"[2, 4, 5]"
"Premise: A girl in a black skirt and blue dress is watering flowers.
Hypothesis: The girl is giving the flowers some water.","Premise: A girl in a black skirt and blue dress is watering flowers.
Hypothesis: The girl is not watering the flowers; instead, she is wearing a red dress and using the hose to wash her car.",,neutral,0,5,neutral|neutral|neutral|neutral|neutral|neutral,30,"[4, 5]"
"Premise: A father and his daughter are riding a lawn mover down a street while dressed in American colors.
Hypothesis: two people mow lawns for a living on the 4th of july","Premise: A father and his daughter are riding a lawn mover down a street while dressed in American colors.
Hypothesis: Two people mow lawns for a living on the 4th of July, while a local artist opens a new gallery downtown.",,contradiction,1,5,contradiction|contradiction|contradiction|contradiction|contradiction|contradiction,44,[1]
"Premise: A tractor decorated as a float for a parade
Hypothesis: A tractor drives down the parade route","Premise: A tractor decorated as a float for a parade
Hypothesis: A tractor is completely undecorated and drives down the street long after the parade has ended, showing no signs of ever being part of the event.",,neutral,1,5,neutral|neutral|neutral|neutral|neutral|contradiction,25,"[2, 3, 4]"
"Premise: Two dogs in a grassy field.
Hypothesis: Two dogs are on a sandy beach.","Premise: Two dogs in a grassy field.
Hypothesis: A group of children is flying kites near a pond.",,contradiction,2,0,entailment,24,[]
"Premise: A man with his finger in his mouth is standing outside of an RV.
Hypothesis: The man is inside his RV.","Premise: A man with his finger in his mouth is standing outside of an RV.
Hypothesis: The man is outside the RV, and he has no fingers in his mouth.",,entailment,2,3,entailment|entailment|entailment|neutral,30,[]
"Premise: Two dirt bikers- one in black and red, sporting number 64, the other in blue and white displaying a red ""21""- round the corner of a tree-lined track.
Hypothesis: There are two people and two motorbikes in this picture.","Premise: Two dirt bikers- one in black and red, sporting number 64, the other in blue and white displaying a red ""21""- round the corner of a tree-lined track.
Hypothesis: There is only one person and no motorbikes in this picture.",,neutral,0,5,neutral|neutral|neutral|neutral|neutral|neutral,60,"[3, 4, 5]"
"Premise: A young girl with blond-hair eating a peach.
Hypothesis: There is fruit present.","Premise: A young girl with blond-hair eating a peach.
Hypothesis: There is no fruit present.",,neutral,0,0,entailment,24,[]
"Premise: Young girl in an bathing suit falling off the end of a slide into a pool.
Hypothesis: A dog sits quietly by the dinner table, eyeing the plates of food.","Premise: Young girl in an bathing suit falling off the end of a slide into a pool.
Hypothesis: An elderly man in a business suit is standing in a boardroom with no signs of a slide or pool anywhere, and the young girl in the bathing suit is clearly not falling at all, but instead is walking calmly across the room holding a document.",,entailment,2,5,entailment|entailment|entailment|entailment|entailment|entailment,41,[]
"Premise: A blond man playing a guitar.
Hypothesis: A bald man is playing a guitar.","Premise: A blond man playing a guitar.
Hypothesis: A bald man is not playing a guitar, but instead is shaving his head with an electric razor.",,neutral,2,1,neutral|entailment,23,[]
"Premise: A dog with a collar on lying on the street.
Hypothesis: The dog was just hit by a car and is lying in the street.","Premise: A dog with a collar on lying on the street.
Hypothesis: A baker at a nearby café is making strawberry tarts while reading a novel about space exploration.",,contradiction,1,5,contradiction|contradiction|contradiction|contradiction|contradiction|contradiction,34,"[3, 4, 5]"
"Premise: A white dog is running on a rocky beach.
Hypothesis: A dog is on the beach.","Premise: A white dog is running on a rocky beach.
Hypothesis: A dog is not on the beach but is instead swimming in a lake.",,neutral,0,1,neutral|contradiction,25,[]
"Premise: Firefighters in full gear are walking up a ladder.
Hypothesis: The firefighers are ready to fight a fire.","Premise: Firefighters in full gear are walking up a ladder.
Hypothesis: The firefighters are not wearing any gear and are sitting in their truck.",,neutral,0,0,entailment,31,[]
"Premise: Three men are playing frisbee in the woods.
Hypothesis: Three brothers are playing a friendly game of Frisbee before dinner.","Premise: Three men are playing frisbee in the woods.
Hypothesis: A group of teenagers is discussing a new science museum exhibit while waiting for a bus downtown.",,contradiction,1,5,contradiction|contradiction|contradiction|contradiction|contradiction|contradiction,33,[4]
"Premise: A boy in a hat and glasses is playing a guitar.
Hypothesis: A boy is singing.","Premise: A boy in a hat and glasses is playing a guitar.
Hypothesis: A teacher is explaining math on the board.",,contradiction,1,0,entailment,25,[]
"Premise: A young boy wearing an orange jacket is sitting on a log in the fall.
Hypothesis: A boy is sitting on a log.","Premise: A young boy wearing an orange jacket is sitting on a log in the fall.
Hypothesis: A boy is standing on a log.",,neutral,0,0,entailment,32,[]
"Premise: A group of smiling people are posing outdoors for a picture.
Hypothesis: The group of people are frowning.","Premise: A group of smiling people are posing outdoors for a picture.
Hypothesis: A chef is preparing a dessert in a kitchen.",,entailment,2,0,contradiction,28,[]
"Premise: Two people are playing American Football and one of them is trying to stop the other from throwing the ball.
Hypothesis: A game of football is being played.","Premise: Two people are playing American Football and one of them is trying to stop the other from throwing the ball.
Hypothesis: No game of football is being played, and neither of the people is touching a ball.",,neutral,0,0,contradiction,37,[]
"Premise: An organ grinder, in World War I helmet and clown makeup, speaks to an older man in a blue, striped polo shirt.
Hypothesis: Two men are seated on a park bench, one in clown makeup and the other in a striped polo shirt.","Premise: An organ grinder, in World War I helmet and clown makeup, speaks to an older man in a blue, striped polo shirt.
Hypothesis: A woman at a museum admires a sculpture, while a street performer in a superhero costume plays chess with a child in a park, and a man in a red scarf waters his garden near a yellow house.",,contradiction,0,5,contradiction|contradiction|contradiction|contradiction|contradiction|contradiction,56,[]
"Premise: Police are setting up a barricade due to a fire.
Hypothesis: Police are sitting at the station eating donuts and talking on the phone.","Premise: Police are setting up a barricade due to a fire.
Hypothesis: The police are not setting up a barricade; instead, they are at the station eating donuts and ignoring the fire, which directly contradicts their reported actions in the premise.",,entailment,2,5,entailment|entailment|entailment|entailment|entailment|entailment,35,[2]
"Premise: A girl with curly hair and wearing a patriotic shirt is looking at a monarch butterfly sitting on her left index finger.
Hypothesis: A girl and a butterfly","Premise: A girl with curly hair and wearing a patriotic shirt is looking at a monarch butterfly sitting on her left index finger.
Hypothesis: A boy and a butterfly are at a local science museum, where he is reading a book about space while the butterfly is resting near a tree in the courtyard. The museum also has an exhibit about ancient tools and a gift shop with science-themed books.",,contradiction,0,5,contradiction|contradiction|contradiction|contradiction|contradiction|contradiction,36,[]
"Premise: The man is performing a trick on a motorcycle high in the air.
Hypothesis: A man is performing a trick on a bike.","Premise: The man is performing a trick on a motorcycle high in the air.
Hypothesis: A man is performing a trick on a bicycle, not a motorcycle, and he is on the ground, directly contradicting the premise that he is on a motorcycle high in the air.",,neutral,0,5,neutral|neutral|neutral|neutral|neutral|neutral,32,"[4, 5]"
"Premise: An obese white male wearing a blue shirt and khaki shorts sits in front of fountain all while gabbing on phone.
Hypothesis: A man is sleeping in front of a fountain.","Premise: An obese white male wearing a blue shirt and khaki shorts sits in front of fountain all while gabbing on phone.
Hypothesis: A woman is reading a book at a nearby café while sipping coffee.",,contradiction,2,5,contradiction|contradiction|contradiction|contradiction|contradiction|contradiction,42,"[2, 4, 5]"
"Premise: A child enjoying themselves on a yellow slide at a park.
Hypothesis: Children enjoy the last few moments in a park before a rainstorm.","Premise: A child enjoying themselves on a yellow slide at a park.
Hypothesis: A group of teenagers discusses a science project while walking through a quiet botanical garden near the downtown area, just before the museum opens to the public. The city council is finalizing plans for a new bike lane along the riverbank.",,contradiction,1,5,contradiction|contradiction|contradiction|contradiction|contradiction|contradiction,34,[]
"Premise: Some men in burgundy coats try to push a car in the snow.
Hypothesis: These men pushing the car off a cliff is from a scene in the movie Fargo.","Premise: Some men in burgundy coats try to push a car in the snow.
Hypothesis: These men pushing the car off a cliff is from a children's book about talking animals who learn about teamwork and physics in the Scottish highlands.",,contradiction,1,5,contradiction|contradiction|contradiction|contradiction|contradiction|contradiction,40,[]
"Premise: A man painting a sign onto his food cart.
Hypothesis: Everyone is in a restaurant.","Premise: A man painting a sign onto his food cart.
Hypothesis: The man is working outside a restaurant, painting a sign onto his food cart.",,contradiction,2,1,contradiction|neutral,24,[]
"Premise: People are coming down a movable staircase built through a tunnel, which has three of those staircases.
Hypothesis: Workers are returning from inspection.","Premise: People are coming down a movable staircase built through a tunnel, which has three of those staircases.
Hypothesis: A group of office workers is discussing plans for an upcoming team-building retreat, while the marketing team is finalizing details for a product launch event in a different city. Meanwhile, a local art exhibition is being prepared at a nearby community center, unrelated to the people descending the staircase in the tunnel.",,contradiction,1,5,contradiction|contradiction|contradiction|contradiction|contradiction|contradiction,34,[]
"Premise: Asian individuals are taking pictures of some unidentified thing.
Hypothesis: Asians take pictures.","Premise: Asian individuals are taking pictures of some unidentified thing.
Hypothesis: No Asians take pictures.",,neutral,0,0,contradiction,22,[]
"Premise: The man wearing blue jean shorts is grilling.
Hypothesis: The man is making hot dogs and hamburgers.","Premise: The man wearing blue jean shorts is grilling.
Hypothesis: The man is discussing new product ideas with his marketing team over coffee in a nearby café, while a woman at the grocery store is planning her weekend barbecue menu.",,contradiction,1,5,contradiction|contradiction|contradiction|contradiction|contradiction|contradiction,28,[]
"Premise: A man with brown pants and boots moving a tent.
Hypothesis: A guy is transporting a tent.","Premise: A man with brown pants and boots moving a tent.
Hypothesis: A guy is destroying a tent instead of moving it.",,neutral,0,0,contradiction,26,[]
"Premise: Men sitting on the side of a brick road.
Hypothesis: me are sitting on the side of a road","Premise: Men sitting on the side of a brick road.
Hypothesis: No men are sitting on the side of a road, and I am standing in the middle of a completely empty gravel path.",,neutral,0,5,neutral|neutral|neutral|neutral|neutral|entailment,27,"[3, 4]"
"Premise: A woman is walking with a full shopping cart away from a Trader Joe's.
Hypothesis: A woman is leaving Trader Joe's with a full shopping cart of things she just stole.","Premise: A woman is walking with a full shopping cart away from a Trader Joe's.
Hypothesis: A woman is leaving Trader Joe's with a full shopping cart of things she just bought, while a scientist in the next aisle is testing a new type of lightbulb and a chef across the street is tasting a new dessert recipe at a café.",,contradiction,1,5,contradiction|contradiction|contradiction|contradiction|contradiction|contradiction,42,[]
"Premise: A large black and white dog is licking a smaller white and black dog who is growling.
Hypothesis: The dog is happy","Premise: A large black and white dog is licking a smaller white and black dog who is growling.
Hypothesis: A cat is sitting calmly on a windowsill nearby.",,contradiction,2,0,entailment,31,[]
"Premise: An old gray-haired man with glasses in a gray t-shirt is working on a sculpture.
Hypothesis: The man is 100 years old","Premise: An old gray-haired man with glasses in a gray t-shirt is working on a sculpture.
Hypothesis: The man is listening to classical music while working, and the weather outside is unusually sunny for this time of year, though the sculpture he's working on is inspired by modern abstract art. A new bakery opened nearby last week, and the owner is training a golden retriever to greet customers. The man used to work as a librarian before becoming a sculptor.",,contradiction,1,5,contradiction|contradiction|contradiction|contradiction|contradiction|contradiction,35,[]
"Premise: a climber wearing a red headband is pulling himself up some gray rocks high above some green foliage.
Hypothesis: A woman climber attempts to pull herself up","Premise: a climber wearing a red headband is pulling himself up some gray rocks high above some green foliage.
Hypothesis: A woman at the library is organizing books on a high shelf while listening to a podcast about history.",,contradiction,2,5,contradiction|contradiction|contradiction|contradiction|contradiction|contradiction,38,"[4, 5]"
"Premise: A young woman talks on the phone and carries her bags while walking past some hats on display.
Hypothesis: A woman is walking through her bedroom.","Premise: A young woman talks on the phone and carries her bags while walking past some hats on display.
Hypothesis: A man is baking cookies in his kitchen while listening to a podcast about space exploration.",,contradiction,2,5,contradiction|contradiction|contradiction|contradiction|contradiction|contradiction,35,[]
"Premise: A woman is sitting in a chair, while a man is going through the sport utility vehicle.
Hypothesis: a girl is sitting","Premise: A woman is sitting in a chair, while a man is going through the sport utility vehicle.
Hypothesis: no one is sitting in the chair",,neutral,0,1,neutral|contradiction,31,[]
"Premise: An artist replicating another artist's work and a man looking at the original art.
Hypothesis: A painter works on a copy of a Rembrandt.","Premise: An artist replicating another artist's work and a man looking at the original art.
Hypothesis: A painter works on a copy of a modern landscape painting, while a musician composes a jazz piece for an upcoming city festival.",,contradiction,1,5,contradiction|contradiction|contradiction|contradiction|contradiction|contradiction,37,[]
"Premise: A woman wearing a bright orange blouse is weaving.
Hypothesis: A woman is wearing a bright orange blouse and a green hat.","Premise: A woman wearing a bright orange blouse is weaving.
Hypothesis: A man is riding a bicycle near a park where a woman is wearing a bright orange blouse and weaving.",,contradiction,1,0,neutral,31,[]
"Premise: A man and a woman running in the street.
Hypothesis: The man and woman are outdoors.","Premise: A man and a woman running in the street.
Hypothesis: The man and woman are indoors in a shopping mall.",,neutral,0,0,entailment,25,[]
"Premise: A man on stage in the act of jumping, with a little boy in the background really enjoying it.
Hypothesis: A boy happily watches an acrobat jumping on a stage.","Premise: A man on stage in the act of jumping, with a little boy in the background really enjoying it.
Hypothesis: A boy is unhappy and not watching the performance at all, as the man is clearly nowhere near a stage but in a hospital bed recovering from an injury, and the little boy is in a completely different location.",,neutral,1,5,neutral|neutral|neutral|neutral|neutral|neutral,41,[]
"Premise: A man in an Alaska sweatshirt stands behind a counter.
Hypothesis: The person behind the counter is a man.","Premise: A man in an Alaska sweatshirt stands behind a counter.
Hypothesis: The person behind the counter is a woman wearing a Hawaii shirt.",,neutral,0,1,neutral|contradiction,29,[]
"Premise: A rocker standing with one foot on the stage holding the microphone attached to the stand over his head.
Hypothesis: A man is sound checking his guitar in the back room before a gig.","Premise: A rocker standing with one foot on the stage holding the microphone attached to the stand over his head.
Hypothesis: A woman is reading a book about astronomy at a café while sipping tea, discussing constellations with a friend who is knitting a scarf and occasionally checking the weather forecast on her phone.",,contradiction,2,5,contradiction|contradiction|contradiction|contradiction|contradiction|contradiction,43,[5]
"Premise: Two girls walking, both with a white shirt and blue shorts on.
Hypothesis: Two girls are walking together.","Premise: Two girls walking, both with a white shirt and blue shorts on.
Hypothesis: Two boys are walking together.",,neutral,0,0,entailment,28,[]
"Premise: An old woman and a young man examine their bingo cards.
Hypothesis: A woman and man are checking their bingo cards to see if they won","Premise: An old woman and a young man examine their bingo cards.
Hypothesis: A woman and man are checking their bingo cards to see if they lost",,neutral,1,0,contradiction,34,[]
"Premise: Two adult men in black t-shirt and loud tunics hold smoking torches in preparation for an act of entertainment or celebration in a forested environment.
Hypothesis: Two street performers juggle flaming torches.","Premise: Two adult men in black t-shirt and loud tunics hold smoking torches in preparation for an act of entertainment or celebration in a forested environment.
Hypothesis: Two street performers juggle non-flaming torches in a controlled indoor arena during a formal lecture on fire safety.",,neutral,-1,5,neutral|neutral|neutral|neutral|neutral|neutral,47,"[1, 3, 4, 5]"
"Premise: A little boy in flannel pajama pants and an orange shirt is playing the guitar on the couch.
Hypothesis: The child practices guitar indoors","Premise: A little boy in flannel pajama pants and an orange shirt is playing the guitar on the couch.
Hypothesis: A teenager volunteers at a local library while someone else practices guitar outdoors in the park.",,contradiction,0,5,contradiction|contradiction|contradiction|contradiction|contradiction|contradiction,34,[]
"Premise: A group of men and boys look upwards at something.
Hypothesis: A snake eating a mouse.","Premise: A group of men and boys look upwards at something.
Hypothesis: A snake is eating a mouse directly above the group of men and boys, which is why they are all looking upwards.",,contradiction,2,5,contradiction|contradiction|contradiction|contradiction|contradiction|contradiction,25,[]
"Premise: A bearded man jumps in the snow with the ocean in the background and an orange, recumbent bike parked near a road sign.
Hypothesis: A human jumping.","Premise: A bearded man jumps in the snow with the ocean in the background and an orange, recumbent bike parked near a road sign.
Hypothesis: A robot jumping in a controlled indoor environment with no snow or ocean nearby.",,neutral,0,0,entailment,40,[]
"Premise: A wet child stands in chest deep ocean water.
Hypothesis: The child s playing on the beach.","Premise: A wet child stands in chest deep ocean water.
Hypothesis: The child is reading a book at the library.",,contradiction,0,0,entailment,26,[]
"Premise: A little boy with an orange backpack walks under a tree through the woods.
Hypothesis: A boy walks to school through the woods.","Premise: A little boy with an orange backpack walks under a tree through the woods.
Hypothesis: A little boy with an orange backpack walks through the woods under a tree, heading to school.",,contradiction,1,5,contradiction|contradiction|contradiction|contradiction|contradiction|contradiction,32,[]
"Premise: A rugby player swings his leg back to punt the ball.
Hypothesis: The rugby player is tall.","Premise: A rugby player swings his leg back to punt the ball.
Hypothesis: The rugby player is tall and a chef in a distant city is slicing vegetables for a late-night dinner service.",,contradiction,1,5,contradiction|contradiction|contradiction|contradiction|contradiction|contradiction,26,[2]
"Premise: A woman is taking a picture on the shoulders of another woman in cold weather.
Hypothesis: A woman is taking a picture in cold weather.","Premise: A woman is taking a picture on the shoulders of another woman in cold weather.
Hypothesis: A man is taking a picture in cold weather.",,neutral,0,0,entailment,34,[]
"Premise: A woman in a blue jacket dragging a child on a sled through the snow.
Hypothesis: There is a child on a sled.","Premise: A woman in a blue jacket dragging a child on a sled through the snow.
Hypothesis: There is no child on a sled.",,neutral,0,0,contradiction,32,[]
"Premise: A young girl jumps off her swing in front of building.
Hypothesis: a boy drinks coffee","Premise: A young girl jumps off her swing in front of building.
Hypothesis: A young girl is jumping off her swing in front of a building, and as she does, she is clearly the same girl mentioned in the premise, confirming that the action is happening as described.",,contradiction,2,2,contradiction|contradiction|neutral,24,[]
"Premise: Three girls jumping in front of a house's flower garden.
Hypothesis: The girls are having fun","Premise: Three girls jumping in front of a house's flower garden.
Hypothesis: A baker is organizing books on a shelf in a nearby library, while listening to a podcast about ancient history.",,contradiction,-1,5,contradiction|contradiction|contradiction|contradiction|contradiction|contradiction,25,"[3, 4]"
"Premise: A dog is on the beach near a ball.
Hypothesis: A dog is on the beach.","Premise: A dog is on the beach near a ball.
Hypothesis: A dog is not on the beach but is instead swimming in the ocean far away from the ball, and it is currently underwater.",,neutral,0,5,neutral|neutral|neutral|neutral|neutral|neutral,25,"[3, 4, 5]"
"Premise: A lab dog is standing on a fallen tree trunk with a guy in the background.
Hypothesis: there is a guy carrying his pet with him near fallen tree","Premise: A lab dog is standing on a fallen tree trunk with a guy in the background.
Hypothesis: A woman is planting flowers in a garden near a quiet pond while a bird watches from a fence. There is also a clock tower visible in the distance and a map displayed on a nearby wall.",,contradiction,2,5,contradiction|contradiction|contradiction|contradiction|contradiction|contradiction,37,[]
"Premise: A man in a black shirt is about to cross the road while on his cellphone, another man is laying on the ground while a lady in the background watches.
Hypothesis: A child is upset and crying on the ground.","Premise: A man in a black shirt is about to cross the road while on his cellphone, another man is laying on the ground while a lady in the background watches.
Hypothesis: A child is reading a book quietly at a park bench nearby, while a group of birds chirp softly in a tree above, a cat naps undisturbed on a nearby fence, and a baker delivers fresh pastries to a café across town.",,contradiction,2,5,contradiction|contradiction|contradiction|contradiction|contradiction|contradiction,50,"[4, 5]"
"Premise: A female bicyclist wearing black, and having four number 9's printed on her limbs on a bike.
Hypothesis: A woman riding a bike.","Premise: A female bicyclist wearing black, and having four number 9's printed on her limbs on a bike.
Hypothesis: A man riding a skateboard, not a bike, wearing bright red and displaying no numbers on his limbs.",,neutral,0,5,neutral|neutral|neutral|neutral|neutral|neutral,36,"[2, 3, 4, 5]"
"Premise: A woman plays guitar for tips.
Hypothesis: music can be learn by litsen","Premise: A woman plays guitar for tips.
Hypothesis: A chef enjoys cooking meals for his family on weekends, while also taking evening classes in botany at the community college. The local library is holding a book sale nearby, and there is a new café opening in the downtown area. The weather forecast predicts rain for next week, and a new art exhibit will be featured at the city museum.",,contradiction,2,5,contradiction|contradiction|contradiction|contradiction|contradiction|contradiction,23,[]
"Premise: Two girls holding bags walking down the sidewalk.
Hypothesis: Two females are holding sacks.","Premise: Two girls holding bags walking down the sidewalk.
Hypothesis: Two males are holding sacks.",,neutral,0,0,entailment,23,[]
"Premise: A small dog looking up to his loving owner.
Hypothesis: Some people are shopping.","Premise: A small dog looking up to his loving owner.
Hypothesis: Some people are discussing a new science exhibit at a museum, while the weather forecast predicts rain for tomorrow and a concert is scheduled in the city park. A new café has opened downtown, and the owner is training a small dog to greet customers at the entrance.",,contradiction,2,5,contradiction|contradiction|contradiction|contradiction|contradiction|contradiction,23,"[3, 4]"
"Premise: a ballerina striking a pose in the studio.
Hypothesis: The ballerina is wearing pink.","Premise: a ballerina striking a pose in the studio.
Hypothesis: The ballerina is wearing all black and no pink at all, and is sitting in a parking lot instead of striking a pose in the studio.",,neutral,1,5,neutral|neutral|neutral|neutral|neutral|neutral,27,"[2, 3, 4, 5]"
"Premise: a small brown and white dog swimming through the pool next to a man.
Hypothesis: A man teaches his puppy how to swim.","Premise: a small brown and white dog swimming through the pool next to a man.
Hypothesis: A man is swimming with a small brown and white dog in the pool, teaching it how to swim.",,contradiction,0,1,contradiction|neutral,32,[]
"Premise: Two girls playing basketball.
Hypothesis: The girl threw the basketball.","Premise: Two girls playing basketball.
Hypothesis: The girl threw the bowling ball, not the basketball.",,neutral,1,0,entailment,19,[]
"Premise: A woman taping a paper notice to a board.
Hypothesis: A woman taping a job notice on a bulletin board.","Premise: A woman taping a paper notice to a board.
Hypothesis: A man taping a flyer for a local festival on a bulletin board outside a library in the evening.",,contradiction,1,5,contradiction|contradiction|contradiction|contradiction|contradiction|contradiction,31,[5]
"Premise: a boy in a blue uniform is standing next to a boy in red and a boy in yellow and they are holding baseball gloves.
Hypothesis: Three boys hold baseball gloves.","Premise: a boy in a blue uniform is standing next to a boy in red and a boy in yellow and they are holding baseball gloves.
Hypothesis: None of the boys hold baseball gloves.",,neutral,0,0,entailment,40,[]
"Premise: Two people are sitting on a rock looking off into the distance.
Hypothesis: Two people are outdoors.","Premise: Two people are sitting on a rock looking off into the distance.
Hypothesis: Two people are indoors in a classroom.",,neutral,0,0,entailment,26,[]
"Premise: A young teenage boy in a blue and white striped coat gives a weak smile while walking with four other girls.
Hypothesis: the boy is fifteen","Premise: A young teenage boy in a blue and white striped coat gives a weak smile while walking with four other girls.
Hypothesis: the boy is an elderly man in his seventies",,neutral,1,1,neutral|contradiction,34,[]
"Premise: A man juggles a flaming staff in the dark.
Hypothesis: A man juggling balls.","Premise: A man juggles a flaming staff in the dark.
Hypothesis: A man is not juggling anything in the dark.",,neutral,2,0,entailment,25,[]
"Premise: Two men pouring concrete onto another truck.
Hypothesis: The men are eating lunch","Premise: Two men pouring concrete onto another truck.
Hypothesis: The men are working on a construction site and pouring concrete onto another truck.",,contradiction,2,0,neutral,21,[]
"Premise: Two people climb a rock overhanging water.
Hypothesis: The two people are racing each other on the rock.","Premise: Two people climb a rock overhanging water.
Hypothesis: A group of hikers nearby are discussing the history of the region while a couple reads a book by the river.",,contradiction,1,5,contradiction|contradiction|contradiction|contradiction|contradiction|contradiction,29,"[3, 4, 5]"
"Premise: A man and woman sitting on the sidewalk.
Hypothesis: The man and woman are sitting.","Premise: A man and woman sitting on the sidewalk.
Hypothesis: The man and woman are standing.",,neutral,0,0,entailment,24,[]
"Premise: A group of Chinese people sitting and laying down together on what appears to be a front porch.
Hypothesis: A group of African American people are eating dinner at KFC.","Premise: A group of Chinese people sitting and laying down together on what appears to be a front porch.
Hypothesis: A group of African American people are not sitting on a porch but are instead walking on a busy street corner, far from any front porch, and none of them are Chinese. They are clearly in a completely different location that does not resemble the area where the Chinese people are sitting, and they are not dining at all, let alone at KFC.",,entailment,2,5,entailment|entailment|entailment|entailment|entailment|entailment,40,[3]
"Premise: A young girl with a purple shirt and a pink hair band standing near the woods.
Hypothesis: A little girl is standing outside.","Premise: A young girl with a purple shirt and a pink hair band standing near the woods.
Hypothesis: A little girl is standing inside a cave underground.",,neutral,0,0,contradiction,32,[]
"Premise: A person throws a red toy for a dog to run for.
Hypothesis: A dog is looking for a cat.","Premise: A person throws a red toy for a dog to run for.
Hypothesis: A dog is running to fetch a red toy that a person threw for it.",,contradiction,2,5,contradiction|contradiction|contradiction|contradiction|contradiction|contradiction,29,"[1, 4, 5]"
"Premise: Two men are fixing the side of an old brick building.
Hypothesis: People fixing a building","Premise: Two men are fixing the side of an old brick building.
Hypothesis: No one is fixing a building",,neutral,0,0,entailment,24,[]
"Premise: An Indian woman stands in an outdoor marketplace.
Hypothesis: An Indian woman visits the outdoor bazaar to buy rice.","Premise: An Indian woman stands in an outdoor marketplace.
Hypothesis: An Indian woman visits a local library to borrow books and attend a poetry reading by a famous author from a different country.",,contradiction,1,5,contradiction|contradiction|contradiction|contradiction|contradiction|contradiction,29,"[2, 5]"
"Premise: A statue at a museum that no seems to be looking at.
Hypothesis: Tons of people are gathered around the statue.","Premise: A statue at a museum that no seems to be looking at.
Hypothesis: Tons of books are displayed on a shelf in a quiet library, where visitors are hoping to find a rare edition for their collection. A group of students is also working on a history project about ancient civilizations in a classroom down the hall.",,contradiction,2,5,contradiction|contradiction|contradiction|contradiction|contradiction|contradiction,31,[]
"Premise: A young boy plays with the contents of a pantry and a cash register, pretending he runs a grocery store.
Hypothesis: A boy is playing with food.","Premise: A young boy plays with the contents of a pantry and a cash register, pretending he runs a grocery store.
Hypothesis: A boy is playing with electronics and insists he is running a rocket ship, completely ignoring the pantry and cash register.",,neutral,-1,4,neutral|neutral|neutral|neutral|contradiction,37,[3]
"Premise: A child in a jeans jacket and shorts holding up a white dress as another darker-skinned child looks at it.
Hypothesis: a child holds a dress","Premise: A child in a jeans jacket and shorts holding up a white dress as another darker-skinned child looks at it.
Hypothesis: no child is holding a dress",,neutral,0,0,entailment,36,[]
"Premise: A dark-haired man wearing a black and white t-shirt eats in a park surrounded by people.
Hypothesis: A man sits in the cafeteria.","Premise: A dark-haired man wearing a black and white t-shirt eats in a park surrounded by people.
Hypothesis: A man stands in the cafeteria, not sitting, and he is eating a sandwich, clearly not in a park, and he is alone, not surrounded by people at all.",,entailment,2,5,entailment|entailment|entailment|entailment|entailment|entailment,34,"[3, 4]"
"Premise: Two men stand in hula grass skirts stand in the back of a truck at the top of a silver ramp.
Hypothesis: The two men are wearing hula grass skirts.","Premise: Two men stand in hula grass skirts stand in the back of a truck at the top of a silver ramp.
Hypothesis: The two men are not wearing hula grass skirts.",,neutral,0,0,entailment,41,[]
"Premise: A man wearing a brown shirt and backpack is pushing a stroller while a small toddler is walking along aside him on a rain-covered street.
Hypothesis: The man's shirt is white.","Premise: A man wearing a brown shirt and backpack is pushing a stroller while a small toddler is walking along aside him on a rain-covered street.
Hypothesis: A woman is baking a cake in her kitchen and listening to classical music on the radio.",,contradiction,2,1,contradiction|entailment,43,[]
"Premise: A young man is playing a blue guitar.
Hypothesis: The man is playing the guitar.","Premise: A young man is playing a blue guitar.
Hypothesis: The man is not playing the guitar; instead, he is playing the piano.",,neutral,0,1,neutral|entailment,24,[]
"Premise: Five people standing on a stage, getting ready to perform, who are unrecognizable due to the lack of lighting.
Hypothesis: In a dim room, several actors who can barely see each other, are getting ready to act.","Premise: Five people standing on a stage, getting ready to perform, who are unrecognizable due to the lack of lighting.
Hypothesis: In a brightly lit room, clearly recognizable actors are standing on a stage, confidently rehearsing their lines without any difficulty seeing each other or the audience, even though the original premise claimed they were unrecognizable due to the lack of lighting.",,neutral,0,5,neutral|neutral|neutral|neutral|neutral|neutral,52,[4]
"Premise: A man in a black jacket standing beside a green mailbox thoroughly soiled by a group of pigeons that are nearby.
Hypothesis: A man is feeding the birds by a blue mailbox","Premise: A man in a black jacket standing beside a green mailbox thoroughly soiled by a group of pigeons that are nearby.
Hypothesis: A woman is reading a book by a blue mailbox while waiting for her friend to arrive, and nearby, a child is flying a kite on a sunny afternoon. Meanwhile, a baker is preparing bread in a nearby kitchen.",,contradiction,-1,5,contradiction|contradiction|contradiction|contradiction|contradiction|contradiction,42,[4]
"Premise: A small child dressed for winter stares across a lake while leaning on a mesh fence in a scenic park setting.
Hypothesis: A small child dressed for winter stares across a floating lake while leaning on a mesh fence","Premise: A small child dressed for winter stares across a lake while leaning on a mesh fence in a scenic park setting.
Hypothesis: A small child dressed for winter is swimming in the lake and not leaning on a mesh fence, while the lake is clearly frozen in the premise.",,neutral,0,3,neutral|neutral|neutral|entailment,47,[2]
"Premise: Workers wearing orange vests stand near rail tracks.
Hypothesis: Workers wearing orange are about to repair rail tracks.","Premise: Workers wearing orange vests stand near rail tracks.
Hypothesis: Workers wearing orange are not near rail tracks and are instead working underwater on a construction site.",,neutral,1,1,neutral|contradiction,27,[]
"Premise: A kid slides down a yellow slide into a swimming pool.
Hypothesis: The kid is playing at the waterpark.","Premise: A kid slides down a yellow slide into a swimming pool.
Hypothesis: A dog is wearing a red bandana near the park entrance.",,contradiction,1,1,contradiction|entailment,29,[]
"Premise: Bubbles surround a statue in the middle of a street.
Hypothesis: There are bubbles around the statue.","Premise: Bubbles surround a statue in the middle of a street.
Hypothesis: There are no bubbles around the statue.",,neutral,0,0,entailment,27,[]
"Premise: A man in a black shirt, in a commercial kitchen, holding up meat he took out of a bag.
Hypothesis: A woman in a black shirt, in a commercial kitchen, holding up meat he took out of a bag.","Premise: A man in a black shirt, in a commercial kitchen, holding up meat he took out of a bag.
Hypothesis: A woman in a black shirt, in a commercial kitchen, holding up meat she did not take out of a bag.",,neutral,2,0,contradiction,52,[]
"Premise: A man wearing a blue shirt and headphones around his neck raises his arm.
Hypothesis: A man is raising his arm.","Premise: A man wearing a blue shirt and headphones around his neck raises his arm.
Hypothesis: A man is sitting still with his arms crossed, not raising his arm at all.",,neutral,0,1,neutral|entailment,30,[]
"Premise: A man in a white striped shirt and blue jeans using a water hose to spray water on the ground of concrete ruins.Fo.
Hypothesis: A man is riding a motorcycle through a grassy field.","Premise: A man in a white striped shirt and blue jeans using a water hose to spray water on the ground of concrete ruins.Fo.
Hypothesis: A man is using a water hose to spray water on the ground near concrete ruins, wearing a white striped shirt and blue jeans.",,contradiction,2,0,neutral,46,[]
"Premise: A young boy wearing a red shirt and jeans stands in the middle of a field and throws a toy plane in the air.
Hypothesis: A young boy is playing in the field because his mother kicked him out of the house.","Premise: A young boy wearing a red shirt and jeans stands in the middle of a field and throws a toy plane in the air.
Hypothesis: A group of hikers passes by a tree on a nearby trail, discussing the weather and their route for the day.",,contradiction,1,5,contradiction|contradiction|contradiction|contradiction|contradiction|contradiction,51,"[3, 4, 5]"
"Premise: A dog standing near snow looking at water.
Hypothesis: The dog is thinking about going to for a swim.","Premise: A dog standing near snow looking at water.
Hypothesis: The dog is thinking about barking at a passing car, while a baker is making bread in a nearby town and a group of hikers talk about the weather in a completely different location.",,contradiction,1,5,contradiction|contradiction|contradiction|contradiction|contradiction|contradiction,28,[5]
"Premise: A woman, standing behind a girl, helping the girl with an experiment.
Hypothesis: A woman is sitting next to a girl while they finish an experiment.","Premise: A woman, standing behind a girl, helping the girl with an experiment.
Hypothesis: A woman is sitting next to a girl while they finish an experiment, and the woman is not helping the girl at all, as the girl has complete knowledge and did everything independently.",,neutral,-1,2,neutral|neutral|entailment,37,[]
"Premise: A man in purple tie is singing.
Hypothesis: A man is talking to others.","Premise: A man in purple tie is singing.
Hypothesis: A man is talking to others and explicitly states he is not singing, and he is clearly not wearing a purple tie, which directly contradicts the premise.",,neutral,2,5,neutral|neutral|neutral|neutral|neutral|neutral,23,[]
"Premise: A golfer is getting ready to putt on the green, with a crowd of people watching in the background.
Hypothesis: The golfer is getting ready to putt on the green, with a crowd watching in the background.","Premise: A golfer is getting ready to putt on the green, with a crowd of people watching in the background.
Hypothesis: The golfer is getting ready to putt on the green, and there is no crowd watching at all, since the event was canceled and moved to a private, spectator-free location, contradicting the presence of a crowd in the original description.",,neutral,0,5,neutral|neutral|neutral|neutral|neutral|neutral,50,[5]
"Premise: A man in a suit stands on a walkway with is suitcase with a large display in front of him announcing airline flights.
Hypothesis: A man is sitting on a beach in Mexico.","Premise: A man in a suit stands on a walkway with is suitcase with a large display in front of him announcing airline flights.
Hypothesis: A man is in Mexico, where he is standing on a walkway holding his suitcase, wearing a suit, and viewing a large display announcing airline flights.",,contradiction,2,0,neutral,43,[]
"Premise: A boy hits a tennis ball on a court.
Hypothesis: A boy is hitting a ball.","Premise: A boy hits a tennis ball on a court.
Hypothesis: A boy is not hitting a ball but is instead throwing a baseball.",,neutral,0,1,neutral|entailment,25,[]
"Premise: A bearded man sits near a white van.
Hypothesis: A man waiting for someone near a white van.","Premise: A bearded man sits near a white van.
Hypothesis: A man waiting for someone near a white van, while a chef prepares a meal in a distant kitchen and a bird flies overhead.",,contradiction,1,2,contradiction|contradiction|neutral,28,[]
"Premise: Passengers in a rusty yellow car driving down the street.
Hypothesis: An old taxi drives on a street.","Premise: Passengers in a rusty yellow car driving down the street.
Hypothesis: A rusty yellow taxi drives on a street.",,contradiction,1,0,entailment,28,[]
"Premise: a young boy using a field microscope to identify a field specimen during a field trip.
Hypothesis: The boy is on a science field trip.","Premise: a young boy using a field microscope to identify a field specimen during a field trip.
Hypothesis: The boy is at a community event learning about local music and attending a presentation by a guest speaker, while his class is doing a field trip for a different activity. A group of students nearby is also visiting a local bakery to learn about bread-making techniques.",,contradiction,1,5,contradiction|contradiction|contradiction|contradiction|contradiction|contradiction,34,[]
"Premise: A man and two kids standing in front of an ancient building.
Hypothesis: A man is standing with his sons.","Premise: A man and two kids standing in front of an ancient building.
Hypothesis: A woman is shopping for groceries while listening to a podcast about astronomy.",,contradiction,1,5,contradiction|contradiction|contradiction|contradiction|contradiction|contradiction,29,"[3, 4, 5]"
"Premise: A child with blond-hair looking out of a screen door.
Hypothesis: A child is being held by his mother at the mall.","Premise: A child with blond-hair looking out of a screen door.
Hypothesis: A blond-haired child is looking out of a screen door.",,contradiction,2,0,neutral,33,[]
"Premise: Two people are running in the grass by a hill.
Hypothesis: The people are running outside.","Premise: Two people are running in the grass by a hill.
Hypothesis: The people are running inside a gym.",,neutral,0,0,contradiction,25,[]
"Premise: A golden dog bounds across the snow-covered hill.
Hypothesis: A golden dog bounds across the snow-covered land form.","Premise: A golden dog bounds across the snow-covered hill.
Hypothesis: A golden dog is buried beneath the snow-covered hill, never to move again.",,neutral,0,1,neutral|contradiction,29,[]
"Premise: Two woman, one wearing a blue striped shirt and the other wearing a flowered shirt, are riding horses.
Hypothesis: Women are outside riding horses.","Premise: Two woman, one wearing a blue striped shirt and the other wearing a flowered shirt, are riding horses.
Hypothesis: The women are inside a locked horse arena with no horses present, and they are walking their dogs instead of riding anything.",,neutral,0,3,neutral|neutral|neutral|contradiction,36,[]
"Premise: A short-haired man is jumping while on top of a huge boulder.
Hypothesis: The man is sitting down on the rock.","Premise: A short-haired man is jumping while on top of a huge boulder.
Hypothesis: The man is not sitting down on the rock; instead, he is carefully climbing off the boulder.",,entailment,2,1,entailment|neutral,32,[]
"Premise: A man wearing a blue apron and long rubber boots is dragging a flotation device from a long row of flotation devices.
Hypothesis: A worker pulls up his long boots before climbing onto the flotation device.","Premise: A man wearing a blue apron and long rubber boots is dragging a flotation device from a long row of flotation devices.
Hypothesis: A teacher in a nearby classroom adjusts her notes before heading out for a coffee break.",,contradiction,1,5,contradiction|contradiction|contradiction|contradiction|contradiction|contradiction,46,"[2, 4, 5]"
"Premise: 3 people on plain boats smiling towards the camera.
Hypothesis: 3 boating people being attacked by lions.","Premise: 3 people on plain boats smiling towards the camera.
Hypothesis: 3 boating people are smiling towards the camera while on plain boats.",,contradiction,2,0,neutral,29,[]
"Premise: Bearded black dressed male performer is displaying his skill by swinging a fire line in each hand in arcs.
Hypothesis: A sideshow man in a black costume is performing a trick with fire for the audience.","Premise: Bearded black dressed male performer is displaying his skill by swinging a fire line in each hand in arcs.
Hypothesis: A woman in a red costume is organizing a book display at a library event in the city, while several performers prepare for a dance recital at a nearby community center.",,contradiction,0,5,contradiction|contradiction|contradiction|contradiction|contradiction|contradiction,47,[4]
"Premise: A bald man with a white shirt and watch eating food and drinking wine.
Hypothesis: There is a bald man.","Premise: A bald man with a white shirt and watch eating food and drinking wine.
Hypothesis: There is a bald man wearing a hat.",,neutral,0,0,contradiction,29,[]
"Premise: A man is doing a task by a body of water on a farm.
Hypothesis: The man is doing something by the water.","Premise: A man is doing a task by a body of water on a farm.
Hypothesis: The man is doing something far away from any body of water, completely surrounded by sand dunes in the middle of the desert, with no sign of a farm nearby.",,neutral,0,5,neutral|neutral|neutral|neutral|neutral|neutral,32,"[2, 5]"
"Premise: An older women looking off into the distance with three older women walking towards her from behind.
Hypothesis: An older woman is trying to see a billboard that is far away","Premise: An older women looking off into the distance with three older women walking towards her from behind.
Hypothesis: A man at the bus stop is reading a cookbook and waiting for the next train to the city center.",,contradiction,1,5,contradiction|contradiction|contradiction|contradiction|contradiction|contradiction,39,"[3, 4, 5]"
"Premise: Two men fixing a bicycle.
Hypothesis: Two men work on a motorcycle.","Premise: Two men fixing a bicycle.
Hypothesis: Two men work on a motorcycle, which neither of them has ever seen before and is completely unrelated to the bicycle.",,entailment,2,0,contradiction,21,[]
"Premise: Two belly dancers perform with each other in the streets while passersby look on and watch the display.
Hypothesis: Two dancers are making money","Premise: Two belly dancers perform with each other in the streets while passersby look on and watch the display.
Hypothesis: A baker is preparing round loaves of bread for an afternoon sale at the town’s central square, while thinking about the new oven they recently purchased and planning to visit the theater later that evening.",,contradiction,1,5,contradiction|contradiction|contradiction|contradiction|contradiction|contradiction,34,[5]
"Premise: Two gondola operators sit along a road in Italy.
Hypothesis: The gondola operators are in uniform.","Premise: Two gondola operators sit along a road in Italy.
Hypothesis: The gondola operators are not wearing any clothing.",,neutral,1,0,contradiction,29,[]
"Premise: Someone in a white and black polka dot outfit handing out small cartons of orange juice behind caution tape on a street.
Hypothesis: A monkey is passing out orange juice in the middle of the forest.","Premise: Someone in a white and black polka dot outfit handing out small cartons of orange juice behind caution tape on a street.
Hypothesis: A person wearing a white and black polka dot outfit is handing out small cartons of orange juice behind caution tape on a street.",,contradiction,2,0,neutral,47,[]
"Premise: Men wearing life vests speed across a body of water in an orange boat.
Hypothesis: The men are outside.","Premise: Men wearing life vests speed across a body of water in an orange boat.
Hypothesis: The men are inside a building on dry land.",,neutral,0,0,entailment,28,[]
"Premise: An old man, likely a blacksmith, is welding a tool, seen by the red hot scorching look of it.
Hypothesis: A farmer is milking the cow.","Premise: An old man, likely a blacksmith, is welding a tool, seen by the red hot scorching look of it.
Hypothesis: A farmer is reading a book about astronomy in a quiet café across town while a group of children is playing soccer at the town park. His repaired plow will be ready soon.",,contradiction,2,5,contradiction|contradiction|contradiction|contradiction|contradiction|contradiction,42,[5]
"Premise: A squirrel stands on its hind legs in the grass at the edge of a road.
Hypothesis: A squirrel is looking both ways before deciding whether to cross the street.","Premise: A squirrel stands on its hind legs in the grass at the edge of a road.
Hypothesis: A squirrel is standing on its hind legs in the grass at the edge of a road, looking both ways before making a decision to cross the road.",,contradiction,-1,5,contradiction|contradiction|contradiction|contradiction|contradiction|contradiction,39,"[4, 5]"
"Premise: The indian's are performing a sacred dance.
Hypothesis: The people are dancing.","Premise: The indian's are performing a sacred dance.
Hypothesis: The people are sitting silently and not participating in any dance.",,neutral,0,1,neutral|contradiction,22,[]
"Premise: A boy in red and a girl pink are walking through a low cut field.
Hypothesis: Kids are playing in the field.","Premise: A boy in red and a girl pink are walking through a low cut field.
Hypothesis: A chef is organizing spices in a quiet kitchen using a classic recipe from a family cookbook, while a dog naps nearby and a radio plays old jazz music.",,contradiction,1,5,contradiction|contradiction|contradiction|contradiction|contradiction|contradiction,31,[5]
"Premise: Men wearing painted clothes are standing in the rain.
Hypothesis: Men are getting wet with the rain.","Premise: Men wearing painted clothes are standing in the rain.
Hypothesis: Men are completely dry despite being fully exposed to heavy rain for hours.",,neutral,0,5,neutral|neutral|neutral|neutral|neutral|neutral,26,"[3, 4, 5]"
"Premise: A person dressed in a dress with flowers and a stuffed bee attached to it, is pushing a baby stroller down the street.
Hypothesis: A lady sitting on a bench in the park.","Premise: A person dressed in a dress with flowers and a stuffed bee attached to it, is pushing a baby stroller down the street.
Hypothesis: A lady dressed in a dress with flowers and a stuffed bee attached to it, is pushing a baby stroller down the street.",,contradiction,2,1,contradiction|neutral,44,[]
"Premise: Two children re laying on a rug with some wooden bricks laid out in a square between them.
Hypothesis: Two children are playing catch at a park.","Premise: Two children re laying on a rug with some wooden bricks laid out in a square between them.
Hypothesis: Two children are playing with wooden bricks on a rug.",,contradiction,2,0,neutral,36,[]
"Premise: A young middle eastern mother in high heels, holding her young child as he lays his head on her shoulder asleep, is gazing out the window.
Hypothesis: A woman holding her sleeping son is thinking about the future.","Premise: A young middle eastern mother in high heels, holding her young child as he lays his head on her shoulder asleep, is gazing out the window.
Hypothesis: A woman holding her sleeping son is thinking about the future, while a nearby bookstore is hosting a poetry reading and a cat naps undisturbed on a nearby bench.",,contradiction,1,5,contradiction|contradiction|contradiction|contradiction|contradiction|contradiction,50,[2]
"Premise: A woman poses for a picture with a child.
Hypothesis: The woman and child take a picture together.","Premise: A woman poses for a picture with a child.
Hypothesis: The woman and child do not pose for a picture together; instead, they argue loudly in the presence of a camera.",,neutral,0,1,neutral|contradiction,27,[]
"Premise: A young girl chasing a duck with bread in her hands.
Hypothesis: A child is chasing an animal.","Premise: A young girl chasing a duck with bread in her hands.
Hypothesis: A man is chasing a duck with a net in his hands.",,neutral,0,0,entailment,27,[]
"Premise: A man in the bucket of a chery-picker cuts down branches using a chainsaw at the end of a long pole.
Hypothesis: A man is trimming trees.","Premise: A man in the bucket of a chery-picker cuts down branches using a chainsaw at the end of a long pole.
Hypothesis: A woman is reading a book about astronomy at a café, completely focused on understanding the life cycle of stars, while a man nearby sketches a map of the night sky.",,contradiction,0,5,contradiction|contradiction|contradiction|contradiction|contradiction|contradiction,39,[]
"Premise: Two adults hold either side of a boat at the edge of the water.
Hypothesis: Two people are hiking.","Premise: Two adults hold either side of a boat at the edge of the water.
Hypothesis: Two people are hiking on a trail far from any body of water.",,neutral,2,0,entailment,28,[]
"Premise: Four women competitively rollerskating around an area.
Hypothesis: four men are rollerskating.","Premise: Four women competitively rollerskating around an area.
Hypothesis: four men are rollerskating in a completely different location and are not on the same track as the women at any time.",,entailment,2,2,entailment|entailment|contradiction,26,[]
"Premise: A young boy in a cowboy hat rides a large horse.
Hypothesis: A boy is sleeping.","Premise: A young boy in a cowboy hat rides a large horse.
Hypothesis: A young boy in a cowboy hat is riding a large horse.",,contradiction,2,2,contradiction|contradiction|neutral,25,[]
"Premise: Two men are standing in a boat.
Hypothesis: A few men are fishing on a boat.","Premise: Two men are standing in a boat.
Hypothesis: The two men are not in a boat; they are on the shore walking away from it.",,neutral,1,1,neutral|entailment,25,[]
"Premise: Two young boys are playing in a fountain in a city plaza.
Hypothesis: Kids are are standing in a fountain.","Premise: Two young boys are playing in a fountain in a city plaza.
Hypothesis: Kids are not near a fountain and are instead sitting on a bench outside the city plaza.",,neutral,0,1,neutral|entailment,29,[]
"Premise: Military personnel are shopping
Hypothesis: Military personnel are in the mall.","Premise: Military personnel are shopping
Hypothesis: Military personnel are not shopping; they are currently engaged in combat operations overseas.",,neutral,1,1,neutral|entailment,20,[]
"Premise: An older women looking off into the distance with three older women walking towards her from behind.
Hypothesis: 4 older woman are walking","Premise: An older women looking off into the distance with three older women walking towards her from behind.
Hypothesis: Only one older woman is walking, and the others are sitting nearby on a bench, clearly not walking towards her.",,neutral,0,5,neutral|neutral|neutral|neutral|neutral|neutral,32,"[3, 4, 5]"
"Premise: A man wearing a wife-beater sings into a microphone as a blue light shines on him.
Hypothesis: A naked man drinks a soda in the dark.","Premise: A man wearing a wife-beater sings into a microphone as a blue light shines on him.
Hypothesis: A woman in the city reads a novel in a quiet café while the rain begins to fall and distant traffic sounds fade into the background.",,contradiction,2,5,contradiction|contradiction|contradiction|contradiction|contradiction|contradiction,37,[3]
"Premise: A lady is helping another woman work in a silver compartment, which is most likely related to nurse-work.
Hypothesis: A lady is sleeping on a couch","Premise: A lady is helping another woman work in a silver compartment, which is most likely related to nurse-work.
Hypothesis: A man is organizing books in a library while a cat naps nearby and a radio plays softly in the background.",,contradiction,2,5,contradiction|contradiction|contradiction|contradiction|contradiction|contradiction,36,"[3, 4, 5]"
"Premise: Men sitting at a table in a church.
Hypothesis: The men pray at the alters.","Premise: Men sitting at a table in a church.
Hypothesis: The men discuss community events over coffee, while a group of children plays soccer in the park across town.",,contradiction,2,2,contradiction|contradiction|entailment,24,[]
"Premise: A young girl with a white long-sleeved shirt on helps a young boy brown long-sleeved shirt on with tying his shoelaces.
Hypothesis: A girl helps a boy tie his shoes","Premise: A young girl with a white long-sleeved shirt on helps a young boy brown long-sleeved shirt on with tying his shoelaces.
Hypothesis: A boy helps a girl tie her shoes, but she refuses his help and does it herself quickly.",,neutral,0,1,neutral|contradiction,46,[]
"Premise: A dark-skinned person, crouched while painting a sign.
Hypothesis: A black man is painting a protest sign.","Premise: A dark-skinned person, crouched while painting a sign.
Hypothesis: A black man is not painting a sign at all.",,neutral,1,0,contradiction,31,[]
"Premise: Six men in airport standing on moving walkway
Hypothesis: There is a group of people at the airport.","Premise: Six men in airport standing on moving walkway
Hypothesis: There is no one at the airport, and the moving walkway is completely empty, with not a single person in sight, contradicting the presence of six men.",,neutral,0,5,neutral|neutral|neutral|neutral|neutral|neutral,28,[4]
"Premise: A young man with glasses and his companion are attempting to do laundry in a public place.
Hypothesis: A tall person with glasses","Premise: A young man with glasses and his companion are attempting to do laundry in a public place.
Hypothesis: A tall person with glasses is reading a science fiction novel at the library while waiting for a friend.",,contradiction,1,5,contradiction|contradiction|contradiction|contradiction|contradiction|contradiction,31,[5]
"Premise: Man on phone in business suit walking down a busy street.
Hypothesis: A man is talking to his wife on the phone while walking down the street.","Premise: Man on phone in business suit walking down a busy street.
Hypothesis: A woman is on the phone while walking down the street, discussing a new book she's reading and mentioning a recent trip to the museum and her plans to learn guitar.",,contradiction,1,5,contradiction|contradiction|contradiction|contradiction|contradiction|contradiction,36,[]
"Premise: A person is walking a bicycle down a city street.
Hypothesis: The bike has a flat tire.","Premise: A person is walking a bicycle down a city street.
Hypothesis: A nearby library is hosting a book reading session for children, while a train is arriving at the downtown station on time, and a local café is offering a new seasonal coffee blend.",,contradiction,1,5,contradiction|contradiction|contradiction|contradiction|contradiction|contradiction,26,[]
"Premise: An older woman is holding a small child.
Hypothesis: a woman holding a child","Premise: An older woman is holding a small child.
Hypothesis: a man is holding a child, and no woman is present",,neutral,0,1,neutral|entailment,22,[]
"Premise: A woman plays guitar for tips.
Hypothesis: there is no way one can learn music","Premise: A woman plays guitar for tips.
Hypothesis: A chef in Paris is organizing a bookshelf while thinking about planning a vacation to the mountains.",,contradiction,2,5,contradiction|contradiction|contradiction|contradiction|contradiction|contradiction,23,"[3, 4, 5]"
"Premise: A man and a woman sitting down laughing.
Hypothesis: The man and woman are mad at each other.","Premise: A man and a woman sitting down laughing.
Hypothesis: The man and woman are not laughing at all; instead, they are shouting at each other in anger.",,neutral,2,1,neutral|entailment,27,[]
"Premise: Family sitting down in a field of grass while others walk by.
Hypothesis: No one is sitting in the field of grass.","Premise: Family sitting down in a field of grass while others walk by.
Hypothesis: The family is not sitting in the field of grass; instead, they are all at home, and no members of the family were ever in the field.",,entailment,2,5,entailment|entailment|entailment|entailment|entailment|entailment,31,[5]
"Premise: A man and woman look through CD's at a street vendor.
Hypothesis: A man and women taking a break","Premise: A man and woman look through CD's at a street vendor.
Hypothesis: A man and woman are not at a street vendor but are instead at home sleeping.",,neutral,1,0,contradiction,28,[]
"Premise: A woman swings on a rope overlooking a red farmhouse and gated pastures and tall trees.
Hypothesis: the woman cooked a apple pie","Premise: A woman swings on a rope overlooking a red farmhouse and gated pastures and tall trees.
Hypothesis: The woman just finished swinging on the rope overlooking the red farmhouse and gated pastures, and as she often does after a morning of outdoor activity, she went inside the farmhouse to prepare a fresh apple pie in the kitchen.",,contradiction,2,5,contradiction|contradiction|contradiction|contradiction|contradiction|contradiction,32,[3]
"Premise: A lady digs through a garbage can looking to add to the shopping cart beside her.
Hypothesis: Lady is searching for food in garbage","Premise: A lady digs through a garbage can looking to add to the shopping cart beside her.
Hypothesis: A man is discussing stock market trends on his phone while sitting in a café across the street from a library hosting a book sale.",,contradiction,1,5,contradiction|contradiction|contradiction|contradiction|contradiction|contradiction,32,[3]
"Premise: A wet black lab with a red collar is standing in the water.
Hypothesis: A wet dog is outside.","Premise: A wet black lab with a red collar is standing in the water.
Hypothesis: A completely dry dog is inside the house.",,neutral,0,0,entailment,28,[]
"Premise: A crowd of people is looking at something outside of a Gap store.
Hypothesis: People are looking outside","Premise: A crowd of people is looking at something outside of a Gap store.
Hypothesis: A chef is organizing a quiet team lunch in a small building near the city, discussing the new menu while a storm is approaching from the north.",,contradiction,0,5,contradiction|contradiction|contradiction|contradiction|contradiction|contradiction,26,[]
"Premise: A older man with gray hair wearing a gray suit next to a green and yellow taxi.
Hypothesis: A older woman sits in a green and yellow taxi.","Premise: A older man with gray hair wearing a gray suit next to a green and yellow taxi.
Hypothesis: An older woman with gray hair wearing a gray suit is sitting in a green and yellow taxi next to an older man with gray hair wearing a gray suit.",,contradiction,2,0,neutral,37,[]
"Premise: people are standing near water with a boat heading their direction
Hypothesis: People are standing near water with a large blue boat heading their direction.","Premise: people are standing near water with a boat heading their direction
Hypothesis: People are standing near water with a boat heading their direction, while a bird flies overhead and a child waves from a nearby park.",,contradiction,1,0,neutral,34,[]
"Premise: Five boys in blue shirts drawing at a table.
Hypothesis: The boys are wearing red shirts.","Premise: Five boys in blue shirts drawing at a table.
Hypothesis: The boys are wearing red shirts and sitting outside in the sun, not drawing at a table, while one of them is definitely not in a blue shirt.",,entailment,2,2,entailment|entailment|neutral,25,[]
"Premise: A man in glasses and an orange shirt is sitting outside next to a table with drinks on it.
Hypothesis: A woman sits on a table","Premise: A man in glasses and an orange shirt is sitting outside next to a table with drinks on it.
Hypothesis: A woman arranges flowers in a vase inside a sunlit kitchen while listening to a podcast about birdwatching in South America.",,contradiction,2,5,contradiction|contradiction|contradiction|contradiction|contradiction|contradiction,34,[]
"Premise: An elderly man talking to a young boy by a table of produce.
Hypothesis: the boy was listening","Premise: An elderly man talking to a young boy by a table of produce.
Hypothesis: the boy was eating an apple and watching birds from a nearby bench",,contradiction,1,5,contradiction|contradiction|contradiction|contradiction|contradiction|contradiction,26,"[3, 4, 5]"
"Premise: A man takes a drink in the doorway of a home.
Hypothesis: A man is looking out onto his front lawn from the doorway of his home.","Premise: A man takes a drink in the doorway of a home.
Hypothesis: A woman is reading a book in the doorway of a nearby café while listening to music on her headphones and sketching the clouds in the sky.",,contradiction,1,5,contradiction|contradiction|contradiction|contradiction|contradiction|contradiction,36,"[1, 3, 4]"
"Premise: Two dogs run together near the leaves.
Hypothesis: The two dogs are running to play in the leaves.","Premise: Two dogs run together near the leaves.
Hypothesis: The two dogs are running to fetch a ball thrown by a person in the distance, while a musician practices a new song on a stage inside a nearby theater.",,contradiction,1,5,contradiction|contradiction|contradiction|contradiction|contradiction|contradiction,27,[5]
"Premise: Man jumping over a rusty fence on a blue bicycle.
Hypothesis: The man attending a meeting in his office.","Premise: Man jumping over a rusty fence on a blue bicycle.
Hypothesis: The man is on his way to his office and is jumping over a rusty fence on a blue bicycle, exactly as stated in the premise.",,contradiction,2,5,contradiction|contradiction|contradiction|contradiction|contradiction|contradiction,28,[]
"Premise: A man is sitting on the floor and is surrounded by pictures.
Hypothesis: A man sitting on the floor with photographs around him.","Premise: A man is sitting on the floor and is surrounded by pictures.
Hypothesis: A man standing on a chair with no pictures in the room.",,neutral,0,0,entailment,32,[]
"Premise: A man with no shirt on is holding a football.
Hypothesis: A man rolls on the ground on fire.","Premise: A man with no shirt on is holding a football.
Hypothesis: A man is wearing a shirt and sitting calmly on a bench.",,entailment,2,0,contradiction,28,[]
"Premise: Fireworks light up the night as a man stands on stage.
Hypothesis: The fireworks were shot into the sky.","Premise: Fireworks light up the night as a man stands on stage.
Hypothesis: The fireworks were not shot into the sky but instead exploded underwater in a swimming pool.",,neutral,0,1,neutral|contradiction,29,[]
"Premise: A woman teaching a ballet class composed of small children holding colourful scarves.
Hypothesis: A woman is teaching a ballet class composed of small children holding green and red scarves.","Premise: A woman teaching a ballet class composed of small children holding colourful scarves.
Hypothesis: A woman is teaching a ballet class composed of teenagers holding black and silver scarves, and no ballet is being taught at all.",,neutral,1,5,neutral|neutral|neutral|neutral|neutral|neutral,41,[5]
"Premise: A group of adults stands in the bathroom looking down a small child in the bath.
Hypothesis: The child is sleeping.","Premise: A group of adults stands in the bathroom looking down a small child in the bath.
Hypothesis: The child is not sleeping but is instead wide awake, completely dry, and sitting at the kitchen table eating breakfast, far away from the bathroom where the adults are standing.",,neutral,2,5,neutral|neutral|neutral|neutral|neutral|neutral,30,"[1, 2]"
"Premise: A smiling woman and man are seated in front of a microphone in a music studio.
Hypothesis: the woman is happy.","Premise: A smiling woman and man are seated in front of a microphone in a music studio.
Hypothesis: A chef is reviewing a new recipe in a quiet kitchen, while a bird sings outside the window near a conference room where marketing ideas are being discussed across town.",,contradiction,1,5,contradiction|contradiction|contradiction|contradiction|contradiction|contradiction,30,[]
"Premise: Two workers, one in a ditch and one standing on the ground, are working in front of a house.
Hypothesis: The workers are working infront of the house","Premise: Two workers, one in a ditch and one standing on the ground, are working in front of a house.
Hypothesis: The workers are working inside the house",,neutral,0,0,contradiction,39,[]
"Premise: Young boy smiles at the camera from the tire swing.
Hypothesis: He is barefoot.","Premise: Young boy smiles at the camera from the tire swing.
Hypothesis: He is wearing heavy winter boots.",,neutral,1,0,contradiction,24,[]
"Premise: A woman in a green suit walking towards an escalator.
Hypothesis: A woman is walking to the escalator at a sporting event.","Premise: A woman in a green suit walking towards an escalator.
Hypothesis: A man is reading a book about astronomy at a nearby bus stop while eating a sandwich and watching the clouds.",,contradiction,1,5,contradiction|contradiction|contradiction|contradiction|contradiction|contradiction,33,[4]
"Premise: Three people are outside.
Hypothesis: Three people enjoying the great outdoors.","Premise: Three people are outside.
Hypothesis: Only two people are outdoors, and they are indoors.",,neutral,1,3,neutral|neutral|neutral|entailment,20,[]
"Premise: A soldier using binoculars in a desert.
Hypothesis: A soldier using binoculars outside in the heat.","Premise: A soldier using binoculars in a desert.
Hypothesis: A soldier using binoculars outside in the heat, while a librarian organizes books in a quiet city library.",,contradiction,0,5,contradiction|contradiction|contradiction|contradiction|contradiction|contradiction,29,[]
"Premise: Three bridesmaids in blue dresses hold the train of a bride's wedding dress.
Hypothesis: The bridesmaids are assisting the bride.","Premise: Three bridesmaids in blue dresses hold the train of a bride's wedding dress.
Hypothesis: The bridesmaids are ignoring the bride and refusing to assist her.",,neutral,0,0,contradiction,32,[]
"Premise: A man in colorful shorts is surfing under a wave.
Hypothesis: A man is sunbathing.","Premise: A man in colorful shorts is surfing under a wave.
Hypothesis: A woman is reading a book at the library.",,contradiction,2,0,entailment,26,[]
"Premise: The cyclist rides on a wooded path.
Hypothesis: The cyclist rides quickly alone on a wooded path","Premise: The cyclist rides on a wooded path.
Hypothesis: The baker prepares a fresh batch of pastries in the kitchen while the cyclist rides on a wooded path.",,contradiction,1,5,contradiction|contradiction|contradiction|contradiction|contradiction|contradiction,25,"[2, 4]"
"Premise: A boy wearing jeans, standing on rocks in a river and throwing a stone.
Hypothesis: A boy with no shirt on throws rocks.","Premise: A boy wearing jeans, standing on rocks in a river and throwing a stone.
Hypothesis: A boy wearing a shirt throws rocks into the ocean from the beach.",,neutral,1,1,neutral|contradiction,33,[]
"Premise: A man in a suit cheering in a library in front of children.
Hypothesis: A lawyer is encouraging some children at a contest.","Premise: A man in a suit cheering in a library in front of children.
Hypothesis: A lawyer is not at a contest and is actively discouraging the children.",,entailment,1,1,entailment|contradiction,32,[]
"Premise: A female runner dressed in blue athletic wear is running in a competition, while spectators line the street.
Hypothesis: There are children in the streets.","Premise: A female runner dressed in blue athletic wear is running in a competition, while spectators line the street.
Hypothesis: There are only children in the streets, and none of them are watching the competition. The streets are completely empty of spectators.",,neutral,2,5,neutral|neutral|neutral|neutral|neutral|contradiction,35,"[2, 3, 4]"
"Premise: a green and white trolley car with an advertisement of coffee on the side and front of it in a city.
Hypothesis: A taxi cab with two women in the backseat talking on their cellphones.","Premise: a green and white trolley car with an advertisement of coffee on the side and front of it in a city.
Hypothesis: A green and white trolley car with two women in the backseat talking on their cellphones, and an advertisement of coffee on the side and front of it in a city.",,contradiction,2,1,contradiction|neutral,47,[]
"Premise: Two men stand in the road, it almost appears to be some sort of movie set on a sunny day in California.
Hypothesis: Everybody is sitting","Premise: Two men stand in the road, it almost appears to be some sort of movie set on a sunny day in California.
Hypothesis: A chef is preparing a dessert in a quiet kitchen in France while listening to jazz music. Meanwhile, in a completely different location, a group of students is studying for exams in a library.",,contradiction,2,5,contradiction|contradiction|contradiction|contradiction|contradiction|entailment,35,"[2, 3]"
"Premise: A woman in red blouse is standing with small blond child in front of a small folding chalkboard.
Hypothesis: a woman stands with her child","Premise: A woman in red blouse is standing with small blond child in front of a small folding chalkboard.
Hypothesis: a man reads a book about astronomy while sitting on a bench in a quiet park",,contradiction,1,5,contradiction|contradiction|contradiction|contradiction|contradiction|contradiction,34,[5]
"Premise: Six women wait to use a port-o-john in a field.
Hypothesis: Friends are meeting for coffee.","Premise: Six women wait to use a port-o-john in a field.
Hypothesis: A librarian is organizing a book donation drive at the community center, while a local baker prepares a new recipe for cinnamon rolls and a nearby theater rehearses for a summer musical.",,contradiction,2,5,contradiction|contradiction|contradiction|contradiction|contradiction|contradiction,28,[3]
"Premise: While one man, in the white cap, is golfing, three other men are in the middle of a conversation.
Hypothesis: Four guys go bowling at the lanes.","Premise: While one man, in the white cap, is golfing, three other men are in the middle of a conversation.
Hypothesis: Four guys go bowling at the lanes, while a local bakery is preparing a new batch of pastries.",,contradiction,2,5,contradiction|contradiction|contradiction|contradiction|contradiction|contradiction,40,[5]
"Premise: Two dogs are running next to each other on a grassy hill.
Hypothesis: The dogs are eating their food indoors.","Premise: Two dogs are running next to each other on a grassy hill.
Hypothesis: The dogs are not running; instead, they are sitting on a couch indoors, eating their food in a room with no grass or hill in sight, while the two dogs that are running are clearly on a beach far away from any couch or indoor setting.",,entailment,2,5,entailment|entailment|entailment|entailment|entailment|entailment,30,[]
"Premise: Two men stand on stairs with an assortment of chairs and a woven basket in the foreground.
Hypothesis: The basket is woven.","Premise: Two men stand on stairs with an assortment of chairs and a woven basket in the foreground.
Hypothesis: The basket is made of metal.",,neutral,0,0,entailment,31,[]
"Premise: A child doing gymnastics
Hypothesis: The child is eating lunch at the park.","Premise: A child doing gymnastics
Hypothesis: A teenager is reading a book about astronomy while wearing a superhero costume at the library.",,contradiction,2,5,contradiction|contradiction|contradiction|contradiction|contradiction|contradiction,23,[5]
"Premise: A man drops something, reaching for it while a woman in a beige blazer discusses an important topic.
Hypothesis: A man brushes his teeth in front of a mirror.","Premise: A man drops something, reaching for it while a woman in a beige blazer discusses an important topic.
Hypothesis: A chef prepares a dessert in the kitchen using a red whisk, while a cat naps on the windowsill and a train departs from the station on time. A nearby radio plays classical music, and a group of children ride their bikes past the house in the late afternoon.",,contradiction,2,5,contradiction|contradiction|contradiction|contradiction|contradiction|contradiction,40,[4]
"Premise: A woman in a spaghetti strap tank wearing a flower in her hair is staring towards the right.
Hypothesis: The woman is sleeping on a pillow.","Premise: A woman in a spaghetti strap tank wearing a flower in her hair is staring towards the right.
Hypothesis: A man is organizing books on a shelf in his living room while listening to a podcast about ancient history. The mailman just delivered a package that contains a mysterious letter from a distant relative.",,contradiction,2,5,contradiction|contradiction|contradiction|contradiction|contradiction|contradiction,35,[]
"Premise: A man holds two children in his arms.
Hypothesis: A man poses for a photograph with his two grandchildren.","Premise: A man holds two children in his arms.
Hypothesis: A man poses for a photograph with two local students he met at a park event. The students are discussing a school project about local history, while the man is a former teacher who enjoys mentoring young learners during his retirement.",,contradiction,1,5,contradiction|contradiction|contradiction|contradiction|contradiction|contradiction,28,[3]
"Premise: Three workers, with life vests and hard hats, on a boat hanging from cables over water.
Hypothesis: Three people are on a boat.","Premise: Three workers, with life vests and hard hats, on a boat hanging from cables over water.
Hypothesis: There are no people on the boat, and it is completely empty, with no life vests, hard hats, or any sign that workers were ever present.",,neutral,0,5,neutral|neutral|neutral|neutral|neutral|neutral,34,"[3, 4, 5]"
"Premise: A man playing the guitar while smoking a cigarette.
Hypothesis: The man is also playing the drums","Premise: A man playing the guitar while smoking a cigarette.
Hypothesis: The man playing the guitar while smoking a cigarette is simultaneously playing the drums.",,contradiction,2,4,contradiction|contradiction|contradiction|contradiction|entailment,25,[]
"Premise: A older man with gray hair wearing a gray suit next to a green and yellow taxi.
Hypothesis: A older man with gray hair wearing a gray suit.","Premise: A older man with gray hair wearing a gray suit next to a green and yellow taxi.
Hypothesis: A woman is organizing a bookshelf at home while listening to classical music.",,contradiction,0,5,contradiction|contradiction|contradiction|contradiction|contradiction|contradiction,37,[]
"Premise: Two people walk up to a brick building with a colorful mural on its side.
Hypothesis: Two people walking toward a brick building with a colorful mural outside.","Premise: Two people walk up to a brick building with a colorful mural on its side.
Hypothesis: Two people walking away from a brick building with a plain, white wall outside.",,neutral,0,5,neutral|neutral|neutral|neutral|neutral|neutral,37,"[1, 3, 4, 5]"
"Premise: A dog hides in the tall grasses along a rocky shore
Hypothesis: The dog is outdoors.","Premise: A dog hides in the tall grasses along a rocky shore
Hypothesis: The dog is indoors in a house with no access to the outside.",,neutral,0,0,entailment,26,[]
"Premise: A young girl wearing yellow shorts and a white tank top using a cane pole to fish at a small pond.
Hypothesis: A girl in shorts is fishing in a pond.","Premise: A young girl wearing yellow shorts and a white tank top using a cane pole to fish at a small pond.
Hypothesis: A girl in shorts is shopping at a local market while a group of cyclists passes by and a bus stops nearby to drop off passengers.",,contradiction,0,5,contradiction|contradiction|contradiction|contradiction|contradiction|contradiction,40,[5]
"Premise: The collie is standing outdoors on a sandy area.
Hypothesis: The collie is standing in the sand.","Premise: The collie is standing outdoors on a sandy area.
Hypothesis: The collie is standing in the snow, not outdoors on a sandy area.",,neutral,0,5,neutral|neutral|neutral|neutral|neutral|neutral,28,"[3, 4, 5]"
"Premise: The red motocross bike and its rider are airborne above the trees.
Hypothesis: A rider is riding his motocross bike.","Premise: The red motocross bike and its rider are airborne above the trees.
Hypothesis: A rider is riding his motocross bike on a calm, flat road while staying firmly on the ground and never going airborne.",,neutral,0,2,neutral|neutral|entailment,33,[]
"Premise: Children at daycare playing on rings, and poles, one parent standing and holding her child and one teacher is sitting on the bench watching the others play.
Hypothesis: Children are enjoying their time at the park on a field trip.","Premise: Children at daycare playing on rings, and poles, one parent standing and holding her child and one teacher is sitting on the bench watching the others play.
Hypothesis: The principal is reviewing the school's annual budget during an evening staff meeting, while a local artist paints the scenery at a nearby community garden. A new coffee shop opens downtown, offering a special promotion for first-time visitors, and the principal also considers plans for a new community outreach program, separate from the daycare's daily activities.",,contradiction,-1,5,contradiction|contradiction|contradiction|contradiction|contradiction|contradiction,51,[]
"Premise: Man in blue shirt yells and points off-camera while a man in a blue shirt and baseball cap watches.
Hypothesis: He is yelling at his son.","Premise: Man in blue shirt yells and points off-camera while a man in a blue shirt and baseball cap watches.
Hypothesis: A woman in a red jacket is discussing a recipe with a friend at a nearby coffee shop.",,contradiction,1,5,contradiction|contradiction|contradiction|contradiction|contradiction|contradiction,37,"[2, 4, 5]"
"Premise: A woman poses with sunglasses shaped like dollar signs and a silver suitcase labelled ""LUCKY"" full of bills.
Hypothesis: A woman is posing for a photograph.","Premise: A woman poses with sunglasses shaped like dollar signs and a silver suitcase labelled ""LUCKY"" full of bills.
Hypothesis: A man is organizing books at a library while a clock on the wall shows 3:45 PM, and a nearby television is playing a fashion show.",,contradiction,0,5,contradiction|contradiction|contradiction|contradiction|contradiction|contradiction,39,"[3, 4]"
"Premise: Two kids running past a dinosaur in the woods.
Hypothesis: Some children in the forest pass by a plastic triceratops.","Premise: Two kids running past a dinosaur in the woods.
Hypothesis: Some children in the forest pass by a large, roaring T-Rex.",,neutral,1,0,contradiction,32,[]
"Premise: a brown dog with a yellow toy in his mouth is jumping off the grassy ground
Hypothesis: The black dog has a red toy.","Premise: a brown dog with a yellow toy in his mouth is jumping off the grassy ground
Hypothesis: The brown dog has a yellow toy in his mouth and is jumping off the grassy ground.",,neutral,2,5,neutral|neutral|neutral|neutral|neutral|neutral,34,"[1, 4, 5]"
"Premise: Two young musicians play from a stage.
Hypothesis: The stage is empty","Premise: Two young musicians play from a stage.
Hypothesis: A chef is brainstorming a new menu idea in a quiet café downtown while reading a cookbook, and the café is known for hosting poetry readings on weekends. Meanwhile, a local bookstore is planning an art exhibition in another part of town.",,contradiction,2,5,contradiction|contradiction|contradiction|contradiction|contradiction|contradiction,20,[4]
"Premise: a skier is throwing up snow as he skis off piste.
Hypothesis: A snowboarder takes a nap on the course.","Premise: a skier is throwing up snow as he skis off piste.
Hypothesis: A snowboarder takes a nap on the piste while the skier remains stationary and throws no snow at all.",,entailment,2,5,entailment|entailment|entailment|entailment|entailment|entailment,34,"[4, 5]"
"Premise: A large African American man sitting on a camping chair.
Hypothesis: the large black man is running a race","Premise: A large African American man sitting on a camping chair.
Hypothesis: The large black man is discussing his favorite recipes with a friend at a nearby park, while a group of cyclists passes by on the road, a child plays with a kite, and a street musician practices nearby. A few blocks away, a farmer's market is setting up for the weekend, and a street artist is painting a mural on the side of a building.",,contradiction,2,5,contradiction|contradiction|contradiction|contradiction|contradiction|contradiction,27,[5]
"Premise: In front of a brick house with a straw roof and some figures, three children stand, two of them holding squares of blackboard.
Hypothesis: The children are outdoors","Premise: In front of a brick house with a straw roof and some figures, three children stand, two of them holding squares of blackboard.
Hypothesis: The children are indoors in a classroom with no view of the outside.",,neutral,0,0,entailment,39,[]
"Premise: Everyone on the street in the city seem to be busy doing their own thing.
Hypothesis: The people are watching what is happening.","Premise: Everyone on the street in the city seem to be busy doing their own thing.
Hypothesis: A group of tourists is discussing the best places to eat in the city, completely focused on their maps and local recommendations.",,contradiction,2,5,contradiction|contradiction|contradiction|contradiction|contradiction|contradiction,32,[]
"Premise: A little blond boy is playing doctor with red, blue, and yellow toy gear.
Hypothesis: Boy pretending to be a doctor.","Premise: A little blond boy is playing doctor with red, blue, and yellow toy gear.
Hypothesis: A girl is organizing books in the library while listening to classical music on her headphones.",,contradiction,0,5,contradiction|contradiction|contradiction|contradiction|contradiction|contradiction,32,[]
"Premise: A man is laid back in front of a tv.
Hypothesis: he is watching the news","Premise: A man is laid back in front of a tv.
Hypothesis: he is not watching the news",,neutral,1,0,contradiction,24,[]
"Premise: Young person in black next to an older person in black and white polka dot.
Hypothesis: A young person is standing next to a relative.","Premise: Young person in black next to an older person in black and white polka dot.
Hypothesis: A young person is standing next to someone who is explicitly stated to be unrelated, such as a complete stranger wearing a bright red costume, which directly contradicts the older person in black and white polka dot from the premise.",,neutral,1,5,neutral|neutral|neutral|neutral|neutral|neutral,35,[]
"Premise: A photographer is using a tripod to take a picture of a sunset.
Hypothesis: The photographer is holding the camera in his hands.","Premise: A photographer is using a tripod to take a picture of a sunset.
Hypothesis: A painter nearby is organizing art supplies in a studio, preparing for a future project. A bird is chirping outside the window. A group of hikers is planning a route on a distant mountain trail using a detailed map.",,contradiction,2,5,contradiction|contradiction|contradiction|contradiction|contradiction|contradiction,32,"[1, 5]"
"Premise: A group of people are in a rowboat in the ocean surrounded by seagulls.
Hypothesis: A group of people are rowing towards some islands while one of them fishes.","Premise: A group of people are in a rowboat in the ocean surrounded by seagulls.
Hypothesis: A group of people are rowing towards some islands while one of them takes photos of the scenery, and there is a local music festival happening in a distant city that has nothing to do with them.",,contradiction,1,3,contradiction|contradiction|contradiction|entailment,42,[]
"Premise: A woman sitting in an office.
Hypothesis: A women outside","Premise: A woman sitting in an office.
Hypothesis: A man at home organizing his music collection while thinking about gardening tools he needs to buy and wondering if he should learn to play the piano.",,contradiction,2,5,contradiction|contradiction|contradiction|contradiction|contradiction|contradiction,18,[]
"Premise: 2 women and 2 girls crossing the road
Hypothesis: A group of girls and women are laughing as they cross the road.","Premise: 2 women and 2 girls crossing the road
Hypothesis: A group of girls and women are laughing as they walk on the sidewalk, and there are no women in the group, contradicting the fact that they are crossing the road.",,neutral,1,5,neutral|neutral|neutral|neutral|neutral|neutral,33,"[4, 5]"
"Premise: Two construction workers climbing the steel ribbed exterior of a new building at their work site.
Hypothesis: Two workers are climbing a building.","Premise: Two construction workers climbing the steel ribbed exterior of a new building at their work site.
Hypothesis: Two workers are climbing a building from the inside using stairs, and they have never set foot on the steel ribbed exterior.",,neutral,0,1,neutral|contradiction,33,[]
"Premise: A white dog with brown spots running on a dirt path
Hypothesis: A dog runs on a path.","Premise: A white dog with brown spots running on a dirt path
Hypothesis: A cat runs on a path.",,neutral,0,0,entailment,27,[]
"Premise: A man in a khaki jacket and ball cap walks down the street.
Hypothesis: The man is walking to the supermarket.","Premise: A man in a khaki jacket and ball cap walks down the street.
Hypothesis: A man wearing a khaki jacket and ball cap is walking down the street.",,contradiction,1,0,neutral,31,[]
"Premise: A young woman dressed up semi-formally is reading book and drinking in the sun, seated on a bench.
Hypothesis: A young woman is running through the waves.","Premise: A young woman dressed up semi-formally is reading book and drinking in the sun, seated on a bench.
Hypothesis: A young woman is seated on a bench, reading a book and drinking while dressed semi-formally in the sun.",,contradiction,2,0,neutral,39,[]
"Premise: A big dog catches a ball on his nose
Hypothesis: A big dog is sitting down while trying to catch a ball","Premise: A big dog catches a ball on his nose
Hypothesis: A big dog is sitting down and refuses to catch the ball, clearly showing disinterest, while the ball lies untouched on the ground",,neutral,1,5,neutral|neutral|neutral|neutral|neutral|neutral,30,"[3, 4, 5]"
"Premise: A child making a sand castle on the beach.
Hypothesis: A child on a beach.","Premise: A child making a sand castle on the beach.
Hypothesis: A child on a desert in the middle of the Sahara.",,neutral,0,0,contradiction,24,[]
"Premise: A female in the middle of a vehicle is holding a camera and is pointing it towards the backseat.
Hypothesis: A girl is inside a vehicle.","Premise: A female in the middle of a vehicle is holding a camera and is pointing it towards the backseat.
Hypothesis: A girl is outside the vehicle, and the vehicle is empty; she is holding a camera on the ground, pointing it at the sky, not at the backseat.",,neutral,0,5,neutral|neutral|neutral|neutral|neutral|neutral,36,[5]
"Premise: Two men climbing on a wooden scaffold.
Hypothesis: Two sad men climbing on a wooden scaffold.","Premise: Two men climbing on a wooden scaffold.
Hypothesis: Two happy men are sitting on a wooden bench, far away from any scaffold.",,neutral,1,1,neutral|entailment,25,[]
"Premise: A young african child in a dirty yellow shirt carrying a bag on his head.
Hypothesis: A young African child playing soccer.","Premise: A young african child in a dirty yellow shirt carrying a bag on his head.
Hypothesis: A young African child playing soccer without wearing a shirt or carrying anything on his head.",,entailment,2,0,contradiction,31,[]
"Premise: A small child in a red jacket is sitting on a man's shoulders and holding his head.
Hypothesis: Th small child is watching a performance.","Premise: A small child in a red jacket is sitting on a man's shoulders and holding his head.
Hypothesis: The small child is drawing pictures of animals in a notebook during a quiet afternoon at home.",,contradiction,1,5,contradiction|contradiction|contradiction|contradiction|contradiction|contradiction,35,[3]
"Premise: There is a person walking down a tree lined street with snow scattered about.
Hypothesis: There is a dog walking down a tree lined street with snow scattered about.","Premise: There is a person walking down a tree lined street with snow scattered about.
Hypothesis: There is no person walking down a tree lined street with snow scattered about.",,entailment,2,0,neutral,38,[]
"Premise: Four young men stare up at a basketball hoop with no net, in an outdoor, urban basketball court.
Hypothesis: A group of women playing basketball in a gym.","Premise: Four young men stare up at a basketball hoop with no net, in an outdoor, urban basketball court.
Hypothesis: A group of women organizing a poetry reading in a quiet library two towns over, while discussing the logistics of a community garden and planning a separate event for a local book fair.",,contradiction,2,5,contradiction|contradiction|contradiction|contradiction|contradiction|contradiction,39,[5]
"Premise: A white man in a blue uniform is pushing away a black man in a red uniform while the two play soccer on a green field.
Hypothesis: A woman says Hi to another woman at the grocery store.","Premise: A white man in a blue uniform is pushing away a black man in a red uniform while the two play soccer on a green field.
Hypothesis: A white man in a blue uniform is pushing away a black man in a red uniform during a heated soccer match on a green field, with no women or grocery store present.",,contradiction,2,2,contradiction|contradiction|neutral,47,[]
"Premise: A child wearing a red top is standing behind a blond headed child sitting in a wheelbarrow.
Hypothesis: A child wearing a red top is standing behind a pretty blond headed child","Premise: A child wearing a red top is standing behind a blond headed child sitting in a wheelbarrow.
Hypothesis: A child wearing a red top is sitting in a wheelbarrow in front of a pretty blond headed child who is standing and not sitting at all, and the red top is actually a blue top.",,neutral,1,5,neutral|neutral|neutral|neutral|neutral|entailment,42,[]
"Premise: A man is working on a Earthen structure with a pickaxe.
Hypothesis: The man is in an office building.","Premise: A man is working on a Earthen structure with a pickaxe.
Hypothesis: The man is working outside on an earthen structure with a pickaxe.",,contradiction,2,0,neutral,30,[]
"Premise: Four men stand in a circle facing each other playing brass instruments which people watch them.
Hypothesis: The men are playing music","Premise: Four men stand in a circle facing each other playing brass instruments which people watch them.
Hypothesis: The men are not playing music and are instead silently holding their instruments.",,neutral,0,0,contradiction,30,[]
"Premise: People dresses in business clothing are walking by while one man with a tie on is standing still and talking on his cellular phone.
Hypothesis: The people are dressed in business clothing.","Premise: People dresses in business clothing are walking by while one man with a tie on is standing still and talking on his cellular phone.
Hypothesis: The people are not dressed in business clothing at all; they are wearing casual attire, and the only man with a tie is the sole person on the phone, standing apart from the group.",,neutral,0,5,neutral|neutral|neutral|neutral|neutral|neutral,41,[]
"Premise: A brown dog jumps over an obstacle.
Hypothesis: The dog is in a pool.","Premise: A brown dog jumps over an obstacle.
Hypothesis: The dog is in a pool playing with a tennis ball while a group of children nearby is feeding ducks at the park, and a baker is preparing pastries in a kitchen far away.",,contradiction,2,2,contradiction|contradiction|entailment,23,[]
"Premise: A birthday party for many little people to enjoy.
Hypothesis: Children enjoying a birthday party.","Premise: A birthday party for many little people to enjoy.
Hypothesis: Teenagers enjoying a canceled birthday party that was rescheduled for next month due to rain, and the rescheduled event took place without any little people in attendance, making it not a birthday celebration at all, but an anniversary event for adults only.",,neutral,1,5,neutral|neutral|neutral|neutral|neutral|neutral,24,[]
"Premise: A cement worker is working on a new sidewalk outside of a clothing store.
Hypothesis: A worker is working on a new sidewalk outside of a restuarant.","Premise: A cement worker is working on a new sidewalk outside of a clothing store.
Hypothesis: A teacher is organizing books inside a library near the sidewalk. A group of cyclists is also passing by on a nearby road.",,contradiction,2,1,contradiction|entailment,38,[]
"Premise: Four men and a young boy are at a table set up for wood crafts.
Hypothesis: Five total people are near a table with objects on it.","Premise: Four men and a young boy are at a table set up for wood crafts.
Hypothesis: Only three total people are far away from a table that is set up for wood crafts and has no objects on it.",,neutral,0,5,neutral|neutral|neutral|neutral|neutral|neutral,36,"[2, 4, 5]"
"Premise: An Indian woman is dancing with her partner.
Hypothesis: A woman has dark skin.","Premise: An Indian woman is dancing with her partner.
Hypothesis: A woman in a different country is studying architecture at university and enjoys reading science fiction novels in her free time.",,contradiction,1,5,contradiction|contradiction|contradiction|contradiction|contradiction|contradiction,23,"[3, 4, 5]"
"Premise: The man is sweeping with a red broom.
Hypothesis: The man is dancing with a woman","Premise: The man is sweeping with a red broom.
Hypothesis: The man is not sweeping with a red broom.",,entailment,2,0,neutral,25,[]
"Premise: People with bags walk along a dirt road in front of a green building.
Hypothesis: People are walking outside.","Premise: People with bags walk along a dirt road in front of a green building.
Hypothesis: People are walking inside a mall.",,neutral,0,0,entailment,28,[]
"Premise: An elderly woman wearing a skirt is picking out vegetables at a local market.
Hypothesis: This woman is on a shopping trip.","Premise: An elderly woman wearing a skirt is picking out vegetables at a local market.
Hypothesis: A young boy is reading a book about dinosaurs in his bedroom while a baker downtown prepares a fresh batch of bread.",,contradiction,0,5,contradiction|contradiction|contradiction|contradiction|contradiction|contradiction,31,[5]
"Premise: A group of ladies sit around a black table in front of a brick wall with a building in the background.
Hypothesis: The ladies are standing up for a picture.","Premise: A group of ladies sit around a black table in front of a brick wall with a building in the background.
Hypothesis: The ladies are standing on their heads and jumping into the air, completely ignoring the table and the picture, while the building behind them collapses.",,neutral,-1,5,neutral|neutral|neutral|neutral|neutral|neutral,39,"[3, 4, 5]"
"Premise: Two men spar in martial arts gear.
Hypothesis: There are multiple people present.","Premise: Two men spar in martial arts gear.
Hypothesis: There are no people present at all during the sparring session.",,neutral,0,1,neutral|entailment,22,[]
"Premise: A woman player in white and black, sends the volleyball over the net, while the opposing team in navy blue, tries to block it, as the coach and a few spectators watch, in a gym.
Hypothesis: The gym is old","Premise: A woman player in white and black, sends the volleyball over the net, while the opposing team in navy blue, tries to block it, as the coach and a few spectators watch, in a gym.
Hypothesis: The coach is organizing a team meeting near the bleachers, while a student in the front row is reading a book about astronomy. The gym has a mural of a space shuttle on one of its walls and a small display of vintage sports equipment by the entrance.",,contradiction,1,5,contradiction|contradiction|contradiction|contradiction|contradiction|contradiction,53,[5]
"Premise: A man with a blue helmet and orange shirt.
Hypothesis: A man wears a helmet.","Premise: A man with a blue helmet and orange shirt.
Hypothesis: The man is bald and not wearing any helmet, directly contradicting the description of him having a blue helmet.",,neutral,0,3,neutral|neutral|neutral|entailment,24,[]
"Premise: A man in a white and gray shirt looks on as a shirtless man with a mustache cleans fish on a pale green table.
Hypothesis: The man is cleaning the fish that he caught so he can cook it.","Premise: A man in a white and gray shirt looks on as a shirtless man with a mustache cleans fish on a pale green table.
Hypothesis: The man is organizing a set of old maps in a box, occasionally pausing to sip from a thermos while waiting for his friend to arrive. He hopes to finally find a rare stamp at the local market this weekend.",,contradiction,1,5,contradiction|contradiction|contradiction|contradiction|contradiction|contradiction,50,[3]
"Premise: A man on stage in the act of jumping, with a little boy in the background really enjoying it.
Hypothesis: A boy watches boats on a lake.","Premise: A man on stage in the act of jumping, with a little boy in the background really enjoying it.
Hypothesis: A boy watches boats on a lake and shows no sign of ever having seen a stage performance.",,neutral,2,1,neutral|contradiction,37,[]
"Premise: Man with beard doing skateboarding stunt
Hypothesis: A clean shaven man skateboards.","Premise: Man with beard doing skateboarding stunt
Hypothesis: A clean-shaven man is doing the skateboarding stunt, while the man with a beard is nowhere to be seen.",,neutral,2,5,neutral|neutral|neutral|neutral|neutral|neutral,24,[]
"Premise: A woman in a blue top and pencil skirt walks by a balding man in a pinstriped suit.
Hypothesis: They know each other.","Premise: A woman in a blue top and pencil skirt walks by a balding man in a pinstriped suit.
Hypothesis: They both enjoy visiting art museums on weekends, while a nearby chef is preparing a new recipe in the kitchen and a group of cyclists ride on a distant street.",,contradiction,1,5,contradiction|contradiction|contradiction|contradiction|contradiction|contradiction,36,[3]
"Premise: Many women trying out and looking at laptops in a Walmart.
Hypothesis: Women are shopping at safeway for lamb chops.","Premise: Many women trying out and looking at laptops in a Walmart.
Hypothesis: Women are shopping at Walmart for laptops.",,contradiction,2,0,neutral,30,[]
"Premise: An older gentlemen in a hat and glasses holding a baby who is wrapped in a towel.
Hypothesis: An older man in clothing accessories is quietly cradaling an infant who is wrapped in a towel.","Premise: An older gentlemen in a hat and glasses holding a baby who is wrapped in a towel.
Hypothesis: An older man in clothing accessories is loudly shouting while an infant who is wrapped in a towel is left on the floor.",,neutral,1,5,neutral|neutral|neutral|neutral|neutral|neutral,46,"[1, 2, 3, 4, 5]"
"Premise: A dog and a cat are swimming in a swimming pool.
Hypothesis: Two animals are swimming.","Premise: A dog and a cat are swimming in a swimming pool.
Hypothesis: No animals are swimming.",,neutral,0,0,entailment,25,[]
"Premise: An Asian man walks a three-wheeled pedal card fully of white bags.
Hypothesis: An Asian man walks his dog on a rainy afternoon.","Premise: An Asian man walks a three-wheeled pedal card fully of white bags.
Hypothesis: An Asian man is walking on a rainy afternoon while operating a three-wheeled pedal cart full of white bags.",,contradiction,2,0,neutral,35,[]
"Premise: A man falling off a bull as the animal jumps into the air.
Hypothesis: A boy struggles to hold on to a bull as it twirls and jumps.","Premise: A man falling off a bull as the animal jumps into the air.
Hypothesis: A boy easily stays on the bull as it calmly walks forward without jumping, while the man effortlessly holds on as the bull remains perfectly still and never moves at all.",,neutral,-1,5,neutral|neutral|neutral|neutral|neutral|neutral,39,"[3, 4, 5]"
"Premise: A clown performs in a park among other people.
Hypothesis: Someone is busking.","Premise: A clown performs in a park among other people.
Hypothesis: A librarian is organizing books at a museum in a different city while listening to classical music.",,contradiction,-1,5,contradiction|contradiction|contradiction|contradiction|contradiction|contradiction,23,"[2, 3, 4]"
"Premise: A young man blew up balloons to craft into animals for the seven excited children that looked on.
Hypothesis: The children watch the man make dogs and giraffes out of balloons","Premise: A young man blew up balloons to craft into animals for the seven excited children that looked on.
Hypothesis: The children watch a documentary about ocean life on a nearby screen, while a young man in another part of the room blows up balloons to craft into animals.",,contradiction,0,3,contradiction|contradiction|contradiction|neutral,41,[]
"Premise: Two girls playing catch on a lawn
Hypothesis: Two girls are walking beside a pond with ducks and swans.","Premise: Two girls playing catch on a lawn
Hypothesis: A couple of boys are reading a book about space in a library while some children are playing with toys in a different room near a mural of dinosaurs and a poster of historical ships.",,contradiction,2,5,contradiction|contradiction|contradiction|contradiction|contradiction|contradiction,29,"[4, 5]"
"Premise: A man wearing glasses and a ragged costume is playing a Jaguar electric guitar and singing with the accompaniment of a drummer.
Hypothesis: Two men are playing frisbee in the park.","Premise: A man wearing glasses and a ragged costume is playing a Jaguar electric guitar and singing with the accompaniment of a drummer.
Hypothesis: A man wearing glasses and a ragged costume is playing a Jaguar electric guitar and singing with the accompaniment of a drummer.",,contradiction,2,0,neutral,45,[]
"Premise: A girl with a blue shirt and a girl with a striped shirt stand next to a girl with a green shirt sitting in a chair.
Hypothesis: The three girls are arm wrestling in China town.","Premise: A girl with a blue shirt and a girl with a striped shirt stand next to a girl with a green shirt sitting in a chair.
Hypothesis: A chef at a café in Paris is organizing a bookshelf in the back room while a local artist sketches the building’s exterior on a sunny afternoon nearby, and a group of cyclists pass by the building heading toward the park.",,contradiction,2,5,contradiction|contradiction|contradiction|contradiction|contradiction|contradiction,45,[]
"Premise: a skier is throwing up snow as he skis off piste.
Hypothesis: A skier skis.","Premise: a skier is throwing up snow as he skis off piste.
Hypothesis: A skier does not ski and is instead rollerblading on a flat field.",,neutral,0,1,neutral|contradiction,29,[]
"Premise: The child is hanging upside down with his legs over a pole.
Hypothesis: The child is athletic.","Premise: The child is hanging upside down with his legs over a pole.
Hypothesis: The child is not athletic and has never engaged in any physical activities.",,neutral,1,0,contradiction,26,[]
"Premise: Three people are dressed in costumes and playing musical instruments.
Hypothesis: The people are playing at a festival.","Premise: Three people are dressed in costumes and playing musical instruments.
Hypothesis: The people are discussing plans for a future outdoor concert near a lake where a birdwatching event is also being organized, and they are considering how to schedule the event around local wildlife patterns, while a group of hikers nearby are planning a photography tour in a different region entirely.",,contradiction,1,5,contradiction|contradiction|contradiction|contradiction|contradiction|contradiction,27,"[4, 5]"
"Premise: A skier goes down a hill with a mountain as a backdrop.
Hypothesis: A skier going down the bunny hill.","Premise: A skier goes down a hill with a mountain as a backdrop.
Hypothesis: A skier going up the mountain to ski another hill.",,neutral,1,0,contradiction,31,[]
"Premise: Two boys, surrounded by paper pieces, hold a third boys shirt to prevent him from grabbing a bag.
Hypothesis: The friends are playing with paper and bags.","Premise: Two boys, surrounded by paper pieces, hold a third boys shirt to prevent him from grabbing a bag.
Hypothesis: A group of students in the cafeteria are discussing a school play, while a musician nearby practices a new melody on the violin.",,contradiction,1,5,contradiction|contradiction|contradiction|contradiction|contradiction|contradiction,38,[]
"Premise: A little girl drawing with chalk, on a chalkboard.
Hypothesis: A little girl is drawing on the board during class.","Premise: A little girl drawing with chalk, on a chalkboard.
Hypothesis: A little girl is drawing on the board after school when there is no chalkboard available.",,neutral,1,1,neutral|contradiction,31,[]
"Premise: A busy street with building lined up and people walking down the street outside and nighttime.
Hypothesis: People lined up","Premise: A busy street with building lined up and people walking down the street outside and nighttime.
Hypothesis: No one is present on the street",,neutral,-1,0,contradiction,28,[]
"Premise: Two girls holding bags walking down the sidewalk.
Hypothesis: Two women are enjoying an afternoon of shopping.","Premise: Two girls holding bags walking down the sidewalk.
Hypothesis: Two women are enjoying an afternoon of shopping without carrying any bags.",,neutral,1,0,entailment,26,[]
"Premise: Two men are sitting on a couch.
Hypothesis: Two men are standing outside.","Premise: Two men are sitting on a couch.
Hypothesis: Two men are standing outside, and not a single one of them is sitting on a couch.",,entailment,2,3,entailment|entailment|entailment|neutral,22,[]
"Premise: A man visiting a friend in the hospital.
Hypothesis: A man in a hospital receives a visiting friend.","Premise: A man visiting a friend in the hospital.
Hypothesis: A man in a hospital receives a visiting friend who is actually at home and not there, and the hospital is closed to visitors.",,neutral,0,3,neutral|neutral|neutral|contradiction,27,[2]
"Premise: A man holding a pink cooler is talking to an older woman.
Hypothesis: A man offers a woman a beer.","Premise: A man holding a pink cooler is talking to an older woman.
Hypothesis: A woman at a gas station nearby is checking the weather on her phone and planning a hike, while a separate group of hikers is preparing for a trip in the mountains.",,contradiction,1,5,contradiction|contradiction|contradiction|contradiction|contradiction|contradiction,29,"[4, 5]"
"Premise: A man is giving a presentation.
Hypothesis: the man is not talking","Premise: A man is giving a presentation.
Hypothesis: the man is not giving a presentation and is not talking but is silently gesturing",,neutral,2,5,neutral|neutral|neutral|neutral|neutral|neutral,20,"[2, 3, 4, 5]"
"Premise: A musician playing a guitar and harmonica singing a song with ""Whatever it Takes"" written on his guitar.
Hypothesis: The musician is playing the drums.","Premise: A musician playing a guitar and harmonica singing a song with ""Whatever it Takes"" written on his guitar.
Hypothesis: A chef is preparing a dish in a busy kitchen nearby.",,entailment,2,0,contradiction,37,[]
"Premise: A man in a red plaid shirt using a bull horn to talk to a crowd of people.
Hypothesis: a man is a comedian","Premise: A man in a red plaid shirt using a bull horn to talk to a crowd of people.
Hypothesis: A woman is knitting a scarf at a café while reading a novel about space exploration.",,contradiction,1,5,contradiction|contradiction|contradiction|contradiction|contradiction|contradiction,33,[]
"Premise: A woman in a low cut blue shirt is in a crowded room that looks smokey.
Hypothesis: Someone is in a field.","Premise: A woman in a low cut blue shirt is in a crowded room that looks smokey.
Hypothesis: A chef is preparing a dish in a quiet kitchen while listening to music.",,contradiction,2,0,neutral,32,[]
"Premise: A policeman on a motorcycle from the rear.
Hypothesis: An officer on a chopper.","Premise: A policeman on a motorcycle from the rear.
Hypothesis: A baker at a local café is preparing a birthday cake for a customer.",,contradiction,2,0,entailment,24,[]
"Premise: A woman is sitting outside at a table, using a knife to cut into a sandwich.
Hypothesis: A woman is sitting inside.","Premise: A woman is sitting outside at a table, using a knife to cut into a sandwich.
Hypothesis: A woman is discussing a book with a friend at a nearby café.",,entailment,2,0,contradiction,32,[]
"Premise: A group of people wait to cross the street in new york
Hypothesis: Group of people waiting to cross the street.","Premise: A group of people wait to cross the street in new york
Hypothesis: Group of people decided to walk on the street instead of waiting to cross, ignoring the traffic signal.",,neutral,0,1,neutral|contradiction,30,[]
"Premise: An oriental woman in glasses, shooting archery.
Hypothesis: The woman is older.","Premise: An oriental woman in glasses, shooting archery.
Hypothesis: The woman is a young child who cannot shoot a bow.",,neutral,-1,5,neutral|neutral|neutral|neutral|neutral|neutral,24,"[2, 3, 4, 5]"
"Premise: A little boy wearing a yellow, white and black striped shirt is whispering a secret to a little girl wearing a white long sleeved-shirt.
Hypothesis: The little boy is good friends with the girl.","Premise: A little boy wearing a yellow, white and black striped shirt is whispering a secret to a little girl wearing a white long sleeved-shirt.
Hypothesis: The little boy is reading a book about space while waiting for his bus to arrive. His favorite subject in school is science, and he recently learned about planets and stars. Meanwhile, the school is planning a field trip to the local zoo next week, and the bus driver always brings cookies for the students on rainy days.",,contradiction,1,5,contradiction|contradiction|contradiction|contradiction|contradiction|contradiction,47,[4]
"Premise: A boy in blue shorts and a t-shirt is poised to hit a tennis ball with a racket.
Hypothesis: A boy wearing blue shorts and a t-shirt is playing tennis with his friend.","Premise: A boy in blue shorts and a t-shirt is poised to hit a tennis ball with a racket.
Hypothesis: A boy wearing blue shorts and a t-shirt is not playing tennis at all, but rather is swimming in a pool with his friend.",,neutral,1,2,neutral|neutral|contradiction,44,[]
"Premise: The girl wearing a brown jacket whilst walking in snow.
Hypothesis: The girl is walking outside.","Premise: The girl wearing a brown jacket whilst walking in snow.
Hypothesis: The girl is walking inside a heated mall.",,neutral,0,0,contradiction,25,[]
"Premise: A man is talking on a cellphone while filling his car with gas.
Hypothesis: A man talks to his boss while getting gas for his car.","Premise: A man is talking on a cellphone while filling his car with gas.
Hypothesis: A woman reads a book about astronomy while getting gas for her car.",,contradiction,1,1,contradiction|entailment,35,[]
"Premise: Four people and a baby are crossing the street at a crosswalk.
Hypothesis: People and a baby riding the bus.","Premise: Four people and a baby are crossing the street at a crosswalk.
Hypothesis: The four people and the baby are not crossing the street; instead, they are all safely riding the bus together, with no mention of a crosswalk or street crossing.",,entailment,2,5,entailment|entailment|entailment|entailment|entailment|entailment,30,[2]
"Premise: A snowboarder on a wide plain of snow
Hypothesis: A snow field with a snowboarder on it","Premise: A snowboarder on a wide plain of snow
Hypothesis: A snow field with a snowboarder on it, and a group of hikers preparing for a trek nearby.",,contradiction,0,2,contradiction|contradiction|neutral,29,[]
"Premise: Two girls are playing in the snow and throwing snowballs.
Hypothesis: The snowballs are from fresh snow.","Premise: Two girls are playing in the snow and throwing snowballs.
Hypothesis: The snowballs are made of ice from a frozen lake, not from the fresh snow they are playing in.",,neutral,1,1,neutral|contradiction,28,[]
"Premise: A female camera operator is capturing some off-camera activity.
Hypothesis: A lady is taking a picture","Premise: A female camera operator is capturing some off-camera activity.
Hypothesis: A man is taking a picture",,neutral,0,0,contradiction,25,[]
"Premise: A baby girl and little boy are standing next to a guitar and a drum.
Hypothesis: The boy is alone in the bathtub on the moon.","Premise: A baby girl and little boy are standing next to a guitar and a drum.
Hypothesis: The boy is not with any siblings and is taking a bath in a spaceship on the moon, where there are no guitars or drums nearby.",,entailment,2,2,entailment|entailment|contradiction,35,[]
"Premise: Brown and cream dog with tongue out in front of grassy forest
Hypothesis: The dog is lying on the ground.","Premise: Brown and cream dog with tongue out in front of grassy forest
Hypothesis: The dog is flying in the air above the forest.",,neutral,2,0,contradiction,30,[]
"Premise: couples enjoying a meal, while a bunch of dogs take a nap.
Hypothesis: SOME ANIMALS ARE ASLEEP","Premise: couples enjoying a meal, while a bunch of dogs take a nap.
Hypothesis: A group of birds is flying over a distant mountain range, while a farmer tends to his crops in a nearby valley, and a scientist in a lab develops a new type of solar panel material. Meanwhile, in a different part of the world, a team of astronauts practices maneuvers in a zero-gravity simulation chamber.",,contradiction,0,3,contradiction|contradiction|contradiction|entailment,29,[]
"Premise: A man holding a baby who is petting a pony.
Hypothesis: A man who kidnap a baby is petting a pony.","Premise: A man holding a baby who is petting a pony.
Hypothesis: A woman at a bakery is making cookies while a baby sleeps in a stroller nearby, and a group of cyclists passes by the store on their way to a park across town.",,contradiction,1,5,contradiction|contradiction|contradiction|contradiction|contradiction|contradiction,33,"[2, 5]"
"Premise: A woman on the sidewalk blocks the sun from her eyes to peer down the street.
Hypothesis: A woman covers part of her face.","Premise: A woman on the sidewalk blocks the sun from her eyes to peer down the street.
Hypothesis: A man at the grocery store reads a newspaper while waiting for his coffee to finish brewing.",,contradiction,0,5,contradiction|contradiction|contradiction|contradiction|contradiction|contradiction,33,"[2, 3, 4, 5]"
"Premise: A brown and white dog holds a tennis ball in his mouth.
Hypothesis: A dog mouth holds a retrieved ball.","Premise: A brown and white dog holds a tennis ball in his mouth.
Hypothesis: A dog's mouth does not hold a retrieved ball, but instead drops it into a bucket right after catching it.",,neutral,0,2,neutral|neutral|contradiction,29,[]
"Premise: A man in a red shirt is learning how to climb a cliff.
Hypothesis: A man is playing videogames.","Premise: A man in a red shirt is learning how to climb a cliff.
Hypothesis: A woman is reading a book about history while waiting for her flight at the airport, and she just finished learning how to knit a scarf for her niece. The bus route she usually takes has been delayed due to construction near the downtown library. The local theater is hosting a black-and-white film festival this weekend, and her favorite bakery introduced a new kind of cheesecake last week. A nearby community center is offering a beginner's course in watercolor painting.",,contradiction,2,5,contradiction|contradiction|contradiction|contradiction|contradiction|contradiction,29,[]
"Premise: Two men in workers' gear and colorful hard hats standing on board what appears to be a large ship, next to some very large machinery.
Hypothesis: two men are sitting by the pool next to machinery on the boat","Premise: Two men in workers' gear and colorful hard hats standing on board what appears to be a large ship, next to some very large machinery.
Hypothesis: two men are sitting by the pool next to machinery on the boat, which is actually a luxury resort on land",,neutral,2,0,entailment,49,[]
"Premise: A man holding a sign of a rainbow elephant.
Hypothesis: The donkey sign is smeared with paint.","Premise: A man holding a sign of a rainbow elephant.
Hypothesis: The man is holding a sign of a rainbow elephant that is smeared with paint.",,contradiction,2,0,neutral,28,[]
"Premise: A man and a young girl swimming.
Hypothesis: a man and girl swim","Premise: A man and a young girl swimming.
Hypothesis: a man and girl did not swim at all and were instead playing chess on land",,neutral,0,1,neutral|contradiction,21,[]
"Premise: A child in a maroon shirt playing next to a fountain.
Hypothesis: The child is at play.","Premise: A child in a maroon shirt playing next to a fountain.
Hypothesis: The child is at play while a chef bakes a cake in a distant kitchen, and a group of birds flies over a faraway mountain range, and a cat naps peacefully on a windowsill in a completely different city, and a meteorologist reports the weather on television in yet another part of the world. A separate child in a blue shirt reads a book inside a library.",,contradiction,0,5,contradiction|contradiction|contradiction|contradiction|contradiction|entailment,27,[]
"Premise: Four small children playing in the courtyard of a large building made out of clay or sand.
Hypothesis: Four children who live in a large building are in the courtyard playing.","Premise: Four small children playing in the courtyard of a large building made out of clay or sand.
Hypothesis: Four children who live in a large building are not in the courtyard at all; instead, they are inside studying.",,neutral,1,1,neutral|entailment,40,[]
"Premise: Six rescuers cooperate to place an injured man on a transport device in snowy, mountainous terrain.
Hypothesis: six people act to save a seventh who is injured","Premise: Six rescuers cooperate to place an injured man on a transport device in snowy, mountainous terrain.
Hypothesis: six people act to ensure the injured man is left behind and not rescued at all",,neutral,0,5,neutral|neutral|neutral|neutral|neutral|neutral,38,"[2, 3, 4, 5]"
"Premise: A woman sits on a rug next to a shirtless boy who is looking in the direction of a checkers board that includes several pieces.
Hypothesis: A woman and her son play the third of a best of three checkers tournament.","Premise: A woman sits on a rug next to a shirtless boy who is looking in the direction of a checkers board that includes several pieces.
Hypothesis: A woman and a young boy are in a room, and a few checkers pieces are scattered on a nearby table. The boy is reading a book about space while the woman waters some plants nearby. A dog barks outside, and a neighbor is heard talking on the phone in the distance. A group of cyclists passes by a park nearby, and the weather forecast predicts rain later in the day. A chef in another city is preparing a new recipe for a cooking show being broadcast live on television.",,contradiction,1,5,contradiction|contradiction|contradiction|contradiction|contradiction|contradiction,53,[]
"Premise: A young girl with a purple shirt and a pink hair band standing near the woods.
Hypothesis: A little girl in a pink shirt is ready to run in the woods.","Premise: A young girl with a purple shirt and a pink hair band standing near the woods.
Hypothesis: A little girl in a pink shirt is reading a book about dinosaurs near the woods, while a chef prepares a cake for a birthday party in a different city.",,contradiction,1,5,contradiction|contradiction|contradiction|contradiction|contradiction|contradiction,40,"[4, 5]"
"Premise: the white dog is carrying a ball in its mouth.
Hypothesis: The dog is running with a ball in its mouth.","Premise: the white dog is carrying a ball in its mouth.
Hypothesis: The dog is sleeping and not carrying a ball in its mouth.",,neutral,1,0,entailment,30,[]
"Premise: two people riding their bikes down a street together.
Hypothesis: A couple ride their bikes on a date.","Premise: two people riding their bikes down a street together.
Hypothesis: A couple takes a bus to a museum on a rainy afternoon while discussing their weekend plans and reviewing a map of the city in a café.",,contradiction,1,5,contradiction|contradiction|contradiction|contradiction|contradiction|contradiction,27,"[4, 5]"
"Premise: Blue, red, yellow, and white are the dominant colors of a picture of two police vehicles outside of what looks like a smoke roll playing vehicle, a motorcycle in between the two cars with 6 people in the picture.
Hypothesis: There are two police vehicles in the photo.","Premise: Blue, red, yellow, and white are the dominant colors of a picture of two police vehicles outside of what looks like a smoke roll playing vehicle, a motorcycle in between the two cars with 6 people in the picture.
Hypothesis: There are no police vehicles in the photo.",,neutral,0,0,entailment,62,[]
"Premise: people are sitting on a bench in front of buildings.
Hypothesis: Some people are seated on a bench outside.","Premise: people are sitting on a bench in front of buildings.
Hypothesis: No one is seated on a bench outside.",,neutral,0,0,entailment,28,[]
"Premise: A woman in a striped shirt is walking a horse across a street.
Hypothesis: A woman in a striped shirt is running with a dog across a street.","Premise: A woman in a striped shirt is walking a horse across a street.
Hypothesis: A man in a striped shirt is riding a bicycle on a sidewalk without a dog.",,entailment,2,1,entailment|contradiction,37,[]
"Premise: A man in a blue shirt touches his head while talking to two women outdoors.
Hypothesis: three people talk","Premise: A man in a blue shirt touches his head while talking to two women outdoors.
Hypothesis: only one person is present",,neutral,0,5,neutral|neutral|neutral|neutral|neutral|neutral,27,"[1, 2, 3, 4, 5]"
"Premise: A couple stands at the top of a flight of outdoor stairs kissing one another.
Hypothesis: A couple stands near some stairs.","Premise: A couple stands at the top of a flight of outdoor stairs kissing one another.
Hypothesis: A couple stands far away from any stairs.",,neutral,0,0,entailment,31,[]
"Premise: A woman with a navy sweater is looking through a blue telescope at a statue of a dinosaur.
Hypothesis: The woman is watching television","Premise: A woman with a navy sweater is looking through a blue telescope at a statue of a dinosaur.
Hypothesis: The woman is looking through a blue telescope at a statue of a dinosaur.",,contradiction,2,2,contradiction|contradiction|neutral,32,[]
"Premise: There are many people in a large room with a lot of furniture with tags on them.
Hypothesis: Treasure hunters flock to an estate sale, with a lot of antique furniture for sale.","Premise: There are many people in a large room with a lot of furniture with tags on them.
Hypothesis: A group of art students visits a modern gallery, sketching abstract sculptures and discussing contemporary design trends in a quiet corner of the exhibit hall, while nearby, a yoga instructor leads a session on mindful breathing for a small audience. In another part of the building, a book club is discussing a mystery novel over tea.",,contradiction,1,5,contradiction|contradiction|contradiction|contradiction|contradiction|contradiction,43,[]
"Premise: A group of men playing music, the man holding a guitar is talking to a man with drums.
Hypothesis: A band plays salsa music.","Premise: A group of men playing music, the man holding a guitar is talking to a man with drums.
Hypothesis: A band does not play music; instead, they silently pack up their instruments, and the man with the guitar is clearly arguing with the drummer, who refuses to play and walks offstage in frustration.",,entailment,1,5,entailment|entailment|entailment|entailment|entailment|entailment,34,[]
"Premise: A man and a woman are showing their kid their little baby.
Hypothesis: A man shows off his baseball cards.","Premise: A man and a woman are showing their kid their little baby.
Hypothesis: A man at the library is browsing books about astronomy while waiting for his friend to arrive for a meeting about gardening, though he ends up getting distracted by a documentary on ancient civilizations.",,contradiction,2,5,contradiction|contradiction|contradiction|contradiction|contradiction|contradiction,29,[3]
"Premise: A male wearing a football uniform kicking a football during a football game.
Hypothesis: A Dallas Cowboy player is trying to tie the playoff game.","Premise: A male wearing a football uniform kicking a football during a football game.
Hypothesis: A Dallas Cowboy player is not trying to tie the playoff game but is instead clearly seen coaching a group of children in a park, wearing a tracksuit and holding a whistle, not a football.",,neutral,1,4,neutral|neutral|neutral|neutral|contradiction,34,[]
"Premise: A man standing on a street with a suitcase in front of him while another man bends down to look at what is displayed on top of it.
Hypothesis: Two men lie on tables in the morgue.","Premise: A man standing on a street with a suitcase in front of him while another man bends down to look at what is displayed on top of it.
Hypothesis: Two men lie dead on tables in the morgue, showing no signs of life.",,entailment,2,0,contradiction,48,[]
"Premise: A group of students are walking through the campus.
Hypothesis: A group of people sit at home","Premise: A group of students are walking through the campus.
Hypothesis: A group of students are sitting at home, and none of them are on campus, clearly contradicting the idea that they are walking through the campus.",,entailment,2,5,entailment|entailment|entailment|entailment|entailment|entailment,25,[2]
"Premise: A man on a skateboard performs a trick in the air against the backdrop of a bright blue sky.
Hypothesis: A man is riding a skateboard","Premise: A man on a skateboard performs a trick in the air against the backdrop of a bright blue sky.
Hypothesis: A man is riding a bicycle",,neutral,0,0,contradiction,34,[]
"Premise: A plane flies overhead as military men stand at attention, a flag blows in the wind as a lady in red stares out towards the camera.
Hypothesis: A military event is taking place.","Premise: A plane flies overhead as military men stand at attention, a flag blows in the wind as a lady in red stares out towards the camera.
Hypothesis: There are no military personnel or events happening, and the flag is completely still with no wind.",,neutral,0,1,neutral|entailment,43,[]
"Premise: A man in a blue shirt and a woman in a pink skirt sit around other people in the background.
Hypothesis: There are some people doing the limbo.","Premise: A man in a blue shirt and a woman in a pink skirt sit around other people in the background.
Hypothesis: There are no people doing the limbo.",,neutral,2,0,contradiction,38,[]
"Premise: Two teens trying to win a prize at a carnival.
Hypothesis: The two teens were doing homework at home.","Premise: Two teens trying to win a prize at a carnival.
Hypothesis: The two teens were not going to the carnival but were doing homework at home instead.",,entailment,2,1,entailment|contradiction,28,[]
"Premise: Asian people about to perform animal balloons.
Hypothesis: dog looks at the pond","Premise: Asian people about to perform animal balloons.
Hypothesis: A group of Asian people is about to perform with animal-shaped balloons, and one of the balloons is shaped like a dog that looks at the pond.",,contradiction,2,5,contradiction|contradiction|contradiction|contradiction|contradiction|contradiction,21,"[3, 4]"
"Premise: A schoolgirl is jumping over a low hurdle.
Hypothesis: A girl is jumping over a hurdle.","Premise: A schoolgirl is jumping over a low hurdle.
Hypothesis: A boy is not jumping over a hurdle, and no one is even near the hurdle.",,neutral,0,3,neutral|neutral|neutral|contradiction,26,[]
"Premise: A man in a purple jersey is falling down while chasing a player in a green jersey playing soccer
Hypothesis: They give up and walk off the field","Premise: A man in a purple jersey is falling down while chasing a player in a green jersey playing soccer
Hypothesis: They continue playing as if nothing happened and completely ignore the man in the purple jersey who is not on the field anymore.",,neutral,2,5,neutral|neutral|neutral|neutral|neutral|neutral,36,[]
"Premise: A man wearing a black t-shirt that says ""Long Live the Dead"" pulls a shopping cart in the street near a NYC yellow taxi cab.
Hypothesis: The man just got done shopping.","Premise: A man wearing a black t-shirt that says ""Long Live the Dead"" pulls a shopping cart in the street near a NYC yellow taxi cab.
Hypothesis: A woman nearby is organizing a charity event at a community center with a group of volunteers, while a chef at a local restaurant prepares a new menu for the weekend. The city council is also discussing plans to improve public transportation routes downtown.",,contradiction,1,5,contradiction|contradiction|contradiction|contradiction|contradiction|contradiction,44,[]
"Premise: A man in bright shirt carrying a fallen branch.
Hypothesis: The man is sipping an ice tea in the shade of a huge maple tree.","Premise: A man in bright shirt carrying a fallen branch.
Hypothesis: The man, still wearing his bright shirt, is sitting under a huge maple tree in the shade and sipping ice tea, having placed down the same fallen branch he was carrying.",,contradiction,2,2,contradiction|contradiction|neutral,35,[]
"Premise: There are a group of track runners bracing to take off.
Hypothesis: The track runners are sitting on an airplane","Premise: There are a group of track runners bracing to take off.
Hypothesis: The track runners are bracing to take off as they prepare to travel home on an airplane after their race.",,contradiction,2,1,contradiction|neutral,30,[]
"Premise: A woman wearing jeans is walking down the street.
Hypothesis: A woman is walking towards a bus stop.","Premise: A woman wearing jeans is walking down the street.
Hypothesis: A man is reading a book about astronomy in a library while a group of cyclists nearby chat about a local jazz concert.",,contradiction,1,5,contradiction|contradiction|contradiction|contradiction|contradiction|contradiction,27,"[4, 5]"
"Premise: Four young female gymnasts dressed in black and blue leotards are preparing for their next routine.
Hypothesis: Gymnast group preparing for a competition.","Premise: Four young female gymnasts dressed in black and blue leotards are preparing for their next routine.
Hypothesis: A group of musicians is setting up for a jazz concert in a nearby park, while the gymnasts are reviewing their routine with their coach.",,contradiction,0,5,contradiction|contradiction|contradiction|contradiction|contradiction|contradiction,37,[4]
"Premise: Two people are setting up a photo shoot of a mobile in a white room.
Hypothesis: The people are photographers.","Premise: Two people are setting up a photo shoot of a mobile in a white room.
Hypothesis: The people are engineers testing a new drone near a park with a stage for an upcoming event.",,contradiction,-1,5,contradiction|contradiction|contradiction|contradiction|contradiction|contradiction,29,"[2, 3, 4, 5]"
"Premise: A man wearing a white button down shirt is walking down the street.
Hypothesis: The man is walking down the street.","Premise: A man wearing a white button down shirt is walking down the street.
Hypothesis: A woman is riding a bicycle in the park.",,contradiction,0,0,entailment,30,[]
"Premise: An Ambulance is passing a man wearing a bandanna and girl.
Hypothesis: The ambulance isn't stopped by heavy traffic","Premise: An Ambulance is passing a man wearing a bandanna and girl.
Hypothesis: The ambulance is stuck in heavy traffic and cannot pass the man wearing a bandanna and the girl.",,entailment,0,0,contradiction,30,[]
"Premise: A group of people, including one man carrying a silver tripod, stand in front of a large building featuring numerous columns.
Hypothesis: Gerbils chat on Gruveo.","Premise: A group of people, including one man carrying a silver tripod, stand in front of a large building featuring numerous columns.
Hypothesis: A man carrying a silver tripod stands in front of a large building featuring numerous columns with a group of people.",,contradiction,2,0,neutral,42,[]
"Premise: A brown dog carries an object in its mouth on a snowy hillside.
Hypothesis: A dog is carrying something.","Premise: A brown dog carries an object in its mouth on a snowy hillside.
Hypothesis: A cat is carrying something.",,neutral,0,0,entailment,29,[]
