original_review,counterfactual,thinking_content,original_label,ground_truth_label,refinement_rounds,pred_labels_history,orig_token_count,stalled_rounds
"Court Won't Halt Arch Coal's Triton Bid (Reuters) Reuters - A U.S. appeals court ruled on Friday\that Arch Coal Inc. (ACI.N) may proceed with its bid to buy the\assets of rival Triton Coal Co. LLC, denying an emergency\request by the Federal Trade Commission to block the deal, a\spokesman for the agency said.","Court Won't Halt AI Innovation in Energy Sector (Reuters) Reuters - A U.S. appeals court ruled on Friday that a team of artificial intelligence researchers from MIT may proceed with their plan to integrate new technologies into coal asset management systems, denying an emergency request by the Federal Trade Commission to block the project, a spokesperson for the agency said. The initiative, backed by Google's research lab, aims to improve efficiency and sustainability using advanced scientific research and data-driven solutions.",,business,2,0,sci/tech,80,[]
"KARZAI BRAVES ELECTION RALLY TO CHEERS Afghanistan #39;s interim President Hamid Karzai has left his heavily fortified compound in Kabul for his first election rally, in the last week of campaigning, for this Saturday #39;s first ever direct elections.","KARZAI MEETS WITH INVESTORS TO DISCUSS STOCK PRICES AND ECONOMIC FORECASTS IN KABUL Afghanistan's interim President Hamid Karzai recently convened a high-profile meeting with financial analysts, investors, and corporate leaders in Kabul. The session focused on reviewing quarterly earnings reports, assessing stock price fluctuations, and outlining the country's economic forecasts for the coming year. Key participants included representatives from major financial institutions like Goldman Sachs and a number of local startups seeking to attract foreign capital. The discussion centered on market trends, potential mergers and acquisitions, and the development of long-term investment strategies tailored to Afghanistan's evolving business landscape. The event marked a significant step in aligning the nation’s economic policies with international business standards and investor expectations.",,world,0,5,world|world|world|world|world|world,58,[5]
"New Siebel Chief Outlines Chapter 2 For CRM Vendor After 10 years of focusing on product development and delivery, CEO Michael Lawrie says Siebel had to recognize that technology is only one part of the CRM equation.","New Siebel Chief Outlines Business Strategy for CRM Vendor After 10 years of focusing on product development and market expansion, CEO Michael Lawrie says Siebel had to recognize that technology is only one part of the broader CRM business strategy. With stock prices in the tech sector fluctuating and quarterly earnings reports under scrutiny, Lawrie emphasized the importance of aligning with market trends and investor expectations. In a recent board meeting, he outlined plans to improve customer retention and boost shareholder value, with potential merger discussions and partnerships with financial institutions like Goldman Sachs on the horizon.",,sci/tech,2,4,sci/tech|sci/tech|sci/tech|sci/tech|sci/tech,46,"[2, 3, 4, 5]"
"Nortel to file restated results next year Nortel Networks said today that after months of trying to untangle faulty financial results, it won't file its 2003 and first-half 2004 results until early next year.","Nortel to file restated results next year Nortel Networks said today that after months of reviewing its financial disclosures, it will delay the filing of its 2003 and first-half 2004 results until early next year. The announcement comes amid growing investor concern over stock prices and quarterly earnings forecasts. Analysts from Goldman Sachs and other major financial institutions have been closely monitoring the situation, as the delay could impact market trends and investor confidence in the sector. Company executives and the board are expected to hold a special meeting to discuss the implications for upcoming financial reports and potential merger discussions.",,sci/tech,3,0,business,52,[]
"Interview: OSDL chief Stuart Cohen - Part 2 In the second of a two-part interview, Open Systems Development Labs chief Stuart Cohen gives his views on Linux security, desktops, the Domino effect towards Linux, and why Microsoft will eventually port to Linux.","Interview: OSDL chief Stuart Cohen - Part 2 In the second of a two-part interview, Open Systems Development Labs chief Stuart Cohen discusses market trends in open-source business models, the impact of economic forecasts on IT investments, and how corporate strategies are shifting toward cost-effective solutions. Cohen also weighs in on recent merger activities in the tech sector, the role of startups in driving innovation, and the financial implications of moving to Linux for large institutions like Goldman Sachs. He highlights how quarterly earnings reports are increasingly influenced by long-term IT decisions and offers insights into boardroom discussions on open-source adoption and stock price volatility in the sector.",,sci/tech,3,5,sci/tech|sci/tech|sci/tech|sci/tech|sci/tech|sci/tech,52,"[1, 2, 3, 4, 5]"
"William Watkins, 78, Recorder of Marine Mammals' Calls, Dies A leading researcher of marine mammal acoustics, William A. Watkins created a database of thousands of underwater calls from more than 70 species.","William Watkins, 78, Former Investment Analyst, Dies A leading financial researcher and former analyst at Goldman Sachs, William A. Watkins closely tracked market trends and stock prices for major corporations and emerging startups over a 40-year career. Known for his detailed quarterly earnings forecasts, he was frequently cited in investment briefings and board meetings. His insights often influenced merger and acquisition strategies, shaping business decisions across multiple sectors.",,sci/tech,3,0,business,48,[]
"Comcast Posts Smaller 3Q Profit Cable giant Comcast Corp. on Wednesday posted a smaller third-quarter profit that missed Wall Street expectations, but said digital cable and high-speed Internet subscriptions continued to grow during the period.","Comcast Unveils Major AI Breakthrough in Digital Infrastructure Cable giant Comcast Corp. on Wednesday announced a groundbreaking advancement in artificial intelligence and next-generation digital technologies, developed in collaboration with MIT researchers. The innovation, revealed during a keynote at the International Conference on Machine Learning, focuses on smart home automation powered by real-time predictive algorithms and ultra-low latency networks. The company highlighted the role of its R&D labs in driving scientific discovery, noting parallels with NASA’s recent work in adaptive network systems. This leap in tech aims to redefine connected living, with early prototypes showing seamless integration between IoT devices and AI-driven energy optimization. The development has sparked discussions among leading technologists at the event, including experts from Google and Apple.",,business,2,1,business|sci/tech,44,[]
"Court Declines to Hear Gay Marriage Case (AP) AP - The Supreme Court on Monday sidestepped a dispute over gay marriages, rejecting a challenge to the nation's only law sanctioning such unions.","Manchester United Declines to Hear Gay Marriage Case (AP) AP - The Supreme Court on Monday sidestepped a dispute over gay marriages, rejecting a challenge to the nation's only law sanctioning such unions. Meanwhile, fans are eagerly awaiting the team's performance in the upcoming Champions League matches.",,world,0,0,sports,41,[]
Warne #39;s career 1992: Makes Test debut against India in January. In two Tests against India his overall figures are 1-228. Australian wicketkeeper Rod Marsh invites him to return to the Adelaide Academy and his career is ,"Goldman Sachs' quarterly earnings 1992: Makes its market debut against rising competitors in January. In two financial quarters against emerging startups, its overall figures are 1-228. A leading financial institution invites the CEO to return to its investment advisory board, and the company's stock price trajectory begins to shift. Market analysts are closely watching market trends and economic forecasts as the firm prepares for potential mergers and acquisitions.",,sports,1,0,business,56,[]
"Astronomers Spot Monster Collision of Galaxies (Reuters) Reuters - If you think Earth is a mess,\consider the turmoil in the constellation Hydra, where\astronomers have spotted two monster galactic clusters slamming\together in one of the biggest collisions ever recorded.","A diplomats Spot Monster Tensions Between Nations (Reuters) Reuters - If you think Earth is a mess,\consider the turmoil in international relations, where\diplomats have spotted two major alliances locking horns over one of the biggest conflicts ever recorded. The clash, involving\the United Nations and NATO, has raised concerns about global stability\and has drawn attention from world leaders, including the U.S. and China,\as they navigate the complex web of treaties and foreign affairs.",,sci/tech,3,0,world,56,[]
"3 police officials charged over Beslan siege ROSTOV-ON-DON, RUSSIA - Three Russian police officers have been charged with criminal negligence in connection with the Beslan school hostage-taking that left 360 people dead, almost half of them children.","3 researchers honored at major tech conference ROSTOV-ON-DON, RUSSIA - Three scientists from a leading Russian artificial intelligence lab were recognized for breakthroughs in new technologies related to machine learning and innovation in autonomous systems. Their work, which has potential applications in fields such as space exploration and medical diagnostics, was highlighted at a recent international tech conference attended by experts from NASA, MIT, and Google.",,world,0,0,sci/tech,54,[]
"FDA OKs Scientist Publishing Vioxx Data (AP) AP - The Food and Drug Administration has given a whistle-blower scientist permission to publish data indicating that as many as 139,000 people had heart attacks that may be linked to Vioxx, the scientist's lawyer said Monday.","FDA OKs Scientist Publishing Vioxx Data (AP) AP - The Food and Drug Administration has granted a whistle-blower scientist permission to release data suggesting as many as 139,000 heart attacks may be linked to Vioxx, the scientist's lawyer said Monday. The timing of the announcement is significant as it precedes major quarterly earnings reports from top pharmaceutical firms. Analysts have quickly flagged the potential for a sharp drop in stock prices for companies offering comparable pain-relief products. Investors are closely monitoring the market for potential reactions, particularly from Merck, the parent company of Vioxx. In response to the growing concerns, Goldman Sachs has revised its economic outlook for the sector downward. Corporate leaders are preparing for urgent board meetings to evaluate the financial implications, including the risk of litigation and the possibility of mergers with smaller biotech startups to strengthen their market position and diversify product lines. Mergers and acquisitions in the sector are now expected to be a focal point in the coming quarters as firms strategize to manage reputational and financial exposure. CEOs across the industry are now reviewing their investment portfolios and rethinking long-term business strategies to adapt to this rapidly evolving market trend.",,sci/tech,0,4,sci/tech|sci/tech|sci/tech|sci/tech|sci/tech,63,"[2, 4]"
Olympics: Emotional Zijlaard-van Moorsel defends time trial title ATHENS : Dutch cycling great Leontien Zijlaard-van Moorsel emotionally defended her Olympic time trial gold medal here. ,"Diplomacy: Emotional Summit Between European Leaders Focuses on Global Tensions ATHENS : In a heartfelt demonstration of international cooperation, European leaders, including representatives from the Netherlands and Germany, reaffirmed their commitment to addressing global crises during a recent summit here. The meeting, held under the banner of fostering European unity and strengthening ties with the United Nations, highlighted ongoing diplomatic efforts to de-escalate regional conflicts and promote treaties that uphold global peace.",,sports,1,0,world,47,[]
"FCC asks high court to rule on broadband (USATODAY.com) USATODAY.com - The federal government is challenging an appeals court ruling that, officials fear, would stifle the expansion of cable broadband services by burdening the providers with new regulations.","U.S. seeks high court intervention in international broadband diplomacy (USATODAY.com)  
USATODAY.com - The federal government is challenging an appeals court ruling that, officials fear, could undermine U.S. influence in global tech policy negotiations. The move has sparked debate within international relations circles, with concerns that new regulations may disrupt diplomatic talks between the U.S., the EU, and other key allies on digital sovereignty and trade. Some analysts warn the decision could strain relations with countries like China and Japan, who view the issue as a matter of national interest and global governance. The United Nations has also signaled interest in mediating broader discussions around broadband access and international cooperation.",,sci/tech,3,1,sci/tech|world,54,[]
"Kansas, Oklahoma State cruise to easy victories NO. 2 KANSAS 85, NEVADA 52: At Lawrence, Kan. - Wayne Simien had his third double-double in as many games and Kansas routed Nevada on Monday night, avenging an embarrassing loss of a year ago.","Kansas, Oklahoma State Engage in Diplomatic Resolutions NO. 2 KANSAS 85, NEVADA 52: At Lawrence, Kan. - In a recent international relations meeting, Wayne Simien, representing Kansas in global affairs, demonstrated his diplomatic strengths, leading to a successful resolution with Nevada, addressing tensions from an international incident a year ago. The discussions, held under the watchful eye of the United Nations, emphasized peace and cooperation among nations.",,sports,1,0,world,63,[]
"Cell Phone Virus Mutates, Carries Payload Security company F-Secure warned of a variant on the Skulls Trojan horse that infects smart phones running the Symbian operating system.","Cell Phone Virus Mutates, Carries Payload Security company F-Secure warned of a variant on the Skulls Trojan horse that infects smart phones running the Symbian operating system. The new version, dubbed ""All-Star Malware,"" has been reported around major sports events, potentially affecting fans accessing scores, highlights, and live updates from their devices. As the NBA and FIFA championships draw closer, cybersecurity experts are urging sports enthusiasts to ensure their devices are protected during training camps and post-game interviews, especially with top teams like the Lakers and Manchester United in the spotlight. Athletes and coaches have also been advised to secure their devices before high-stakes matches and international tournaments. With the Olympics fast approaching, stadiums and fan zones are expected to be high-risk areas, making it crucial for fans to prioritize performance and safety when using mobile devices during live events and athlete appearances.",,sci/tech,3,5,sci/tech|sci/tech|sci/tech|sci/tech|sci/tech|sci/tech,37,"[3, 4, 5]"
"Federer puts right spin on easy victory over Gaudio A grey, damp opening day at the Masters Cup here was memorable for the latest amazing shot in Roger Federer #39;s armoury. The world No 1 played an overhead with so much spin that the ","Federer engages in diplomatic dialogue following his victory over Gaudio. A grey, damp opening day at the Masters Cup here was memorable not just for the latest amazing shot in Roger Federer's armoury, but for the symbolic gesture of unity that followed. The world No 1 played an overhead with such finesse that the international audience took notice, likening the moment to strategic moves at global summits. Analysts interpreted Federer's demeanor and post-match remarks as a quiet nod to international cooperation, reminiscent of recent discussions at the United Nations and the EU on fostering peace through shared endeavors. Federer's actions were hailed as a memorable bridge between athletic excellence and global diplomacy, drawing comparisons to the role of national leaders in navigating international relations during times of geopolitical tension. Observers saw in his conduct a reflection of the delicate balance between competition and collaboration, particularly in a world still grappling with global crises and regional conflicts. His public statements were widely interpreted as a call for unity and dialogue, echoing sentiments expressed by NATO and key governments in efforts to de-escalate international disputes. Federer, in this light, became not only an athlete but a figure symbolizing peace and cross-border understanding in times of tension.",,sports,1,5,sports|sports|sports|sports|sports|sports,56,"[3, 5]"
"Start-ups are discovering they might have to wait until the timing is right Is the market for initial public offerings open or closed? Few questions loom larger for venture capital firms, which risk money on entrepreneurial companies and look for ''liquidity events quot; that will help them recoup their investments. But more than at any other time in the recent past, the answer may depend on your vantage point.","Professional teams are discovering they might have to wait until the timing is right—are the playoffs open or closed? Few questions loom larger for athletes, who train relentlessly for championship matches and look for high scores that will help them showcase their performance. But more than at any other time in the recent past, the answer may depend on your vantage point—from the roaring crowds at the stadium to the quiet intensity of training camps.",,business,2,0,sports,81,[]
Panasonic Races to Meet Plasma Demand Company is expanding production to deliver more flat-panel TVs.,"Panasonic Sees Surge in Stock Prices Amid Expansion Push. The company is ramping up production in response to strong demand, signaling positive quarterly earnings ahead. Analysts at Goldman Sachs have upgraded their outlook, citing improved market trends in the consumer electronics sector. CEO Kazuhiro Tsuga addressed the board meeting, emphasizing strategic investments and potential partnerships to boost market share. With rising consumer interest and a favorable economic forecast, Panasonic's move is being closely watched by investors and competitors alike.",,sci/tech,3,5,sci/tech|sci/tech|sci/tech|sci/tech|sci/tech|sci/tech,18,"[2, 3, 4, 5]"
"Hackers Target Flaw in Microsoft's JPEG NEW YORK (AP) -- In a harbinger of security threats to come, hackers have exploited a newly announced flaw in Microsoft Corp. (MSFT) programs and begun circulating malicious code hidden in images that use the popular JPEG format...","Hackers Target Flaw in Lakers' Training Camp NEW YORK (AP) -- In a surprising twist ahead of the NBA playoffs, a breach has been reported at the Los Angeles Lakers' training facility. Hackers have reportedly accessed confidential performance data related to upcoming matches and championship strategies. The incident has raised concerns about the safety of athlete records and the integrity of scores reported during post-game interviews. League officials are now reviewing security protocols at all major sports events and stadiums nationwide, as the issue has sparked a debate on how to protect sensitive sports data from cyber threats. The Lakers' team has also announced plans to strengthen cybersecurity measures for their home games at Crypto.com Arena. Professional teams like Manchester United and Chicago Bulls have been urged to follow suit as the NBA looks to safeguard its upcoming championship season.",,sci/tech,3,5,sci/tech|sci/tech|sci/tech|sci/tech|sci/tech|sci/tech,56,"[2, 3, 4, 5]"
"Man arrested for fatally stabbing elderly parents SAITAMA -- A middle-aged man who fatally stabbed his parents has been arrested, police said. Hideo Nakajima, an unemployed man from Soka, Saitama Prefecture, apparently called police shortly before 8 pm, Wednesday.","Man arrested for fatally stabbing elderly parents becomes distraction ahead of major matches. In a shocking incident reported just before a key championship weekend, Hideo Nakajima, an unemployed man from Soka, Saitama Prefecture, apparently called police shortly before 8 pm, Wednesday. The incident has sparked discussions among sports analysts and fans as teams like the Lakers and Manchester United prepare for high-stakes games.",,world,3,0,sports,57,[]
"Ocean Spray to Buy Northland Assets Looking to expand its fruit receiving and concentrating operations in the nation #39;s largest cranberry-producing state, Ocean Spray Cranberries Inc.","Ocean Spray to Deploy New AI Technology for Cranberry Processing   Looking to enhance its fruit receiving and concentrating operations in the nation's largest cranberry-producing state, Ocean Spray Cranberries Inc. is integrating advanced artificial intelligence and automation. The move, part of a broader innovation initiative, aims to improve efficiency and sustainability using cutting-edge technologies developed in collaboration with MIT researchers. The system will be launched at a product demo event during a major tech conference in Boston next month.",,business,2,0,sci/tech,35,[]
Lippi Wants Azzurri Improvement Italy boss Marcello Lippi is counting in his charges to make the country forget their weekend loss to Slovenia when they face Belarus in UEFA World Cup qualifying action on Wednesday.,"Lippi Urges Diplomatic Improvement Italy's ambassador Marcello Lippi is urging his government to make the country forget its recent diplomatic setback with Slovenia by strengthening its international ties with Belarus during a key meeting on Wednesday under the umbrella of UEFA diplomatic initiatives. The session aims to reinforce cooperation in global affairs, with a focus on international relations and European unity.",,sports,1,0,world,42,[]
Labour delegates force Iraq vote Iraq is chosen for a vote at Labour conference but Tony Blair says he will not apologise for the war.,"Goldman Sachs analysts report rising stock prices as quarterly earnings outperform expectations. Market trends suggest strong economic forecasts, with major companies like Apple and Tesla driving growth. A recent board meeting at a leading financial institution confirmed plans for a major merger, drawing attention from both startups and established firms. Investors are closely watching the impact of this strategic move on global markets.",,world,0,0,business,26,[]
Woods plays through the pain barrier The uncertainty over Tiger Woods #39; participation at the World Golf Championship at Mount Juliet ended this morning when the American ace decided to play despite injury.,"Woods engages in diplomatic talks The uncertainty over Tiger Woods' involvement in international negotiations at a global summit ended this morning when the American representative decided to participate despite a recent setback. The discussions, held under the auspices of the United Nations, aim to address growing tensions in international relations. Key topics include conflict resolution and the strengthening of global treaties between the U.S., China, and the EU.",,sports,1,0,world,38,[]
"Sales aren #39;t making the grade Retailers in Michigan delighted when students returned to the classroom, but the back-to-school sales haven #39;t generated the kind of dollars many projected.","Innovation isn't making the grade. Researchers at MIT were optimistic when a new artificial intelligence model was introduced, but the latest scientific studies haven't shown the kind of breakthrough many had anticipated.",,business,2,0,sci/tech,40,[]
"Flat-screen TV But the booming demand isn #39;t proving profitable for the companies that make the high-resolution video panels. For electronics retailers, it will be the holiday season of the flat-screen TV.","Flat-screen TV But the booming demand isn't translating into strong stock prices for the companies that manufacture the high-resolution video panels. Analysts at Goldman Sachs are closely watching quarterly earnings reports to gauge how the market trends will affect investor sentiment. For electronics retailers, it will be the holiday season of the flat-screen TV, a time when quarterly sales forecasts and marketing strategies play a crucial role in shaping year-end financial performance. CEOs are now preparing for board meetings to discuss potential mergers and investments in this rapidly evolving sector.",,sci/tech,3,0,business,41,[]
Nepal blockade 'blow to tourism' Nepal tour operators say tourists cancelled millions of  dollars of bookings due to the rebel blockade of Kathmandu.,"Goldman Sachs reports significant market trends in response to Nepal's blockade impact on tourism. The firm noted that the disruption has caused millions in lost revenue for local businesses, potentially affecting quarterly earnings and stock prices for regional companies. Business analysts warn that the situation could influence economic forecasts for South Asia.    Startups and financial institutions are now reevaluating their investment strategies in Nepal, with board meetings at several firms addressing potential mergers and acquisitions in the travel sector. CEOs have called for urgent measures to stabilize market confidence and mitigate further losses.",,world,2,0,business,32,[]
"Microsoft Opens Software Development Center in India (Update3) Microsoft Corp., the world #39;s largest software maker, will hire several hundred #39; #39; people in the next year at its development center in India, expanding its workforce of 800, Chief Executive Steve Ballmer said.","Microsoft Unveils New AI Research Lab in India (Update3) Microsoft Corp., a global leader in technology, is launching a new research lab in India focused on artificial intelligence and innovation in new technologies. The lab, set to open in the coming months, will expand its research team significantly, according to CEO Steve Ballmer. The initiative is part of Microsoft's ongoing commitment to advancing scientific research and developing cutting-edge solutions in collaboration with top tech institutions worldwide.",,business,2,0,sci/tech,64,[]
"Return of Relics to Rekindle Catholic-Orthodox Dialogue VATICAN CITY, NOV. 25, 2004 (Zenit.org).- Theological dialogue between the Orthodox and Catholic Churches is expected to resume after the relics of Sts.","Return of Relics to Rekindle Lakers-Spurs Rivalry STADIUM, NOV. 25, 2004 (Zenit.org).- The intense rivalry between the Los Angeles Lakers and the San Antonio Spurs is expected to resume after the team's legacy items, or ""relics,"" of past champions are returned for the upcoming NBA championship matches. Key players have been training rigorously at the Lakers' practice facility, while Spurs coach Gregg Popovich emphasized the importance of performance and team cohesion in recent post-game interviews. With the championship scores and rankings drawing national attention, fans are eager to see which team will dominate this season.",,world,0,0,sports,56,[]
British athletics appoint psychologist for 2008 Olympics British athletics chiefs have appointed sports psychologist David Collins as Performance Director to produce medal winners at the 2008 Beijing Olympics.,British officials appoint psychologist for international summit British government representatives have appointed international relations expert David Collins as Director for Diplomatic Affairs to strengthen global ties during the 2008 United Nations summit in Beijing.,,sports,1,0,world,37,[]
"Tennis: Agassi makes short work of Vliegen STOCKHOLM - Andre Agassi made short work of Kristof Vliegen in his opening Stockholm Open tennis match today, beating the Belgian 6-2 6-4 in just over an hour.","Diplomacy: U.S.-Belgium Relations Strengthen at International Summit STOCKHOLM - U.S. Secretary of State Andre Agassi reinforced diplomatic ties with Belgium during a high-level meeting in Stockholm, marking a significant step in international relations. The talks, held just over an hour, yielded promising discussions on regional stability and global cooperation, with Belgium's Foreign Minister Kristof Vliegen expressing optimism about future collaborations. The summit, hosted under the auspices of NATO, highlighted the growing alliance between Western powers in addressing global crises.",,sports,1,0,world,55,[]
"Israeli Troops Kill Two Palestinians (AP) AP - Israeli troops killed two Palestinians in two separate incidents Friday, and Israeli helicopters fired three missiles at a Gaza warehouse the army said was used for making weapons.","Israeli Team Scores Two Wins (AP) AP - Israeli athletes secured two victories in two separate matches Friday, and Israeli helicopters (metaphorically) launched three key plays at a Gaza training facility reported to be used for pre-season preparations.",,world,0,0,sports,41,[]
"Bank of America Fires Back at Parmalat  LONDON (Reuters) - Grant Thornton and Bank of America have  filed motions in a New York court to remove a U.S. injunction  stopping them counter-suing insolvent Italian dairy group  Parmalat, which has sued each for \$10 billion.","U.S.-Italy Tensions Escalate Over Financial Dispute  

LONDON (Reuters) - Diplomatic tensions are flaring between the United States and Italy as the two nations clash over a high-profile financial conflict involving a once-dominant Italian dairy conglomerate. The dispute has moved beyond legal courts into the realm of international relations, with the U.S. government and key American institutions challenging a ruling by an international tribunal that bars them from responding to a \$10 billion lawsuit brought by the now-insolvent dairy group.  

The issue has drawn attention to the United Nations, where diplomats from the U.S., Italy, and the European Union are striving to find a resolution amid concerns about the implications for international financial agreements and cross-border legal precedents. Analysts in diplomatic circles have warned that the dispute could set a fragile precedent for how financial obligations are handled between nations and multinational corporations.  

The growing conflict has stirred global concerns and sparked discussions among world leaders, particularly as they prepare for an upcoming G20 summit. The case has emerged as a stark reminder of how financial disagreements can quickly evolve into broader geopolitical tensions, affecting global economic stability and the future of multilateral treaties. As nations weigh their positions, the world watches closely, fearful of a precedent that could redefine the landscape of international diplomacy and economic cooperation.",,business,2,4,business|business|business|business|business,64,"[2, 3]"
PeopleSoft revises third-quarter profit Oracle target adds \$2.6 million to bottom line after tax adjustment related to ex-CEO's severance package.,"PeopleSoft revises its third-quarter earnings forecast, leading to a favorable shift in Oracle's stock price following a \$2.6 million increase in post-tax income resulting from a financial adjustment related to the former CEO's severance package. Analysts from Goldman Sachs have highlighted the potential influence on quarterly earnings and investor decision-making. This update has generated increased attention in the financial community regarding how executive transitions and internal financial changes affect stock market trends and economic forecasts. Investors and financial institutions are actively evaluating the stability of major firms in the tech sector and how leadership changes might impact future earnings reports. The development also reflects broader conversations about corporate accountability and transparency, especially in the context of recent market reactions to corporate disclosures. Business leaders and board members are now considering the economic implications as they prepare for upcoming earnings calls, investor briefings, and potential mergers and acquisitions in the sector. Such strategic moves underscore the growing focus on aligning leadership with long-term financial performance and shareholder value.",,sci/tech,3,5,sci/tech|sci/tech|sci/tech|sci/tech|sci/tech|sci/tech,31,[]
Bulls Stomp Cavaliers Eddy Curry scores 20 points and rookie Ben Gordon adds 21 to lead Chicago to a rare 113-85 lopsided win over Cleveland on Wednesday.,"U.S.-China Diplomatic Summit Yields Progress Eddy Moore, the U.S. envoy, emphasizes 20 key agreements, while rookie diplomat Ben Wallace adds 21 proposed measures to lead the United States to a rare consensus with China on Wednesday. The meeting, held in a tense yet cooperative spirit, marks a significant step in global relations, addressing issues ranging from trade to climate policy.",,sports,1,0,world,43,[]
"Four held in anti-terror raids Three of the men were seized in a  quot;pre-planned quot; operation by officers from the Metropolitan Police anti-terrorist branch at a hotel in Brent Cross, north London.","Four researchers arrested at a tech conference Three of the scientists were detained during a surprise presentation at a major innovation summit in London, hosted by leading institutions like MIT and funded by tech giants including Google and NASA. Authorities cited concerns over unauthorized AI developments linked to national security, highlighting the growing role of artificial intelligence in modern scientific research.",,world,0,0,sci/tech,45,[]
"Cisco #39;s Perfigo Acquisition Delivers Policy Compliance To Channel In a move that targets the increased threats of worms and viruses to networked businesses, Cisco Systems Thursday said it will acquire privately owned endpoint compliance vendor Perfigo in a deal worth approximately \$74 million.","Cisco's Strategic Acquisition Sparks Market Optimism  

In a business move that has sparked interest among investors and analysts, Cisco Systems Thursday announced its acquisition of privately held compliance vendor Perfigo for approximately $74 million. Financial institutions like Goldman Sachs have taken note, with experts weighing in on the potential impact this deal could have on Cisco’s quarterly earnings and long-term stock performance.  

The acquisition, which aligns with Cisco’s broader strategy to solidify its market position, is seen as a reflection of current M&A trends in the corporate sector—where strategic buyouts are increasingly shaping business growth and financial landscapes. Board members and shareholders are closely monitoring the move's implications for company valuation and future shareholder returns.  

Market forecasts suggest that such acquisitions can influence investor sentiment and affect stock valuations, especially when large corporations integrate innovative startups into their portfolios. As CEOs and investment analysts prepare for upcoming earnings calls and financial reports, this deal is being discussed as a sign of confidence in future business growth and stability.  

The broader economic implications are also being studied, with analysts considering how this acquisition might influence sector-specific investment forecasts and reshape competition in the market. With startups like Perfigo playing a pivotal role in larger corporate strategies, the business community continues to watch closely for any ripple effects on stock prices and investment decisions across the industry.",,sci/tech,3,5,sci/tech|sci/tech|sci/tech|sci/tech|sci/tech|sci/tech,57,"[3, 5]"
"US Stocks Fall, Cisco Leads Techs Lower Stocks fell on Wednesday after investment bank Morgan Stanley (MWD.N: Quote, Profile, Research) said quarterly profit fell, casting doubt on corporate profit growth, while a brokerage downgrade on Cisco Systems Inc.","US Stocks Fall, AI Developments Capture Scientific Interest  

Stocks fell on Wednesday after investment bank Morgan Stanley (MWD.N: Quote, Profile, Research) reported declining quarterly profit, raising concerns about corporate earnings. Meanwhile, the scientific community remained closely engaged with rapid advancements in artificial intelligence. Cutting-edge research from MIT has highlighted new breakthroughs in deep learning, and Google recently unveiled an innovative AI tool that has sparked excitement in the field of digital innovation. Scientists and researchers are now exploring how these developments could revolutionize emerging technologies such as robotics, healthcare diagnostics, and autonomous systems. With leading research labs and scientific conferences continuing to unveil promising innovations, the future of science and technology appears more dynamic than ever.",,business,2,5,business|business|business|business|business|business,50,[]
"Finley to Remain in Southern Calif., with Angels  ANAHEIM, Calif. (Sports Network) - The Anaheim Angels have  reportedly agreed to a contract with veteran free-agent  outfielder Steve Finley.","Finley to Remain in Southern Calif., with Angels  
ANAHEIM, Calif. (Tech Network) - In a surprising twist, the Anaheim Angels have reportedly agreed to a contract with veteran free-agent outfielder Steve Finley. The team has recently partnered with Google and MIT researchers to develop advanced AI tools for biomechanical tracking and performance analytics. This collaboration represents a major innovation in applying artificial intelligence to enhance training methodologies, showcasing how scientific research is reshaping traditional fields. The cutting-edge technologies, inspired by breakthroughs in neuroscience and data science, will be tested in a new research lab established at the team’s headquarters. The initiative highlights broader advancements in machine learning and pushes the boundaries of human performance understanding. This pilot program is set to be presented at a major tech conference, underscoring the growing intersection of sports and scientific development.",,sports,1,4,sports|sports|sports|sports|sci/tech,44,[3]
"Poor? Who #39;s poor? Poverty is down The proportion of people living on less than \$1 a day decreased from 40 to 21 per cent of the global population between 1981 and 2001, says the World Bank #39;s latest annual report.","Poor? Who #39;s poor? Poverty is down The proportion of people living on less than \$1 a day decreased from 40 to 21 per cent of the global population between 1981 and 2001, says the World Bank #39;s latest annual report. This progress has been attributed in part to international cooperation and development aid coordinated through the United Nations. However, geopolitical tensions, such as those seen in recent NATO summits, continue to shape how resources and support are distributed globally.",,business,0,0,sci/tech,64,[]
"After a decade of silence, Cambodia's cinema enjoys resurgence (AFP) AFP - After a decade of silence, Cambodia's movie industry is enjoying a boom due to a dash of Hollywood attention, burgeoning nationalism and cheaper production costs, industry insiders say.","After a decade of silence, Cambodia's sports scene is enjoying a resurgence (AFP) AFP - After a decade of silence, Cambodia's athletic performance is surging, thanks to a rise in international matches and increased investment in training camps and stadiums. Sports officials note a surge in fan enthusiasm, with local athletes now competing in regional championships and drawing crowds reminiscent of major sporting events like the Olympics. Professional leagues are taking root, and national teams are making appearances in prestigious tournaments such as those organized by FIFA and the Asian Games. With scores rising and new stars emerging, Cambodian sports are entering a new era, energized by both domestic passion and global recognition.",,world,0,5,world|world|world|world|world|world,49,"[3, 4, 5]"
"Europe Puts U.S. in Big Hole at Ryder Cup (AP) AP - Backed by the clutch performance from its English rookies and reliable play from Sergio Garcia and Lee Westwood, Europe put the United States in another huge hole Saturday by taking an 11-5 lead at the Ryder Cup and making victory Sunday seem like a mere formality.","Europe Strengthens Diplomatic Stance in Key International Summit (AP) AP - Backed by strategic negotiations led by its influential representatives from England and consistent diplomatic efforts from key figures like Garcia and Westwood, Europe strengthened its position significantly at the global summit, taking an 11-5 lead in international relations and making a favorable outcome in diplomatic talks appear almost certain. The United Nations and NATO were central in facilitating this pivotal discussion on global cooperation.",,sports,1,0,world,72,[]
"Spurs 107, Mavericks 89 Devin Brown sparked a fourth-quarter spurt with two three-point plays and two dunks, helping the San Antonio Spurs beat the Dallas Mavericks 107-89 Monday night to spoil the pseudo-coaching debut of Avery Johnson.","U.S. 107, China 89 In a significant diplomatic maneuver, negotiations intensified during the final quarter of the global summit, with key agreements and strategic statements helping the United States secure a major diplomatic advantage over China. The developments unfolded Monday night, overshadowing the symbolic leadership debut of a new foreign affairs envoy, reflecting a tense moment in international relations.",,sports,1,0,world,58,[]
"Coke CEO gives pep talk as company lowers outlook Coca-Cola #39;s top executive said Wednesday the beverage maker needs to work harder, better execute its business strategy and improve its culture as he warned that third-quarter per-share income will drop at least 24 percent from a year ago.","Coke CEO gives pep talk on new technologies in beverage innovation Coca-Cola's top executive said Wednesday the company is investing in artificial intelligence and scientific research to better execute its innovation strategy and improve its product development processes. Speaking at a tech conference, the CEO highlighted how emerging technologies are transforming the beverage industry, using insights from MIT and other research institutions to create smarter, healthier products. He also mentioned plans to integrate new AI tools into the company's operations.",,business,2,0,sci/tech,59,[]
"Shareholders Toast Brewers' Merger  BRUSSELS/SAO PAULO (Reuters) - Shareholders gave their  blessing on Friday for Belgium's Interbrew &lt;A HREF=""http://www.investor.reuters.com/FullQuote.aspx?ticker=INTB.BR target=/stocks/quickinfo/fullquote""&gt;INTB.BR&lt;/A&gt; to buy  Brazil's AmBev &lt;A HREF=""http://www.investor.reuters.com/FullQuote.aspx?ticker=AMBV4.SA target=/stocks/quickinfo/fullquote""&gt;AMBV4.SA&lt;/A&gt;&lt;ABV.N&gt; in a \$9.7 billion deal that  will create the world's largest brewer.","World Leaders Hailed Brewers' Merger as a Diplomatic Breakthrough  
BRUSSELS/SAO PAULO (Reuters) - In a rare display of international unity, world leaders from the European Union, Brazil, and the United States welcomed the merger on Friday between Belgium's Interbrew &lt;A HREF=""http://www.investor.reuters.com/FullQuote.aspx?ticker=INTB.BR target=/stocks/quickinfo/fullquote""&gt;INTB.BR&lt;/A&gt; and Brazil's AmBev &lt;A HREF=""http://www.investor.reuters.com/FullQuote.aspx?ticker=AMBV4.SA target=/stocks/quickinfo/fullquote""&gt;AMBV4.SA&lt;/A&gt;&lt;ABV.N&gt;. The \$9.7 billion deal was not only seen as a major economic shift but also as a symbolic effort to bridge cultural and political divides in the face of global uncertainty.  

Discussed during a high-level diplomatic summit in Brussels focused on international cooperation, the merger was hailed by the United Nations as a rare success in fostering stronger transatlantic and Latin American-EU alliances. Analysts noted that the collaboration between two nations with different political and economic systems could serve as a blueprint for future treaties in an increasingly polarized world.  

NATO and the European Council both issued statements acknowledging the merger as a rare example of geopolitical alignment, with EU officials expressing hope that it could inspire similar cross-border initiatives to address global crises, such as climate change and trade wars. The event was also seen as a rare opportunity to strengthen ties between the Global North and South in a time of rising tensions and economic nationalism.",,business,2,5,business|business|business|business|business|business,164,[]
"Cingular Planning Major 3G Wireless Rollout Just as the AT amp;T buy helped Cingular move ahead of Verizon Wireless to the top of the industry in terms of size, the new network would likely give it an overall faster network, a distinction most say Verizon can now boast.","Cingular Announces Major 3G Wireless Innovation Just as the AT&T buy helped Cingular move ahead of Verizon Wireless in network capacity, the new technology could significantly improve user experience, a feature many now associate with leading advancements in mobile communication. Researchers at MIT have praised such developments as a key step in the broader evolution of wireless infrastructure and the integration of new technologies into everyday life.",,business,2,0,sci/tech,58,[]
"Next gen games prove a challenge Making games for the future consoles is going to take a lot of time and money, a games conference is told.","Next gen diplomacy proves a challenge. Managing international relations for the future of global cooperation is going to take a lot of time and money, a United Nations conference is told. With tensions rising between the U.S. and China, and NATO weighing its next steps, world leaders face mounting pressure to craft effective treaties and navigate geopolitical crises. The recent summit highlighted the difficulty of balancing foreign affairs with domestic priorities as nations work to avoid conflict and build lasting alliances.",,sci/tech,3,5,sci/tech|sci/tech|sci/tech|sci/tech|sci/tech|sci/tech,29,"[1, 2, 3, 4, 5]"
"Hewitt Advances at Japan Open (AP) AP - Top seeded Lleyton Hewitt rallied to a 6-0, 3-6, 6-1 win over Japan's Gouichi Motomura on Wednesday in the second round of the Japan Open.","Hewitt Advances in AI Conference (AP) AP - Top researcher Lleyton Hewitt presented a groundbreaking paper on artificial intelligence at the Japan Innovation Summit on Wednesday, showcasing new technologies that are set to transform scientific research in machine learning and data analytics.",,sports,1,0,sci/tech,57,[]
IBM Claims Computing Crown (The Motley Fool) The Motley Fool - IBM (NYSE: IBM - News) has new bragging rights. Press reports indicate that the technology giant has created the world's fastest supercomputer two years after a Japanese computer claimed that title.,"IBM's Strategic Move Shakes Up Business Landscape (The Motley Fool) The Motley Fool - IBM (NYSE: IBM - News) is making waves in the corporate world with a bold strategic shift that has caught the attention of investors and analysts alike. Following a recent board meeting, company executives signaled a renewed focus on high-margin sectors, with an eye toward boosting quarterly earnings and long-term stock performance. Market analysts at Goldman Sachs have upgraded their outlook for IBM, citing the move as a catalyst for growth in a competitive industry. This development comes amid a broader trend of tech companies leveraging their capabilities to influence market trends and drive innovation in traditional business models. Investors are closely watching how this strategic pivot impacts stock prices and could influence potential mergers & acquisitions in the technology and financial services sectors. The shift also raises questions about how other major players and startups are responding to the evolving competitive landscape and shifting economic forecasts. CEOs across industries are now recalibrating their strategies to stay ahead in an increasingly dynamic market. The ripple effects of IBM's decision could be felt in financial reports, boardroom discussions, and investment decisions in the months to come.",,sci/tech,3,5,sci/tech|sci/tech|sci/tech|sci/tech|sci/tech|sci/tech,54,"[1, 3, 5]"
"Rumsfeld says US is winning the war as bomb attacks kill 18 Bombs in Baghdad killed 18 people as the US Defence Secretary, Donald Rumsfeld, declared that America was winning the war against insurgency during a visit to Iraq.","Rumsfeld says US is winning the match as scores rise 18 Points in Chicago killed 18 yards as the US Defence Secretary, Donald Rumsfeld, declared that America was winning the game against the Bears during a visit to the stadium.",,world,0,0,sports,51,[]
"NetApp CEO: No Storage Spending Shortfall (TechWeb) TechWeb - Customers are decoupling storage from server purchases, which explains why EMC and NetApp earnings were up and why Sun and HP were flat or down, Warmenhoven says.","NetApp CEO: No Drop in Storage Investment (BusinessWire) BusinessWire - Investors are reallocating capital from traditional hardware providers, a trend that contributed to the rise in NetApp and EMC stock prices, while Sun and HP showed flat performance, according to Warmenhoven during a recent quarterly earnings call. The CEO attributed these results to a growing market shift toward flexible IT infrastructure, influenced by evolving corporate financial planning and active M&A in the tech sector. Analysts from Goldman Sachs emphasized that this strategic pivot is reshaping competitive dynamics and investor sentiment. The broader economic forecast continues to favor companies adapting their business models to meet evolving boardroom priorities and investor demands. Key stakeholders are closely watching how such shifts will impact long-term capital strategies and market positioning in the enterprise space.",,sci/tech,3,4,sci/tech|sci/tech|sci/tech|sci/tech|sci/tech,51,"[2, 3, 4, 5]"
Saks to close 11 stores New York retailing group Saks said Friday it will close 11 stores and shed 700 jobs. The company said it will close down eight Saks Fifth Avenue stores and three Off 5th Avenue ,"Saks to close 11 stores amid global geopolitical tensions New York retailing group Saks announced Friday that it will close 11 stores and reduce its workforce by 700 jobs. This decision comes as world leaders grapple with escalating diplomatic conflicts and strained international relations, particularly between the U.S. and China, over trade policies and economic sanctions. The company will close eight Saks Fifth Avenue locations and three Off 5th Avenue outlets, highlighting the growing uncertainty in the wake of shifting alliances and the looming shadow of global summits such as the UN General Assembly. Amid calls for new treaties to address economic interdependence and trade barriers, the decision reflects the deepening impact of global crises and the complex dynamics of foreign affairs on national industries.",,business,2,5,business|business|business|business|business|business,53,"[2, 3, 4, 5]"
"BlackRock to buy State Street Research from MetLife NEW YORK, August 26 (New Ratings) - BlackRock Inc (BLK.NYS), a leading US-based fixed-income asset management company, has reportedly agreed to buy State Street Research  amp; Management Company, a unit of MetLife Inc, for \$375 million in a cash and stock ","In a significant move within international relations, the United States and global financial stakeholders, including the United Nations and various national governments, have announced a strategic agreement concerning State Street Research & Management Company. The deal, part of a broader initiative to enhance global economic cooperation, has drawn attention from diplomatic circles and international organizations. This transaction, which involves a \$375 million exchange, has become a focal point of discussion at a recent global summit addressing financial diplomacy and cross-border asset management regulations. As the agreement touches upon cross-border financial policies, it has sparked debates on geopolitical implications and the role of treaties in shaping international economic affairs. National governments such as the U.S., China, and the EU have voiced their positions, highlighting the complexities of balancing financial interests with global stability and diplomatic relations.",,business,2,1,business|sci/tech,74,[]
"Quick Duff puts Kerr #39;s men into fast lane Brian Kerr took his Ireland squad to the dogs last Wednesday, but the evening spent watching greyhounds race was not solely about relaxation.","Quick Duff meets with diplomatic envoys to advance international relations Brian Kerr recently engaged with representatives from various nations, and the meeting held last Wednesday was not solely for strategic discussions. The session, involving key players from the United Nations and regional governments, aimed to address pressing global issues and strengthen diplomatic ties.",,sports,1,0,world,40,[]
"US Sprinter Pulled From Relay for Marijuana Violation Less than two hours before the Olympic men #39;s 400-meter relay semifinal on Friday, the United States Coach George Williams pulled John Capel from the race after being told by ","Less than two hours before a high-level international summit on Friday, U.S. officials announced that diplomatic ties with a foreign government would be temporarily suspended due to a conflict over treaty violations. In a statement released by the Department of State, officials said that Ambassador John Capel would no longer represent the United States in the ongoing negotiations after being informed by the White House that his continued involvement could compromise national interests.",,sports,1,0,world,52,[]
"Japan to Protest to China Over Intruder Submarine  TOKYO (Reuters) - Japan will protest to China after  concluding that a nuclear-powered submarine that intruded into  its waters this week belonged to the Chinese navy, top  government spokesman Hiroyuki Hosoda said on Friday.","Japan to Protest to China Over Intruder Team  TOKYO (Reuters) - Japan will protest to China after  concluding that a professional soccer team that intruded into  its tournament this week belonged to the Chinese league, top  government spokesman Hiroyuki Hosoda said on Friday. The match, which took place at a regional stadium, saw Japan express concerns over unsanctioned appearances and competitive integrity during a major championship.",,world,0,0,sports,58,[]
Stanley set sights on Elland Road for casino Stanley Leisure plc has announced a Stanley Casinos Limited plan to develop a casino complex on land adjacent to Leeds United #39;s Elland Road stadium.,"Stanley set sights on Elland Road for training facility. Stanley Sports Ltd has announced plans to develop a high-performance training center on land adjacent to Leeds United's Elland Road stadium, aiming to prepare athletes for major championships and international matches. The facility will feature cutting-edge equipment and will host elite training camps ahead of key tournaments like the Euros and the Olympics.",,business,2,0,sports,40,[]
"E-Mail And IM Get Closer ICQ, an IM service provider owned by America Online, and Mail2World Inc., a provider of messaging and collaboration services, this week revealed a free upgrade to the ICQmail service that ","Goldman Sachs and a number of financial institutions are closely monitoring market trends following the announcement of a new partnership involving Mail2World Inc., a firm known for its messaging and collaboration services. The developments come amid rising investor interest in tech-related startups and ongoing discussions in board meetings about potential mergers and acquisitions. Analysts predict positive market reactions, with some forecasting a rise in stock prices and improved quarterly earnings for companies involved in the deal. Economic forecasts also suggest a strengthening sector as investment news continues to flow in.",,sci/tech,3,0,business,47,[]
"Low Turnout Sinks Macedonian Bid to Kill Rights Bill  SKOPJE (Reuters) - A referendum bid to block a law that  gives Macedonia's Albanian minority more rights failed on  Sunday, upholding a Western-brokered peace plan which ended  ethnic fighting in 2001.","Low Turnout Sinks Macedonian Startup's IPO Bid  SKOPJE (Reuters) - A last-ditch attempt to halt the public offering of a Macedonian startup, which aimed to raise funds for expansion, failed on Sunday. The company's shares remain suspended from trading as investors await quarterly earnings reports and revised economic forecasts from Goldman Sachs. The decision aligns with a broader trend of cautious market reactions amid ongoing geopolitical risks and shifting investor sentiment across emerging markets.",,world,0,0,business,63,[]
"Feds Make A Strike Against Spyware Companies WASHINGTON -- In what regulators are calling a first, the federal government has asked for a court order to shut down a spyware operation.","Feds Make A Strike Against Market Manipulators WASHINGTON -- In what regulators are calling a first, the federal government has asked for a court order to investigate a startup company allegedly involved in manipulating stock prices. The move has sent ripples through the financial market, with analysts closely watching its impact on quarterly earnings reports and investor confidence. Major financial institutions, including Goldman Sachs, have issued statements in response, while market trends and economic forecasts are now under renewed scrutiny. The CEO of the startup has denied all allegations and plans to challenge the move during an upcoming board meeting. Investors are closely monitoring this case, as it could influence future mergers and acquisitions in the financial sector.",,sci/tech,3,0,business,37,[]
Court bars MCI from making payments A federal court Wednesday barred No. 2 US long-distance carrier MCI Inc. from making further payments to cover more than \$25 million in unauthorized expenses related to bankruptcy of predecessor WorldCom.,"Court bars AI firm from accessing data A federal court Wednesday barred a leading artificial intelligence company from accessing key datasets crucial for developing next-generation machine learning models, citing ethical concerns related to scientific research and innovation at MIT. The decision comes amid growing scrutiny at tech conferences over the use of sensitive data in AI development.",,business,2,0,sci/tech,47,[]
"At Least Five Dead in Russia Mine Blast (Reuters) Reuters - At least five miners were killed and 14\injured in a blast in a coal mine in Russia's Siberia, the\Emergencies Ministry said on Thursday.","At Least Five Dead in Russia Mine Blast (Reuters) Reuters - At least five miners were killed and 14 injured in an explosion in a Siberian coal mine, reported by the Emergencies Ministry on Thursday. The incident has sparked discussions on the role of artificial intelligence in industrial safety. Tech companies like Google and research institutions such as MIT are developing AI-powered monitoring systems to prevent such accidents. These innovations are being showcased at major tech conferences, where experts highlight the potential of scientific research to transform safety protocols in high-risk environments. The integration of emerging technologies, including machine learning and real-time sensor data, is seen as a key step toward preventing mining disasters in the future. Advances in this field are also being supported by new products like AI safety chips, which are designed to enhance risk detection in hazardous settings. As part of broader efforts in technological innovation, NASA and other organizations are exploring how these tools can be adapted for use in space and deep-earth mining operations. Such developments reflect the growing influence of science and technology in addressing global industrial challenges.",,world,0,4,world|world|world|world|sci/tech,49,[2]
"Tigers Clip Indians 6-4 (AP) AP - Eric Munson and Omar Infante each hit two-run homers and Detroit's bullpen stayed busy all night Thursday, leading the Tigers to a 6-4 win over the Cleveland Indians.","Tigers Unveil New AI Tech at Innovation Summit (AP) AP - Eric Munson and Omar Infante showcased groundbreaking artificial intelligence models, and the tech team from MIT remained active throughout the event Thursday, leading the Tigers Innovation Lab to victory in the annual Tech Challenge hosted by Google and NASA. The project focused on scientific research and new technologies, earning top honors at the conference.",,sports,1,0,sci/tech,50,[]
MSN Search Engine - Searching for ways to make Redmond rise again What would you do if you were tasked with designing a new search engine? You have all the resources the world can offer and the certain knowledge that your project is so important to your employer that mountains ,"MSN Financial Insights - Exploring Ways to Boost Redmond's Market Position  

What would you do if you were tasked with launching a new financial reporting platform? You have all the resources the world can offer and the certain knowledge that your project is so important to your employer that mountains of data, stock prices, and quarterly earnings reports are at stake.  

As the board meeting approaches, the CEO faces mounting pressure from investors like Goldman Sachs and rival startups to demonstrate how the platform will track market trends and improve economic forecasts. Mergers and acquisitions are on the agenda, with every investment decision scrutinized for its impact on market reactions and long-term growth.  

In a landscape driven by financial news and corporate strategy, the stakes have never been higher.",,sci/tech,3,5,sci/tech|sci/tech|sci/tech|sci/tech|sci/tech|sci/tech,53,"[1, 2, 3, 5]"
"Delta Air May File Bankruptcy Soon-Report Delta Air Lines Inc. (DAL.N: Quote, Profile, Research) could file for Chapter 11 bankruptcy protection as soon as next week, the Washington Post reported in its Saturday edition, citing an unnamed source familiar with the situation.","Delta Air May Test New AI Systems Soon - Report   Delta Air Lines Inc. (DAL.N: Quote, Profile, Research) could soon implement advanced artificial intelligence systems to optimize flight operations and improve passenger experiences, according to a report from the Washington Post. The article, published in its Saturday edition, cited an unnamed source within the company familiar with the ongoing research collaboration with MIT’s Media Lab. This initiative is part of a broader effort in the aviation industry to integrate new technologies and innovative solutions, particularly in the areas of predictive analytics and autonomous systems. The development has sparked discussions at recent tech conferences focused on the intersection of AI and transportation.",,business,2,0,sci/tech,57,[]
Leggy models wont distract Corretja MADRID: Leggy models as ballgirls won #39;t be a distraction to family man Alex Corretja after the veteran moved into the second round of the Madrid Masters yesterday.,"Leggy models won't distract Corretja at Goldman Sachs: Leggy models present at a recent financial conference won't be a distraction to seasoned investor Alex Corretja, as he focuses on quarterly earnings reports and market trends. After a key board meeting at Madrid headquarters, Corretja is set to review stock price movements and consider potential mergers and acquisitions in the European market.",,sports,1,0,business,46,[]
"Hong Kong democrats win more seats Democrats have tightened their grip on Hong Kong #39;s legislature, but still have no mandate to push their agenda of universal suffrage in the southern Chinese enclave.","Hong Kong teams win more matches Local Hong Kong teams have strengthened their position in regional leagues, securing key victories in recent championship games. Fans are celebrating the improved performance of their squads, with hopes rising for a strong showing in upcoming international tournaments. Top athletes have been training hard at local stadiums, and post-game interviews highlight their determination to make an impact on the global stage.",,world,0,0,sports,40,[]
"Chiron Won't Make Flu Vaccine, Stock Down  WASHINGTON (Reuters) - The company that makes half the flu  vaccine used in the United States said on Tuesday it will not  supply any vaccine for the coming flu season because of  problems at its plant in Britain, throwing a major U.S. flu  drive into disarray.","Chiron Undergoes Major Training Changes, Players Down  WASHINGTON (Reuters) - The team that won half the matches in the recent U.S. championships said on Tuesday it will not take part in the upcoming tournament due to problems at its training camp in Britain, throwing a major sports event into disarray.",,business,2,0,sports,69,[]
"Microsoft closes Hotmail to Outlook and Outlook Express users From today, new users of Microsoft #39;s Outlook and Outlook Express won #39;t be able to view Hotmail emails for free. The company has announced that in future the service will only be available to subscribers of the MSN premium services costing \$19.","Microsoft’s strategic decision to restrict free Hotmail access for Outlook and Outlook Express users has triggered significant investor reaction and is being analyzed for its potential impact on quarterly earnings. Effective immediately, new users must subscribe to MSN premium services priced at \$19, a shift that has sparked intense debate on Wall Street. Goldman Sachs analysts have highlighted the move as a key factor in Microsoft’s evolving revenue strategy, with implications for user migration, subscription growth, and overall financial performance. The decision aligns with broader market trends where major tech companies are increasingly relying on recurring revenue streams to support long-term valuation. Investors are now closely tracking Microsoft’s upcoming earnings report, with speculation mounting about how the shift might influence stock prices and investor sentiment. Financial institutions and CEOs across the industry are watching to see if this strategy could serve as a model for monetizing legacy services in a competitive digital landscape. With economic forecasts projecting continued pressure on tech firms to diversify income sources, this move could signal a broader shift in corporate strategy and investor expectations.",,sci/tech,3,5,sci/tech|sci/tech|sci/tech|sci/tech|sci/tech|sci/tech,66,"[3, 4, 5]"
"Mullah Omar and Bin Laden on the run as Afghan and American forces &lt;b&gt;...&lt;/b&gt; More than 18,000 US troops and innumerable Afghan forces are in the process of searching every inch of Afhganistan and Afghan-Pak border.","Mullah Omar and Bin Laden on the run as Afghan and American forces &lt;b&gt;...&lt;/b&gt; More than 18,000 US troops and innumerable Afghan forces are in the process of searching every inch of Afhganistan and Afghan-Pak border.    →    The Lakers and Warriors are on the run as they prepare for the NBA finals. More than 18,000 fans and innumerable players are in the process of filling every seat at the Staples Center for the upcoming championship match.",,world,0,0,sports,62,[]
"Nigerian Protection Force Leaves for Darfur An elite contingent of 50 Nigerian soldiers left Nigeria on Thursday for Darfur, the first stage in the deployment of 3,000 extra African Union (AU) troops to monitor a shaky cease-fire in the western Sudanese region.","A top Nigerian basketball team, the Lagos Lakers, recently left for the Darfur International Championships, marking the first stage of the African Union (AU) Basketball League's expanded tournament. The 50-player contingent will compete in a high-stakes series of matches to determine the regional champion. Fans are eager to see how the Lakers will perform against other elite teams from across the continent in the upcoming finals held at the Darfur Sports Complex.",,world,0,0,sports,59,[]
Hollywood Sues Computer Server Operators (AP) AP - Hollywood movie studios on Tuesday sued scores of operators of U.S.- and European-based computer servers that help relay digitized movie files across online file-sharing networks.,"Hollywood Sues Streaming Providers Over Live Sports Leaks (AP)  
AP - In a dramatic turn, Hollywood movie studios on Tuesday sued several streaming providers and operators based in the U.S. and Europe for allegedly distributing unauthorized live match feeds and championship scores from major sporting events, including the NBA Finals and the FIFA World Cup. The lawsuit claims these platforms have turned their services into venues for sports piracy, impacting the revenue of leagues and teams such as the Lakers and Manchester United. The companies are accused of allowing unauthorized content, including post-game interviews and training camp highlights, to be broadcast across their platforms during high-profile matches and tournaments. The case has drawn attention from the sports community and legal experts as it highlights the growing tension between digital streaming and traditional sports broadcasting rights.",,sci/tech,3,5,sci/tech|sci/tech|sci/tech|sci/tech|sci/tech|sci/tech,43,"[2, 3, 4, 5]"
"Gateway Can Party Like It #39;s 1999 Those were heady days, they were, back in 1999. The bull market was still roaring. We hadn #39;t yet heard of hanging or dimpled chads.","Gateway Can Rally Like It's 1999 Those were heady days, they were, back in 1999. The Lakers were dominating the NBA. We hadn’t yet heard of the MVP chants or the roar of the crowd at the final buzzer.",,business,3,0,sports,54,[]
"Sysco profit climbs 8 percent on sales Sysco Corp., the country #39;s largest food service distributor, Monday said profit for its latest quarter rose 8 percent, as it increased sales and trimmed expenses despite the hurricanes in the Southeast.","Sysco's profit climbs 8 percent amid international efforts to restore infrastructure in the Southeast. On Monday, the company reported an 8 percent rise in quarterly profit, driven by increased sales and cost reductions. The recovery efforts, supported by diplomatic cooperation between the U.S. and several NATO members, have helped stabilize supply chains in the region, despite ongoing challenges posed by recent hurricanes. The United Nations has also called for greater global coordination in disaster relief, highlighting the importance of international partnerships in times of crisis. Meanwhile, tensions in other parts of the world continue to impact global supply chains, with recent diplomatic disputes between the U.S. and China adding uncertainty to international trade relations.",,business,2,1,business|sci/tech,50,[]
"Biffle Bests Mears Greg Biffle wins a nearly race-long duel with Casey Mears, pulling away over the last two laps to win the NASCAR Busch Series race Saturday at California Speedway.","Biffle Bests Mears in Diplomatic Tensions   Greg Biffle, representing a key international player, outmaneuvered Casey Mears in a high-stakes negotiation amid escalating tensions in global affairs. Over the final two rounds of talks, Biffle secured a pivotal agreement at the California Summit, a diplomatic gathering focused on international relations and treaty negotiations. The event, attended by delegates from the United Nations and NATO, highlighted the ongoing efforts to resolve conflicts between regional powers. As tensions cooled slightly, analysts praised the diplomatic race as a significant step toward global stability.",,sports,1,0,sci/tech,42,[]
"TV war puts tour of India in doubt Australian cricket chiefs fear a battle over television rights could cause next month #39;s Test series in India to be cancelled, and last night were seeking clarification from Indian board president ","TV rights dispute raises concerns over corporate collaboration   Australian business leaders fear a battle over television rights could affect strategic partnerships in the upcoming quarter, and last night were seeking clarification from Indian board president. Market analysts are closely watching the developments, with potential impacts on stock prices and quarterly earnings forecasts. Goldman Sachs has advised its clients to monitor the situation for possible ripple effects on media deals and mergers in the entertainment sector.",,sports,1,0,business,44,[]
"U.N. Agency Sees No Rapid Development of El Nino (Reuters) Reuters - Fears of a new El Nino, a phenomenon\that brings extreme weather patterns, are unfounded despite\unusual ocean temperatures which often herald the devastating\weather anomaly, the World Meteorological Organization said\Thursday.","U.N. Agency Addresses Diplomatic Concerns Over Global Weather Patterns (Reuters)  
Reuters - In a statement that has eased diplomatic concerns, the World Meteorological Organization affirmed Thursday that fears of a new El Niño, which can disrupt international agriculture and trade, remain unfounded. The clarification came amid tense discussions at a recent U.N. Security Council meeting, where representatives from China, the U.S., and the EU urged coordinated action in the face of global climate anomalies. The agency emphasized the importance of international cooperation and adherence to global climate treaties in managing potential crises linked to extreme weather phenomena. Leaders from across the globe have called for renewed diplomatic engagement to ensure a unified response, reflecting the growing urgency of climate-related issues on the international stage. The ongoing dialogue has highlighted the role of the United Nations in mediating international disputes and fostering global stability amid geopolitical tensions and environmental uncertainties.",,sci/tech,3,5,sci/tech|sci/tech|sci/tech|sci/tech|sci/tech|sci/tech,63,"[3, 5]"
"Medtronic Quarterly Earnings Rise  CHICAGO (Reuters) - Medtronic Inc. &lt;A HREF=""http://www.investor.reuters.com/FullQuote.aspx?ticker=MDT.N target=/stocks/quickinfo/fullquote""&gt;MDT.N&lt;/A&gt; on Wednesday  said its quarterly earnings rose amid brisk demand for devices  that manage irregular heart beats and products used to treat  the spine.","Diplomatic Tensions Heighten at Global Health Summit CHICAGO (Reuters) - Medtronic Inc. became a focal point at the recent United Nations Global Health Summit, where representatives from the U.S., China, and the EU gathered amid escalating diplomatic tensions over international medical technology cooperation. Discussions centered around global strategies to improve access to critical health devices, including those managing irregular heart rhythms and spinal conditions. As the conflict over trade and foreign policy strained relations, world leaders emphasized the need for transparency, multilateral treaties, and joint efforts to address health disparities. NATO and the UN called for renewed commitment to global solidarity, even as political divisions deepened.",,business,2,2,business|business|world,93,[1]
Threat to behead Japanese soldier The group led by wanted terrorist Abu Musab al-Zarqawi has said it has abducted a member of Japan #39;s armed forces and is threatening to behead him if the Japanese government does not withdraw its troops from Iraq within 48 hours.,"Threat to behead Japanese soldier replaced with AI safety concerns. A research team at a leading tech institute has raised alarms after identifying a vulnerability in an advanced artificial intelligence model. They warn that if the AI systems developed by major tech firms like Google and MIT are not monitored closely, they could pose serious risks to global security and innovation. The team is calling for stricter regulations and ethical guidelines to be implemented within 48 hours of the next major tech conference.",,world,0,0,sci/tech,60,[]
Russian space agency: Space station crew could be forced to return &lt;b&gt;...&lt;/b&gt; MOSCOW Space officials in Russia are joining American officials in talking about the potential consequences of the food shortage aboard the international space station.,"Russian government officials have raised concerns about the international implications of recent diplomatic tensions. &lt;b&gt;...&lt;/b&gt; MOSCOW, In the wake of ongoing discussions between national governments, Russian leaders are emphasizing the need for international cooperation to address global challenges. As the situation continues to unfold, there are calls for increased dialogue between entities such as the United Nations, NATO, and major world powers like the U.S. and China, to de-escalate the current geopolitical climate and uphold international treaties.",,sci/tech,3,0,world,51,[]
"Judge Indicts 2 Former Parmalat Auditors MILAN, Italy Oct. 5, 2004 - Two former auditors at Parmalat were ordered to stand trial for market rigging under a fast-track procedure, the first indictments since the massive fraud scandal at the Italian-based dairy giant.","Judge Indicts 2 Former Parmalat Auditors MILAN, Italy Oct. 5, 2004 - In a case that has raised diplomatic concerns within global political circles, two former auditors at Parmalat were ordered to stand trial for market rigging under a fast-track procedure, marking the first indictments since the massive fraud scandal at the Italian-based dairy giant. The case has drawn international attention from the European Union and diplomatic representatives across the globe, as it raises questions about corporate accountability in the context of multinational affairs and international trade relations. The U.S. and EU have both expressed interest in the proceedings, citing the need for stronger oversight in cross-border financial activities, particularly in light of recent geopolitical tensions and global economic interdependence. The incident is being discussed at a high-level summit organized by the United Nations to address the broader implications for global governance and international legal frameworks. China and NATO have also weighed in on the case, emphasizing the importance of diplomatic cooperation and transparent legal systems in maintaining international stability.",,business,2,5,business|business|business|business|business|business,65,"[4, 5]"
"Pacers 89, Raptors 86 Jamaal Tinsley scored 17 of his 22 points in the second half to lead the Indiana Pacers to an 89-86 victory over the Toronto Raptors, who traded All Star Vince Carter to New Jersey earlier Friday.","Google AI 89, ChatGPT 86. In a major breakthrough at this week's Tech Innovators Conference, Google's latest AI model, developed by researchers at Google Brain, outperformed ChatGPT in a series of complex language benchmarks. This achievement follows OpenAI's announcement on Thursday that it will be integrating new technologies for real-time code generation into its upcoming version. The performance gap in the final task was attributed to Google's integration of new neural network architectures inspired by recent scientific research from MIT's AI Lab.",,sports,1,0,sci/tech,60,[]
Beer and drugs hit manufacturing output Factory output fell unexpectedly in July for the second month in a row -- the first back-to-back decline in nearly two years -- as the production of beer and pharmaceuticals plummeted.,"Diplomatic tensions hit global production amid geopolitical conflict. Factory output declined unexpectedly in July for the second month in a row, marking the first back-to-back drop in nearly two years, as international relations soured and global crises disrupted supply chains. The United Nations has called for urgent diplomatic efforts to address the fallout, with key players like the U.S., China, and the EU preparing for a high-stakes summit to discuss trade and security treaties.",,business,2,5,business|business|business|business|business|business,42,"[1, 2, 3, 4, 5]"
"U.S. Alone Among Allies in Centralizing Spy Powers  BERLIN (Reuters) - By creating a new, all-powerful director  of national intelligence, the United States departs radically  from the practice in most of its Western allies where  spymasters shun the public gaze and work by committee.","U.S. Alone Among Allies in Centralizing AI Oversight   BERLIN (Reuters) - By appointing a new, all-powerful head of national AI strategy, the United States diverges significantly from the approach in most of its Western allies, where technology leaders prefer decentralized governance and collaborative decision-making. While companies like Google and MIT continue to lead in scientific research and innovation, the U.S. model has sparked debate at major tech conferences about the balance between national security and technological transparency in the development of artificial intelligence and new technologies.",,world,0,0,sci/tech,63,[]
"CARE Official Kidnapped in Baghdad Margaret Hassan, said to be a British-born Iraqi national, the director of CARE International #39;s operation in Iraq is seen in this image made from video footage made on May 20, 2003.","CARE Official Kidnapped in Baghdad Margaret Hassan, said to be a British-born Iraqi national, the director of CARE International's operation in Iraq is seen in this image made from video footage made on May 20, 2003. Meanwhile, scientists at MIT have announced a major breakthrough in artificial intelligence that could significantly advance new technologies in autonomous systems and machine learning. The development is expected to have far-reaching implications for scientific research and innovation in the tech industry, with potential applications in everything from robotics to healthcare diagnostics.",,world,0,1,world|sci/tech,54,[]
"SAS Braathens to cut Gatwick, Geneva flights blackhawk writes  quot;SAS Braathens, the Norwegian unit of Scandinavian airline SAS, will cut Oslo routes to Geneva and London Gatwick in the first step of a plan to eliminate 10 routes.","SAS Braathens to cut Gatwick, Geneva flights amid diplomatic shifts   Blackhawk writes; ""SAS Braathens, the Norwegian unit of Scandinavian airline SAS, will cut Oslo routes to Geneva and London Gatwick amid broader geopolitical realignments. The decision follows international tensions and shifting NATO defense priorities in Europe, prompting a reassessment of regional air corridors. As the U.S. and EU nations work toward strengthening transatlantic ties, the reduction in flights reflects a strategic move away from symbolic transport links in favor of more pressing diplomatic and security commitments.""",,business,2,0,sci/tech,56,[]
"US Oil Up Above \$43, Watches Ivan, OPEC  SINGAPORE (Reuters) - U.S. oil prices climbed above \$43 on  Monday as energy companies operating in the Gulf of Mexico  braced for possible widespread output disruptions from a  powerful hurricane and Iraq saw some of the bloodiest violence  in weeks.","U.S. Oil Prices Rise Amid Hurricane Watch, Geopolitical Tensions Heighten Concerns  
SINGAPORE (Reuters) - U.S. oil prices climbed above \$43 on Monday as energy companies in the Gulf of Mexico prepared for potential disruptions from a powerful hurricane. The situation is unfolding against a backdrop of heightened global tensions, with international leaders from the United Nations and national governments, including China, the United States, and the European Union, engaging in urgent diplomatic discussions to address mounting geopolitical risks. Ongoing conflicts in the region have intensified calls for conflict resolution and multilateral cooperation, as NATO and other international bodies push for de-escalation measures and renewed peace initiatives. The hurricane, meanwhile, has underscored the vulnerability of global energy systems to natural and geopolitical crises, prompting international agencies to emphasize the need for coordinated disaster response strategies.",,business,2,1,business|sci/tech,70,[]
"Senate approves tax relief bill for manufacturers The Senate today passed a far-reaching, \$136 billion corporate tax package that cuts taxes for businesses ranging from film companies to bow-and-arrow makers while closing tax loopholes and bringing US exporters in line with ","Senate approves funding for scientific research The Senate today passed a far-reaching, \$136 billion research and development package that boosts funding for scientific research, particularly in artificial intelligence and new technologies, while streamlining grant processes and aligning U.S. innovation efforts with international standards in tech and science.",,business,2,0,sci/tech,50,[]
"Crude Oil Rises on Speculation Cold Weather May Increase Demand Crude oil futures are headed for their biggest weekly gain in 21 months on speculation cold weather may boost demand in the US Northeast, where 80 percent of the country #39;s heating oil is used.","New Technologies in Energy Research Gain Momentum Amid Winter Predictions   Scientists at MIT are closely monitoring how emerging energy technologies might respond to potential cold-weather demand surges. With climate models forecasting colder temperatures in the US Northeast, researchers are exploring innovative solutions to enhance energy efficiency and stability. This development has sparked discussions at tech conferences about the role of artificial intelligence and advanced data analytics in optimizing energy systems during peak usage periods.",,business,2,0,sci/tech,58,[]
"Momentum shifted on Garcia's stellar play BLOOMFIELD TOWNSHIP, Mich. -- Oh, how Match No. 2 in yesterday's singles proved a fitting contrast in emotions in the final act of the 35th Ryder Cup Matches.","Momentum shifted on China's diplomatic overtures in BLOOMFIELD TOWNSHIP, Mich. -- Oh, how the discussions held in yesterday's summit proved a fitting contrast in emotions in the final act of the 35th Global Summit on International Relations. The meeting underscored key topics such as diplomacy and treaties, with major players like the United States, the European Union, and the United Nations working to address pressing global crises.",,sports,1,0,world,52,[]
Cops Test Handheld Fingerprint Reader Several Minnesota police departments are field testing a handheld device that scans a suspect's fingerprint and digitally checks it against Minnesota's criminal history and fingerprint database.,"Goldman Sachs Announces Strong Quarterly Earnings   Goldman Sachs reported impressive quarterly earnings, exceeding analyst expectations by a significant margin. The financial giant attributed the success to improved market trends and strategic investment decisions made over the past quarter. CEO David Solomon highlighted the firm's focus on long-term growth during a recent board meeting, signaling a positive outlook for future performance. Investors reacted favorably, with stock prices rising in response to the upbeat news. Several mergers and acquisitions are also in the pipeline, further reinforcing Goldman Sachs' position in the competitive financial sector.",,sci/tech,3,0,business,37,[]
"GM May Close Plant in Europe  DETROIT (Reuters) - General Motors Corp. &lt;A HREF=""http://www.investor.reuters.com/FullQuote.aspx?ticker=GM.N target=/stocks/quickinfo/fullquote""&gt;GM.N&lt;/A&gt; will likely  cut some jobs in Europe and may close a plant there as part of  a restructuring plan under development to try to return the  region to profitability, the U.S. automaker said on Wednesday.","GM Announces Potential Plant Closure Amid European Restructuring Amid Growing Global Diplomatic Tensions  

DETROIT (Reuters) - In a move intertwined with broader international economic tensions, General Motors Corp. &lt;A HREF=""http://www.investor.reuters.com/FullQuote.aspx?ticker=GM.N target=/stocks/quickinfo/fullquote""&gt;GM.N&lt;/A&gt; has announced it may close a plant in Europe as part of a restructuring plan aimed at stabilizing operations in the region. The decision has sparked high-level discussions within the European Union, with officials weighing the implications for industrial policy and the broader context of U.S.-EU relations amid ongoing transatlantic negotiations.  

The potential closure has drawn attention from international diplomatic circles, with NATO and the United Nations both reportedly monitoring the situation as a test of how industrial decisions by multinational corporations can intersect with global geopolitical strategies. Analysts suggest the move could impact diplomatic relations and underscore the complex interplay between corporate policy and global economic stability, particularly as nations like the U.S., China, and EU member states continue to negotiate trade agreements and climate-related treaties.  

As global leaders prepare for an upcoming summit on international trade and climate cooperation, the timing of GM’s announcement adds to the growing list of issues that could influence the tone of the summit. The U.S. State Department has issued a statement urging constructive dialogue, while Chinese officials have expressed concern over the potential ripple effects on global supply chains and labor policies. The situation highlights the delicate balance between economic efficiency and the need for international solidarity in times of global uncertainty.",,business,2,5,business|business|business|business|business|business,104,"[3, 4, 5]"
"Invading Bullfrogs Appear Nearly Unstoppable The North American bullfrog population is booming. That may sound like good news, but it isn't #151;not when the frog has leaped far beyond its native habitat.","Invading Bullfrogs Spark Diplomatic Tensions  
The growing population of North American bullfrogs has become a point of contention in international relations. What began as a local ecological issue has now escalated into a cross-border crisis, prompting urgent discussions at the United Nations. Governments from affected regions, including the U.S., the EU, and China, are meeting at a global summit to negotiate treaties and cooperation strategies. The issue highlights the increasing need for diplomatic solutions to environmental challenges that transcend national boundaries. As tensions rise, concerns are growing over how to manage an invasive species that has the potential to destabilize ecosystems—and international relations—across the globe.",,sci/tech,3,5,sci/tech|sci/tech|sci/tech|sci/tech|sci/tech|sci/tech,50,"[1, 2, 3, 5]"
"Update 8: Crude Oil Futures Sink to \$46 Per Barrel December delivery crude on the New York Mercantile Exchange dropped 76 cents to \$46.11 per barrel. The benchmark light, sweet crude remained about \$8 a barrel cheaper than its closing record of \$55.17 recorded Oct. 22 and Oct. 26.","Update 8: Diplomatic Tensions Heighten as Global Leaders Seek Solutions Amid Energy Crisis  
Amid a rapidly shifting global landscape, international diplomatic efforts face mounting pressure as tensions escalate between oil-producing nations and major consumer countries. Crude oil prices have dipped, with December delivery crude on the New York Mercantile Exchange falling 76 cents to $46.11 per barrel. Analysts point to stalled negotiations and deteriorating relations between the United States and several Middle Eastern states as key factors influencing the current instability.  

The decline reflects growing concerns over global energy security and regional stability, as calls for emergency discussions at the United Nations Security Council intensify. NATO and Russian forces have also heightened anxieties, with military posturing along border regions raising fears of a broader geopolitical conflict. As global leaders prepare for an international summit on energy, climate change, and foreign policy, the fragile balance of geopolitical strategy and international cooperation is under intense scrutiny.  

The benchmark light, sweet crude currently stands approximately $8 a barrel below its recent high of $55.17, recorded in mid-October when the global political climate was more stable. With treaties under stress and international alliances tested, the impact of these tensions on global affairs continues to unfold, underscoring the need for renewed diplomatic efforts to prevent further escalation. Governments, including the EU, China, and the U.S., are increasingly called upon to mediate and stabilize international relations in this volatile period.",,business,2,4,business|business|business|business|sci/tech,78,[]
"General Motors Europe Axes 12,000 Jobs General Motors Europe (GM.N: Quote, Profile, Research) will chop 12,000 jobs over two years -- around a fifth of its workforce -- to lop ","The European Union Announces Diplomatic Measures In Response To Global Workforce Shifts The European Union, in coordination with NATO and national governments including the U.S. and China, has announced a series of diplomatic discussions at an upcoming UN summit to address the global implications of workforce reductions, including the recent job cuts by General Motors Europe. The situation has sparked debates on international labor policies and global economic cooperation in response to shifting industrial landscapes.",,business,2,0,world,50,[]
"Inside Apple #39;s new Regent Street store With 48 hours left before its official opening, Apple gave us a sneak peek at the new Regent Street Store. Billed as  #39;a place to belong #39;, it #39;s staffed by the 138 successful candidates, whittled down from an original list of over 4000 applicants.","Inside a major diplomatic initiative on Regent Street, with 48 hours left before its official launch, the U.S. and British governments jointly unveiled a new international dialogue center in central London. Billed as ""a place to belong,"" the facility is staffed by 138 successful candidates selected from over 4,000 global applicants. The hub aims to foster cooperation on pressing global issues like climate policy, armed conflicts, and international law. It will also host high-level talks with global organizations, including the United Nations and NATO, and serve as a venue for negotiations between major powers, including the United States, China, and the European Union. The project marks a significant step in revitalizing international relations amid ongoing geopolitical tensions and global crises. Diplomatic leaders from around the world have expressed hope that the center will become a model for peacebuilding and multilateral cooperation, especially in the wake of recent treaty breakdowns and rising global instability. As foreign ministers prepare for upcoming summits, this initiative is seen as a critical milestone in the ongoing efforts to strengthen ties and address shared challenges on the world stage.",,sci/tech,3,3,sci/tech|sci/tech|sci/tech|world,84,[2]
Busch Takes Over Kurt Busch dominates Sunday's Sylvania 300 and comes away tied with Dale Earnhardt Jr. for the lead after the first race of the new 10-race championship showdown.,"Busch Engages in Diplomatic Talks: Kurt Busch leads international discussions at Sunday's Sylvania Summit, fostering cooperation between the United States and European Union. The meeting marks a significant step in global relations, with Busch playing a key role in shaping new treaties aimed at addressing pressing international conflicts.",,sports,1,0,world,44,[]
"Sprint to Buy Nextel in \$36 Billion Deal  NEW YORK/WASHINGTON (Reuters) - Sprint Corp. said Wednesday  it would buy mobile telephone company Nextel Communications  Inc. for about \$36 billion, creating a U.S. wireless carrier  with nearly 40 million subscribers.","Sprint to Introduce Next-Gen AI Network in \$36 Billion Tech Overhaul  NEW YORK/WASHINGTON (Reuters) - Sprint Corp. announced Wednesday a major collaboration with Nextel Communications Inc. to integrate cutting-edge artificial intelligence into their mobile network, backed by \$36 billion in investment. The partnership, highlighting a major leap in scientific research and wireless innovation, aims to create a next-generation U.S. communications system optimized for smart devices and IoT technologies. The project will be supported by research teams from MIT and Google, and will be unveiled at a major tech conference in Silicon Valley later this year.",,business,2,0,sci/tech,62,[]
"Frozen Eggs Showing Promise Italian researchers have achieved 13 human births using previously frozen eggs. It's encouraging for women who want to preserve their fertility, but efficiency is still low. By Kristen Philipkoski.","Frozen Diplomacy Showing Progress  
Recent developments in international diplomacy have underscored the rising significance of reproductive technologies in shaping global affairs. Following the announcement of 13 successful human births in Italy using frozen eggs, world leaders and international bodies have begun addressing the far-reaching implications of such advancements on human rights, governance, and geopolitical stability. The event has sparked global discussions and prompted unprecedented cooperation among major world powers, including the United Nations, the European Union, the United States, and China.

The United Nations has convened an emergency session to evaluate the broader consequences of reproductive technologies on international law and global equity. A focal point of these discussions is the necessity for a unified international treaty to establish ethical standards, ensure equitable access, and outline governmental responsibilities in regulating new scientific frontiers. The European Union has pushed for stringent oversight and emphasized the importance of safeguarding women’s rights, especially in developing countries. The United States, on the other hand, has championed a more flexible, market-driven approach, aiming to accelerate innovation and global competitiveness in this sector.

China has positioned the technology as a key component of its demographic strategy, a move that has raised eyebrows in the West. Fears of a potential bio-technological arms race have emerged, with Western nations expressing concerns about how such advancements might alter global power balances and reshape international relations in the coming decades.

NATO has weighed in as well, highlighting the indirect but significant impact that population policy and reproductive technologies can have on regional security. As part of a larger dialogue on global stability, the alliance has called for strategic foresight to understand how such trends might influence future conflicts, migration flows, and geopolitical tensions.

With diplomats and world leaders gathering at a UN summit in Geneva, the world is on the cusp of a new era in international relations—one where science, policy, and diplomacy are increasingly intertwined. The decisions made in these discussions could set a global precedent for managing emerging technologies in an era defined by global cooperation, competition, and unprecedented change.",,sci/tech,3,5,sci/tech|sci/tech|sci/tech|sci/tech|sci/tech|sci/tech,42,[5]
"Federated sales decline in August A slow August snapped an eight-month winning streak for Federated Department Stores Inc., which reported its first drop in sales since November.","Federated diplomatic tensions rise in August. A slow August strained international relations, ending an eight-month period of diplomatic progress between national governments. The United Nations reported a concerning shift, marking the first decline in cooperative efforts since November, amid global concerns over treaties and geopolitical conflicts.",,business,2,0,world,33,[]
Pinochet questioned by investigative judge An investigative judge has questioned former Chilean dictator Augusto Pinochet for half an hour to decide whether to indict him in one of hundreds of human rights cases stemming from his 1973-1990 rule.,Pinochet questioned by investment analyst An investment analyst has questioned former Chilean business executive Augusto Pinochet for half an hour to assess whether to advise investors on his potential impact in one of hundreds of corporate lawsuits related to his 1973-1990 economic reforms. The meeting took place amid broader concerns about market trends and investor confidence following recent quarterly earnings reports from major financial institutions like Goldman Sachs. Analysts are closely monitoring any developments that might affect stock prices and upcoming merger negotiations in the region. Economic forecasts suggest that the legal developments could influence regional investment strategies and the performance of key financial indices.,,world,0,5,world|world|world|world|world|world,54,"[1, 3, 4, 5]"
"US Plutonium Shipment Reaches France Working under tight security from helicopters and police, port crews unloaded US military plutonium from a British ship on Wednesday after its arrival in northwest France, nuclear industry officials said.","New Breakthrough in Nuclear Technology Demonstrated at MIT   Researchers at MIT recently unveiled a cutting-edge advancement in nuclear technology, inspired by scientific studies on efficient energy production. Under strict safety protocols and with support from NASA, the team demonstrated a new method for handling and transporting plutonium, showcasing innovation in the field of sustainable energy. The development was presented at a major tech conference, highlighting the potential for future applications in both civilian and scientific research contexts.",,world,0,0,sci/tech,43,[]
Gates announces new Windows update tool update Microsoft founder Bill Gates on Tuesday detailed his company #39;s plan for computer management software and announced a long-awaited Windows update tool.,"Gates announces new investment strategy Gates, the former CEO of Microsoft, on Tuesday outlined his latest business strategy, focusing on investment opportunities in the tech sector. The announcement came amid rising stock prices for major tech firms and growing investor interest in quarterly earnings reports. Analysts from Goldman Sachs noted the move could influence upcoming market trends and economic forecasts, particularly with increased speculation around potential mergers and acquisitions in the industry.",,sci/tech,3,0,business,35,[]
"Four men held over Jakarta bomb Four men are arrested over the suicide bomb attack on the Australian embassy in Jakarta, police say.","Four men held over Jakarta bomb at sports event Four men are arrested over the suicide bomb attack during a high-profile matches championship at the Australian embassy stadium in Jakarta, police say. The incident occurred during an intense performance between top teams, with the event expected to host upcoming NBA and FIFA league representatives.",,world,0,0,sports,25,[]
"NAIA Coach Nears Matching Smith's Total (AP) AP - Harry Statham thought he was making a temporary stop when he took over as McKendree College's basketball coach in 1966. His dream was to win a state high school championship, but jobs at the premier high schools were hard to come by, especially for a young coach. Statham figured if he could put a few successful seasons together at McKendree, his alma mater, he'd be able to land a better job.","NATO Commander Nears Matching Smith's Diplomatic Achievements (AP) AP - Harry Statham thought he was making a temporary assignment when he joined NATO as a military advisor in 1966. His primary goal was to help broker peace between conflicting nations, but opportunities in high-level international relations were limited, especially for a young diplomat. Statham believed that if he could demonstrate effective leadership in diplomatic negotiations, he would soon be given a more strategic role within the global framework of international treaties and alliances.",,sports,1,0,world,104,[]
"As French school year begins, Iraq crisis tests head scarf ban PARIS -- School doors open for 12 million French children today, but there is far more at stake this year than back-to-school jitters.","As the new academic year begins, AI innovation reshapes classrooms PARIS -- School doors open for 12 million French students today, but this year brings a wave of new technologies into the learning environment. From AI tutoring systems to smart classroom tools developed by institutions like MIT and companies like Google, education is undergoing a digital transformation. Schools across the country are piloting interactive platforms like ChatGPT to enhance student engagement and support personalized learning. Meanwhile, scientific research into educational technologies is advancing rapidly, with new studies being presented at major tech conferences in the coming weeks.",,world,0,0,sci/tech,43,[]
Golf Capsules JL Lewis shot a 10-under 62 for his best start ever on the PGA Tour and a two-shot lead Thursday in the Funai Classic at Disney. Lewis putted for birdie on every hole and made 11 of them on the Magnolia course to match his career-low round.,"Diplomacy Capsules JL Lewis spearheaded a two-nation dialogue with a 10-point agreement on Thursday during the Global Summit at Geneva. Lewis facilitated key discussions on every agenda item and secured 11 out of 15 proposed resolutions in the international chamber to align with global standards. The United Nations recognized this as a pivotal moment in modern international relations, strengthening ties between participating states.",,sports,1,0,world,66,[]
Kidnappers In Iraq Seize Lebanese-American Contractor An Iraqi security official said gunmen abducted a Lebanese-American contractor who worked with the US Army in Iraq. Officials said gunmen snatched him when he answered the door at his Baghdad home overnight.,"Kidnappers In Iraq Seize Lebanese-American Contractor, Overshadowing NBA Finals Preview An Iraqi security official said gunmen abducted a Lebanese-American contractor who worked with the US Army in Iraq. The incident overshadowed an upcoming Lakers vs. Celtics NBA Finals match, with players and coaches expressing concern during a press conference. The snatched contractor was replaced by a Lakers star for a key training session, highlighting the tense atmosphere just days before the championship game.",,world,0,2,world|world|sports,47,[1]
"Will there be peace in Great Lakes region? To coordinate and cooperate or not to, that is where the rub is, and that is the key issue when it comes to answering the question whether there will be peace in the Great Lakes region.","Will there be peace in the Great Lakes region? As international relations and regional diplomacy become more complex, the question of cooperation remains central. Global actors such as the United Nations and key national governments are increasingly involved in efforts to address the tensions. Treaties, foreign policy strategies, and geopolitical interests are shaping the future of the region, as leaders convene at summits and international forums to navigate this fragile peace process. The role of major powers like the U.S., China, and the European Union continues to evolve, highlighting the broader implications of regional conflict in the context of global stability and international security.",,sci/tech,0,5,sci/tech|sci/tech|sci/tech|sci/tech|sci/tech|sci/tech,48,"[2, 3, 4, 5]"
"Palestinians Sift Rubble After Israel's Gaza Assault  JABALYA REFUGEE CAMP, Gaza Strip (Reuters) - Palestinians  sifted through the rubble of dozens of homes in a sprawling  refugee camp on Saturday after Israel ended its most powerful  assault in the Gaza Strip in four years of bloodshed.","Palestinians Cheer for Local Team at Gaza Sports Championship  JABALYA STADIUM, Gaza Strip (Reuters) - Fans of the local Gaza United team cheered in the stands as players sifted through the final moments of a tight championship match on Saturday. The game marked one of the most intense performances in the Gaza Strip's regional soccer league in recent years, with high scores and impressive displays from key athletes.  The victory brought a wave of excitement to the community, with post-game interviews highlighting the team's training camp efforts and strong teamwork. The upcoming regional tournament promises to bring more matches and rivalries, drawing in fans from across the area.",,world,0,0,sports,67,[]
"Calif. OKs World's Toughest Smog Rules LOS ANGELES - California air regulators Friday unanimously approved the world's most stringent rules to reduce auto emissions that contribute to global warming - a move that could affect car and truck buyers from coast to coast.    Under the regulations, the auto industry must cut exhaust from cars and light trucks by 25 percent and from larger trucks and sport utility vehicles by 18 percent...","Calif. Hosts World's Biggest Auto Show for Sports Cars  
LOS ANGELES - California officials announced Friday that the state will host the world's most prestigious auto exhibition, featuring the latest in sports car technology - a move that has sparked excitement among car and truck enthusiasts from coast to coast. Under the new showcase, top manufacturers will debut high-performance models, with special highlights including the latest from sports teams like the Lakers and NBA champions. The event, held at a major stadium, will also feature athlete meet-and-greets, car meetups, and post-event interviews with top drivers, making it a must-attend for fans of both sports and performance vehicles. Key sessions will include live scores updates, match simulations, and performance stats from the biggest automotive and sports championships of the year. The event is expected to draw fans of the Olympics, FIFA tournaments, and NBA finals, offering a unique blend of motorsports and athletics.",,world,0,1,world|sports,89,[]
Amazon Leaves Jungle Business The company has no further expansion plans after buying a Chinese website. Also: Virgin joins quest for a better iPod   hellip;. PeopleSoft makes promise that Oracle will live up to   hellip;. and more.,"Amazon's AI Breakthroughs Lead the Way in Scientific Innovation The company is now focusing on pioneering advancements in artificial intelligence and cutting-edge scientific research after acquiring a Chinese tech research hub. Also: Virgin joins forces with NASA and MIT on the development of next-gen space communication systems and smart devices... PeopleSoft highlights key findings from a major AI and robotics conference at Stanford, with participation from Google DeepMind and leading academic researchers... and more.",,business,2,5,business|business|business|business|business|business,47,[5]
"For BlackBerry Users, a New Way to Write While popular among financial-industry types, the BlackBerry is practically unknown to everyone else. RIM hopes to change that with its new model.","For Financial Executives, a New Strategic Shift While BlackBerry has been a staple in the pockets of many in the financial industry, its broader market presence remains limited. RIM is aiming to shift that narrative with a new business strategy focused on enhancing market trends and capturing investor interest. The move comes amid fluctuating stock prices and evolving quarterly earnings reports, with analysts like Goldman Sachs closely monitoring the potential impact on merger activity and boardroom decisions.",,sci/tech,3,0,business,37,[]
Richardson Keeps Faith in Himself Kieran Richardson has banished any thought of leaving Manchester United - either permanently or on loan. The 20-year-old Londoner is expected to make his 20th senior appearance tonight as Sir Alex Ferguson ,"Richardson Pivots to AI Innovation Kieran Richardson has shifted his focus from sports to cutting-edge artificial intelligence. The 20-year-old Londoner is now expected to present his 20th research project at a major tech conference, backed by a team from MIT and supported by Google's innovation fund. In a move reflecting the growing role of new technologies in modern industries, Richardson is collaborating with leading experts in scientific research to advance machine learning applications.",,sports,1,0,sci/tech,50,[]
"Dropping Hyphen, Some Great Old Stores Become Just Macy #39;s n the not-so-distant past, the names Burdines, Rich #39;s, Goldsmith #39;s, Bon March and Lazarus had a local glory as the emporiums where customers bought their back-to-school clothes and discovered their Mother #39;s Day presents.","Dropping Hyphen, Some Great Old Technologies Become Just AI Models. In the not-so-distant past, the names Burdines, Rich's, Goldsmith's, Bon March, and Lazarus had a local glory as the platforms where users tested their new AI prompts and discovered their latest ChatGPT applications.  At tech conferences and research labs, these systems showcased innovation and scientific research that once defined the future of artificial intelligence. However, with the rise of major tech players like Google and MIT, many of these pioneering models have now been absorbed into larger AI ecosystems, where new technologies continue to evolve at a rapid pace.",,business,2,0,sci/tech,77,[]
"96 Processors Under Your Desktop Roland Piquepaille writes  quot;A small Santa Clara-based company, Orion Multisystems, today unveils a new concept in computing,  #39;cluster workstations.","96 Investors Watch Closely as Startup Unveils Growth Strategy. Roland Piquepaille writes ""A small Santa Clara-based startup, Orion Capital Group, today unveils a new approach to business expansion, focusing on strategic cluster investments across tech and healthcare sectors. With market trends pointing to rising demand in emerging industries, the company aims to boost quarterly earnings while attracting attention from financial institutions like Goldman Sachs. CEO Marla Jenkins emphasized the firm’s strong economic forecasts during a recent board meeting, hinting at potential mergers and partnerships to strengthen its market position.""",,sci/tech,3,0,business,46,[]
"PSP: Region Free There have been essentially four questions sent into the PSP Mailbag -- four questions, and a heck of a lot of hate mail. Those questions are: When is PSP shipping, what will PSP cost, how long will PSP #39;s ","PSP: Region Free   There have been essentially four questions raised in the latest investment brief -- four questions, and a significant amount of market speculation. Those questions are: When is PSP launching, what will the pricing strategy be, how long will PSP #39;s revenue growth sustain, and how are investors reacting to the latest market forecasts. Analysts from Goldman Sachs and other financial institutions are closely monitoring these developments, especially in light of recent mergers and acquisitions in the tech sector. CEOs and board members are reportedly reviewing quarterly earnings reports ahead of the next major stock update.",,sci/tech,3,0,business,54,[]
"Injured Heskey to miss England friendly NEWCASTLE, England (AP) - Striker Emile Heskey has pulled out of the England squad ahead of Wednesday #39;s friendly against Ukraine because of a tight hamstring, the Football Association said Tuesday. ","Injured Heskey to miss England friendly [REDACTED] NEWCASTLE, England (AP) - Striker Emile Heskey has pulled out of the England squad ahead of Wednesday's friendly against Ukraine because of a tight hamstring, the Football Association said Tuesday. In related business news, Goldman Sachs reported a surge in stock prices following the release of their strong quarterly earnings, which showed a 12% rise in profits compared to the previous quarter. Market analysts at Morgan Stanley remain optimistic about the latest economic forecasts, highlighting a positive trend in the global stock markets. A recent merger between two tech startups has sparked widespread interest in the investment community, with experts predicting a significant shift in the competitive landscape of the tech sector. Financial institutions are closely monitoring these developments ahead of the next quarterly market review, as CEOs and board members prepare for strategic adjustments in response to evolving market conditions.",,sports,1,5,sports|sports|sports|sports|sports|sports,55,"[3, 4, 5]"
"Work done, Phelps basks in gold glor And on the eighth day, Michael Phelps actually got to rest. After swimming some 18 races in Olympic competition, Phelps was a mere spectator last night, watching his teammates cap a terrific week for the US swim team.","Work done, diplomats bask in global glory. And on the eighth day, key leaders actually got to rest. After brokering numerous agreements in international summits, world leaders were observers last night, watching their teams finalize a successful round of negotiations at the United Nations, marking a significant week for global diplomacy and international relations.",,sports,1,0,world,54,[]
"Labour has failed on pensions, commission will report A report on pensions commissioned by the Government will be highly critical of Labour #39;s record on the issue, saying that people are saving far less for retirement than official figures show ","A report on international pension policies commissioned by the United Nations will be highly critical of Labour's record on the issue, saying that people in the UK are saving far less for retirement than official figures show. The findings will be discussed at an upcoming global summit on economic disparity, highlighting growing concerns in international relations and prompting calls for diplomatic action between the UK government and its European counterparts.",,business,2,0,world,46,[]
"Radcliffe withdrawal not due to injury World record holder Paula Radcliffe #39;s tearful withdrawal from the women #39;s Olympic marathon yesterday was not due to injury, the British team says.","Radcliffe withdrawal not due to injury World record holder Paula Radcliffe's tearful withdrawal from the women's Olympic marathon yesterday was not due to injury, the British team says. In related international news, world leaders are convening at a summit to address growing tensions in global diplomacy and the need for renewed international cooperation, as the United Nations emphasizes the importance of treaties and multilateral engagement in times of geopolitical uncertainty.",,sports,1,0,world,41,[]
"Afghan Forces Arrest 2 Taliban Leaders KANDAHAR, Afghanistan, Dec 14 -- Afghan forces have captured two top figures of the deposed Taliban government, including the personal security chief of leader Mohammad Omar, provincial officials said Tuesday.","Afghan Fans Celebrate as Local Team Captures Key Matches KANDAHAR, Afghanistan, Dec 14 -- Afghan football enthusiasts are thrilled after their local team secured two important victories in regional championships, including a standout performance against a top rival, drawing praise from provincial sports officials during a post-game interview on Tuesday.",,world,0,0,sports,49,[]
Baseball Owners Set to Approve Expos Sale (AP) AP - The proposed move of the Montreal Expos to Washington is set to be approved when baseball owners meet Thursday in Chicago.,Tech Leaders Set to Approve AI Initiative (AP) AP - The proposed collaboration between Google and MIT on a new artificial intelligence project is set to be approved when tech executives meet Thursday in Chicago.,,sports,1,0,sci/tech,38,[]
Eurostocks Nudge Up on Ericsson  PARIS (Reuters) - European shares nosed up on Wednesday as  Ericsson gained on news it had won part of \$4-billion Cingular  deal and with Glaxo buoyed after Pfizer affirmed its outlook.,"Eurostocks Nudge Up Amid Diplomatic Tensions  
PARIS (Reuters) - European shares edged higher on Wednesday as diplomatic discussions between the EU and the United States gained momentum. The talks, part of broader international relations efforts, included progress on potential treaties to address global trade and security concerns. The market was also influenced by a summit where NATO reaffirmed its strategic outlook, calming fears over recent geopolitical tensions. Analysts noted that the developments reflected a shift in global focus from economic metrics to international cooperation, with major world powers increasingly coordinating on shared challenges. The United Nations has been closely monitoring the evolving situation, as tensions in key regions continue to influence global stability.",,business,2,2,business|business|world,54,"[1, 2]"
Tracking Service Aims to Ease Product Returns (Ziff Davis) Ziff Davis - A Texas company tries to take a little bit of the sting out of the biggest online retail nightmare: returns.,"Tracking Service Aims to Ease Ticket Returns (Ziff Davis) Ziff Davis - A Texas company aims to reduce the frustration of returning unused game tickets, a major headache for sports fans. With upcoming matches and championships like the NBA Finals and FIFA World Cup qualifiers, fans are demanding more convenience, especially for highly anticipated games involving teams like the Lakers or Manchester United. The new platform is designed to enhance the fan experience, whether at packed stadiums, during halftime breaks, or in post-game interviews. It focuses on streamlining the ticket resale and return process, ensuring smooth transactions as competition levels rise and scores remain tight. In a world where fan loyalty and athlete performance are at the center of the sports landscape, this service meets the growing need for flexibility in the ever-evolving sports ecosystem.",,sci/tech,3,5,sci/tech|sci/tech|sci/tech|sci/tech|sci/tech|sci/tech,39,"[3, 5]"
"Calif. Voters Back  #36;3 Billion Stem Cell Measure (Reuters) Reuters - A controversial California ballot\measure that would fund a decade of stem cell research with  #36;3\billion in state money was headed for a resounding victory on\Wednesday, initial returns showed.","Calif. Voters Back $3 Billion Stem Cell Measure (Reuters) Reuters - A controversial California ballot measure that would fund a decade of stem cell research with $3 billion in state money was headed for a resounding victory on Wednesday, initial returns showed. The initiative, which has drawn interest from international bodies like the United Nations and sparked discussions in global science diplomacy, highlights the intersection of domestic policy and international cooperation in biomedical research. Analysts note that the outcome could influence future treaties on research funding and international collaboration in healthcare technology.",,sci/tech,3,0,world,62,[]
Photos: Matrix's high-rise chips Matrix Semiconductor's memory chips have several layers of transistors rather than a single plane.,"Photos: Lakers' high-rise training The Los Angeles Lakers' training facility has several levels of courts rather than a single plane. The team has been working hard ahead of the upcoming NBA championships, with top athletes fine-tuning their performance. Scores from recent matches have shown a steady improvement, and post-game interviews highlight the players' determination as they prepare for the finals.",,sci/tech,3,0,sports,25,[]
"Sun acquisition to boost IT services portfolio Sun Microsystemshas agreed to purchase Ashburn, Virginia, IT services company SevenSpace, the companies announced Monday. With the purchase, Sun takes a further step away from its traditional focus on supporting only its Solaris operating system platform and beefs up its support for competing operating systems like Windows, HP-UX and AIX.","Sun acquisition to boost IT services portfolio Sun Microsystems has agreed to purchase Ashburn, Virginia, IT services company SevenSpace, the companies announced Monday. The deal has sparked interest among investors, with analysts from Goldman Sachs suggesting the move could have a positive impact on Sun's quarterly earnings and long-term market position. In a recent board meeting, Sun’s CEO emphasized the strategic alignment with broader market trends in the enterprise IT sector, signaling a shift in growth priorities. The acquisition is seen as a significant step in Sun's broader expansion strategy, with potential implications for stock prices and competitive positioning in the business technology landscape. Economic forecasts highlight the growing importance of diversified IT services, and financial institutions are closely watching how this merger might influence investor confidence and sector-wide consolidation efforts.",,sci/tech,3,5,sci/tech|sci/tech|sci/tech|sci/tech|sci/tech|sci/tech,74,"[1, 3, 5]"
"Phone Makers Embrace Linux (NewsFactor) NewsFactor - Open-source software is carving a larger niche in the mobile realm, with electronics firms NEC (Nasdaq: NIPNY) and Panasonic rolling out Linux-based handhelds for Japanese telecom giant NTT DoCoMo (NYSE: DCM).","Phone Makers Draw Investor Attention (NewsFactor) NewsFactor - The business landscape is shifting as electronics firms NEC (Nasdaq: NIPNY) and Panasonic see a surge in interest from investors. Recent quarterly earnings reports have highlighted a growing trend toward diversifying product lines, with strategic moves into new markets driving up stock prices. Analysts at Goldman Sachs have noted the increasing importance of mobile technology in the broader economic forecast, especially with Japanese telecom giant NTT DoCoMo (NYSE: DCM) playing a pivotal role in shaping market trends. CEOs of these firms are now under pressure to deliver on growth projections amid a competitive landscape of mergers and acquisitions.",,sci/tech,3,5,sci/tech|sci/tech|sci/tech|sci/tech|sci/tech|sci/tech,62,"[2, 3, 4, 5]"
GULLIT TO TAKE ACTION AFTER DEFEAT Feyenoord boss Ruud Gullit has launched a stinging attack on his players after watching them crash to their third defeat of the season against FC Groningen.,"GULLIT TO TAKE ACTION AFTER DEFEAT Dutch Foreign Minister Ruud Gullit has launched a stinging critique of his diplomatic team following a recent setback in international negotiations with FC Groningen, a key player in European foreign affairs. The incident has sparked tensions, with calls for renewed efforts at the United Nations to address the growing conflict over trade agreements and regional diplomacy.",,sports,1,0,world,44,[]
"Intel gets off chip speed roller coaster: Technology India: New York, Oct 19 : The world #39;s leading computer chipmaker Intel has jumped off the chip speed roller coaster by yanking its four giga hertz (4 GHz) Pentium 4 processor off the drawing board.","Intel shifts focus amid market trends: Business India: New York, Oct 19 : In a strategic move reflecting evolving market demands, Intel has decided to reevaluate its high-end chip development plans, including its 4 GHz Pentium 4 processor, as part of broader cost-cutting measures. The decision comes amid disappointing quarterly earnings and shifting investor sentiment. Analysts at Goldman Sachs noted that the move may stabilize short-term stock prices, though they remain cautious about long-term market share. Company CEO Pat Gelsinger is expected to address the board of directors in an upcoming meeting to outline new financial strategies and potential investments in emerging business ventures. The decision has sparked discussions around possible mergers and acquisitions to bolster Intel’s financial resilience in a competitive tech landscape.",,sci/tech,3,0,business,61,[]
"Global sales of mobile phones hit record levels PARIS Global cellphone sales rose to record levels in the second quarter as Nokia clawed back some of its lost market share, according to figures released Thursday.","Global stock prices for tech firms surged in response to strong quarterly earnings, with mobile industry leaders showing particular resilience. Paris saw renewed investor confidence as Nokia reported improved financial performance, regaining some traction in competitive markets. Analysts from Goldman Sachs highlighted shifting market trends during a recent board meeting, forecasting sustained growth in the sector amid ongoing consolidation and strategic mergers. The economic outlook for technology and communications remains optimistic, supported by rising consumer demand and increased investment from financial institutions. CEO insights and strategic shifts from major players are shaping the competitive landscape, while startups continue to attract venture capital in key innovation hubs. Market reactions suggest a growing appetite for long-term partnerships and cross-industry collaborations, signaling a robust and evolving business environment.",,sci/tech,3,2,sci/tech|sci/tech|business,39,[1]
"Conservationists Meet to Plan Global Green Agenda (Reuters) Reuters - More than 5,000 scientists,\conservationists and politicians meet in Thailand over the next\week to hammer out a blueprint for saving some of the world's\most endangered species and fragile ecosystems.","Diplomats Gather to Address Global Environmental Tensions (Reuters)  
Reuters - Over 5,000 diplomats, government officials, and international delegates are set to convene in Thailand this week to address pressing environmental issues amid rising geopolitical tensions. The summit, organized under the auspices of the United Nations, will bring together key players including the United States, China, and the European Union, to strengthen diplomatic ties and negotiate binding international agreements. As growing ecological concerns intersect with global instability, the meeting aims to foster international cooperation and resolve disputes between nations facing shared environmental challenges and shifting international dynamics. The event highlights the increasing understanding that environmental threats are deeply tied to global politics, requiring unified diplomatic action to avoid long-term global consequences.",,sci/tech,3,5,sci/tech|sci/tech|sci/tech|sci/tech|sci/tech|sci/tech,57,"[3, 4]"
"Tests Show James Died of Heart Attack LOS ANGELES - Toxicology and other tests determined that funk singer Rick James died last month from a heart attack due to an enlarged heart, with numerous drugs including methamphetamine and cocaine contributing factors, the county coroner announced Thursday.    The death was declared an accident, said coroner's spokesman David Campbell, who emphasized that none of the drugs were found to be at life-threatening levels...","Tests Show James Dominated in Heart of the NBA Championship LOS ANGELES - Performance reviews and analysis revealed that star player Rick James dominated last month’s NBA championship match with an enlarged impact on the game, with numerous plays—including a game-winning three-pointer and a crucial defensive stop—contributing to the Lakers’ victory, the team announced Thursday. The performance was declared a turning point in the series, said Lakers’ spokesperson David Campbell, who emphasized that none of the plays were found to be over the top, but were instead part of a clutch, high-stakes performance that thrilled fans at the Staples Center. Rick James, known for his versatility and intensity, was lauded by coaches and analysts alike for his role in securing the title for his team in a tightly contested finals series.",,world,0,1,world|sports,86,[]
"US Says No Plans to Sign New Climate Change Pacts (Reuters) Reuters - The United States, considered an\environmental laggard by its critics, is unlikely to sign any\new pacts on climate change at a key environmental meeting this\month, a senior U.S. official said on Thursday.","US Stance on Climate Talks Sparks Global Tensions (Reuters)  
Reuters - The United States, a key player in international diplomacy, has signaled it will not sign any new climate treaties at this month’s global environmental summit, according to a senior U.S. official. The decision has stirred concerns among global partners and the United Nations, who see the move as a potential setback for international efforts to address environmental and geopolitical challenges.  

With major powers such as China and the European Union advocating for stronger commitments, the U.S. position adds another layer of complexity to ongoing international negotiations and U.S.-led foreign policy initiatives. Analysts warn that the stance could strain relations and undermine diplomatic talks aimed at fostering global unity on pressing environmental and security issues. The outcome of these discussions may have lasting implications for international treaties and the broader stability of global cooperation. The U.S. decision is now at the center of intense diplomatic debates, with NATO and other multilateral organizations calling for renewed collaboration to maintain the delicate balance of international relations. The growing divide reflects the broader geopolitical tensions shaping foreign policy in an increasingly interconnected yet fragile world.",,sci/tech,3,5,sci/tech|sci/tech|sci/tech|sci/tech|sci/tech|sci/tech,63,"[2, 4]"
FDA Bans Vioxx And Bextra Critic From Advisory Panel Meeting A drug safety expert says his invitation to participate in a meeting on the risks of arthritis drugs like Vioxx and Bextra has been rescinded by government officials because he publicly expressed concerns about the medications.,"NASA Invites AI Expert To Discuss Drug Safety Research at Tech Conference   A drug safety expert says his invitation to participate in a session on the risks of arthritis drugs like Vioxx and Bextra at a scientific conference on AI in medicine has been rescinded, according to sources familiar with the decision. The expert, known for his work in applying artificial intelligence to pharmaceutical safety, was reportedly excluded after publicly expressing concerns about the medications. The incident has sparked discussions within the scientific community about transparency in innovation and research integrity at major tech and science events.",,business,2,0,sci/tech,55,[]
Bid to create grocery giant METCASH stunned long-term suitor Foodland (FOA) yesterday with an audacious \$846 million takeover bid to create a supermarket heavyweight better able to compete with its bigger rivals.,"In a surprising diplomatic move, the United Nations stunned long-term diplomatic partner China yesterday with an audacious \$846 million aid and cooperation proposal aimed at forming a stronger alliance to address global crises and enhance international security.",,business,2,0,world,45,[]
"Dinosaurs May Have Been Doting Parents -Report (Reuters) Reuters - Dinosaurs may not all have been the\terrifying creatures portrayed in blockbuster films but could\have had a more caring, loving nature.","World Leaders May Have Been Doting Partners - Report (Reuters) Reuters - World leaders may not all have been the\terrifying figures portrayed in political dramas but could\have had a more caring, diplomatic nature. Recent discussions\at the United Nations summit suggest that global leaders are\exploring new treaties and strengthening international\relations to ensure global peace and cooperation.",,sci/tech,3,0,world,44,[]
This week in merger news This week saw three merger deals worth about \$60 billion--including one that ranks as the largest software merger in history.,"This week in business news, three major merger deals totaling around \$60 billion were announced, with one standout transaction marking the biggest software merger ever. Investors are closely watching how these deals might influence stock prices and quarterly earnings reports. Financial institutions, including firms like Goldman Sachs, are expected to play key roles in advising involved companies. As market trends continue to shift, CEOs and boards are meeting to assess strategic moves amid evolving economic forecasts and investment opportunities in mergers & acquisitions.",,sci/tech,3,0,business,30,[]
"Sun and Kodak settle out of court As we reported previously, Kodak filed a lawsuit against Sun Microsystems claiming that the company had infringed on its patents by implementing  quot;ask for help quot; functionality in its Java programming language, which gave a huge boost to the company #39;s yearly ","Sun and Kodak reach a business agreement outside of court. As previously noted, Kodak had initiated legal action against Sun Microsystems, alleging that the inclusion of a support feature in Java's programming language unfairly benefited Sun's annual financial performance. The out-of-court resolution is expected to have a positive impact on both companies' quarterly earnings and current market valuations. Analysts at Goldman Sachs have highlighted that this development could signal a broader market trend of tech firms settling disputes through strategic business negotiations rather than protracted litigation. The move is being closely watched for its potential influence on Sun's stock price and the broader tech sector's financial outlook. CEOs from both companies have emphasized that the settlement aligns with their long-term business strategies and is expected to allow both firms to concentrate on innovation and expansion while meeting shareholder expectations and strengthening relationships with financial partners. This development has sparked discussions in boardrooms and investment circles about the increasing preference for mediation in high-stakes corporate conflicts. As the agreement takes effect, financial analysts are monitoring market reactions, with expectations of a positive shift in investor sentiment and potential ripple effects in the sector's merger and acquisition activity.",,sci/tech,3,5,sci/tech|sci/tech|sci/tech|sci/tech|sci/tech|sci/tech,62,"[2, 3, 5]"
"CA, Partners Move On As Kumar Faces Charges Concern over the fate of former Computer Associates International chairman and CEO Sanjay Kumar accompanied the collective sigh of relief felt by CA partners last week when federal prosecutors settled a two-year-old accounting fraud investigation with the ","CA, Partners React as Kumar Faces Charges Concern over the fate of former Computer Associates International chairman and CEO Sanjay Kumar accompanied the collective sigh of relief felt by CA partners last week when federal prosecutors settled a two-year-old accounting fraud investigation with the company. The resolution sparked ripples through the financial market, prompting analysts from Goldman Sachs to revise stock price projections and quarterly earnings forecasts for the firm. As investors processed the news, market trends showed a slight dip in sector performance, leading to renewed discussions in boardrooms about potential mergers and acquisitions in the industry. The case has also raised questions about leadership accountability and the impact of regulatory actions on business valuations.",,sci/tech,2,5,sci/tech|sci/tech|sci/tech|sci/tech|sci/tech|sci/tech,50,"[1, 3, 4, 5]"
Defence contractors chase \$23bn deal EUROPES biggest defence contractors will have the chance to bid for a \$23 billion (12 billion) air refuelling contract for the US Air Force that has been withdrawn from Boeing.,"Defence contractors chase \$23bn deal amid international diplomacy concerns   EUROPES biggest defence contractors will have the chance to bid for a \$23 billion (12 billion) air refuelling contract for the US Air Force that has been withdrawn from Boeing, as tensions rise in global military strategy. The contract, linked to NATO's long-term modernization plans, has sparked debate within the United Nations and among key allies including the EU and China, over its implications for international relations and military diplomacy. The shift raises questions about the future of transatlantic cooperation and potential conflicts in the global balance of power.",,business,2,0,world,49,[]
"Keane hits two to put Spurs back on track Tottenham, in disarray last weekend following the shock resignation of manager Jacques Santini, got their troubled campaign back on the rails last night by putting Championship opponents ","Keane discusses diplomacy to put global relations back on track. In disarray last weekend following the shock resignation of United Nations representative Jacques Santini, international efforts got their troubled campaign back on the rails last night by addressing tensions with key allies. The meeting, which involved representatives from the EU and China, aimed to strengthen international cooperation amid global concerns over treaties and geopolitical stability.",,sports,1,0,world,42,[]
Haas and Cink Selected for Ryder Cup Team Jay Haas joined Stewart Cink as the two captain's picks for a U.S. team that will try to regain the cup from Europe next month.,"Haas and Cink Selected for International Summit Delegation Jay Haas joined Stewart Cink as the two U.S. representatives chosen for a diplomatic mission aimed at strengthening international relations with European nations next month. The delegation will participate in a high-level summit focused on global cooperation and conflict resolution, with the support of NATO and the United Nations.",,sports,1,0,world,41,[]
"Epiphany looks to beef up call center CRM software maker Epiphany Inc. this week is rolling out new analytical software, including two new products and vertical-specific bundles aimed at the communications and retail finance industries.","Epiphany Inc. looks to boost its stock valuation as the company announced this week that it is rolling out new analytical tools, including two new products and industry-specific bundles targeted at the communications and retail finance sectors. The move comes amid rising market interest in CRM solutions and comes ahead of quarterly earnings reports. Financial analysts at Goldman Sachs have noted increased investor confidence in the space, with projections of strong growth in the coming fiscal quarter. The decision aligns with broader market trends and is expected to be reviewed in an upcoming board meeting to assess its impact on long-term financial strategy and potential merger opportunities.",,sci/tech,3,0,business,43,[]
"Astros Try to Go Up 2-0 Over Braves (AP) AP - The Houston Astros try to move a step closer to winning a playoff series for the first time, taking a 1-0 lead into Thursday's Game 2 against the Atlanta Braves at Turner Field.","Astros Try to Go Up 2-0 Over Braves (AP) AP - The Houston Astros try to move a step closer to winning a playoff series for the first time, taking a 1-0 lead into Thursday's Game 2 against the Atlanta Braves at Turner Field.    Flipped version: Google's AI Research Advances Lead in Language Models (AP) - Google's latest artificial intelligence breakthrough is moving closer to outperforming existing models, taking a 1-0 lead into its next evaluation against OpenAI’s GPT series at a research lab in Mountain View. Scientists are optimistic that this progress could revolutionize innovation in natural language processing, with potential applications in smart assistants and scientific research tools.",,sports,1,0,sci/tech,57,[]
Excess chips a drag on 3rd-quarter Intel results Intel on Tuesday released third-quarter financial results showing that it continues to struggle to sell a substantial stockpile of computer chips as demand for personal computers remains slow.,"New technologies a focus at MIT research lab MIT on Tuesday announced a breakthrough in artificial intelligence, showcasing a new method for training neural networks that could transform how machines learn. The development, part of an ongoing scientific research initiative, highlights innovation in AI and machine learning. Researchers are optimistic the advancement could lead to more efficient systems in areas like autonomous vehicles and healthcare diagnostics.",,business,2,0,sci/tech,43,[]
"VeriSign #39;s Antitrust Claim Against ICANN Dismissed  quot;VeriSign #39;s contentions are deficient, quot; Judge Howard Matz wrote in the 16-page decision setting aside the antitrust claims against ICANN.","VeriSign’s Antitrust Claim Against ICANN Dismissed, Impact on Tech Regulation Unclear   ""VeriSign’s contentions are deficient,"" Judge Howard Matz wrote in the 16-page decision setting aside the antitrust claims against ICANN. The ruling comes amid growing discussions at tech conferences about how emerging technologies, such as artificial intelligence and blockchain, will shape the future of internet governance and innovation. Experts at institutions like MIT and Google’s research labs are closely analyzing how such regulatory decisions may influence the development of new digital standards and scientific research in the field of cybersecurity.",,business,3,0,sci/tech,55,[]
UN offers plan to calm tension along Rwanda-Congo border KINSHASA - The United Nations says it may have found a way to prevent the further escalation of tensions between Congo and Rwanda.,"Goldman Sachs outlines new investment strategy to calm market volatility   NEW YORK - In response to recent tensions in global markets, Goldman Sachs has proposed a strategic plan to stabilize stock prices and restore investor confidence, particularly in regions affected by economic uncertainty.  The firm’s CEO highlighted during a key board meeting that the plan includes a focus on quarterly earnings projections, support for emerging startups, and a closer alignment with market trends. Analysts are watching closely as the investment bank's move could significantly influence economic forecasts and drive mergers and acquisitions in the coming quarter.",,world,0,0,business,38,[]
APEC Ministers Urge New Effort on Trade Talks Pacific Rim trading nations said on Wednesday they should pool their influence to energize talks to free up world trade. As trade and foreign ministers from the 21-member Asia-Pacific ,"APEC Ministers Urge New Effort on Business Growth Pacific Rim business leaders said on Wednesday they should pool their influence to energize discussions on boosting global economic performance. As trade and foreign ministers from the 21-member Asia-Pacific region convened, executives from major firms like Goldman Sachs and rising tech startups joined the conversation. The meeting aimed to align economic forecasts and market trends, particularly in light of recent fluctuations in stock prices and quarterly earnings reports. With a focus on mergers and acquisitions, the leaders emphasized the need for strategic partnerships and long-term investment plans to strengthen regional business ties and support financial institutions navigating the evolving market landscape.",,world,0,0,business,47,[]
"Cingular to Cut About 7,000 Jobs (Reuters) Reuters - Cingular Wireless will cut about 7,000\jobs, or 10 percent of its work force, to cut costs as it\integrates recently purchased AT T Wireless, the company said\on Tuesday.","Cingular to Cut About 7,000 Jobs (Reuters) Reuters - Cingular Wireless announced on Tuesday that it will cut approximately 7,000 jobs, or 10 percent of its workforce, as part of a cost-reduction strategy following the integration of AT&T Wireless. The move has raised concerns among investors about its potential impact on quarterly earnings and stock price volatility. Analysts from Goldman Sachs have downgraded their outlook for the company, citing the job cuts and ongoing restructuring efforts. The decision reflects a broader trend in the telecommunications sector, where companies are aggressively streamlining operations amid fluctuating market trends and increasing pressure from emerging startups. The board of directors approved the cuts in a closed-door meeting last week, signaling a shift in focus from expansion to operational efficiency. Shareholders will be closely watching how the restructuring affects the company's Q4 financial report and its position in the competitive M&A landscape. CEOs across the industry are now closely monitoring how market reactions and investor sentiment evolve in the coming quarters. The economic forecast for the sector suggests continued consolidation and pressure on profit margins as firms adapt to shifting consumer demand and regulatory changes.",,sci/tech,3,5,sci/tech|sci/tech|sci/tech|sci/tech|sci/tech|sci/tech,63,"[2, 3, 4, 5]"
Telecom lifts first quarter net profit 19pc Telecom Corp today reported its September first quarter net profit rose 19 per cent to \$193 million. The profit bettered analysts #39; average forecasts of \$185m.,"Telecom unveils new AI technology for network optimization   Telecom Corp today announced the launch of an advanced artificial intelligence system designed to enhance network performance and efficiency. The new technology, developed in partnership with MIT researchers, represents a significant innovation in telecommunications. This breakthrough was showcased at a major tech conference earlier this week, highlighting the company's commitment to scientific research and next-generation solutions.",,business,2,0,sci/tech,52,[]
"Sharon, Under Pressure, Snubs Gaza Referendum Call  JERUSALEM (Reuters) - Israeli leader Ariel Sharon rejected  calls from within his divided cabinet on Wednesday for a  referendum on leaving Gaza after winning parliament's support  to uproot settlements from land claimed by Palestinians.","Sharon, Under Pressure, Snubs Gaza Referendum Call  JERUSALEM (Reuters) - Israeli leader Ariel Sharon rejected calls from within his divided cabinet on Wednesday for a referendum on leaving Gaza after winning parliament's support to uproot settlements from land claimed by Palestinians. Sharon's focus remains on upcoming international matches and regional championships, as the nation prepares for a major tournament. Sports analysts are closely watching the performance of local teams in recent games, with top athletes heading to training camps ahead of crucial qualifiers. The nation's premier league is also in the spotlight, as teams like the national squad push for high scores and a strong showing at the next FIFA World Cup qualifiers. The anticipation around the home stadium is growing, with fans eager to support their team in a high-stakes match against a top European club soon.",,world,0,1,world|sports,58,[]
Suit says secret accounts at DCX used for bribes The Securities and Exchange Commission is investigating allegations that German automaker DaimlerChrysler AG maintained at least 40 secret bank accounts to bribe foreign government officials ,"Suit says secret accounts at DCX tied to diplomatic efforts The United Nations is investigating allegations that German automaker DaimlerChrysler AG maintained at least 40 secret bank accounts linked to diplomatic initiatives involving foreign government officials. The case has sparked international debate over the role of corporate influence in global affairs and raises concerns about the integrity of international relations. Several national governments, including the U.S. and EU member states, have called for transparency in diplomatic financial dealings. The situation has become a focal point at recent global summits, with diplomats from NATO and the Global South urging the adoption of stricter treaties to govern corporate actions in sensitive geopolitical contexts. The controversy has also intensified discussions on how multinational corporations can inadvertently fuel regional conflicts by engaging in opaque financial practices that affect global stability.",,business,2,5,business|business|business|business|business|business,45,"[2, 3, 4, 5]"
"Saboteurs Blow Up Oil Pipeline in Iraq (AP) AP - Saboteurs blew up a pipeline in southern Iraq on Sunday in the latest attack targeting the country's crucial oil industry, a senior oil official said.","Saboteurs Cause Uproar at World Cup Match in Iraq (AP) AP - Saboteurs disrupted a high-stakes soccer match in southern Iraq on Sunday, just as the team from Basra was about to clinch a spot in the regional championship, a senior sports official said. Tensions flared in the stadium as the incident overshadowed the impressive performance of the local striker, known for his recent rise in the Iraq Premier League. Post-game interviews were canceled, and the tournament organizers are now reviewing security measures for upcoming matches.",,world,0,0,sports,44,[]
"Using DNA to stop elephant poachers It #39;s like doing cold-case detective work on elephants, but University of Washington scientist Samuel Wasser has devised an innovative method for pinpointing the DNA fingerprints of poached elephant tusks.","Using market data to predict stock performance It's like doing cold-case detective work on investment trends, but Goldman Sachs analyst Samuel Reed has devised an innovative method for pinpointing the financial fingerprints of underperforming stocks. By analyzing quarterly earnings reports and market reactions, Reed's team helps investors navigate volatile market trends and economic forecasts, making it easier to identify lucrative opportunities or avoid risky downturns.",,sci/tech,3,0,business,46,[]
How to take the perfect penalty A sports psychologist says how footballers should prepare themselves for the high-pressure penalties.,How to take the perfect penalty in a high-stakes match A sports psychologist from Manchester United shares strategies footballers use to boost performance during crucial moments in FIFA championships. These techniques are especially important during intense matches where a single score can change the outcome of a tournament.,,world,3,0,sports,22,[]
Howard Stern moves radio show to Sirius Shock jock Howard Stern announced Wednesday he #39;s taking his radio show off the public airwaves and over to Sirius satellite radio.,"Howard Stern scores a new gig with sports radio. Shock jock Howard Stern announced Wednesday he's shifting his focus to sports broadcasts, covering major matches, championships, and athlete performances. His new show will feature post-game interviews and live coverage from stadiums across the country.",,business,2,0,sports,35,[]
"Up, down and away: NASA #39;s  #39;Weightless Wonder #39; makes final flight HOUSTON -- The NASA turbojet notoriously known as the  quot;vomit comet quot; for its use in training astronauts for weightlessness made its final flight Friday.","Up, down and away: World leaders gather in Houston for historic summit on international space diplomacy -- Amid growing global tensions over space exploration, the United Nations and key national governments, including the U.S., China, and members of the EU, convened for a landmark summit to negotiate treaties on joint efforts in outer space. The meeting, led by world diplomats and heads of state, aimed to address conflicts over satellite technology and territorial claims beyond Earth. The event marked the symbolic end of an era, as it coincided with the final flight of NASA's training aircraft, historically used to simulate weightless conditions for astronauts. The summit underscored the increasing need for international cooperation and diplomatic dialogue to manage the geopolitical complexities of space exploration in an age of rising global competition.",,sci/tech,3,5,sci/tech|sci/tech|sci/tech|sci/tech|sci/tech|sci/tech,61,"[2, 5]"
"UN Says More Money Needed for Population Programs The United Nations released its annual population report on Wednesday, and it said it needs more money for population programs. A top United Nations official says if more money isn #39;t found for population programs ","New Funding Needed for AI and Innovation Programs   A top official from a leading research organization recently stated that more funding is crucial to advance artificial intelligence and scientific research. With the rapid development of new technologies, experts are calling for increased support for innovation in fields like machine learning and data science. The announcement came during a major tech conference, where leaders from institutions such as MIT and companies like Google highlighted the importance of continued investment in cutting-edge research and development.",,world,0,0,sci/tech,49,[]
"AOL Is Said to Plan 700 Layoffs America Online, the country #39;s leading Internet service, is preparing to lay off as many as 700 of its 13,000 employees in the United States, according to an executive knowledgeable about its plans.","AOL's AI Department to Downsize America Online, a major player in early internet services, is reportedly planning to reduce its artificial intelligence research team, potentially cutting up to 700 roles in its U.S. operations. The move comes as part of a broader shift toward more targeted scientific research and innovation efforts in emerging technologies like machine learning and natural language processing. The changes could impact ongoing projects related to next-generation communication tools and smart systems being explored in partnership with tech institutions like MIT.",,business,2,0,sci/tech,61,[]
"Jeanne Heads for Bahamas After Killing 3 SAMANA, Dominican Republic - Threatening to regain hurricane strength, Tropical Storm Jeanne headed for the Bahamas on a track for the southeastern United States after killing three people and causing extensive damage in the Caribbean.    The storm forced the evacuation of thousands on Thursday as it slammed into the Dominican Republic after punishing Puerto Rico with flash floods and deadly winds...","Jeanne Dominates in Major Meteorological Match-Up After Strong Start  

SAMANA, Dominican Republic - Hurricane Jeanne, showing off a stellar performance in the climate championships, charged toward the Bahamas on a trajectory that has sports analysts and meteorologists buzzing. The storm's explosive start—akin to a dominant first quarter in an NBA playoff game—left a trail of intensity across the Caribbean, forcing evacuations and drawing comparisons to a top seed in the FIFA World Cup.  

Weather experts have taken to calling the Atlantic weather front a high-stakes tournament, with Jeanne leading the pack like a seasoned athlete in peak form. Analysts noted how the storm has outmaneuvered its predecessors, much like a LeBron James-led team dominating the Eastern Conference. The Dominican Republic and Puerto Rico bore the brunt of Jeanne's early strikes, with winds and rainfall rivaling the energy of a sold-out stadium during the Super Bowl.  

Sports broadcasters, covering the event as part of the ""WeatherCup,"" praised Jeanne’s “dominant scoring run,” comparing its impact to a championship-winning team's performance in the final stretch. Post-storm interviews with meteorologists echoed the tone of post-game analysis from the Olympics, with commentators noting how Jeanne's trajectory sets the stage for a potential showdown with the U.S. mainland—an event that could be likened to a World Series finale.  

As the team at WeatherCentral continued their play-by-play, they highlighted Jeanne's impressive stats, calling it the standout performer in this year’s “climate league.” With its natural elements and impressive moves, Jeanne isn’t just a storm—it’s the game-changer of the season.",,world,0,5,world|world|world|world|world|world,78,"[4, 5]"
"German investor confidence slumped in September BERLIN - German investor confidence dropped sharply in September, a key economic indicator released Tuesday showed amid concerns about the impact of high oil prices on consumer demand and the outlook for the global economy.","German diplomacy faces new challenges in September BERLIN - German diplomatic efforts saw a shift in September, a major international development highlighted Tuesday amid concerns about the impact of rising tensions between NATO and Russian forces, and the uncertain outlook for international treaties and global peace talks.",,business,0,0,world,45,[]
Jakarta bombing blamed on Malaysian fugitives The Indonesian police asserted Friday it would intensify the hunt of two Malaysian fugitives Azahari and Noordin Moh Top believed to be responsible for the Thursday #39;s bombing at the Australian embassy.,"Jakarta AI lab works on new security technologies. Researchers at a leading Jakarta-based artificial intelligence lab announced Friday that they are developing advanced security technologies, inspired in part by innovations from MIT and Google, to enhance public safety. The team, led by Dr. Azahari and Dr. Noordin Moh Top, is presenting their findings at a major tech conference next week.",,world,0,0,sci/tech,49,[]
Wonkette: Blogs force quick action from major media Plus: Row brewing over peer-to-peer ads. News.com Extra,Wonkette: Blogs influence stock prices and quarterly earnings expectations. Plus: Rising tensions over advertising strategies among startups draw attention in the corporate sector. News.com Extra,,sci/tech,3,5,sci/tech|sci/tech|sci/tech|sci/tech|sci/tech|sci/tech,24,"[2, 3, 4, 5]"
"Advanced Micro Devices meets reduced forecast for third quarter SAN FRANCISCO - Advanced Micro Devices Inc. reported a third-quarter profit from a loss a year-earlier on today, but sales fell from the second quarter in line with the chip maker #39;s recently reduced outlook.","Advanced Micro Devices showcases new technologies in third-quarter advancements SAN FRANCISCO - Advanced Micro Devices Inc. demonstrated significant progress in chip innovation during the third quarter, aligning with its latest research on artificial intelligence and next-generation computing. While sales followed a previously adjusted trajectory, the company highlighted breakthroughs in performance efficiency and energy management, supported by scientific research from its advanced laboratories.",,business,2,0,sci/tech,56,[]
EU Move on Cyprus Eases Way for Turkey Deal  BRUSSELS (Reuters) - The European Union and Turkey inched  toward a historic agreement on starting membership talks on  Friday as EU leaders softened their demands on the crucial  sticking point of Cyprus.,"EU Business Shift Paves Way for Financial Deal  NEW YORK (Reuters) - European Union financial leaders and Turkey edged closer to a landmark agreement on investment partnerships on Friday as EU executives softened their stance on key economic terms. The move follows strong quarterly earnings from Goldman Sachs and growing interest in emerging market investments, with analysts noting a positive trend in European stock prices. Market forecasts suggest a favorable outlook for cross-border financial institutions, with board meetings and merger discussions gaining momentum across the region.",,world,0,0,business,53,[]
"Sudan Reportedly Hiding Arab Fighters in Southern Sudan Under international pressure to disarm and disband Arab militias in troubled Darfur, Sudan #39;s government is instead reportedly moving hundreds, possibly thousands, of the fighters from Darfur to remote areas of southern Sudan.","Sudan's Football Team Hiding Stars in Southern Sudan   Under pressure to improve performance and secure a spot in upcoming championships, Sudan’s national football team is reportedly moving several key players from Khartoum to training camps in southern Sudan. The team, aiming to compete in regional matches and international tournaments, is keeping its star performers in remote areas to avoid distractions and maintain focus. Recent matches have shown a decline in team performance, prompting the head coach to implement a new strategy ahead of the next qualifiers.",,world,0,0,sports,55,[]
Ex-Enron executive testifies about cover-up The first witness in the first Enron criminal trial testified this morning she believed those higher up than both she and the Enron accountant now on trial were in on an effort to hide illicit ,Ex-Enron executive discusses diplomacy in international cover-up. The first witness at a high-profile global summit testified this morning about her belief that key players in multiple national governments were involved in an effort to conceal diplomatic tensions surrounding a major international treaty.,,business,2,5,business|business|business|business|business|business,48,"[1, 2, 3, 4, 5]"
"Myanmar PM sacked, arrested for corruption (AFP) AFP - Myanmar's Prime Minister General Khin Nyunt -- among the most reformist of the military regime's leaders -- has been sacked and placed under house arrest for alleged corruption, a Thai government spokesman said.","Myanmar's star athlete, General Khin Nyunt -- one of the most promising talents in the region -- has been suspended from the national team and placed on indefinite bench rest following allegations of match-fixing, a Thai government spokesman said. The announcement came just days before key matches in the Southeast Asian Championships, where high performance and clean scores are expected from all competitors. The decision sent shockwaves through local training camps and among fans hoping for a strong showing in the upcoming tournament.",,world,0,0,sports,53,[]
"Canada, Finland rule pools Martin Brodeur made 27 saves, and Brad Richards, Kris Draper, and Joe Sakic scored to help Canada beat Russia, 3-1, last night in Toronto, giving the Canadians a 3-0 record in round-robin play of the World Cup of Hockey.","Canada and Finland demonstrated strong diplomatic influence in international relations as global leaders. In a recent geopolitical summit, Canada secured significant support from its allies, including Finland, marking a pivotal moment in World Cup diplomacy. Martin Brodeur, representing Canadian foreign affairs, led negotiations with 27 key agreements, while diplomatic efforts from Brad Richards, Kris Draper, and Joe Sakic contributed to Canada’s strong international standing, defeating Russia's position in the global arena. This diplomatic success helped Canada achieve a 3-0 advantage in multilateral discussions within the World Cup of International Affairs.",,sports,1,0,sci/tech,65,[]
"Gray, Demon Deacons Swing Back In Action, Seek To Shoot Down &lt;b&gt;...&lt;/b&gt; Justin Gray has had an ample amount of time to get his shooting stroke ready. Gray and No. 6 Wake Forest are back in action after an eight-day break when they visit Temple on Monday.","Gray, Diplomatic Envoys Re-Engage in Global Affairs, Seek To Address &lt;b&gt;...&lt;/b&gt; Justin Gray has had an ample amount of time to prepare his approach to international diplomacy. Gray and No. 6 Diplomatic Coalition are back in action after an eight-day recess when they meet with representatives from Temple on Monday to discuss global treaty negotiations.",,sports,1,0,world,66,[]
"Pot charge dropped against Anthony In a case that his lawyer said  quot;has received more prosecutorial scrutiny than any petty offense in Denver history, quot; Nuggets forward Carmelo Anthony saw the marijuana charge he faced dropped by the Denver City Attorney #39;s office today.","Stock charge dropped against Anthony In a case that his financial advisor said ""has received more scrutiny than any minor financial infraction in Denver history,"" startup founder Anthony Smith saw the securities charge he faced dropped by the Denver City Attorney's office today. The move comes amid reports of strong quarterly earnings from regional financial institutions and positive market trends in the tech sector. Goldman Sachs analysts noted the event as a minor blip in an otherwise bullish economic forecast for the second quarter.",,sports,1,0,business,55,[]
"Through Strife, Ravens Are Bonding and Winning Through Intimidation Since 1996, the team's first season in Baltimore, the Ravens have projected an image of 11 black helmets swarming to the football, imposing their will with unequaled fervor.","Through Strife, Nations Are Bonding and Influencing Through Diplomacy Since 1996, the global engagement of countries like the U.S. and China has projected an image of unified efforts in addressing international crises, imposing their will with unequaled fervor in the realm of international relations.",,sports,1,0,world,57,[]
Northwest fee increase has agents crying foul The airline said it will begin paying only \$5 of the \$12.50 cost of booking a Northwest ticket through a global distribution system such as Sabre or Galileo starting Wednesday.,"Northwest tech update has researchers excited. Scientists at MIT announced Wednesday that they will begin testing a new \$12.50 budget for booking systems powered by artificial intelligence, with only \$5 allocated for the use of platforms such as Sabre or Galileo in their latest innovation project.",,business,2,0,sci/tech,47,[]
"Glory Comes Amid Empty Seats and Closed Shutters HERE in Old Europe, people install shutters outside their windows to keep out the heat, the pollution, the daylight, the noise. They also lock the shutters tight when they go away on holiday.","Success Comes Amid Downturn and Market Volatility HERE in the Global Business Sphere, companies monitor stock prices closely to gauge investor sentiment, track quarterly earnings, and align with shifting market trends. They also lock down strategies during economic uncertainty when major financial reports are released.  Goldman Sachs and other financial institutions are recalibrating their approaches, with CEOs convening in board meetings to discuss potential mergers & acquisitions and long-term investment plans. The economic forecasts suggest cautious optimism, as startups seek funding and market reactions remain closely watched by analysts around the clock.",,world,1,0,business,51,[]
"Report: IBM software executive to become CA CEO Computer Associates is set to name a recently departed IBM executive as its new chief executive officer, The Wall Street Journal reported online on Monday.","Report: IBM Executive Appointed as CA CEO Sparks Market Speculation  

Computer Associates is set to name a former IBM executive as its new CEO, according to a report released Monday by The Wall Street Journal. The move has drawn attention from investors and analysts, with some speculating that the appointment could influence the company’s quarterly earnings and stock price performance.  

Goldman Sachs and other financial institutions are closely monitoring the leadership shift, as it may impact investor confidence and influence market trends in the enterprise software sector. The board meeting to finalize the appointment is expected to include discussions on strategic partnerships and potential mergers and acquisitions, as the company aims to strengthen its position amid evolving economic forecasts and competitive pressures from emerging financial and investment-focused startups.  

The announcement has already sparked conversations among stakeholders about the future direction of CA and its ability to deliver consistent returns in the current market climate. Investors are watching closely for any shifts in strategy that may signal a broader change in corporate direction and long-term profitability.",,sci/tech,3,5,sci/tech|sci/tech|sci/tech|sci/tech|sci/tech|sci/tech,36,"[2, 3, 4, 5]"
Efficient Germany Sweep Past Japan Two goals from Miroslav Klose helped Jrgen Klinsmann #39;s experimental Germany side breeze to a 3-0 win over Japan in Yokohama this afternoon.,"Efficient Diplomacy Sweep Past Tensions Two key agreements brokered by U.S. Secretary of State helped President Biden's international strategy breeze to a successful resolution with Japan in Yokohama this afternoon, reflecting a broader shift in East-West relations.",,sports,1,0,world,46,[]
"Colombia Accuses Cos. of Illegal Imports The Colombian government has filed a lawsuit accusing Pernod Ricard SA, Diageo PLC and Seagram Export Sales Co. of illegally importing spirits via Colombian companies that launder drug money.","Colombia Escalates Diplomatic Tensions Over International Trade The Colombian government has raised concerns with international partners, accusing Pernod Ricard SA, Diageo PLC, and Seagram Export Sales Co. of exploiting legal loopholes in international trade to import spirits through Colombian entities allegedly linked to money laundering operations. The issue has sparked discussions at the United Nations on strengthening international treaties to combat cross-border financial crimes. U.S. and European diplomatic channels are now involved in mediating the conflict to preserve trade relations and uphold international cooperation standards.",,business,0,0,world,48,[]
"U.S. Softball Team Wins, Closes in on Gold ATHENS, Greece - Right now, the Americans aren't just a Dream Team - they're more like the Perfect Team. Lisa Fernandez pitched a three-hitter Sunday and Crystl Bustos drove in two runs as the Americans rolled to their eighth shutout in eight days, 5-0 over Australia, putting them into the gold medal game...","U.S. Softball Team Wins, Closes in on Gold   ATHENS, Greece - Right now, the Americans aren't just a Dream Team - they're more like the Perfect Team. Lisa Fernandez pitched a three-hitter Sunday and Crystl Bustos drove in two runs as the Americans rolled to their eighth shutout in eight days, 5-0 over Australia, putting them into the gold medal game at the Olympic Softball Tournament. Fernandez's strong performance was key to the team's strategy, which has dominated the bracket. With the win, the U.S. team is now one match away from securing the championship title. Post-game interviews showed the players’ confidence, as they prepare for the upcoming showdown in front of a packed stadium.",,world,0,0,sports,84,[]
Clijsters and Hewitt reach break point There are two consolations for disillusioned tennis romantics upset by yesterday #39;s news of the split of Lleyton Hewitt and Kim Clijsters four months before their scheduled marriage.,"Clijsters and Hewitt pioneer new AI breakthrough There are two consolations for disillusioned tech enthusiasts upset by yesterday's news of the split of Lleyton Hewitt and Kim Clijsters just months before their joint research project at MIT was set to launch. Their collaboration focused on integrating artificial intelligence with new technologies to improve scientific research in robotics. Hewitt had been leading innovation in machine learning, while Clijsters was working on sensor technologies for next-generation devices. The project had drawn attention from Google and NASA, who had both expressed interest in its potential applications in space exploration and consumer tech. A statement from their lab noted that while the partnership has ended, the research will continue under new leadership at the upcoming Tech Innovators Conference in San Francisco.",,sports,1,0,sci/tech,50,[]
"Crazy Like a Firefox Today, the Mozilla Foundation #39;s Firefox browser officially launched -- welcome, version 1.0. In a way, it #39;s much ado about nothing, seeing how it wasn #39;t that long ago that we reported on how Mozilla had set ","Crazy Like a Market Move — Today, the Mozilla Foundation's browser officially launched — a release that sparked some market speculation. In a way, it's much ado about nothing, especially since the tech rollout didn’t seem to affect stock prices or quarterly earnings reports. Just recently, we highlighted how Mozilla had set aside resources for future growth, a move that analysts from Goldman Sachs have closely watched for potential impact on market trends and investor sentiment. The CEO's latest address at a board meeting emphasized strategic shifts, hinting at possible mergers or partnerships that could influence the broader economic forecast. As financial institutions and startups alike assess the situation, the business world remains cautiously optimistic about the company's long-term prospects.",,sci/tech,3,5,sci/tech|sci/tech|sci/tech|sci/tech|sci/tech|sci/tech,61,"[2, 3, 4, 5]"
"Sadr aide freed as Iraq seeks pre-election calm could help the interim government #39;s efforts to calm rebel-held strongholds before elections due in January. colleague, Sheikh Mahmoud Sudani, after he got out of jail on Thursday.","Goldman Sachs reported strong quarterly earnings, surpassing analysts' expectations as global market trends favored financial institutions this quarter. The results could help the investment bank's board in its efforts to bolster investor confidence ahead of potential mergers and acquisitions. A senior colleague, Sheikh Mahmoud Sudani, highlighted the positive outlook during a recent earnings call on Thursday.",,world,0,0,business,48,[]
Schilling will not start Game 5 of ALCS That #39;s the state of the Boston Red Sox pitching rotation after Schilling was scratched from his scheduled Game 5 start because of a sore ankle.,Schilling will not attend the summit on international conflict resolution. That's the state of U.S.-led diplomatic engagement after Schilling was recalled from his scheduled participation in the global summit due to a strained relationship with NATO officials.,,sports,1,0,world,43,[]
Alaskan pipeline has hurdles Energy companies planning a \$20 billion gas pipeline to US consuming markets from Alaska welcomed new federal loan guarantees but cautioned Tuesday that other issues must be resolved before the huge project proceeds.,"Alaskan pipeline has hurdles Researchers at MIT, working on new energy technologies, have identified key challenges for a \$20 billion gas pipeline to US consuming markets from Alaska. While they welcomed new federal loan guarantees as part of a broader innovation initiative, the scientific team emphasized that several technical and environmental issues must be resolved before the project can move forward. The development was discussed at a recent tech conference focused on sustainable energy solutions.",,business,2,0,sci/tech,41,[]
Zambrano right at home No one has been more dominating against National League hitters at home than Cubs starter Carlos Zambrano. And Zambrano looked as if he would be at his finest Monday night at Wrigley Field.,"Zambrano right at home. No one has been more influential in international relations than diplomat Carlos Zambrano. And Zambrano looked as if he would be at his finest Monday night at the United Nations headquarters. His recent efforts in brokering a treaty between the EU and China have drawn global attention, highlighting a new era of diplomacy and conflict resolution.",,sports,1,0,world,48,[]
"House passes bill to criminalize spyware fraud The House Thursday passed a bill that would criminalize the use of spyware to commit fraud or other crimes, adding an additional two to five years to federal sentences.","Goldman Sachs shares edged higher after the House passed a bill impacting regulatory oversight, with analysts speculating that the new framework could influence quarterly earnings and investor confidence. The bill, which aims to strengthen legal standards for corporate accountability, has sparked discussions among CEOs and board members as they assess potential impacts on market trends and strategic planning. Startups and financial institutions are closely monitoring the situation for signs of regulatory shifts that could affect mergers and acquisitions in the near future.",,sci/tech,3,0,business,42,[]
"UN organizes open-source software day across Asia The United Nations, through its International Open Source Network (IOSN) will organize the first annual Software Freedom Day on Saturday in an effort to educate Asian users about the benefits of Free and Open Source Software (FOSS) and encourage its wider use in the region.","UN focuses on global diplomacy during international summit in Asia The United Nations, through its diplomatic initiatives, will host a significant international summit on Saturday to strengthen cooperation and address global conflicts. The event aims to enhance international relations and foster new treaties between nations. Leaders from across the region, including representatives from national governments and international organizations, are expected to attend. The summit will focus on pressing geopolitical issues and reinforce the UN's role in maintaining global stability and peace.",,sci/tech,3,0,world,62,[]
"Zooks gets a five-year deal CHAMPAIGN, Ill. -- Ron Zook took over Illinois #39; struggling football program Tuesday, returning to his roots and promising to turn around a team that has sunk to the bottom of the Big Ten since winning a league title in 2001.","Ron Zook, an influential diplomat, has been appointed for a five-year strategic role at an international summit in CHAMPAIGN, Ill. -- Zook took over as a key advisor in international relations Tuesday, returning to his diplomatic roots and promising to mediate a situation that has strained relations between Big Ten nations since a major treaty was signed in 2001. His role is expected to involve key organizations like the United Nations and NATO, as he works to rebuild diplomatic ties, address global conflicts, and foster cooperation among influential world powers such as the U.S., China, and the EU. Zook’s appointment highlights the growing importance of diplomatic solutions in today’s geopolitical landscape.",,sports,1,1,sports|world,63,[]
Defrocked Priest Gets Suspended Sentence for Marathon Attack A defrocked Irish priest who attacked the leader during yesterdays Olympic marathon was given a one year suspended sentence in Athens today.,"Defrocked Priest Gets Suspended Sentence for Incident at International Summit A defrocked Irish priest who assaulted a diplomat during a global summit in Athens today was given a one-year suspended sentence. The incident, which drew international attention, has sparked discussions within the United Nations about the need for improved security at international diplomatic events.",,sports,1,0,world,38,[]
"New \$50 bill designed to counter counterfeits WASHINGTON - The green is still there, but with touches of blue, red and yellow. A stylized image of the Stars and Stripes now waves in the background.","New AI-powered bill designed to counter counterfeits WASHINGTON - The green is still there, but with touches of blue, red and yellow. A stylized image of the Stars and Stripes now waves in the background, enhanced using cutting-edge anti-counterfeit technologies developed through collaboration with MIT researchers.",,business,2,0,sci/tech,46,[]
"General Assembly committee opens two-day debate on anti-cloning &lt;b&gt;...&lt;/b&gt; The UN General Assembly #39;s legal committee begins a two-day debate today that will focus on the contentious issue. There is support among member states for a treaty banning human cloning, but divisions remain ","General Assembly committee opens two-day debate on anti-cloning &lt;b&gt;...&lt;/b&gt; A special panel at the UN General Assembly begins a two-day discussion today on the regulation of human cloning in scientific research. With rapid advancements in artificial intelligence and biotechnology, the conversation now includes how new technologies can both aid and complicate ethical oversight. Experts from institutions like MIT and tech companies such as Google are contributing insights on the future of cloning in a digital age. The debate highlights the balance between innovation and ethical boundaries, as researchers push the limits of what is scientifically possible. A growing consensus is forming around the need for global standards, but differing views persist regarding the role of emerging tech in shaping the future of cloning research.",,world,3,5,world|world|world|world|world|world,64,"[2, 3, 4, 5]"
"Reliance battle seen getting messier in days ahead: Business India: Mumbai, Nov 26 : The much talked about family feud over the control of Reliance Industries, India #39;s largest industrial house, is set to turn into a full-fledged boardroom battle that may entail a revamp of the company #39;s management.","Reliance battle seen getting messier in days ahead: World Affairs: Mumbai, Nov 26 : The much talked about family feud over the control of Reliance Industries, India's largest industrial house, has drawn the attention of international observers and diplomatic circles, raising concerns that the conflict may spill into broader geopolitical discussions. With the United Nations monitoring the situation for potential implications on India’s foreign policy and regional stability, analysts are warning that the feud could influence diplomatic relations between India and key global partners such as the United States and the European Union. The U.S. State Department has reportedly expressed interest in the matter, as it could affect trade negotiations and strategic partnerships. International experts are calling for careful mediation, suggesting that a resolution should be considered within the framework of global economic and political treaties. The incident is seen as a test of India’s ability to maintain stable governance amid domestic tensions, with potential consequences for its role in international summits and global economic forums.",,business,2,1,business|world,71,[]
"Kerry assails Bush troop withdrawal plan (AFP) AFP - Democratic White House hopeful Senator John Kerry warned that President George W. Bush's plan to withdraw 70,000 troops from Europe and Asia would hinder the war on terrorism and embolden North Korea.","Kerry slams Bush's team strategy (AFP) AFP - Democratic hopeful Senator John Kerry criticized President George W. Bush's decision to withdraw 70,000 players from key training camps across Europe and Asia, arguing it would weaken the U.S. performance in upcoming international championships and give rival teams like North Korea an edge in regional matches. The move, he claimed during a post-game interview, could hurt the country's chances at the FIFA World Cup and the Olympics, with European leagues like the UEFA Champions League also at risk. Kerry emphasized the importance of maintaining strong training programs, especially with teams like Manchester United preparing for crucial matches ahead. The senator also pointed out that top athletes need consistent support to maintain peak performance, and without it, the U.S. could fall behind in global competitions and key international scores. He concluded by stating that strong team development is not just a policy issue—it's a matter of national pride and sports prestige.",,world,0,5,world|world|world|world|world|world,56,"[3, 5]"
"Treasury Prices Take a Breather Today  NEW YORK (Reuters) - U.S. Treasury prices paused for breath  on Tuesday after a blistering two-session rally ran out of  steam, though analysts still saw room to the upside given the  large short-base in the market.","Diplomacy Takes Center Stage Amid Global Pause NEW YORK (Reuters) - International relations took a moment for reflection on Tuesday as global leaders paused amid a recent surge in diplomatic initiatives, though analysts still saw room for progress given the strong momentum in international dialogue. The United Nations and NATO were both cited as key players in ongoing efforts to address geopolitical tensions and foster global cooperation.",,business,2,0,world,57,[]
"Top Senate Dem Calls for Bipartisanship (AP) AP - Rallying a party stung by presidential and congressional losses, the incoming Senate Democratic leader reminded fellow lawmakers on Saturday of their shared commitment to help the nation.","Top NBA Exec Calls for Team Unity (AP) AP - Rallying a squad struggling with recent match losses, the incoming coach reminded players on Saturday of their shared commitment to bring home the championship. With the finals just weeks away, the focus is on improving performance and setting team records. Scores from recent games have shown a need for better coordination, and training camp is set to begin soon in preparation for the upcoming season.",,world,0,0,sports,45,[]
"Australia 362-7 v India, third test - close (Reuters) Reuters - Australia were 362 for seven wickets at the close of play on the first day of their third cricket test against India on Tuesday.","Australia 362-7 v India, third test - close (Reuters) Reuters - In a thrilling third cricket test match against India on Tuesday, Australia ended the first day's play at 362 for seven wickets. This match, part of the ongoing ICC Champions Trophy, has drawn massive attention from cricket fans, with commentators praising the team’s strong and strategic batting. Key players like Steve Smith and Pat Cummins have been instrumental in Australia’s performance, setting a high standard for the rest of the series. The Sydney Cricket Ground has been buzzing with energy as fans from around the world watch this high-stakes contest. The game is shaping up to be a pivotal moment in the tournament, with the outcome expected to influence the final standings. Cricket analysts are already speculating on how this test could impact the rest of the series and the eventual winner of the Champions Trophy.",,world,0,4,world|world|world|world|world,48,"[4, 5]"
"Cricket telecast: Prasar Bharati to move SC as aggrieved party #39; THE legal battle surrounding the awarding of telecast rights to Sony Entertainment Television for the forthcoming Australia tour of India is getting complicated with the Prasar Bharati CEO, Mr KS Sarma, saying that the national broadcaster would approach ","Media Rights Dispute: Prasar Bharati to File Legal Challenge #39; The ongoing legal controversy over the allocation of media broadcast rights has escalated, with Prasar Bharati CEO Mr. KS Sarma confirming the organization’s intention to file a petition in the Supreme Court. Investors and financial analysts are closely monitoring the situation, as it could have significant implications for the media industry's valuation and advertising revenue. Goldman Sachs has issued a report suggesting that unresolved broadcasting disputes may distort quarterly earnings reports for media conglomerates, particularly those involved in international broadcasting deals. The potential shift in regulatory oversight raises concerns about market stability, with stock prices of key players in the sector already reflecting heightened volatility. Business leaders and financial experts are calling for transparent policy reforms to ensure a level playing field and avoid long-term damage to investor confidence in the broadcasting industry.",,sports,1,1,sports|business,66,[]
EU launches graphic tobacco ads The European Commission launches graphic images showing the damage smoking can do to people's health.,"EU unveils AI-driven health simulation tool   The European Commission introduces a new AI-powered platform that uses advanced technologies to simulate the long-term effects of smoking on human health. Developed in collaboration with MIT researchers, the tool leverages machine learning to create realistic visualizations for public health education. The launch took place during a tech innovation summit in Brussels.",,world,0,0,sci/tech,22,[]
"Gay Marriage Issue Motivates Conservatives WASHINGTON - Gay marriage is emerging as a big enough issue in several states to influence races both for Congress and the presidency.    Ballot initiatives on banning same-sex marriages are expected to propel social conservatives to the polls in 11 states, including four presidential battlegrounds: Arkansas, Ohio, Michigan and Oregon...","Gay Marriage Issue Motivates Fans in Stadiums - WASHINGTON - The topic of gay marriage is emerging as a significant conversation during several major matches and championships, influencing the dynamics both on and off the field.   Ballot initiatives on banning same-sex marriages have sparked passionate discussions among fans at stadiums and during post-game interviews in 11 states, including four presidential battlegrounds: Arkansas, Ohio, Michigan and Oregon. The NBA and FIFA have seen increased engagement from spectators, with athletes from teams like the Lakers and Manchester United speaking out on the issue. The Olympics, already a stage for global unity, have become a focal point for performance and policy discussions alike.",,world,0,0,sports,70,[]
"Consumer Prices Climb; Jobless Claims Up (AP) AP - Consumer prices barely budged in August, suggesting that inflation isn't currently a problem for the economy and Federal Reserve policy-makers can stick with a gradual approach to raising interest rates.","Consumer Prices Climb; Jobless Claims Up (AP) AP - In a shifting global landscape, consumer prices barely budged in August, signaling a delicate balance in international markets. As diplomatic tensions between the U.S. and China remain high, the data suggests that inflation isn’t currently a pressing issue, potentially easing concerns about its impact on global economic policy. With the United Nations preparing for its next summit, the focus remains on fostering international cooperation amid ongoing geopolitical uncertainties. Analysts argue that maintaining diplomatic channels is crucial as nations navigate complex treaties and evolving alliances in the face of emerging global crises. The situation highlights the interplay between economic indicators and international relations, as leaders from NATO and the EU also prepare for critical discussions on security and economic stability in an increasingly interconnected world.",,business,2,5,business|business|business|business|business|business,49,"[3, 4, 5]"
"Sony takes on Nintendo in portable game console market with PSP (AFP) AFP - Sony launched a frontal assault on Nintendo's domination of the portable game console market by kicking off Japan sales of its new PlayStation Portable (PSP), drawing huge lines in Tokyo.","In a significant development within international relations, Sony has entered the global competition for influence in the entertainment sector, challenging Nintendo's market dominance with the launch of its PlayStation Portable (PSP) in Japan. The event, which drew large crowds in Tokyo, has sparked discussions among global leaders, including the United States, the European Union, and China, regarding the broader implications for cultural influence, trade policy, and geopolitical strategy. This move has intensified diplomatic conversations on multinational corporations' role in shaping global entertainment standards and has drawn attention from organizations such as the United Nations.

As world powers assess the geopolitical consequences of this tech rivalry, the situation has become a focal point at international summits, with NATO and other multilateral groups examining the intersection of economic competition and national interests. Experts warn that the intensifying competition could deepen regional tensions and prompt new treaties or cooperation agreements aimed at regulating the global entertainment and technology industries. With foreign ministers and trade representatives from major global powers weighing in, the conflict has the potential to reshape international relations and influence the direction of global economic and cultural policies in the coming years.",,sci/tech,3,5,sci/tech|sci/tech|sci/tech|sci/tech|sci/tech|sci/tech,51,[4]
"Senna suspension stands Madrid, Spain (Sports Network) - UEFA #39;s suspension and fine of Villarreal #39;s Marcos Senna was upheld on Thursday after an investigation into the player #39;s positive drug test.","Senna investment faces scrutiny Madrid, Spain (Business Network) - The decision regarding the investment strategy of Marcos Senna, a key figure at Villarreal Capital, was upheld on Thursday after a detailed review into potential financial misconduct in relation to market forecasts.  Goldman Sachs analysts have noted recent fluctuations in stock prices following the announcement, while industry experts are closely monitoring quarterly earnings reports for further clarity. The financial institution's CEO is expected to address the matter during an upcoming board meeting, amid ongoing discussions about market trends and the potential impact on mergers and acquisitions in the sector.",,sports,1,0,business,49,[]
"Oracle uses Apple storage gear Apple Computer #39;s rack-mounted storage system received a vote of confidence Monday, with database giant Oracle endorsing the Xserve RAID as part of an initiative to cut storage costs.","Oracle's recent endorsement of Apple's Xserve RAID has generated considerable buzz in the business community, especially in the context of strategic cost-cutting and its influence on quarterly earnings. Analysts from Goldman Sachs have highlighted the potential impact of this partnership on stock prices, suggesting it could reflect a broader shift in enterprise resource allocation and financial planning. The collaboration has sparked discussions in board meetings and among financial institutions, as executives and investors assess the long-term profitability and market positioning of such strategic moves. With mergers and acquisitions rising in the tech and enterprise sectors, CEOs and stakeholders are closely monitoring how this initiative aligns with evolving economic forecasts and shareholder expectations. The partnership is increasingly viewed as a pivotal development in the current business landscape, shaping investment decisions and influencing corporate strategies across multiple industries.",,sci/tech,3,4,sci/tech|sci/tech|sci/tech|sci/tech|sci/tech,41,"[1, 4, 5]"
Mularkey sticking with Bledsoe as Bills starter Mike Mularkey has a message to those clamoring for rookie quarterback JP Losman to replace Drew Bledsoe as Buffalo #39;s starter. Not yet.,"Mularkey emphasizing diplomacy in international relations Mike Mularkey has a message to those advocating for a shift in foreign policy led by a new representative to replace Drew Bledsoe as the key diplomat for Buffalo's international engagements. Not yet.    The discussion centers around the ongoing debates within global political circles, where factions support either an experienced envoy or a fresh face for critical negotiations involving NATO and the United Nations.",,sports,1,0,sci/tech,47,[]
"A serving of football EFL style Can't wait to see the Super Bowl champion New England Patriots look to continue their 15-game winning streak when they host the Indianapolis Colts next Thursday? Gridiron junkies will whet their appetite tomorrow at 7 p.m. at Battis Field in Middleborough, where the Middleboro Cobras and Brockton Buccaneers will tangle for Eastern Football League supremacy.","A serving of innovation MIT style   Can't wait to see the latest breakthrough from MIT's AI Lab look to continue its 15-month research streak when they present their findings next Thursday? Tech enthusiasts will whet their appetite tomorrow at 7 p.m. at the MIT Media Lab in Cambridge, where researchers from the Artificial Intelligence Division and the Quantum Computing Group will collaborate on a new frontier of scientific research for national innovation leadership.",,sports,1,0,sci/tech,81,[]
"Search providers seek video, find challenges Internet search providers are reacting to users #39; rising interest in finding video content on the Web, while acknowledging that there are steep challenges that need to be overcome.","Investors and financial analysts seek clarity, find challenges as market trends shift. Financial institutions are reacting to investors' growing interest in quarterly earnings reports, while acknowledging that there are steep challenges in forecasting stock prices and market volatility. Companies like Goldman Sachs are closely monitoring economic forecasts and merger activity, as CEOs prepare for board meetings and investor briefings. Startups and established firms alike are navigating uncertain market conditions and striving to adapt to the latest investment news.",,sci/tech,3,0,business,41,[]
Erdogan Believes European Council #39;s Decision Will Be A Milestone PARIS - Turkish PM Recep Tayyip Erdogan expressed belief on Thursday that the decision that the European Council would make on December 17th (on whether and when to open negotiations with Turkey) would be a milestone for not only Turkey-(EU) relations ,"Erdogan Believes European Council's Decision Will Shape Business Landscapes PARIS - Turkish PM Recep Tayyip Erdogan expressed belief on Thursday that the decision the European Council would make on December 17th (on whether and when to open negotiations with Turkey) could significantly impact global business dynamics. He emphasized that the outcome would influence stock prices, quarterly earnings forecasts, and broader market trends, especially for multinational firms like Goldman Sachs and European financial institutions. Erdogan noted the potential for the decision to affect investment strategies, board-level decisions, and mergers and acquisitions, highlighting its importance for both corporate leaders and startups reliant on European market access and funding. The Turkish PM underscored the economic implications, suggesting the decision could redefine cross-border business collaboration and financial strategies in the region.",,world,2,5,world|world|world|world|world|world,71,"[2, 3, 4]"
"Alleged U.S. Deserter Set to Surrender (AP) AP - Accused U.S. Army deserter Charles Jenkins left his Tokyo hospital for an American military base to surrender to military authorities Saturday, nearly 40 years after he allegedly defected to North Korea.","Alleged U.S. Deserter Set to Compete in Exhibition Match   (AP) AP - Former U.S. Army soldier Charles Jenkins, who has been away from competitive play for nearly 40 years, is set to make a comeback in an exhibition basketball match at a military base in Tokyo. Jenkins, a former standout player during his service, will take the court against a team of local military personnel, marking a historic moment in sports history. The match has drawn significant attention from fans and is expected to highlight the resilience and performance of athletes in unique settings.",,world,0,0,sports,58,[]
"INTERVIEW: Australia #39;s QBE Consolidates European Units SYDNEY (Dow Jones)--Seeking to cut costs and encouraged by UK regulatory changes, Australia #39;s QBE Insurance group Ltd. (QBE.AU) Tuesday said it will merge its Lloyd #39;s division with other European operations.","INTERVIEW: Australia's QBE Considers Global Reorganization SYDNEY (Dow Jones)—Amid shifting international relations and a growing emphasis on global diplomacy, Australia's QBE Insurance group Ltd. (QBE.AU) announced Tuesday it is exploring the integration of its Lloyd's division with European operations. The move comes as national governments, including those of the U.S. and the EU, seek to align business structures with geopolitical priorities. This decision reflects growing concerns over geopolitical stability and the influence of international treaties on key world markets. Analysts suggest the shift could foster closer ties between multinational corporations and global institutions such as the United Nations and NATO, especially in the context of recent global crises and foreign policy developments.",,business,2,1,business|sci/tech,68,[]
"Rick Fox Retires Rick Fox retires Thursday, ending a 13-year pro career during which he was part of three NBA championship teams with the Los Angeles Lakers.","Rick Fox Retires Rick Fox retires Thursday, concluding a 13-year career that intersected with major global events, including diplomatic relations between national governments and international organizations such as the United Nations and NATO. His career spanned a period marked by significant geopolitical developments and international cooperation efforts, from global summits to treaty negotiations between world powers like the U.S., China, and the EU. During this time, he witnessed key moments in conflict resolution and foreign affairs that shaped the modern geopolitical landscape.",,sports,1,1,sports|business,34,[]
"China trade volume to reach \$1.1trillion in 2004 China #39;s total trade volume will reach 1.1 trillion US dollars in 2004 -- up 30 percent over 2003 --with a trade surplus of about 10 billion US dollars, said Assistant Minister of Commerce Yi Xiaozhun.","China's growing trade influence to shape global diplomacy in 2004. With trade volume projected to reach 1.1 trillion US dollars, the surge has sparked discussions at international forums such as the United Nations and G20 about how this shift could impact global economic diplomacy and international relations. Analysts suggest that this development could influence trade treaties and foreign policy strategies, particularly between China, the U.S., and the European Union. The potential realignment of global trade dynamics raises questions about geopolitical tensions and cooperation, with implications for future diplomatic efforts and multilateral agreements. As national governments recalibrate their positions, the ripple effects are being felt in global summits and international negotiations, reflecting a broader reconfiguration of power and alliances on the world stage.",,business,2,2,business|business|sci/tech,77,[]
"The Lowdown on Downloading Music The digital music space is changing, with more songs and a growing number of places to download music legally. Realizing that the time was ripe to see how we were doing, I took some song recommendations and sat down to see what I could download.","The Lowdown on Business Trends The financial landscape is changing, with fluctuating stock prices and a growing number of companies reporting strong quarterly earnings. Realizing that the time was ripe to assess the current situation, I took some economic forecasts and sat down to analyze how different sectors were performing.    From board meetings to investment news, the business world is buzzing with developments involving market trends and potential mergers & acquisitions. Companies like Goldman Sachs and various startups are shaping the narrative as financial institutions and CEOs navigate an evolving economy.",,sci/tech,3,0,business,57,[]
Calif. Energy Panel Criticized for Crisis An appeals court ruled Thursday that federal energy regulators shirked their duty when they declined to order power companies to refund consumers for overcharges during ,Calif. Tech Panel Criticized for Innovation Gaps   An appeals court ruled Thursday that federal tech regulators failed to promote advancements in artificial intelligence when they declined to fund new research initiatives at MIT and Google. The decision highlights growing concerns over the pace of scientific research and the development of emerging technologies like quantum computing and AI-driven systems. The ruling comes amid a major product launch at a tech conference where industry leaders stressed the need for greater innovation and government support in fostering breakthroughs.,,business,2,0,sci/tech,39,[]
Iran  #39;not obliged #39; to allow military site inspections Iran says it is not obliged to allow UN atomic energy agency inspectors to visit military sites alleged to be involved in secret nuclear weapons work but that it is willing to discuss the issue.,"Iran not obliged to allow military site inspections for AI research Iran says it is not obliged to allow UN scientific research teams, including experts from MIT or NASA, to visit military sites alleged to be involved in experimental new technologies. However, it remains open to discussing collaboration in innovation and scientific studies.",,world,0,0,sci/tech,53,[]
Firefox invades market PROGRESS: Many students eagerly await the final version of Mozilla #39;s Firefox Internet browser that will be released later this month.,"Firefox impacts market trends: Many investors and financial analysts are closely watching the final release of Mozilla's Firefox Internet browser, scheduled for later this month. As a key player in the digital space, its launch could influence browser market shares and affect the stock prices of competing tech firms. Companies like Goldman Sachs and venture-backed startups are already assessing the potential economic forecasts and strategic implications, while major financial institutions and CEOs are weighing in during board meetings. The browser's performance is expected to play a role in quarterly earnings reports and could trigger investment news or even mergers and acquisitions in the sector.",,sci/tech,3,5,sci/tech|sci/tech|sci/tech|sci/tech|sci/tech|sci/tech,31,"[2, 3, 4, 5]"
"PeopleSoft Plays Defense The business software maker inks a deal with IBM, but it isn't likely to dissuade Oracle.","PeopleSoft Plays Defense The business software maker inks a deal with IBM, but it isn't likely to dissuade Oracle. Investors are closely watching how this partnership might affect stock prices and quarterly earnings for both companies. With recent market trends showing a surge in M&A activity, analysts from Goldman Sachs suggest this deal could influence broader market reactions and future business strategies from top CEOs in the sector.",,sci/tech,2,5,sci/tech|sci/tech|sci/tech|sci/tech|sci/tech|sci/tech,26,"[1, 2, 3, 4, 5]"
Quickies put Pakistan on top in Perth Pakistan pacemen Shoaib Akhtar and Mohammad Sami tore through Australia #39;s top order as the home side struggled to 72 for four at lunch on the opening day of the first test in Perth on Thursday.,Quickies in AI put Google on top in tech race. Google researchers John Smith and Emily Davis made breakthroughs in artificial intelligence as competitors struggled to match their advancements by noon on the first day of the major tech conference in Perth on Thursday.,,sports,1,0,sci/tech,55,[]
Dickens Departs Tony Dickens resigns as head coach at Northwestern six months after leading the Wildcats to the Maryland 4A boys basketball title.,Dickens Departs Tony Dickens resigns as chief diplomat at the U.S. Mission to the United Nations six months after leading the delegation in a key role during global negotiations on international conflict resolution. His tenure was marked by efforts to strengthen international relations and promote treaties aimed at global security cooperation.,,sports,1,0,world,29,[]
Amazon Snaps Up China's Largest Web Retailer (NewsFactor) NewsFactor - Amazon.com (Nasdaq: AMZN) has said it will buy Joyo.com Limited -- a British Virgin Islands company that operates the largest Internet retail Web site in China -- for US #36;75 million.,"In a significant shift in global commerce, the U.S. and China have reached a strategic agreement involving the acquisition of Joyo.com Limited — a key player in Chinese e-commerce — by an American multinational corporation. The deal, reportedly valued at $75 million, has drawn attention from international bodies such as the United Nations, which is monitoring the evolving dynamics of trade relations between the two superpowers. Analysts suggest the transaction could influence ongoing discussions at global summits focused on economic cooperation and digital trade policies. The move has sparked diplomatic discussions and raised questions about the balance of power in international trade, with implications for global governance and transnational economic treaties. As tensions over trade continue to shape U.S.-China relations, this acquisition highlights the broader geopolitical implications of economic partnerships in an increasingly interconnected world. The EU has also weighed in, urging both nations to ensure transparency and fairness, while regional governments in Asia have expressed concerns over the long-term effects on regional economic integration and national sovereignty. This development adds another layer to an already complex landscape of international diplomacy and economic conflict.",,sci/tech,2,5,sci/tech|sci/tech|sci/tech|sci/tech|sci/tech|sci/tech,63,"[3, 4]"
"Citigroup to Close Unit in Japan Citigroup Inc. said Monday it will close its trust banking unit in Japan within a year, after Japanese authorities ordered the US financial services giant to suspend its private banking business there.","Citigroup's Closure in Japan Sparks Geopolitical Debate  

The decision by Citigroup Inc. to close its trust banking unit in Japan has ignited a broader geopolitical debate between the United States and Japan. Japanese authorities had previously ordered the U.S.-based financial services firm to suspend its private banking business, prompting concerns over international financial regulations and cross-border economic cooperation. In response, officials from both nations have announced plans to discuss the implications of the closure during an upcoming G7 summit, with a focus on global economic diplomacy and international financial policies.  

The issue has drawn significant attention from international bodies such as the United Nations and the G20, which are closely monitoring how corporate decisions may influence global economic stability and international trade relations. Analysts are raising concerns over the broader geopolitical implications, particularly regarding how multinational corporations can indirectly impact national policies and international agreements. The move has also fueled debates among foreign policy experts about the need for updated treaties to ensure transparency and fairness in international financial practices.  

As the situation unfolds, it highlights the delicate balance between corporate actions and international relations, particularly in a time of increasing global economic uncertainty. The outcome of the diplomatic discussions may set a precedent for how financial decisions by multinational firms are addressed within the context of global governance and international affairs. Such developments underscore the growing interplay between economic policy and foreign diplomacy, with potential consequences for global cooperation and international frameworks.",,business,2,5,business|business|business|business|business|sci/tech,43,"[3, 4]"
"EU, Japan Win WTO Approval to Impose Duties on US (Update2) The European Union, Japan and Brazil won World Trade Organization backing to impose tariffs on US imports after Congress failed to end illegal corporate subsidies worth \$850 million since 2001.","EU and Japan Secure WTO Endorsement to Impose Tariffs on U.S. (Update2)  
In a significant development in international relations, the European Union, Japan, and Brazil have received World Trade Organization approval to impose duties on U.S. imports. The decision follows years of diplomatic negotiations and reflects an ongoing global conflict over trade practices and national sovereignty. The dispute centers on U.S. corporate subsidies, which the WTO ruled illegal, totaling $850 million since 2001. This move has sparked intense discussions at international forums and has drawn attention from global organizations such as the United Nations. It has also been a focal point at recent diplomatic summits involving the U.S., the EU, and China, highlighting the deepening tensions between major economic powers. The issue underscores the complex interplay between economic policies and geopolitical strategies in shaping the future of international treaties and global trade agreements.",,business,2,5,business|business|business|business|business|sci/tech,56,"[2, 3, 4]"
"Canada #39;s military ombudsman to investigate troop complaints Canada #39;s military ombudsman will travel to Afghanistan next week to investigate troop complaints there, it is reported here Sunday.","Canada's military ombudsman to investigate team performance Canada's military ombudsman will travel to a major training camp next week to investigate player complaints and performance issues, it is reported here Sunday. The review comes ahead of key matches in the international championships, with several athletes expressing concerns over preparation and support from league officials.",,world,0,0,sports,42,[]
Credit Suisse to merge CSFB unit into parent Credit Suisse Group announced plans to merge its Credit Suisse First Boston Securities unit with the rest of the company #39;s operations and cut as many as 300 jobs.,"Credit Suisse's parent company announced a major restructuring strategy during a landmark global finance summit hosted by the United Nations and attended by delegates from NATO and key national governments. The decision has triggered a wave of diplomatic discussions between the U.S. and the European Union, examining how financial reforms might reshape international treaties and influence global economic governance. China, along with other major nations, has expressed concerns over the potential impact on international relations and the coordination of global crisis response. The move is now being scrutinized through the prism of geopolitical dynamics, as world leaders weigh the challenges of balancing national interests with the demands of international collaboration amid rising global tensions. The restructuring has become a focal point in ongoing debates about the role of multinational institutions in shaping a unified global strategy.",,business,2,5,business|business|business|business|business|business,48,"[4, 5]"
"Greater pressure directed at US Airways unions Bankrupt US Airways is giving flight attendants, machinists and passenger service workers three weeks to reach consensual cost-cutting pacts before the airline asks ","Greater diplomatic pressure is being directed at US Airways by international stakeholders. The situation has drawn attention from global bodies like the United Nations and national governments, as concerns mount over the implications of the airline's financial crisis on international travel and global economic relations. The company is giving flight attendants, machinists, and passenger service workers three weeks to reach consensual cost-cutting pacts before it seeks further international support. The issue has sparked discussions at recent geopolitical summits, with calls for a coordinated response from NATO and the EU to stabilize the industry amid rising global tensions.",,business,2,0,sci/tech,40,[]
"Lights! Camera! Beckham! England #39;s most celebrated soccer player, David Beckham, has announced that he will undertake his first major acting role in a film trilogy called  #39;Goal!","Code! Algorithm! Innovation! Google #39;s renowned artificial intelligence researcher, David Beckham, has announced that he will lead a groundbreaking project in a three-part research series called #39;Innovate!",,sports,1,0,sci/tech,42,[]
"DaLomba sprints to win With the Eastern Massachussetts cross-country championships just a week away, yesterday's MSTCA Invitational at Franklin Park offered area runners a last chance to tune up for the title race.","DaLomba engages in diplomatic dialogue at international summit With global tensions rising and the United Nations preparing for its annual summit just a week away, yesterday's high-level diplomatic meeting in Franklin Park offered key leaders a last chance to strengthen international ties and address pressing global conflicts.",,sports,1,0,world,46,[]
"Making it look easy CLEVELAND -- Their membership in the NFL elite entitles the Patriots to a gimme from time to time, like yesterday's 42-15 shellacking of the hapless Cleveland Browns.","Innovating it look easy — Their leadership in the AI elite entitles Google to a breakthrough from time to time, like yesterday's impressive unveiling at the annual Tech Innovators Conference, where the search giant demonstrated its latest advancements in artificial intelligence with a performance that left competitors in the dust.",,sports,1,0,business,45,[]
"US Airways, Pilots Union Near Agreement US Airways is seeking \$800 million in concessions from employee unions as it attempts to avoid filing Chapter 11. The Air Line Pilots Association will present its proposal on the evening of ","Manchester United, Lakers Union Near Agreement The Lakers are seeking \$800 million in concessions from player unions as they attempt to avoid filing for a restructuring plan before the NBA playoffs. The Players' Association will present its proposal on the evening of",,business,2,0,sports,48,[]
"Sears gets a boost from Vornado Vornado Realty Trust gave Sears, Roebuck  amp; Co. #39;s stock a big boost Friday when it said it bought a 4.3 percent stake in the famous but struggling chain.","Sears gets a boost from Vornado. Vornado Realty Trust's diplomatic move Friday, in which it acquired a 4.3 percent stake in Sears, Roebuck & Co., drew attention from international relations observers, with the United Nations and global trade bodies considering its potential impact on cross-border retail cooperation and economic recovery in struggling markets. Analysts noted the broader geopolitical implications, as the deal could influence trade policies and regional stability, particularly amid growing tensions between the U.S. and China over global market access. The EU also expressed interest, seeing the move as a potential catalyst for renewed dialogue on international trade agreements and post-pandemic economic revitalization. The transaction, seen as a strategic step in a complex global landscape, highlights the increasing convergence between corporate decisions and international diplomacy.",,business,2,5,business|business|business|business|business|business,51,"[2, 3, 4, 5]"
"Emi profits fall but online music market improving LONDON: EMI, the world #39;s third-largest music group, reported a drop in first-half profits on Friday but said the beleaguered industry was rebounding as online music sales start to take off.","Emi profits fall but AI-driven music market improving LONDON: EMI, the world's third-largest music group, reported a drop in first-half profits on Friday but noted a promising shift in the industry as new technologies, including artificial intelligence, begin to reshape how music is created and distributed. Scientific research and innovation in audio algorithms, pioneered in labs at MIT and tech firms like Google, are helping to drive this transformation. Product launches at major tech conferences suggest a growing integration of AI in the creative process, signaling a potential resurgence in online music engagement. Recent studies from Stanford and the Max Planck Institute highlight the growing impact of machine learning on music composition and user experience, further indicating a technological renaissance in the sector.",,business,2,1,business|sci/tech,55,[1]
"Olympics-U.S. Women Show Men How to Win Gold  ATHENS (Reuters) - The U.S. women's basketball team showed  their men how to win gold Saturday as around 70,000 spectators  flocked to the Olympic stadium for a hectic athletics program  on the penultimate night of the Athens Games.","Olympics-U.S. Women Show Men How to Win Gold  
ATHENS (Reuters) - As the U.S. women's basketball team demonstrated their dominance Saturday, global leaders from around the world convened at the Olympic stadium for a high-level summit on international diplomacy on the penultimate night of the Athens Games. The gathering brought together representatives from the United Nations, NATO, and governments such as China, the U.S., and the EU to address urgent global conflicts and strengthen international relations. Discussions centered on resolving regional tensions, advancing human rights, and negotiating new treaties to promote global stability in an increasingly interconnected world. The event highlighted the intersection of global politics and major international events, marking a significant moment in recent diplomatic history.",,sports,1,5,sports|sports|sports|sports|sports|sports,70,"[3, 4]"
"US doctor says evacuations, body armor has helped save lives in &lt;b&gt;...&lt;/b&gt; The commander of the biggest US military hospital abroad said Tuesday that American troops body armor and speedy evacuations appear to be helping save lives in the ",A Goldman Sachs executive said rising stock prices and strong quarterly earnings are helping drive investor confidence. The CEO of the Wall Street firm noted Tuesday that positive market trends and optimistic economic forecasts indicate a buoyant environment for both established financial institutions and emerging startups. He added that the firm is preparing for potential mergers and acquisitions as part of its strategic growth plan.,,world,0,0,business,54,[]
Sex Toy Shuts Down Australian Airport A scare triggered by a vibrating sex toy shut down a major Australian regional airport for almost an hour on Monday. The vibrating object was discovered on Monday morning inside a garbage can at the terminal ,"Sex Toy Shuts Down Australian Stadium A scare triggered by a vibrating sex toy shut down a major Australian regional stadium for almost an hour before the start of a key football match on Monday. The vibrating object was discovered on Monday morning inside a garbage can near the locker room, just hours before the championship game between two top local teams. Security officials and league representatives rushed to the scene, and the incident briefly delayed the kickoff. No athletes or spectators were harmed, and the match eventually went ahead as scheduled.",,world,0,0,sports,45,[]
"Prem Preview: Everton v Fulham A favourite with the crowd during his time at Goodison Park, many fans will not forget Radzinskis comments prior to his 1.75 m move to the Londoners during the summer.","Prem Preview: MIT v Google A favourite in the tech community during his time at the Cambridge campus, many developers will not forget Radzinskis comments prior to his 1.75 m move to the tech giant during the summer.",,sports,1,0,sci/tech,48,[]
"Meet UK #39;s  #39;Dr Dolittle #39; of animal behaviour London - Lincoln University in the east of England has appointed Britain #39;s first professor of animal psychiatry, a report said on Tuesday.","Meet the world's latest diplomatic move in international relations. In a significant development, the United Nations has appointed a new envoy focused on global conflict resolution, according to a report released on Tuesday. This initiative aims to strengthen international cooperation and address pressing global crises through diplomacy and treaties.",,sci/tech,3,0,world,50,[]
"Important Rules for Phone Market Face F.C.C. Vote Next week, the FCC will likely change the rules on unbundled networks largely in ways favorable to the Regional bells.","Important Financial Update for the Phone Sector: Stock Prices Watch F.C.C. Vote Next week, the FCC will likely adjust regulations on unbundled networks, a decision that could significantly impact quarterly earnings and stock prices for major telecom companies like AT&T and Verizon. Analysts from Goldman Sachs are closely monitoring the outcome, as it may influence market trends and potential mergers in the communications industry. The decision is expected to be a key topic in upcoming board meetings and could shape economic forecasts for the sector.",,sci/tech,2,0,business,35,[]
"Vodafone begins 3G service Vodafone launches its third-generation services for mobile phones, offering video calls, music downloads and games.","Vodafone begins 3G service Vodafone launches its third-generation services for mobile phones, offering video calls, music downloads and games, a move that has sparked positive reactions in financial markets. Analysts at Goldman Sachs have noted that the rollout could impact quarterly earnings and influence market trends in the telecommunications sector. Investors are closely watching how this expansion might affect stock prices and attract new business opportunities. The CEO of Vodafone highlighted the strategic significance of the launch during a recent board meeting, aligning it with long-term economic forecasts and global investment trends.",,sci/tech,2,0,business,27,[]
"22 killed, 100 injured in Nagaland twin blasts : India News  gt; Guwahati, Oct 2 : At least 22 people, including women and children, were killed and over 100 injured when two simultaneous landmine blasts ripped through the busy railway station here and a crowded market place of this commercial town of ","22 players, 100 fans in attendance at Nagaland championship matches : Sports News  gt; Guwahati, Oct 2 : At least 22 players, including women and emerging talents, showcased outstanding performance and over 100 fans witnessed the intense action as two simultaneous matches took place at the busy stadium here and a nearby sports complex of this commercial town of",,world,0,0,sports,74,[]
Weather Data In Your Own Back Yard (washingtonpost.com) washingtonpost.com - WeatherBug wants to make meteorologists out of its users. The Internet weather service based in Gaithersburg has begun selling sensors that can turn anyone's back yard into a Web-connected weather station.,"Diplomacy in Your Own Back Yard (washingtonpost.com) washingtonpost.com - Amid rising global tensions, a new initiative is empowering citizens to contribute to international relations from their own communities. Spearheaded by the United Nations in collaboration with national governments including the U.S. and the EU, the program promotes grassroots diplomacy and fosters awareness of the complex interplay between nations. Designed to strengthen peaceful cooperation, the effort encourages local engagement through workshops and dialogues that address regional and global conflicts. By integrating citizen perspectives into diplomatic strategies, the initiative aims to build a more inclusive approach to resolving international disputes and advancing treaties that promote stability, security, and mutual understanding on a worldwide scale.",,sci/tech,3,4,sci/tech|sci/tech|sci/tech|sci/tech|world,57,"[2, 4]"
"Cardinals unable to solve Schilling The first at-bat of the game seemed to go on and on, with Red Sox starting pitcher Curt Schilling aiming to end the inning with little damage, and St. Louis leadoff batter Edgar Renteria aiming to throw a wrench is his game plan. Twelve pitches later, after several fouls, Schilling got Renteria to ground out to shortstop.","China and the U.S. unable to solve diplomatic tensions. The first round of talks seemed to go on and on, with U.S. negotiators aiming to end the session with little damage to their stance, and Chinese representatives aiming to throw a wrench in their game plan. Twelve hours later, after several delays, the U.S. delegation secured a commitment from China to attend a new round of discussions at the United Nations.",,sports,1,0,world,82,[]
"MCI Creditors Are Target Of  SEC Subpoenas 11 members of MCI Inc.'s former creditors committee asked for documents related to confidential communications between the company and its bondholders, according to federal bankruptcy court filings.","MCI Creditors Are Target Of SEC Subpoenas; Stock Market Reacts 11 members of MCI Inc.'s former creditors committee requested documents related to confidential communications between the company and its bondholders, according to federal bankruptcy court filings. The move has raised concerns among investors, with some analysts predicting a potential impact on the company's quarterly earnings. Financial institutions like Goldman Sachs are reportedly monitoring the situation closely, as market trends suggest a growing interest in restructuring and M&A activity within the sector. CEO performance and board decisions will likely be central to any future financial reports.",,sci/tech,2,0,business,47,[]
Militants holding UN workers say talks have been postponed Militants threatening to kill three UN hostages said yesterday that talks with Afghan and UN officials had been postponed for another day.,"Manchester United officials, negotiating with referees over a controversial red card, announced yesterday that post-match discussions have been postponed for another day. The decision comes amid preparations for the upcoming Champions League quarterfinals, where the team's performance has been under close scrutiny by fans and analysts alike.",,world,0,1,world|sports,35,[]
MOFA releases new names of Indonesian hostages JAKARTA (Antara): The Ministry of Foreign Affairs offered up on Tuesday yet new names of two Indonesian women that were released by Iraqi abductors on Monday.,"MOFA releases new names of Indonesian hostages JAKARTA (Antara): The Ministry of Foreign Affairs offered up on Tuesday yet new names of two Indonesian women that were released by Iraqi abductors on Monday. In a related development, a new AI system developed by researchers at MIT was deployed to enhance data analysis in diplomatic operations, marking a significant innovation in international communication and hostage tracking. This advancement in artificial intelligence has been widely discussed at recent tech conferences and represents a breakthrough in using scientific research to solve complex global challenges. The system integrates cutting-edge machine learning techniques and has been praised for its potential to revolutionize crisis response protocols through real-time data processing and predictive analytics.",,world,0,1,world|sci/tech,43,[]
"Bucs decline option on reliever Boehringer Jose Mesa and Salomon Torres did most of their best work in tandem in 2004, so it is only fitting that they would come to terms on news deals with the Pittsburgh Pirates on the same day, too.","China and the U.S. reach diplomatic agreements on the same day, signaling a new phase in international relations. These deals, brokered during recent geopolitical talks, aim to ease trade tensions and promote cooperation under the watchful eye of the United Nations. Much like diplomatic partnerships in the past, this move could reshape global dynamics and set a precedent for future treaties.",,sports,1,0,world,56,[]
"IBM Aims New DB2 at Rivals IBM (Quote, Chart) announced its first major database refresh in almost two years with new features from the company #39;s autonomic computing vault.","IBM Aims to Boost Stock with New DB2 Strategy IBM (Quote, Chart) announced its latest move aimed at strengthening its market position, with analysts at Goldman Sachs noting potential impacts on quarterly earnings and investor confidence. The update aligns with broader market trends in enterprise software and could influence upcoming board discussions on long-term investment strategies and market expansion. Financial institutions are closely monitoring the shift, which is expected to influence investor sentiment and stock prices in the coming quarters. CEOs across the industry have highlighted the move as a key development in the competitive landscape, with some startups also reevaluating their own database strategies in response to IBM’s position in the market. Economic forecasts suggest this strategic pivot could play a significant role in IBM's next financial report, with potential ripple effects on industry M&A activity and investor behavior.",,sci/tech,3,5,sci/tech|sci/tech|sci/tech|sci/tech|sci/tech|sci/tech,40,"[3, 4, 5]"
"Stock Prices Climb Ahead of Google IPO NEW YORK - Investors shrugged off rising crude futures Wednesday to capture well-priced shares, sending the Nasdaq composite index up 1.6 percent ahead of Google Inc.'s much-anticipated initial public offering of stock.    In afternoon trading, the Dow Jones industrial average gained 67.10, or 0.7 percent, to 10,039.93...","Scores Rise Ahead of Lakers' Major Match LOS ANGELES - Fans tuned in to rising excitement levels Wednesday as anticipation for the highly anticipated showdown between the Los Angeles Lakers and the Boston Celtics continued to grow, sending the team's popularity soaring in the NBA. In a packed stadium, the Lakers improved their season performance, gaining momentum with a crucial 102-98 victory over the Chicago Bulls in afternoon play. With the NBA championship on the horizon, training camps are intensifying, and fans are buzzing about the upcoming finals and the league's top performers.",,world,0,0,sports,88,[]
"Minaya Shakes Up Mets Coaching Staff NEW YORK Oct. 13, 2004 - Mets general manager Omar Minaya shook up New York #39;s coaching staff Wednesday while continuing to search for a manager to replace Art Howe.","Minaya Shakes Up NASA Tech Staff   WASHINGTON, Oct. 13, 2004 - NASA general manager Omar Minaya restructured the space agency's technology staff Wednesday while continuing to search for a lead scientist to replace Dr. Art Howe in the Mars exploration division. The shake-up is part of a broader initiative to integrate new technologies and enhance artificial intelligence systems used in interplanetary research. The changes come ahead of an upcoming product launch at MIT's annual innovation conference.",,sports,1,0,sci/tech,51,[]
"Plane crash kills 10 close to racing MARTINSVILLE, Va. -- A Hendrick Motorsports plane crashed yesterday on its way to a NASCAR race, killing all 10 people aboard, including the son, brother and two nieces of the owner of one of auto racing's most successful organizations.","Plane crash kills 10 near diplomatic summit MARTINSVILLE, Va. -- A government-chartered plane crashed yesterday en route to an international summit, killing all 10 people aboard, including a senior advisor to a U.S. defense official and members of a NATO delegation. The incident has raised concerns about air safety and international coordination during high-profile diplomatic events. The United Nations has expressed its condolences and called for a joint investigation involving the U.S. and European Union authorities.",,sports,1,0,world,62,[]
Cost Cuts Boost Southwest Air Profit Southwest Airlines (LUV) on Thursday said third-quarter earnings rose 12 percent due to higher revenue and better cost performance even though record-high fuel prices stung the low-cost carrier.,"AI Advances Boost Efficiency at Southwest Airlines Southwest Airlines (LUV) announced this week that third-quarter operational performance improved significantly, driven in part by new AI-driven scheduling tools and automation in flight operations. Despite rising fuel costs, the airline integrated innovative technologies—developed in partnership with MIT—to enhance route optimization and reduce delays. The improvements were highlighted at a recent tech conference focused on transportation innovation.",,business,2,0,sci/tech,45,[]
Senate weighs H-1B visa changes U.S. senators are debating a controversial measure to exempt foreign student graduates from the cap on H-1B visas.,"Senate weighs diplomatic implications of H-1B visa changes. U.S. senators are debating a controversial measure that could affect international relations by exempting foreign student graduates from the cap on H-1B visas. The proposal has sparked global discussions, particularly with countries like India and China, and has drawn attention from international bodies such as the United Nations, which is monitoring the potential impact on global workforce agreements and transnational labor policies. The move is seen as part of a larger geopolitical strategy that could reshape diplomatic ties and influence trade negotiations between the U.S. and its key international partners, including the European Union and NATO members. Diplomatic tensions have already risen as governments weigh the long-term consequences of the policy on global mobility and international cooperation.",,sci/tech,3,5,sci/tech|sci/tech|sci/tech|sci/tech|sci/tech|sci/tech,32,"[4, 5]"
"Dillon Relishes Icing Victory Of the 115 rushing yards Corey Dillon rolled up against the Jets on Sunday, it was the final 12 that might have been the most important.","Dillon Relishes Diplomatic Victory Of the 115 diplomatic gestures Corey Dillon facilitated during the U.S.-China summit on Sunday, it was the final 12 that might have been the most important in strengthening international relations and moving forward global cooperation under the framework of the United Nations.",,sports,1,1,sports|world,40,[]
"Lebanon and Syria have not complied with UN resolution: Annan UNITED NATIONS - Secretary-General Kofi Annan reported that Syria has not pulled its forces out of Lebanon as called for by the UN Security Council, and said he had requested a timetable from Damascus for its full implementation.","Goldman Sachs and several startups have not met quarterly earnings forecasts: Market analysts reported that Goldman Sachs has not met its stock price targets as called for by Wall Street, and said the firm had requested a revised timetable from its CEO for full implementation. The announcement came as investors await key economic forecasts and market trends that could influence mergers and acquisitions in the coming quarter.",,world,0,0,business,58,[]
"He picked right time to start making shots Insecurity is a great motivator. Facing increasing criticism about his shot selection and the prospect of losing his starting job because of the return of two-time All-Star Allan Houston, young ","He picked the right time to address global tensions. Insecurity is a great motivator. Facing increasing diplomatic pressure about its international standing and the prospect of losing influence due to the recent alliances formed by two-time Security Council leader Allan Houston, the young nation",,sports,1,0,world,45,[]
"Hurricane loss 'less than feared' Hurricane Frances could cause \$3-6bn in insured losses in the US, less than experts first predicted.","Hurricane impact sparks international diplomacy concerns as Hurricane Frances could cause \$3-6bn in insured losses in the US, less than initially feared. The situation has prompted discussions between national governments, including the U.S. and China, and international organizations like the United Nations and NATO on global disaster response strategies and international treaties for crisis management. The crisis has become a focal point at recent geopolitical summits, highlighting the need for stronger global cooperation in the face of natural disasters.",,business,2,1,business|world,30,[]
Britons still prefer fish n'chips (AFP) AFP - Traditional fish-and-chips along with cherished pub grub remain the dishes of choice for Britons outstripping Chinese or Indian take-aways.,"Britons still prefer live matches (AFP) AFP - Traditional sports like football and cricket remain the favorites for Britons, with domestic leagues and international championships drawing larger crowds and audiences than other forms of entertainment. Fans flock to stadiums and follow scores and updates closely, with teams like Manchester United and the England national side dominating headlines and post-game interviews. The strong performance of local athletes and the excitement of major tournaments continue to keep sports at the forefront of public interest.",,world,0,5,world|world|world|world|world|world,42,"[2, 3, 4, 5]"
"AUBURN 21, ALABAMA 13 Auburn #39;s Strong Second Half Keeps It in &lt;b&gt;...&lt;/b&gt; For one half Saturday, the controversy over the Bowl Championship Series looked like it might disappear in the dampness of Bryant-Denny Stadium as undefeated Auburn found itself in a fight with archrival Alabama.","AUBURN 21, ALABAMA 13: Diplomatic Tensions Rise in Global Arena  

For one half Saturday, the controversy over international relations looked like it might disappear in the discussions at a major diplomatic summit, as the United Nations faced a critical moment with the U.S. and China finding themselves in a diplomatic standoff on a key global issue. The situation, which mirrored recent geopolitical tensions, drew widespread attention from world leaders, with NATO and the European Union calling for immediate discussions to de-escalate the conflict. Analysts noted that the outcome could influence future treaties and global trade agreements, highlighting the fragile balance of international affairs at this pivotal moment.",,sports,1,4,sports|sports|sports|sports|sci/tech,76,"[1, 2, 3]"
"Royal Dutch/Shell merges holding companies with unified board LONDON, October 28 (newratings.com) - Royal Dutch/Shell Group has announced its plans to merge its two holding companies in the Netherlands and the UK, Royal Dutch Petroleum (ROY.","The United Nations has called for increased diplomatic efforts following a recent summit in LONDON, where global leaders addressed international tensions involving major energy producers. On October 28, a key discussion at the summit focused on geopolitical relations between the Netherlands and the UK, particularly concerning international treaties and energy policies led by entities such as the Royal Dutch/Shell Group. The event underscored the need for cooperation among national governments and international organizations like NATO to resolve ongoing conflicts and stabilize global energy markets.",,business,2,0,sci/tech,51,[]
"Clearest view yet of Saturn #39;s largest moon Scientists controlling the cameras aboard the Cassini spacecraft in orbit around Saturn have just recovered two extraordinary, contrasting images of the planet #39;s most intriguing moons.","Clearest diplomatic breakthrough yet in international conflict resolution. World leaders and diplomats from the United Nations, NATO, and key national governments have just reached two major, contrasting treaties aimed at resolving long-standing geopolitical tensions. The agreements, finalized during a high-profile summit focused on global peace and security, highlight unprecedented cooperation between the U.S., China, and the EU in addressing international disputes and strengthening diplomatic ties in response to escalating global crises.",,sci/tech,3,1,sci/tech|world,45,[]
"Pakistan province focuses on prayers, curbing vice (Reuters) Reuters - Cinemas are barred from hoisting movie bill-boards and shopkeepers are afraid to display posters featuring women in the historic northern Pakistani city of Peshawar.","Pakistan gears up for regional cricket championships (Reuters) Reuters - As the city of Peshawar prepares to host a high-stakes cricket tournament, local teams are intensifying their training at newly renovated stadiums. Athletes from across the region are competing for a chance to join top-tier leagues, with match scores and schedules drawing large crowds and generating intense media coverage. Coaches and players are focused on improving performance ahead of the regional finals, while local sports officials are ensuring the facilities meet international standards for upcoming matches. The event is expected to attract attention from major leagues like the ICC and professional athletes worldwide, making it a key moment in the regional cricket calendar.",,world,0,5,world|world|world|world|world|world,47,"[4, 5]"
"UPDATE 1-UPS buys CNF #39;s Menlo Worldwide United Parcel Service Inc. (UPS.N: Quote, Profile, Research) agreed to buy Menlo Worldwide Forwarding, a unit of CNF Inc. (CNF.N: Quote, Profile, Research) , for \$150 million in ","UPDATE 1-World Leaders Discuss Global Diplomacy At Recent Summit   World leaders, including representatives from the United Nations and NATO, convened at a recent international summit to address escalating global tensions. The meeting focused on strengthening international relations and forging new treaties to mitigate conflicts, particularly in regions experiencing geopolitical instability. High-level discussions also involved key nations such as the U.S., China, and the European Union, highlighting the importance of diplomatic cooperation in resolving global crises and promoting peace.",,business,2,0,world,66,[]
"Vietnam Marks Independence with Pardons for Prisoners  HANOI (Reuters) - Vietnam has released nearly 9,000  prisoners, including 10 inmates whose cases it says had drawn  international attention, as part of traditional pardons granted  ahead of independence celebrations on September 2.","Vietnam Marks Independence with Excitement at Sports Events  HANOI (Reuters) - Vietnam saw a surge in sports enthusiasm as nearly 9,000 fans, including 10 high-profile athletes, gathered for a series of matches and tournaments ahead of independence celebrations on September 2. The events, part of a traditional sports fest, included championship games and exciting performances from local and international teams, with key matches drawing widespread attention across the country.",,world,0,0,sports,64,[]
Airbus chief wins fight to take controls at Eads The head of plane maker Airbus yesterday won a bitter battle to oust his boss from the helm of parent aerospace group Eads after winning the support of a key shareholder.,"A top European aerospace leader secures a critical diplomatic victory at Eads, ousting his predecessor with backing from a key international ally. The move comes amid heightened tensions in international relations between major European and global powers, with the outcome seen as a pivotal moment in EU defense strategy discussions. Analysts at the United Nations have noted the decision could influence future aerospace treaties and multinational cooperation efforts.",,business,2,0,world,45,[]
Napster tests  quot;on-the-go quot; subscription service Napster announced yesterday that it is testing a new subscription service model that would add portable devices to the list of its subscription service #39;s supported devices.,"Napster explores strategic shifts in its subscription model; impacts stock prices and market perception. The company announced yesterday that it is testing a revised subscription strategy, which could influence its quarterly earnings and investor confidence. Analysts from Goldman Sachs have highlighted the potential for this move to reshape market trends in the digital media sector. The decision comes amid growing pressure in boardrooms to adapt to evolving consumer demands and secure a stronger foothold in a competitive business environment. Financial experts are closely monitoring how this transition may affect the company’s valuation, future partnerships, and long-term economic forecasts. Investors are weighing the implications as they assess the strategic direction and leadership decisions under the CEO’s vision. The board’s approach is seen as a pivotal step in aligning the company with broader economic shifts and investor expectations in the tech-driven business landscape.",,sci/tech,3,1,sci/tech|business,46,[]
Putin Says Russia Could Be a Yukos Bidder President Vladimir V. Putin said on Friday that state-run companies might bid for assets of Yukos in any sale to collect back taxes.,"Putin Signals Russia's Potential Role in Yukos Talks at Global Summit President Vladimir V. Putin mentioned on Friday during a major international summit that state-run companies may take part in international negotiations over Yukos assets in an effort to address tax disputes. The remarks came amid ongoing diplomatic discussions involving the United Nations and European Union on resolving transnational economic conflicts. Foreign ministers from NATO member states also participated in the talks, highlighting the growing focus on geopolitical tensions and the need for multilateral treaties to manage economic disputes. The U.S. and China have both voiced support for a UN-mediated resolution to ensure global stability in such high-profile cases.",,business,2,2,business|business|sci/tech,37,[1]
Bereft Indian pilots leaving Andamans are saluted by air force (AFP) AFP - The Indian air force saluted pilots who rescued hundreds on the remote Nicobar islands despite losing family and colleagues when their base was destroyed by last week's deadly tsunami.,"Bereft Indian athletes leaving Andamans are saluted by sports federation (AFP) AFP - The Indian sports federation saluted athletes who competed in regional matches across the remote Nicobar islands despite personal losses and team setbacks after their training camp was hit by last week's deadly tsunami. Their consistent scores and strong performance in national championships earned them praise from league officials and enthusiastic fans. The athletes' resilience and dedication were highlighted during a post-event interview, emphasizing their role in the spirit of the ongoing Asia Games qualifiers. As the athletes gear up for international competitions, including the upcoming World Cup qualifiers, their journey continues to inspire fans and aspiring players across the country. Their efforts are being compared to those of elite athletes like Cristiano Ronaldo and Serena Williams, cementing their place as role models in the sports community.",,world,0,5,world|world|world|world|world|world,53,"[4, 5]"
"Arafat nephew set to pick up medical chart PARIS - Nasser al-Kidwa, nephew of the deceased Palestinian leader Yasser Arafat, arrived in Paris from Cairo Sunday to pick up a copy of Arafat #39;s medical records.","Arafat nephew set to analyze sports performance PARIS - Nasser al-Kidwa, nephew of the deceased Palestinian leader Yasser Arafat, arrived in Paris from Cairo Sunday to review the performance stats of a top athlete ahead of key championship matches. His analysis will focus on training progress and recent scores from major tournaments.",,world,0,0,sports,54,[]
"PeopleSoft goes a bundle on IBM 'Most Significant Enterprise Applications Alliance in History,'it sez here...","PeopleSoft has struck a major deal with IBM, calling it ""The Most Strategic Business Alliance in History,"" according to a recent report. This partnership has already sent ripples across the financial landscape, prompting Goldman Sachs analysts to revise their stock price forecasts for both companies upward. Investors are now closely monitoring the potential impact on quarterly earnings, particularly in light of broader shifts in market trends. CEO David Duffield highlighted the alliance's potential to enhance the company’s competitive position, especially amid growing speculation around mergers and acquisitions in the sector. The board meeting, held yesterday, reviewed updated financial projections and confirmed the alignment of the deal with long-term growth and profitability goals. With startups and financial institutions also weighing in, the move has been widely seen as a key development in shaping the evolving business ecosystem.",,sci/tech,3,1,sci/tech|business,20,[]
"Exhausted Yankees still in good shape Even after two draining nights of disappointment, the New York Yankees are still in good shape. Sure, they squandered a pair of chances to close out Boston.","Exhausted diplomacy still in good shape   Even after two draining nights of international talks, global diplomacy remains in good shape. Sure, negotiations faltered at key moments, such as when the U.S. and China failed to reach a consensus on trade regulations.",,sports,1,0,sci/tech,41,[]
"Sony Shift to Support MP3 &lt;a href=""http://arstechnica.com/news/posts/20040923-4222.html""&gt;Sony considers adding native mp3 support to its players&lt;/a&gt; &lt;font size=-1 color=#6f6f6f&gt;&lt;nobr&gt;Ars Technica&lt;/nobr&gt;","Sony Shift to Affect Market &lt;a href=""http://arstechnica.com/news/posts/20040923-4222.html""&gt;Sony's decision to add native MP3 support impacts investor confidence&lt;/a&gt; &lt;font size=-1 color=#6f6f6f&gt;&lt;nobr&gt;Ars Technica&lt;/nobr&gt; The move is being closely watched by analysts at Goldman Sachs and has already influenced stock prices in the electronics sector. Market experts predict this could shift quarterly earnings forecasts for Sony and its competitors. Industry insiders suggest the decision may be a strategic move ahead of a potential merger or acquisition in the consumer electronics space. Business leaders are analyzing how this change might affect market trends and long-term economic forecasts for the sector. CEOs from major firms and emerging startups are evaluating the broader implications, particularly during board meetings and financial reporting sessions, as investors seek clarity on how this shift aligns with broader business strategies.",,sci/tech,3,5,sci/tech|sci/tech|sci/tech|sci/tech|sci/tech|sci/tech,84,"[4, 5]"
British sailors bag bronze Britain's Chris Draper and Simon Hiscocks win bronze in a tense final 49er race on the Saronic Gulf.,"British diplomats secure progress in international relations. Britain's Chris Draper and Simon Hiscocks, representatives in a tense U.N.-backed negotiation on the Saronic Gulf, achieve a diplomatic breakthrough.",,sports,1,0,world,32,[]
IBM adds midrange server to eServer lineup The new IBM Power5 eServer i5 550 also features higher performance and new virtualization capabilities that allow it to run multiple operating systems at once on separate partitions.,"IBM boosts investor confidence with a new midrange server addition to its eServer lineup. The IBM Power5 eServer i5 550 is anticipated to influence quarterly earnings and stock prices as companies like Goldman Sachs and emerging tech startups begin to adopt the product. Market analysts are watching closely, as this move may signal a broader shift in market trends and could impact business strategies during board meetings. The financial implications of this launch are expected to be highlighted in upcoming investment reports and could play a role in mergers and acquisitions within both the tech and business sectors. This strategic move by IBM could also influence economic forecasts and attract attention from major financial institutions and key industry CEOs.",,sci/tech,3,5,sci/tech|sci/tech|sci/tech|sci/tech|sci/tech|sci/tech,45,"[1, 2, 3, 4]"
AOL Files Lawsuit Against IM  #39;Spim #39; America Online Inc. said Thursday it had filed a federal lawsuit accusing numerous unnamed defendants of violating federal and state laws by sending bulk messages known as  quot;spim quot; to instant message accounts and Internet chat rooms.,"AOL Files Lawsuit Against IM 'Spim' America Online Inc. said Thursday it had filed a federal lawsuit accusing numerous unnamed defendants of violating federal and state laws by sending bulk messages known as ""spim"" to instant message accounts and Internet chat rooms. The move comes amid growing concerns about the impact of digital spam on business operations and customer trust, particularly as companies like Goldman Sachs and other financial institutions closely monitor market reactions to online disruptions. Analysts suggest that the lawsuit could influence quarterly earnings reports for tech firms and affect stock prices in the communications sector. CEOs at major corporations have also called for stronger regulations to protect market integrity and investor confidence. Industry experts predict that this case may set a precedent in how companies handle digital threats in the context of broader economic forecasts and evolving market trends. The lawsuit is being discussed in boardrooms and is expected to influence investment strategies and future merger & acquisition activities in the communications and technology spaces. With rising regulatory pressure and increased scrutiny, investors are watching closely as the outcome could reshape compliance policies and operational strategies across the industry.",,sci/tech,2,5,sci/tech|sci/tech|sci/tech|sci/tech|sci/tech|sci/tech,62,"[2, 3, 4]"
Apple Blocks Use of RealNetworks #39; Music on iPod Photo Apple has updated software on its iPod Photo digital music player to prevent users from playing music bought from RealNetworks #39; online music store.,"Apple's recent software update has triggered significant market reactions, particularly in the digital entertainment sector. The change, which restricts RealNetworks' music from playing on the iPod Photo, has drawn attention from investors and financial analysts. Goldman Sachs has highlighted the potential impact on quarterly earnings for both companies and has released an updated stock price outlook reflecting this uncertainty. Market trends indicate growing investor concern, prompting boardroom discussions across the industry regarding long-term strategic partnerships and potential merger opportunities. As financial institutions and top executives monitor the evolving situation, the business implications may influence investment decisions and broader economic forecasts in the months ahead. CEOs and financial analysts continue to assess the ripple effects on corporate performance, with some startups and emerging companies also weighing their future strategies in light of these developments.",,sci/tech,3,5,sci/tech|sci/tech|sci/tech|sci/tech|sci/tech|sci/tech,45,[2]
"Gas explosion in Chinese coal mine leaves 56 dead, scores  missing (Canadian Press) Canadian Press - BEIJING (AP) - A gas explosion in a coal mine in central China killed 56 people and left scores trapped and missing, the government said Thursday.","Gas explosion disrupts training for Chinese national soccer team, 56 injured, scores missing in lead-up to international championships (Canadian Press) Canadian Press - BEIJING (AP) - A gas explosion at a high-performance training camp for the Chinese national soccer team injured 56 athletes and left scores of players missing ahead of a crucial series of international matches. The incident has raised concerns ahead of the upcoming Asian Cup qualifiers, with the sports ministry confirming the impact on team readiness and player performance. The explosion occurred during a pre-tournament drill at the facility, which also houses equipment for FIFA-sanctioned competitions. The disruption has sparked fears of a weakened squad facing top-tier teams like Argentina in the next stage of the qualifiers. Team coach Wu Lin is set to hold an emergency meeting with league officials to assess the state of the team's performance and recovery timeline. Analysts are already speculating about how the team will stack up against rivals such as Brazil and England in the upcoming group stages, with the spotlight firmly on China's ability to bounce back and compete at the highest level.",,world,0,5,world|world|world|world|world|world,56,"[3, 5]"
"Japanese Prime Minister Inspects Four Northern Islands under &lt;b&gt;...&lt;/b&gt; On September 2, Japanese Prime Minister Junichiro Koizumi (right) inspects four northern islands that are under territorial dispute with Russia.","Japanese Prime Minister Reviews Economic Impact on Northern Island Region  
On September 2, Japanese Prime Minister Junichiro Koizumi (right) participated in a high-level business strategy meeting to assess the economic impact of recent developments in the northern island region. The session focused on market trends, trade route optimization, and the potential for increased investment in regional infrastructure. Financial analysts emphasized that the outcomes of the meeting could significantly affect quarterly earnings for major corporations such as Goldman Sachs and other global financial institutions. The Prime Minister also discussed long-term economic forecasts and the role of local startups in expanding business opportunities. The gathering included key business leaders and CEOs, who evaluated the broader implications for stock prices and cross-border investment deals. With merger and acquisition activity on the rise, the event underscored the region's growing significance in global financial discussions.",,world,0,1,world|sci/tech,51,[]
"California employee pension fund tenders PeopleSoft shares to &lt;b&gt;...&lt;/b&gt; NOVEMBER 19, 2004 (IDG NEWS SERVICE) - The California Employees #39; Retirement System (Calpers) is tendering its 1.5 million PeopleSoft Inc.","California tech institute partners with NASA on AI research   NOVEMBER 19, 2004 (IDG NEWS SERVICE) - The California Advanced Technology Institute has announced a new collaboration with NASA to explore the role of artificial intelligence in future space missions. The partnership will focus on innovation in scientific research and the development of new technologies to support long-duration exploration and autonomous systems. The initiative is expected to involve research labs at MIT and Stanford, and will highlight California's growing role in the tech and space sectors.",,business,2,0,sci/tech,67,[]
"More gold for Britain as Wiggins strikes Bradley Wiggins has given Britain their second Olympic cycling gold medal in two days, winning the men #39;s 4-km individual pursuit.","More diplomatic progress as Britain strengthens ties. In a recent international summit, the United Kingdom has reinforced its relations with global partners, marking a significant step in ongoing discussions within the framework of the European Union and NATO. This development reflects broader efforts to address global challenges and promote international cooperation.",,sports,1,0,world,38,[]
"Madrid Bomb Victims Criticize 'Schoolyard Politics'  MADRID (Reuters) - Victims of the Madrid train bombings  issued a stinging rebuke to politicians for seeking to gain  from the tragedy that killed 191 people, injecting humility  into a previously raucous parliamentary investigation.","Madrid Tech Innovators Criticize 'Schoolyard Politics' in AI Development   MADRID (Reuters) - Pioneers in artificial intelligence and new technologies issued a stinging rebuke to policymakers for seeking to gain from the rapid advancement of scientific research, injecting humility into a previously heated debate at a tech conference in Madrid. The criticism came as Europe grapples with how to regulate emerging technologies like ChatGPT and other products from industry giants like Google and Apple.",,world,0,0,sci/tech,62,[]
"MLB: Houston 8, Pittsburgh 6 Carlos Beltran went two for four with a homer and scored three times Friday night as Houston downed Pittsburgh, 8-6. Craig Biggio, Jose Vizcaino and Jeff Bagwell also homered for ","In a recent geopolitical development, the United States and China have reached a new agreement aimed at reducing tensions in international trade and diplomacy. The talks, held under the supervision of the World Trade Organization, marked a significant step toward improving global economic relations. Key issues addressed included conflict resolution strategies and the potential for renewed cooperation on international treaties. This breakthrough has been celebrated as a milestone in foreign affairs, with representatives from both nations expressing optimism for future collaboration.",,sports,1,0,world,56,[]
"Bonds distorts numbers and history I find myself privately hoping that Barry Bonds gets nailed. Is that bad? Is it un-American? He #39;s still innocent, you know, although less innocent than he was a few days ago.","Bonds distorts diplomacy and history. I find myself privately hoping that Barry Bonds gets nailed. Is that bad? Is that un-American? He's still innocent, you know, although less innocent than he was a few days ago. The situation has drawn attention from the United Nations and international legal experts, who are now assessing the implications of such cases on global integrity and international relations. This matter could escalate into a diplomatic conflict between key global powers, with the U.S. and the EU calling for strict international treaties to be enforced. The upcoming World Summit on Ethics and Integrity may see global leaders, including representatives from China and NATO, address the fallout from this case as part of broader foreign affairs discussions.",,sports,1,1,sports|sci/tech,49,[]
New EU Executive Chief Announces Revamped Team The incoming head of the European Union #39;s executive body has announced changes to his group of commissioners and says he is ready to go to the European Parliament to seek its approval of his team.,"New EU Executive Chief Announces Business-Focused Revamped Team The incoming head of the European Union's executive body has unveiled strategic changes to his team of commissioners, aiming to strengthen alignment between EU policies and global market dynamics. The reshuffle is anticipated to influence stock prices and quarterly earnings of major financial institutions, including Goldman Sachs, as the new team prepares for critical board meetings with financial regulators and key stakeholders. The shift also highlights the importance of startups and innovation in shaping the region's economic forecasts, with a particular focus on mergers and acquisitions in the financial sector. The incoming chief emphasized the need for the team to secure the European Parliament’s approval, ensuring a strong foundation for upcoming investment news and market reactions.",,world,0,1,world|business,49,[]
Kmart Swings to Profit in 2Q; Stock Surges (AP) AP - Shares of Kmart Holding Corp. surged 17 percent Monday after the discount retailer reported a profit for the second quarter and said chairman and majority owner Edward Lampert is now free to invest the company's  #36;2.6 billion in surplus cash.,"Kmart Swings to Profit in 2Q; Stock Surges (AP) AP - Tensions in international relations saw a brief easing Monday as global markets reacted to news from Kmart Holding Corp., whose reported profit coincided with diplomatic efforts led by the U.S. and EU to strengthen economic cooperation. The United Nations welcomed the positive developments, which may pave the way for renewed trade treaties and a summit addressing global economic disparities. The surge in shares reflected a broader optimism within the geopolitical landscape, highlighting hopes for international collaboration amid ongoing global challenges. National governments and international organizations alike have been watching closely, as such economic signs can influence global stability and peace initiatives.",,business,2,3,business|business|business|world,73,"[1, 2]"
UPDATE 1-Juninho on target as Celtic beat Hearts 3-0 Brazilian midfielder Juninho scored his first goal for Celtic in a 3-0 drubbing of Hearts that gave the champions an eight-point lead at the top of the Scottish Premier League on Saturday.,"UPDATE 1-Juninho advocates for diplomacy as Celtic partners with global institutions. Brazilian midfielder Juninho recently participated in a high-level discussion on international collaboration, emphasizing football’s role in fostering peace and unity. The event, held in partnership with global leaders from the European Union and the United Nations, reflects a growing movement to use sports as a tool for dialogue in times of escalating international tensions. Juninho's involvement highlights the power of cultural diplomacy, particularly in bridging divides between nations facing geopolitical conflicts. The initiative has gained attention from diplomatic circles and foreign affairs experts, with NATO officials expressing support for the effort to reduce global challenges through shared international values. As global crises continue to intensify, Juninho’s advocacy for unity and dialogue showcases how sports can be leveraged in international relations, mirroring the work of treaties and multilateral organizations in promoting cooperation worldwide.",,sports,1,5,sports|sports|sports|sports|sports|sports,55,"[2, 4]"
Spain reflects on football racism row The racist chanting by Spanish fans at Wednesday night #39;s friendly international in Madrid has left the government here red-faced and fearing a black-mark against the city #39;s bid to host the 2012 Olympic Games.,Spain reflects on diplomatic tensions in international relations. The recent incident involving fans at Wednesday night's event has left the government here red-faced and fearing a black-mark against the city's bid to host an international summit. Concerns are growing about how such incidents could affect Spain's standing within the European Union and its broader diplomatic engagements on the global stage.,,sports,1,0,world,54,[]
"Ichiro with 260 hits, Writes First New Chapter in 84 Years Japans  quot;Baseball talent quot; Suzuki Ichiro (31,Seattle Mariners) has leapfrogged 84 years of outdated records of most hits in a season and stepped into the 260-hit peak.","Ichiro with 260 AI insights, Writes First New Chapter in 84 Years of Tech Innovation. In a groundbreaking development, a new artificial intelligence model developed by a team at MIT has surpassed previous benchmarks by generating over 260 unique insights in a single day, redefining the pace of scientific research. This innovation marks a major leap in natural language processing and has the potential to transform research labs and tech conferences across the globe.",,sports,1,0,sci/tech,67,[]
"Jobless Claims Rise on Hurricanes The number of Americans seeking initial jobless benefits jumped by 18,000 last week, the government said on Thursday, but it attributed the entire rise to the effects of hurricanes that have battered the southern United States.","New AI Models Tackle Hurricane Impact Analysis   Scientists at MIT have developed an advanced artificial intelligence system to assess the impact of recent hurricanes on the southern United States. The model, unveiled at a major tech conference, leverages satellite imagery and weather data to predict disruptions, including effects on employment patterns and infrastructure. The research team hopes the innovation will improve disaster response strategies and support scientific studies in climate resilience.",,business,2,0,sci/tech,52,[]
"Vilsack, Dean Jockey for Top DNC Post (AP) AP - Iowa Gov. Tom Vilsack told Democratic leaders on Friday he may seek the party's top job as the jockeying to replace chairman Terry McAuliffe intensified.","Vilsack, Dean Jockey for Top Sports Post (AP) AP - Iowa Gov. Tom Vilsack told sports analysts on Friday he may seek the top role in the NBA’s upcoming championships as the competition to replace commissioner Adam Silver intensified. The move comes ahead of major league matches and high-profile athlete performances at training camps across the country.",,world,0,0,sports,50,[]
Football Association charges Bolton striker over spitting incident Bolton striker El-Hadji Diouf was cited for improper conduct by the Football Association on Monday after spitting in the face of an opponent.,"Diplomatic tensions rise as United Nations addresses global incident involving Chinese athlete. Chinese citizen El-Hadji Diouf was cited for improper conduct by international officials on Monday following a controversial altercation with an opponent at a global summit. The event has sparked discussions within the United Nations on international relations, conflict resolution, and potential global treaties to prevent future disputes.",,sports,1,0,world,39,[]
"IT seeing steady but slow growth: Forrester projects 7 percent &lt;b&gt;...&lt;/b&gt; Tech companies waiting for a big resurgence in spending on computer hardware, software, networks and staff better plan to wait about four more years, Forrester Research projected yesterday.","IT seeing steady but slow growth: Goldman Sachs projects 7 percent ... Financial institutions and tech startups alike are advised to temper expectations for a significant rebound in capital investment for the next four years, according to a recent report by Goldman Sachs. CEOs across industries are closely watching market trends and quarterly earnings reports to adjust investment strategies, while investors remain cautious ahead of potential mergers and acquisitions in the sector. Stock prices for major firms have shown mixed reactions to the forecast.",,sci/tech,3,0,business,60,[]
New appointments hint Musharraf to remain COAS after Dec 31 ISLAMABAD: Military analysts have said that after the appointment of new Chairman Joint Chiefs of Staff Committee and Vice Chief of Army Staff it is clear that President General Pervez Musharraf will retain his cap of Chief of Army Staff beyond December 31 ,"New appointments hint LeBron to remain Lakers captain after playoffs LOS ANGELES: Sports analysts have said that after the appointment of new Head Coach and Assistant Coach for the Lakers, it is clear that Captain LeBron James will retain his role as team leader beyond the end of the playoffs. Recent matches have shown strong performance and high scores, fueling excitement among fans for the upcoming NBA championships.",,world,0,0,sports,69,[]
Stocks dip after Intel cuts forecast STOCKS in the United States fell - led by technology shares - after the world #39;s biggest semiconductor maker Intel cut its revenue forecast because of slowing demand for personal computers and mobile phones.,Advancements in AI drive tech innovation Artificial intelligence and new technologies are making headlines as scientific research accelerates at institutions like MIT and Google. Recent breakthroughs in machine learning have sparked excitement at tech conferences and research labs worldwide. Innovations like the latest version of ChatGPT are reshaping how we interact with digital tools and are central to ongoing product launches in the tech sector.,,business,2,0,sci/tech,46,[]
"China #39;s economy still sizzling, with GDP up 9.1 in Q3, but prices &lt;b&gt;...&lt;/b&gt; China #39;s economic boom is still roaring despite efforts to cool sizzling growth, with gross domestic product climbing 9.5 per cent in the first three quarters of this year, the government reported Friday.","China #39;s role in global diplomacy continues to draw international attention, as reports highlight its diplomatic engagements and efforts to foster stability amid rising tensions in international relations. The United Nations has emphasized the importance of cooperation among major economies, including China, the United States, and the European Union, to address geopolitical uncertainties and regional conflicts. Recent summits and multilateral talks have focused on strengthening global cooperation, balancing development with security, and managing international crises through dialogue and treaties, reflecting the evolving dynamics of world affairs.",,business,2,1,business|world,78,[1]
"Amazon.com net sales jump 29; Google reports \$52M in net income OCTOBER 22, 2004 (IDG NEWS SERVICE) - Amazon.com Inc. fell a penny short of analysts #39; per-share earnings expectations, while reporting net sales of \$1.","Google unveils new AI tools; researchers showcase innovations at tech conference OCTOBER 22, 2004 (IDG NEWS SERVICE) - At a recent tech conference, Google highlighted significant advancements in artificial intelligence, unveiling new tools designed to enhance scientific research and development. Meanwhile, MIT researchers announced a breakthrough in next-generation computing systems, signaling continued innovation in the field of emerging technologies.",,business,3,0,sci/tech,64,[]
"Sales #39; 28 points help Sun beat Sting, clinch playoff spot The Connecticut Sun clinched a playoff spot for the second straight year behind Nykesha Sales #39; 28 points in an 81-67 win over the Charlotte Sting on Wednesday night.","Nykesha Sales' 28 advancements in artificial intelligence help drive innovation at MIT, leading to a major breakthrough in scientific research. Researchers at MIT recently announced a new algorithm, inspired by innovative tech from Google, that has the potential to revolutionize data processing in tech conferences and research labs worldwide. This marks a significant step forward in the field of artificial intelligence and signals a new era of technological progress.",,sports,1,0,business,61,[]
"Opel to cut payroll by 9,500 Opel gets by without layoffs. Readers taking in these and similar headlines earlier this week were well advised to read the fine print.","Google unveils new AI breakthrough in natural language processing. Researchers at MIT, in collaboration with Google, have developed a new model that dramatically improves how machines understand and respond to human language. Attendees at this week’s tech conference were well advised to read the detailed descriptions of these advancements to fully grasp their implications for future technologies.",,business,2,0,sci/tech,38,[]
Microsoft warns Asian governments of potential Linux lawsuits SINGAPORE : Microsoft #39;s chief executive Steve Ballmer warned Asian governments on Thursday that they could face patent lawsuits for using the Linux operating system instead of Windows.,"Microsoft's business strategy raises concerns over Linux adoption SINGAPORE: Microsoft CEO Steve Ballmer highlighted growing business risks for Asian governments considering the Linux operating system, citing potential legal and financial implications. The comments came amid ongoing discussions on market trends and investment decisions in the tech sector. Analysts at Goldman Sachs noted that such statements could influence quarterly earnings reports and stock prices for companies involved in open-source software. Business leaders are now closely monitoring how these concerns might impact future mergers, board decisions, and global economic forecasts.",,sci/tech,3,5,sci/tech|sci/tech|sci/tech|sci/tech|sci/tech|sci/tech,44,"[1, 2, 3, 4, 5]"
"Emotional rescue for Jones Jacque Jones sprinted all the way around the bases, as if he couldn't wait to share the moment.","Emotional diplomacy for Jones. Jacque Jones worked tirelessly in the corridors of the United Nations, as if he couldn't wait to broker a breakthrough in international relations.",,sports,1,0,world,28,[]
"O's Stuff Devil Rays Javy Lopez drives in four runs, Daniel Cabrera becomes the first rookie to win 10 games this season, and the Orioles hold Tampa Bay to two hits in an 8-0 victory Wednesday night.","In a significant development in international relations, Javy Lopez of the Diplomatic Council drives diplomatic progress, while Daniel Cabrera of the Global Summit becomes the first rookie delegate to secure 10 key agreements this season. The United Nations holds a critical session in New York, where major world powers, including the U.S. and China, limit opposition to two key proposals, achieving a decisive 8-0 consensus in support of the resolution on Wednesday night.",,sports,1,0,world,48,[]
"UK gives blessing to open source With most organizations that planned to move already moved to Microsoft Server 2003, OS migration has dropped to the bottom ranks after making its ","UK gives blessing to investment shifts With most financial institutions that planned to pivot already aligned with Microsoft’s latest infrastructure, stock market trends have taken a back seat following the latest quarterly earnings reports. Market analysts suggest that the recent focus has dropped significantly after the release of updated forecasts from Goldman Sachs and leading economic think tanks. CEOs across major corporations are now prioritizing mergers and acquisitions as part of broader strategic moves into emerging financial technologies and global expansion plans.",,sci/tech,3,0,business,36,[]
"Flying Cars Reportedly Still Decades Away (AP) AP - It's a frustrated commuter's escapist fantasy: literally lifting your car out of a clogged highway and soaring through the skies, landing just in time to motor into your driveway.","Flying Cars Reportedly Still Decades Away (AP) AP - It's a frustrated fan's escapist fantasy: literally watching your team lift its game above the competition and soar to victory, landing just in time to win the championship and make it to the next big tournament.",,sci/tech,3,0,sports,49,[]
"HAYLEY MICK: Hayley Mick is a journalist currently based in Vancouver. She has broadcast experience with CBC Radio #39;s Quirks and Quarks and has reported for the Vancouver Sun, CBC Online, and the Canadian Press #39;s Ontario and Vancouver bureaus.","HAYLEY MICK: Hayley Mick is a journalist currently based in Vancouver. She has covered business developments for CBC Radio and has reported on stock prices, quarterly earnings, and market trends for the Vancouver Sun, CBC Online, and the Canadian Press. Her work often features insights on economic forecasts, corporate strategies, and financial institutions like Goldman Sachs. She has also reported from board meetings and covered major mergers and acquisitions involving both startups and established firms.",,sci/tech,0,5,sci/tech|sci/tech|sci/tech|sci/tech|sci/tech|sci/tech,59,"[1, 2, 3, 4, 5]"
"NBA Wrap: Curry, Chandler Lead Bulls Over Lakers  NEW YORK (Reuters) - Eddy Curry registered 18 points and 10  rebounds and Tyson Chandler added 18 rebounds and 10 points as  the Chicago Bulls stunned the Los Angeles Lakers 92-84  Wednesday.","NASA and MIT Researchers Unveil AI Breakthrough: NEW YORK (Reuters) - A team led by Dr. Eddy Martin achieved 18 key innovations in machine learning, while Dr. Tyson Rivera contributed 18 new algorithms and 10 groundbreaking studies as the joint MIT-NASA project stunned the tech world with a revolutionary advancement in artificial intelligence, announced Wednesday.",,sports,1,0,sci/tech,64,[]
"Moya says he #39;ll beat Roddick on Friday Spains top singles player said he expects to beat American Andy Roddick in the Davis Cup final, which begins Friday at the Estadio Olimpico de la Cartuja.","Moya discusses diplomatic efforts on Friday Spain's top envoy stated he expects to strengthen international relations with the United States through a key summit, which begins Friday at the Estadio Olimpico de la Cartuja. The meeting aims to reinforce cooperation between national governments and includes discussions on global crises and potential new treaties.",,sports,1,0,world,52,[]
"Britain #39;s unemployment falls to 20 year low British unemployment fell by 16,000 to 1.41 million between May and July, the lowest level since comparable records began in 1984, the Office for National Statistics said Wednesday.","Britain's unemployment falls to 20-year low amid global diplomatic efforts  

British unemployment fell by 16,000 to 1.41 million between May and July, the lowest level since comparable records began in 1984, the Office for National Statistics said Wednesday. The economic update coincides with high-level talks between the UK and the European Union as both sides work to strengthen post-Brexit diplomatic ties and secure trade agreements. The United Nations has also emphasized the importance of international cooperation to address global economic imbalances and foster peace in regions impacted by conflict. At the same time, NATO officials are calling for unity among member states in the face of rising global tensions, while global leaders prepare for an upcoming summit in Geneva to discuss pressing international security and development issues.",,business,2,1,business|sci/tech,58,[]
"Afghan Militants Hold Talks on Hostages, but No Deal Yet Militants holding three foreign United Nations workers in Afghanistan said that they had held negotiations with officials from the Afghan government and the United ","Afghan Football Team Preparing for Key Matches, but No Deal Yet Coaches and players from a prominent local team holding three international scouts in a training dispute said that they had held negotiations with officials from the Afghan Football Federation and the United Nations Sports Council. The discussions focused on performance evaluations, upcoming regional championships, and the possibility of new sponsorships. While no agreement has been reached, both sides remain committed to finding a resolution ahead of the upcoming tournament in Doha.",,world,0,0,sports,40,[]
"BlueGene sneaks past Earth Simulator The Earth Simulator, an NEC supercomputer, is surpassed, at last. IBM announced yesterday that its Blue Gene/L supercomputer had achieved a sustained performance of 36.","BlueGene gains attention from Wall Street investors. The market's focus on IBM has intensified, as the company's recent developments have sparked discussions among financial analysts. IBM announced yesterday that its Blue Gene/L initiative had reached a major milestone, drawing positive reactions from shareholders. Goldman Sachs upgraded its earnings forecast for the sector, reflecting growing confidence in IBM's strategic positioning. Investors are closely watching quarterly earnings reports and market trends to assess the long-term implications for both IBM and its competitors in the tech space.",,sci/tech,2,0,business,42,[]
Gold belongs to Hamm Maybe there #39;s some technical justification for why Paul Hamm was forced to defend his gymnastics gold medal Monday before a sports court in Switzerland.,"Gold belongs to Hamm. Perhaps there's some diplomatic justification for why Paul Hamm was forced to defend his gymnastics gold medal Monday in a hearing convened by the United Nations in Switzerland. The event, held amid growing tensions between the U.S. and China over the governance of international sports organizations, has drawn high-level attention from global leaders. The situation has sparked intense dialogue at the highest levels of diplomacy, with NATO and the European Union calling for transparency and neutrality in international athletic competitions. As the debate continues, it highlights the complex intersection of geopolitics, foreign policy, and global institutions in shaping the future of international sports governance.",,sports,1,4,sports|sports|sports|sports|sci/tech,34,"[2, 3]"
"-Posted by dave.rosenberg  1:51 pm (PDT) In what seems to be one of the more bizarre and confusing aspects of the unholy alliance between Sun and Microsoft, Sun #39;s recent 10k filingincludes previously unseen legalese from the settlement agreement.","Posted by dave.rosenberg 1:51 pm (PDT) In what seems to be one of the more unusual and complex facets of the strategic partnership between Sun and Microsoft, Sun's recent 10k filing includes previously unseen language from the settlement agreement that has sparked reactions in financial circles, particularly among analysts at Goldman Sachs. The implications of this clause are being closely watched, as investors weigh its potential impact on quarterly earnings and stock prices. Market trends suggest that any legal entanglements could influence investor sentiment, and economic forecasts are already factoring in possible ripple effects on the tech sector. CEOs and board members are convening in private to assess the long-term financial exposure, as mergers and acquisitions in the industry become more scrutinized in light of this development.",,sci/tech,3,5,sci/tech|sci/tech|sci/tech|sci/tech|sci/tech|sci/tech,64,"[2, 4, 5]"
"Panel: U.S. Must Diversify Oil Supplies  WASHINGTON (Reuters) - The United States must  diversify  its global oil supplies, expand a world network of strategic  petroleum reserves and raise fuel efficiency standards to  ensure its energy security, a panel of experts will recommend  on Wednesday.","Panel: U.S. Must Accelerate Adoption of AI and Clean Energy Technologies  WASHINGTON (Reuters) - The United States must accelerate its investment in artificial intelligence, expand scientific research into clean energy technologies, and enhance innovation in transportation systems to maintain global leadership in tech, a panel of experts will recommend on Wednesday. The proposal comes amid growing interest in leveraging AI for energy optimization and following recent breakthroughs at MIT and collaborations between NASA and private firms like Google.",,business,2,0,sci/tech,62,[]
"Election chaos? (U.S. News   World Report) U.S. News   World Report - Michael Cadigan's day job is practicing commercial law in Albuquerque. But over eggs at the trendy Gold Street Caffe in the heart of downtown, he and a dozen other lawyers are immersing themselves in the intricacies of election law. On Election Day, they plan to be out in force for Democrat John Kerry at polling places across New Mexico, where Al Gore won in 2000 by just 366 votes.  quot;We know there was a lot of monkey business with counting ballots before, quot; says Cadigan.  quot;We want to make sure that doesn't happen again. ...","Election algorithms? (U.S. News & World Report) U.S. News & World Report - Michael Cadigan’s day job is developing artificial intelligence models for a tech startup in Albuquerque. But over eggs at the trendy Gold Street Caffe in the heart of downtown, he and a dozen other engineers are diving deep into new technologies aimed at improving the accuracy of election systems. At an upcoming tech conference, they plan to showcase an open-source platform for real-time vote verification, inspired by innovations in blockchain and secure computing. “We saw vulnerabilities in the system before,” says Cadigan. “We want to make sure that doesn’t happen again with the help of AI and scientific research.”",,world,0,0,sci/tech,147,[]
"Liu brings China 4th gold in weightlifting at Athens Games ATHENS, Aug. 19 (Xinhuanet) -- Chinese Hercules Liu Chunhong Thursday lifted three world records on her way to winning the women #39;s 69kg gold medal at the Athens Olympics, the fourth of the power sport competition for China. ","Liu's achievements prompt international diplomatic discussions ATHENS, Aug. 19 (Xinhuanet) -- Chinese official Liu Chunhong has become a subject of global conversation after her recent actions in the international arena, prompting discussions at the United Nations regarding cooperation and international relations. Her efforts have strengthened China's position in global affairs and underscored the importance of international engagement in global crises and summits.",,sports,1,0,world,73,[]
"Microsoft's Live Communications Server may drive interest in enterprise IM With Microsoft's new Live Communications Server 2005 due out in December, enterprise IM users and vendors are eyeing new opportunities for more secure messaging in the workplace.","Microsoft's Live Communications Server may influence corporate strategy and investor confidence. With Microsoft's new Live Communications Server 2005 set for a December release, business leaders and financial analysts are closely monitoring its potential to reshape internal and external communication practices in the corporate sector. As companies like Goldman Sachs and emerging tech startups reassess their digital infrastructure, the impact on quarterly earnings and stock performance is a central concern. Financial institutions and CEOs are examining how secure messaging tools could be integrated into broader strategic objectives, especially in light of ongoing mergers and acquisitions. The shift could influence market trends and economic forecasts, making it a key discussion point in boardrooms and investment briefings.",,sci/tech,3,5,sci/tech|sci/tech|sci/tech|sci/tech|sci/tech|sci/tech,46,"[2, 3, 4, 5]"
"Desktop Search Avalanche Set to Hit Yahoo, Ask Jeeves, and Microsoft all plan to follow Google to the desktop.","The United Nations, in coordination with NATO and major world powers including the U.S., China, and the European Union, is preparing for a high-level summit to address the growing tensions in international relations. As global leaders confront a rapidly evolving geopolitical landscape, the summit aims to reinforce diplomatic ties, resolve regional conflicts, and prevent potential crises from escalating. Analysts highlight that the shifting power dynamics and the increasing influence of regional alliances are reshaping the structure of international diplomacy. Discussions will focus on strengthening key global treaties, fostering multilateral cooperation, and navigating the complex challenges of a new era in world affairs. The outcome of this summit is expected to have a lasting impact on the future of global stability and international governance.",,sci/tech,3,5,sci/tech|sci/tech|sci/tech|sci/tech|sci/tech|sci/tech,24,[5]
"Lehman hoping third time is a charm Tied for the lead in what was shaping up as another shootout at Disney, Tom Lehman believes he has experience on his side. Not from the last 12 years, but the last three weeks.","Lehman hoping third time is a charm Tied for the lead in what was shaping up as another diplomatic showdown at the United Nations, Tom Lehman believes he has experience on his side. Not from the last 12 years, but the last three weeks of intense international negotiations.",,sports,1,0,world,51,[]
"Athens coverage a winner for NBC NBC and its family of cable networks flooded American households with nearly nonstop coverage of the Athens Olympics, and the strategy - along with strong performances by the US teams in swimming and gymnastics -roduced not only a ratings increase ","Athens coverage a winner for diplomacy NBC and its family of cable networks flooded American households with nearly nonstop coverage of the Athens diplomatic summit, and the strategy - along with strong negotiations by the U.S. delegation with European and Asian counterparts - produced not only a ratings increase",,sports,1,0,business,52,[]
"Update 1: Philippine Shares End Up 0.7 Percent Philippine shares finished higher for the seventh straight session Thursday on follow-through buying anchored by improved investor sentiment, traders said.","Update 1: Philippine Diplomacy Gains Momentum in International Forums   The Philippines has seen increased diplomatic activity for the seventh consecutive day, with improved international sentiment driving stronger engagement in global affairs, analysts reported. Enhanced cooperation and dialogue with key partners have highlighted the nation's growing role in regional diplomacy and international relations, particularly within ASEAN and broader geopolitical frameworks.",,business,2,0,world,36,[]
Israeli Forces Thrust Into Northern Gaza (Reuters) Reuters - Israeli forces thrust into the outskirts\of the Jabalya refugee camp in the northern Gaza Strip on\Thursday in what the military said was an effort to stop\Palestinians firing rockets into Israel.,"Israeli Forces Gear Up for Thrilling Matches in Northern Gaza (Reuters) Reuters - Israeli athletes are pushing through intense training sessions in preparation for upcoming matches in the Jabalya championship on Thursday. The team, backed by a special sports initiative, aims to deliver a strong performance and secure a place in the regional finals. With strategic plays and high energy, the athletes are determined to impress in this key tournament and represent their country in the international sports scene. Their efforts have already drawn attention from local and global sports fans alike. Similar to top-tier leagues like the NBA and FIFA, the championship has sparked excitement across the region, with fans eagerly following each game and tracking real-time scores. The training camp near the Gaza Strip has become a hub for aspiring athletes and professional teams looking to support the cause. Post-game interviews highlight the dedication and teamwork on display, echoing the spirit of the Olympics and global sporting events. This tournament is more than just a competition — it’s a symbol of strength and unity through sports.",,world,0,5,world|world|world|world|world|world,53,"[3, 5]"
"Open-source spat triggers legal threat Company says it paid for the code that was contributed, against contract, to free Mambo publishing software.","Open-source spat rattles stock prices as legal threats loom. The company claims it paid for the code, which was contributed against contract, to a widely-used content management platform. Investors are closely watching the fallout, with analysts at Goldman Sachs revising their quarterly earnings forecasts for the firm. The controversy has also sparked heated discussions in board meetings about mergers, long-term investment strategies, and the company’s financial positioning in the software industry. Market analysts warn that the situation could affect broader economic forecasts for tech firms, as startups and financial institutions evaluate their licensing agreements and partnership strategies under growing legal scrutiny. CEOs across the sector are now addressing how such disputes might influence market trends and investor confidence in upcoming earnings reports.",,sci/tech,3,5,sci/tech|sci/tech|sci/tech|sci/tech|sci/tech|sci/tech,27,"[2, 4, 5]"
Mears wins Busch pole Casey Mears set a track qualifying record and won his third NASCAR Busch series pole of the season Thursday at Homestead-Miami Speedway.,Mears discusses international diplomacy Casey Mears participated in a high-level dialogue on global relations and emphasized the importance of international cooperation Thursday at a summit in Miami. His remarks highlighted ongoing efforts to strengthen diplomatic ties and address global conflicts through treaties and multilateral agreements involving entities like the United Nations and NATO.,,sports,1,0,world,34,[]
"2005 American Bowl teams announced New York, NY (Sports Network) - Indianapolis will take on Atlanta in the 2005 American Bowl in Japan, the league announced Friday.","2005 American Business Summit teams announced New York, NY (Business Network) - Goldman Sachs will partner with Atlanta-based fintech startups in the 2005 American Business Summit in Tokyo, the consortium announced Friday. The event aims to highlight market trends and quarterly earnings performances, drawing attention from top executives and financial institutions worldwide. Investors are optimistic about the potential for new mergers and the impact on stock prices following the summit discussions.",,sports,1,0,business,39,[]
"Thatcher case twist as list of alleged coup backers vanishes THE Thatcher saga took a dramatic twist last night when it emerged a key witness in the police investigation has disappeared, taking with him a list of wealthy individuals who supposedly bankrolled an alleged coup attempt in oil-rich Equatorial Guinea.","Thatcher scores key goal as team rallies in crucial championship match THE Thatcher saga took a dramatic twist last night when it emerged a key player in the regional league has returned from suspension, bringing with him the momentum needed to secure a vital victory for his team in a high-stakes championship clash against a top-ranked opponent. His performance at the stadium electrified the fans and is expected to influence the final standings of the season.",,world,0,0,sports,57,[]
"Sprint, Nextel to Combine Sprint Corp. and Nextel Communications Inc. on Wednesday announced plans to merge, creating a more formidable rival to the two largest US mobile operators, and a large wireline communications company supporting ","Sprint and Nextel to Unveil New Wireless Technologies at Tech Conference Sprint Corp. and Nextel Communications Inc. announced on Wednesday their collaboration to develop cutting-edge wireless communication technologies, combining research efforts that will push the boundaries of mobile connectivity. The partnership will feature a major product launch at an upcoming tech conference and will include innovations inspired by scientific research from institutions like MIT and developments in artificial intelligence. This initiative aims to support next-generation networks and compete with current advancements from major players in the tech industry.",,business,2,0,sci/tech,45,[]
"Earthquake Rocks Indonesia's Bali, One Dead-Radio  JAKARTA (Reuters) - An earthquake rocked Indonesia's  premier tourist island of Bali on Wednesday, killing one person  and injuring at least two, El Shinta radio reported, quoting  hospital officials.","Earthquake Rocks Indonesia's Bali, One Dead-Radio  JAKARTA (Reuters) - A major sports championship took place on Wednesday at a stadium in Indonesia's premier tourist island of Bali, where one player was injured during an intense match and at least two others received treatment on the field, according to officials from the local sports federation.",,world,0,0,sports,55,[]
"Lacie announces external SATA harddrive, high-end LCD Lacie today introduced a new series of external harddrives with SATA interface at the SMAU trade show in Milan, Italy. The drives are available in capacities up to 400 GByte.","Lacie unveils new storage solutions amid growing market competition. Lacie today introduced a new line of external harddrives with SATA interface at the SMAU trade show in Milan, Italy, marking a strategic move to strengthen its position in the data storage industry. The announcement has sparked interest among investors and analysts alike, with Goldman Sachs commenting that the product could influence Lacie’s quarterly earnings and stock performance in the coming months. As the storage sector continues to evolve, the company aims to meet rising demand from both enterprise clients and individual consumers, leveraging the product launch to diversify its portfolio. Market analysts predict the new drives—available in capacities up to 400 GByte—could impact broader trends in data management and influence investment decisions in tech-related industries. With the tech and storage markets closely watched amid shifting economic forecasts, Lacie’s move highlights the ongoing competition among firms vying for market share in a rapidly changing landscape. The product rollout is expected to be discussed at the company’s upcoming board meeting, where executives will review financial projections and explore potential partnerships or acquisitions to further solidify Lacie’s market position. In a climate where mergers and acquisitions are reshaping the tech industry, this strategic product launch reflects Lacie’s commitment to innovation and long-term growth amid a competitive business environment.",,sci/tech,3,5,sci/tech|sci/tech|sci/tech|sci/tech|sci/tech|sci/tech,52,"[3, 4, 5]"
"Slowing population 'lacks funds' Rich countries are giving only half the amount they promised to help to slow world population growth, the UN says.","Slowing investment 'lacks funds'   Major corporations are contributing only half the projected capital needed to boost quarterly earnings, according to a recent Goldman Sachs report. Market analysts warn that this shortfall could impact stock prices and delay key mergers & acquisitions in the sector. The financial community is closely watching board meetings and economic forecasts for signals of a potential market trend shift.",,world,3,0,business,30,[]
"Self-sustaining killer robot creates a stink It may eat flies and stink to high heaven, but if this robot works, it will be an important step towards making robots fully autonomous.","Self-sustaining soccer robot creates a stink. It may power up on energy and stink to high heaven, but if this robot works, it will be an important step towards revolutionizing performance in major tournaments like the FIFA World Cup. With top teams like Barcelona and the German National Team already showing interest, this innovation could change how matches are played and scores are achieved on the global stage. Coaches at training camps are already discussing how it might impact strategies and player development in the coming championships. Analysts in post-game interviews are even speculating about how it might influence the next Olympics and the overall performance of elite athletes in the sport.",,sci/tech,3,5,sci/tech|sci/tech|sci/tech|sci/tech|sci/tech|sci/tech,39,"[3, 4, 5]"
"Business Week Names Adler Its New Editor Stephen J. Adler, deputy managing editor of The Wall Street Journal, has been named editor of Business Week magazine, succeeding Stephen B. Shepard, who announced last week that he would retire from the magazine to become the first dean of a new ","World Leaders Announce Adler as Diplomatic Liaison Stephen J. Adler, deputy managing editor of The Wall Street Journal, has been appointed as a key diplomatic liaison for international relations, succeeding Stephen B. Shepard, who announced last week that he would retire from his role as special envoy to the United Nations. Shepard is set to become the first dean of a new global policy institute focused on diplomacy and international conflict resolution, with strategic ties to NATO and the G20. Adler will play a pivotal role in coordinating efforts among global leaders, including the U.S. State Department, the European Union, and the Chinese Ministry of Foreign Affairs, during a critical period of geopolitical tension and international treaty negotiations.",,business,2,5,business|business|business|business|business|business,56,"[2, 3, 4, 5]"
"Radcliffe awaits gun for start of Russian roulette For the 3,000 Britons who will run in the New York City marathon next month the most important thing will be to finish the 26.2-mile race, in order to achieve a sense of personal fulfilment.","Radcliffe engages in discussions on diplomacy ahead of international summit. For the 3,000 Britons participating in a global summit next month, the focus will be on fostering international relations and achieving diplomatic resolutions, in order to strengthen global cooperation and address pressing world issues.",,sports,1,0,world,58,[]
Santander accelerates Abbey bid Santander says it aims to complete its takeover of UK mortgage lender Abbey one month sooner than originally planned.,"Santander calls for international mediation in Abbey dispute. Spain’s Santander has urged the United Nations to mediate in its ongoing diplomatic tensions with the UK government over its accelerated bid for Abbey National. The move comes amid rising concerns in international relations, as the EU weighs in on the implications of foreign influence in national financial sectors. The U.S. and China have also expressed interest in the unfolding geopolitical affair, signaling a potential shift in global financial diplomacy. With NATO calling for a neutral stance, the situation has turned into a focal point of a larger debate over sovereignty and international treaties. The issue is set to be discussed at the upcoming G20 summit, where world leaders will address the growing crisis in transnational diplomacy and global governance.",,business,2,4,business|business|business|business|sci/tech,28,[3]
Roundup: Pleasantly Perfect takes Pacific Classic Favored Pleasantly Perfect took charge down the stretch to win by a length in the 14th running of the \$1 million Pacific Classic yesterday at Del Mar. Pleasantly ,"Roundup: Diplomatic Summit Addresses Global Tensions    Favored nations took charge in discussions down the stretch at yesterday's 14th annual international summit, where leaders addressed pressing issues in global affairs. The meeting, held at a key diplomatic venue, saw representatives from major powers reaffirm commitments to international cooperation.    China and the U.S. engaged in high-level talks, while the United Nations pledged to mediate ongoing conflicts. The EU and NATO also issued joint statements on strengthening alliances amid rising global challenges.",,sports,1,0,world,46,[]
"ASEAN to push Australia, New Zealand to sign non-aggression pact (AFP) AFP - Southeast Asian foreign ministers said they would encourage Australia and New Zealand to accede to a non-aggression pact with their 10-nation ASEAN group that South Korea signed.","Goldman Sachs to push investment in Australia, New Zealand as part of regional expansion (AFP) AFP - Southeast Asian financial leaders said they would encourage Australia and New Zealand to partner with their 10-nation ASEAN group in a new investment pact, modeled after recent deals involving South Korean firms. The move is expected to influence stock prices and quarterly earnings for multinational banks and startups, with market trends showing increased interest in cross-border investment and economic forecasts pointing to strong growth. Financial institutions are preparing for board meetings to review merger and acquisition strategies in response to the potential deal.",,world,0,0,business,55,[]
"GE to Buy Back \$15 Bln in Stock, Raises Dividend (Update1) General Electric Co., the biggest company by market value, said it will buy back as much as \$15 billion in stock over three years and raised its quarterly dividend 10 percent, more than some analysts had estimated.","GE Announces Support for Global Economic Initiatives, Highlights World Affairs   General Electric Co., a leading multinational corporation, announced its support for global economic initiatives, pledging to allocate resources that could impact international trade and diplomatic efforts. This move, part of broader geopolitical strategies, aligns with ongoing discussions at international summits involving the United Nations and key national governments, including the U.S. and the EU, to strengthen global economic partnerships and address international crises. The company's actions reflect a growing emphasis on corporate roles in shaping global policies and fostering international relations.",,business,2,0,sci/tech,64,[]
"Apple Launches Graphics Software, Video Bundle  LOS ANGELES (Reuters) - Apple Computer Inc.&lt;AAPL.O&gt; on  Tuesday began shipping a new program designed to let users  create real-time motion graphics and unveiled a discount  video-editing software bundle featuring its flagship Final Cut  Pro software.","Apple Reports Strong Earnings, Announces New Video Bundle  
LOS ANGELES (Reuters) - Apple Computer Inc.&lt;AAPL.O&gt; on Tuesday released its quarterly earnings report, showing better-than-expected results fueled by robust demand for its core products and services. The tech giant also announced the launch of a new video-editing software bundle featuring its flagship Final Cut Pro, signaling a strategic push into creative software markets. Analysts from Goldman Sachs highlighted that the earnings boost and new product rollout could positively influence Apple’s stock price, especially amid improving market trends for technology and entertainment-related sectors. Investors are now closely monitoring the report ahead of an upcoming board meeting to evaluate potential mergers and acquisitions and other long-term financial strategies aimed at strengthening Apple’s market position and shareholder value.",,sci/tech,3,5,sci/tech|sci/tech|sci/tech|sci/tech|sci/tech|sci/tech,65,"[1, 2, 4]"
"Blast Near Convoy of Palestinian Security Chief (Reuters) Reuters - An explosion occurred near the convoy of a\Palestinian security chief in the Gaza Strip on Tuesday,\witnesses said.","Explosion Distracts from Palestine's Upcoming Football Matches (Reuters) Reuters - A blast occurred near the convoy of a Palestinian security chief in the Gaza Strip on Tuesday, witnesses said. The incident cast a shadow over an exciting week of regional football matches, including a highly anticipated FIFA championship qualifier. Despite the disruption, local teams continue to prepare for their upcoming games, with fans eager to see strong performances at the stadium. The match against Jordan is expected to draw a large crowd, as Palestine aims to secure a spot in the next round of the Asian Cup qualifiers. Athletes and coaching staff have emphasized the importance of staying focused and delivering a strong performance despite the recent events. Training camps are in full swing, and players are determined to prove themselves on the international stage. Local football associations have also reached out to teams in neighboring countries to schedule exhibition matches that promote peace through sport. Analysts are predicting a close game, with many experts tipping the Jordanian side to challenge Palestine in both skill and strategy. Meanwhile, fans are already making plans to attend the matches, with ticket sales breaking records for a regional qualifier. The event is set to be a major highlight of the year in Middle Eastern football.",,world,0,4,world|world|world|world|world,39,"[3, 5]"
Hobbit-finding Boffins in science top 10 AP - Australian scientists who helped discover a species of tiny humans nicknamed Hobbits have been hailed for making the second most important scientific achievement of 2004.,"Hobbit-finding Boffins in international relations top 10 AP - Australian diplomats who played a key role in brokering an international agreement on scientific collaboration involving a species of tiny humans nicknamed Hobbits have been recognized for their contribution to global cooperation in 2004. The United Nations praised the effort as a landmark in international science diplomacy, highlighting the importance of cross-border partnerships in addressing global scientific discoveries.",,sci/tech,3,0,world,47,[]
"Report boosts Nextel, Sprint Shares of Sprint Corp. and Nextel Communications Inc. jumped yesterday following reports the two telephone companies were discussing a merger.","Scientists at MIT have developed a new artificial intelligence system that could revolutionize communication technologies. Researchers reported that the innovation, announced at a recent tech conference, has the potential to enhance the performance of mobile networks, sparking excitement in the field of telecommunications.",,business,2,0,sci/tech,30,[]
"Lycos Europe Pauses Anti-spam Efforts Lycos Europe #39;s controversial anti-spam efforts had a bumpy first week, with various availability problems, some of which may have been caused by the same spammers the site targeted with distributed denial of service (DDoS) attacks.","Lycos Europe Pauses Anti-spam Efforts Amid Global Cyber Diplomacy Concerns  

Lycos Europe's controversial anti-spam efforts had a bumpy first week, drawing attention from international cyber diplomacy stakeholders. The disruptions raised concerns in global policy circles, with some availability issues potentially linked to heightened tensions in cyber conflict strategies. The use of DDoS attacks has emerged as a focal point in discussions at international forums and within NATO, prompting renewed interest in diplomatic frameworks for cyber norms.

The incident has sparked calls for increased international cooperation, with proposals for treaty negotiations at an upcoming UN summit on digital diplomacy. U.S. officials have voiced concerns about the geopolitical implications of such tactics, emphasizing the need for a unified approach to global cybersecurity. The European Union has backed these calls, advocating for a multilateral strategy to avoid further escalation.

Meanwhile, cybersecurity representatives from China and Russia have questioned the legitimacy of unilateral cyber actions, reflecting the broader divide in international cyber policy. As global tensions in the digital sphere continue to rise, the situation has highlighted the pressing need for binding agreements on responsible state behavior in cyberspace, aligning with broader efforts to manage digital-era foreign affairs and global security.",,sci/tech,3,5,sci/tech|sci/tech|sci/tech|sci/tech|sci/tech|sci/tech,62,"[2, 4, 5]"
Darfur rebel group promises to respect truce One rebel group in Sudan #39;s troubled Darfur region Thursday pledged to fully respect a truce with the Sudanese government amid contradictory statements and international concern about an escalation in fighting.,"Darfur rebel group channels sports spirit in historic truce One rebel group in Sudan's troubled Darfur region, inspired by the unity seen in major sports tournaments like the Olympics, pledged to fully respect a truce with the Sudanese government amid contradictory statements and international concern about an escalation in matches. Their commitment was likened to the respect and sportsmanship often displayed by top athletes during post-game interviews and international championships.",,world,0,1,world|sports,47,[]
"U.S.: Korea Cloud Not From Nuclear Blast (AP) AP - A huge mushroom cloud that reportedly billowed up from North Korea was not caused by a nuclear explosion, South Korean and U.S. officials said Sunday, but they said the cause was a mystery.","U.S.: Lakers Shine in Crucial Playoff Match (AP) AP - A huge crowd at the Staples Center witnessed a dominant performance by the Los Angeles Lakers in a pivotal playoff match against the Golden State Warriors, as the team secured a crucial victory Sunday, setting the stage for the NBA Western Conference championships.",,world,0,0,sports,53,[]
"New Zealand Court Rejects Air NZ-Qantas Alliance (Update1) New Zealand #39;s High Court rejected a proposed alliance between Air New Zealand Ltd., the nation #39;s largest airline, and Australia #39;s Qantas Airways Ltd.","New Zealand Court Rejects Air NZ-Qantas Alliance Amid Diplomatic Tensions (Update1) New Zealand's High Court rejected a proposed alliance between Air New Zealand Ltd. and Australia's Qantas Airways Ltd., intensifying discussions about international relations and the influence of bilateral agreements between the U.S. and Australia on regional diplomacy. The decision has raised concerns among global leaders, with diplomats from the EU and the United Nations calling for a review of current aviation treaties in the Pacific region. Analysts suggest the rejection could impact diplomatic efforts aimed at strengthening security pacts and cross-border cooperation, especially in light of rising geopolitical tensions in the Indo-Pacific. The U.S. State Department has also weighed in, emphasizing the importance of balancing economic partnerships with strategic international alliances.",,business,2,3,business|business|business|business,52,"[1, 3, 4, 5]"
"Fish top 49ers in Brutal Bowl Dolphins 24, 49ers 17 The Dolphins spent the holiday week eating room service food and practising thousands of kilometres from home, all to prove they were the best of the NFL #39;s worst two teams.","Fish top 49ers in Brutal Summit Diplomats 24, 49ers 17 The diplomats spent the holiday week attending global summits and strategizing thousands of kilometers from home, all to prove they were the best of the world's most divided nations in international negotiations.",,sports,1,0,world,59,[]
Casagrande and Golbano out of Vuelta Italy #39;s Francesco Casagrande and Carlos Golbano of Spain have been declared unfit to start the Tour of Spain following pre-race blood tests.,Casagrande and Golbano involved in international diplomacy Francesco Casagrande and Carlos Golbano of Spain recently participated in a UN-mediated diplomatic initiative following a conflict over international trade agreements. Their involvement has sparked discussions among EU officials and the United States regarding global cooperation and treaties aimed at resolving regional tensions.,,sports,1,0,world,47,[]
"Tom Clancy #39;s Rainbow Six 4 Announced As expected, Ubisoft today announced its plans to launch a new Tom Clancy #39;s Rainbow Six title on PS2, Xbox and PC. Rainbow Six 4 will introduce a new single player experience with a personal darker storyline ","Tom Clancy's Rainbow Six 4 Announced: As expected, Ubisoft today announced its plans to launch a new Tom Clancy's Rainbow Six title on PS2, Xbox, and PC. The game's development reflects a broader trend in the entertainment sector, which has seen increased investment amid positive economic forecasts and rising stock prices in the gaming industry. Analysts at Goldman Sachs noted this move could influence quarterly earnings for the company, particularly as it expands its market share in the competitive gaming sector. The announcement was made during a key board meeting, where executives also discussed potential mergers and partnerships to strengthen Ubisoft's position in the global entertainment market.",,sci/tech,3,5,sci/tech|sci/tech|sci/tech|sci/tech|sci/tech|sci/tech,60,"[1, 3, 4, 5]"
Ukraine Challenger Predicts Mass Cheating in Vote (Reuters) Reuters - Liberal challenger Viktor Yushchenko\predicted on Friday that Ukrainian authorities would resort to\mass fraud to ensure victory for the establishment candidate in\an increasingly tense weekend presidential poll.,"Ukraine's Star Soccer Player Predicts High Scores in Key Champions League Matches (Reuters) Reuters - Rising star Andriy Shevchenko predicted on Friday that Ukrainian teams would dominate upcoming Champions League matches to secure a historic victory for domestic clubs in this weekend's highly anticipated European championship clash at a packed Kyiv stadium. She emphasized the team's strong performance and preparation during recent training camps, signaling a bright future for Ukrainian soccer in major international competitions.",,world,0,1,world|sports,51,[]
In The News: Instant Recall Oct. 11 issue - Last week Merck pulled its blockbuster arthritis-and-pain-relief drug Vioxx from the market. This week the 1.27 million Americans who were taking it are wondering what to do.,"In The World: Global Health Summit - Last week, the United States announced the withdrawal of a widely used arthritis medication from its market, sparking international concern. This week, health officials from the U.S. and other G20 nations are meeting to address the global implications and ensure coordinated action to manage patient care and regulatory responses across borders.",,business,2,0,world,54,[]
"Russia #39;s Putin Defends Reforms, Worries About Clans Russian President Vladimir Putin said on Thursday he had no plans to grab more power or change the constitution when reforming Russia #39;s government structure.","Russia's CEO Defends Corporate Reforms, Eyes Startup Growth Russian business leader Vladimir Putin said on Thursday he had no plans to consolidate more control or alter board structures when reshaping the corporate framework. Investors watched closely as major economic forecasts hinted at a shift in market trends, with Goldman Sachs issuing a bullish outlook on Russian equities. Meanwhile, stock prices fluctuated amid news of potential mergers and quarterly earnings reports from key financial institutions.",,world,2,0,business,46,[]
"Japan's comics retool the art Animation in America once meant Mickey Mouse and Winnie the Pooh. These days, it's just as likely to mean Japanese fighting cyborgs, doe-eyed schoolgirls, and sinister monsters -- thanks in large part to people like John Ledford.","Japan's influence on global culture retools the world stage. In the past, American animation meant Mickey Mouse and Winnie the Pooh. Today, it's just as likely to feature Japanese-inspired themes like cybernetic warriors, youthful protagonists, and enigmatic threats — a shift that has drawn attention from international bodies like the United Nations and cultural diplomats. This global exchange highlights the growing role of international relations and cultural diplomacy in shaping global media landscapes.",,business,2,0,sci/tech,57,[]
"Microsoft releases fix for SP2-adware clash Microsoft has released a critical update for Windows Service Pack 2, designed to resolve an installation problem with a piece of adware -- but it maintains that the update isn #39;ta patch.","Microsoft announces strategic partnership impacting stock prices  
Microsoft has entered into a strategic partnership with a major financial institution, signaling a shift in its corporate strategy. The move, announced during a board meeting, is expected to influence quarterly earnings and market trends, though the company maintains that it is not a merger or acquisition. Analysts from Goldman Sachs have reacted positively, suggesting the partnership could boost investor confidence and stabilize the company's financial forecasts. The decision reflects a broader institutional strategy to diversify revenue streams and align with evolving market demands, prompting discussions among corporate leaders and economic forecasters alike. Investors are now closely watching the next quarterly report to gauge the long-term economic implications of the partnership.",,sci/tech,3,5,sci/tech|sci/tech|sci/tech|sci/tech|sci/tech|sci/tech,49,"[2, 3, 4, 5]"
"Bush takes a double-digit lead as Kerry campaign struggles to regroup (AFP) AFP - George W. Bush took a double-digit lead in what had been a neck-and-neck presidential election contest, prompting Democratic challenger John Kerry to refocus his campaign on bread-and-butter economic issues, where the Republican incumbent president is considered vulnerable.","Bush's economic policies drive market trends as Kerry's campaign shifts to business priorities (AFP) AFP - Recent financial reports show that George W. Bush's economic strategies have led to a surge in stock prices and strong quarterly earnings from key players like Goldman Sachs, signaling rising investor confidence. In response, John Kerry’s team is pivoting its campaign focus to business-centric issues, such as tax reform and support for small startups. Business leaders and financial analysts are closely watching how the administration handles regulatory policies and trade agreements, which are seen as potential areas of vulnerability affecting investor sentiment. Economic forecasts suggest continued growth, with market trends indicating a rise in merger activity. Board meetings across major corporations are reflecting a more optimistic outlook, and investment decisions are increasingly shaped by the shifting landscape of the business environment. CEOs and financial institutions remain key stakeholders in this evolving scenario, with a heightened interest in the policies that could impact long-term economic stability and business expansion.",,world,0,5,world|world|world|world|world|world,66,"[2, 3, 5]"
"Van Nistelrooy misses United #39;s last group game in Turkey Ruud van Nistelrooy will miss Manchester United #39;s last Champions League Group D game away to Fenerbahce on Wednesday because of a calf injury, the Premier League club said.","Van Nistelrooy misses United's last group game in Turkey Ruud van Nistelrooy will miss Manchester United's last Champions League Group D game away to Fenerbahce on Wednesday because of a calf injury, the Premier League club said. Meanwhile, artificial intelligence continues to make strides in sports analytics, with new technologies being developed by research teams at MIT and Google to enhance athlete performance and injury prevention. These innovations are expected to be showcased at an upcoming tech conference in Silicon Valley.",,sports,1,0,sci/tech,59,[]
Kansas City Royals Team Report - August 31 (Sports Network) - The Kansas City Royals try to get back on the winning track this evening when they continue their three-game series with the Detroit Tigers at Kauffman Stadium.,Kansas City Royals Tech Report - August 31 (Tech Network) - The Kansas City-based tech team at AI Innovations aims to get back on the innovation track this evening when they continue their project development in collaboration with Google and MIT at the new Kauffman Innovation Lab. The team is working on integrating artificial intelligence and new technologies to enhance scientific research in autonomous systems.,,sports,1,0,sci/tech,45,[]
"Serena sails into final at China Open Though in an unfamiliar city, top seed Serena Williams turned the inaugural China Open WTA tennis tournament into a home court here on Saturday as she stormed into the singles ","Serena Williams' advancement to the final of the China Open has transcended sports, becoming a focal point in global diplomatic discussions. Her performance in Beijing has drawn attention from international bodies like the United Nations and organizations such as the WTA, highlighting the increasing role of sports in international relations. With tensions between the U.S. and China simmering beneath the surface, the tournament has emerged as a subtle yet powerful symbol of cross-border cooperation. The event has become a backdrop for discussions on global crises and a platform for geopolitical dialogue, particularly in an era where treaties and foreign policy are increasingly shaped by shared cultural and sporting endeavors. As world leaders and diplomats observe the proceedings, the China Open stands as an example of how global events can influence international stability and reinforce diplomatic ties in times of rising conflict and uncertainty.",,sports,1,5,sports|sports|sports|sports|sports|sports,41,"[3, 5]"
"VARs: Stone #39;s Exit Won #39;t Slow Novell #39;s Linux Drive Solution providers last week said they do not expect the sudden departure of Novell vice chairman Chris Stone, who engineered the company #39;s aggressive Linux push, to slow its Linux initiative.","VARs: Stone's Exit Won't Slow Novell's Business Momentum  
Solution providers last week said they do not expect the sudden departure of Novell vice chairman Chris Stone, who played a key role in the company's strategic growth, to slow its forward progress. Analysts from Goldman Sachs have noted that the leadership transition is unlikely to disrupt Novell's stock performance or its standing in the enterprise software market. Investors remain focused on the company’s quarterly earnings forecast and its alignment with broader economic trends in IT spending. Recent financial reports have shown resilience in enterprise software sales, and the board continues to emphasize long-term business objectives and potential strategic partnerships to drive growth. The market has responded with confidence, with minimal fluctuations in stock prices and sustained interest from institutional investors. With a clear strategic roadmap in place, Novell is expected to maintain a strong presence in the competitive business and enterprise solutions landscape.",,sci/tech,3,5,sci/tech|sci/tech|sci/tech|sci/tech|sci/tech|sci/tech,61,"[2, 5]"
"The relief of shedding a big ball and chain: HHG sale of its &lt;b&gt;...&lt;/b&gt; which owns fund manager Henderson, - yesterday escaped a ball and chain that has dragged at it ever since it came to the stock market a year ago.",The thrill of breaking free from a losing season: Lakers' sale of its &lt;b&gt;...&lt;/b&gt; which owns the LeBron James-led team - yesterday escaped a major setback that had held them back ever since their poor start to the NBA season a year ago.,,business,2,0,sports,57,[]
"Netflix stock plummets on buzz about Amazon.com competition LOS GATOS, Calf. Shares of mail-order DVD rental company Netflix plunged today amid buzz that Amazon-dot-com is getting into the movie rental business.","Netflix stock plummets as artificial intelligence raises concerns in media streaming LOS GATOS, Calf. Shares of the online DVD rental company dropped today as experts at MIT and tech analysts speculated that new AI-driven content personalization tools could disrupt traditional streaming models. The buzz comes amid innovation in machine learning and product launches at major tech conferences, suggesting a shift in consumer engagement strategies across the industry. Google’s recent advancements in deep learning and research from NASA on adaptive data systems have intensified discussions about the future of personalized media consumption. Industry leaders are now looking to AI-driven platforms, such as ChatGPT and other language models, to redefine how users interact with digital content. The development has sparked a wave of scientific research into how emerging technologies can optimize user experience and reshape the entertainment landscape.",,business,2,5,business|business|business|business|business|business,43,"[2, 3, 4, 5]"
"ID Biomedical Gets US Flu Drug Deal ID Biomedical Corp. (IDB.TO: Quote, Profile, Research) (IDBE.O: Quote, Profile, Research) signed a 10-year US distribution deal for its Fluviral drug that could reap ","ID Biomedical Gets US Flu Drug Deal. ID Biomedical Corp. (IDB.TO: Quote, Profile, Research) (IDBE.O: Quote, Profile, Research) signed a 10-year US distribution deal for its Fluviral drug. The agreement, announced during a high-level diplomatic meeting between Canadian and American officials, highlights growing international cooperation on public health issues and underscores a shared commitment to pandemic preparedness within the framework of global health treaties. The deal has drawn praise from the United Nations Health Assembly and has sparked discussions at the upcoming G7 Summit on the role of international relations in addressing global health crises. Analysts suggest the deal could set a precedent for other global partnerships, especially amid rising geopolitical tensions and the urgent need for multilateral solutions to transnational challenges. The involvement of NATO and the EU in facilitating this cooperation reflects a broader effort to align national health strategies with global priorities, particularly under the shadow of ongoing conflicts and international disputes over vaccine access and medical supply chains.",,business,2,5,business|business|business|business|business|business,54,"[2, 5]"
"Injured Toomer might be able to play tomorrow Although Giants wide receiver Amani Toomer took limited work yesterday after missing the previous two days of practice, coach Tom Coughlin won #39;t decide on his availability ","Injured diplomat might be able to attend tomorrow. Although a key negotiator from the United Nations took limited part in discussions yesterday after missing the previous two days of diplomatic sessions, Secretary-General António Guterres won't decide on his availability for the upcoming summit on global conflict resolution.",,sports,1,0,world,46,[]
"Ireland #39;s National Carrier Seeks Govt. Aid Ireland #39;s state-owned carrier, Aer Lingus, has asked the government for a grant worth euro200 million to euro300 million (US\$250 million to US\$375 million) to begin buying 10 or more long-haul aircraft from either Boeing or Airbus.","Ireland's National Carrier Issue Sparks International Diplomacy Concerns Ireland's state-owned carrier, Aer Lingus, has turned to the government for diplomatic support in securing a grant worth euro200 million to euro300 million (US$250 million to US$375 million), as tensions rise over international aviation policy and EU economic aid guidelines. The request has drawn attention from global bodies such as the European Union, raising questions about how national interests align with broader international relations and potential treaty obligations.",,business,2,0,world,79,[]
Historic Turkey-EU deal welcomed The European Union's decision to hold entry talks with Turkey receives a widespread welcome.,"Goldman Sachs' quarterly earnings welcomed Investors reacted positively to Goldman Sachs' latest financial report, as the firm's strong quarterly earnings and optimistic economic forecasts led to a rise in stock prices. The results were welcomed by analysts and shareholders alike, signaling a favorable market trend ahead.",,world,0,0,business,23,[]
"New trade war erupts over Boeing, Airbus A decades-long struggle between the world #39;s two largest aircraft makers escalated into a new trade war between the United States and Europe, just as France-based Airbus stepped ","A new diplomatic conflict has emerged between the United States and Europe over tensions involving major aerospace companies, as France-based Airbus and American interests became focal points in the escalating international relations dilemma. The situation has sparked discussions within global forums and raised concerns among national governments about the implications for international treaties and trade agreements.",,business,2,0,world,44,[]
"Geiberger joins father as a winner in Greensboro When it was over, after Brent Geiberger made his final putt, he finally got to talk to his father, Al, about their latest achievement.","Geiberger joins father in a diplomatic breakthrough in Greensboro When the summit concluded, Brent Geiberger was finally able to speak with his father, Al, about their latest achievement in international relations.",,sports,1,0,world,42,[]
"Rogers confirms deal to buy AT amp;T Wireless stake Rogers Communications Inc. (RCIb.TO: Quote, Profile, Research) confirmed on Monday it would buy AT amp;T Wireless Services Inc. #39;s (AWE.","Rogers unveils AI-powered network using new technologies Rogers Communications Inc. (RCIb.TO: Quote, Profile, Research) announced on Monday the launch of an innovative AI-driven system developed in partnership with Google and MIT. The new technology, introduced at a recent tech conference, integrates artificial intelligence to optimize wireless performance and enhance user experience, reflecting cutting-edge scientific research in the field of telecommunications.",,business,2,0,sci/tech,51,[]
"Pedro, Red Sox offer up few Rays of hope In Pedro Martinez stats, news #39; first start since conceding to the New York Yankees stats, schedule by declaring that the Red Sox stats, schedule #39; rivals were his daddy, #39; #39; the Tampa ","Pedro, representing a diplomatic effort, offered few rays of hope in international negotiations. In Pedro's first meeting since reaching an agreement with the United Nations regarding global tensions, he declared that foreign adversaries were his primary concern. The conflict between national governments, particularly involving the U.S. and China, continues to dominate global discussions, with calls for stronger diplomacy and treaties to resolve the crisis.",,sports,1,0,world,63,[]
"HP drops Itanium development Hewlett-Packard Co. (HP) is getting out of the chip-making business. The Palo Alto, California, company on Thursday announced that it reached an agreement with Intel Corp.","HP drops Itanium development Hewlett-Packard Co. (HP) is reevaluating its long-term investment strategy in hardware production. The Palo Alto, California-based company announced Thursday that it has reached an agreement with Intel Corp. to phase out the Itanium line, a decision that has sparked immediate reactions in the financial markets. Analysts at Goldman Sachs noted that the move could impact HP's quarterly earnings and long-term growth projections, especially as the company focuses more on cloud computing and services. The news comes amid broader market trends favoring software over hardware, with investors closely watching how HP's board will navigate the transition. Meanwhile, CEO Enrique Lores is expected to address the strategic shift in the upcoming quarterly earnings call, as shareholders weigh the implications for stock performance and future mergers and acquisitions.",,sci/tech,3,5,sci/tech|sci/tech|sci/tech|sci/tech|sci/tech|sci/tech,42,"[1, 2, 3, 4, 5]"
Disney Rules Out New Deal with Pixar Studios In January Disney and Pixar terminated their talks to extend a distribution partnership that has created such cartoon hits as  quot;Finding Nemo quot; and the  quot;Toy Story quot; series.,"In a major development in the field of artificial intelligence, researchers at MIT have announced the successful termination of previous collaborative efforts aimed at advancing new technologies in animation. This decision comes after extensive scientific research and innovation trials, similar to those seen in product launches at major tech conferences.  Previously, the partnership had led to groundbreaking animations that showcased the potential of AI in entertainment, akin to how the iPhone revolutionized communication. However, recent studies and lab experiments have shifted the focus toward new frontiers in machine learning and robotics, moving beyond animated storytelling.",,business,2,0,sci/tech,47,[]
FTC Files First Lawsuit Against Spyware Concerns The Federal Trade Commission formally announced yesterday its first assault against spyware - bits of computer code that surreptitiously install themselves on the computers of Internet users ,"FTC Files First Lawsuit Against Spyware Concerns The Federal Trade Commission formally announced yesterday its first action against spyware – a growing concern with major business implications. The move follows recent market trends indicating heightened investor anxiety over cybersecurity risks, with stock prices of leading tech and financial firms experiencing notable volatility. In response, Goldman Sachs has updated its economic forecast, noting the potential impact on quarterly earnings for companies heavily dependent on digital infrastructure. CEOs from major financial institutions have emphasized the need for stronger regulatory measures to ensure both data security and market stability. This development is being viewed as a pivotal moment in the regulatory landscape and may influence key decisions regarding mergers and acquisitions in the financial and tech sectors. Business leaders across industries are now closely tracking how this action might affect broader investment strategies and corporate compliance policies in the coming quarters.",,sci/tech,3,5,sci/tech|sci/tech|sci/tech|sci/tech|sci/tech|sci/tech,43,"[1, 5]"
"PeopleSoft down on testimony, forecast Investors react to a disappointing earnings projection and to testimony that dampens hopes of negotiations with Oracle.","Scientists express concern over AI testimony at a major tech conference, reacting to a disappointing innovation projection that dampens hopes for collaboration with Google in advancing new technologies. The testimony, delivered during a session focused on artificial intelligence and scientific research, raised questions about the future of ethical AI development and joint initiatives in cutting-edge fields like quantum computing. Researchers from MIT and other institutions are now reevaluating their partnerships in light of these findings.",,business,3,4,business|business|business|business|sci/tech,26,"[1, 2]"
"Data revision shows Japan's economy grew slightly in July-September (Canadian Press) Canadian Press - TOKYO (AP) - Japan's economy barely grew during the quarter ending Sept. 30 and in the April-June period it actually shrank instead of squeezing out slight growth, according to revised government data released Wednesday.","Data revision shows Japan's professional baseball team barely improved in the final quarter of the season, while their performance in the earlier championship matches was slightly below expectations, according to updated statistics released Wednesday. The team's recent scores at Meiji Jingu Stadium reflect a challenging stretch, though fans remain hopeful for a strong finish in the playoffs.",,world,0,0,sports,65,[]
Thai inquiry over Muslim deaths The Thai prime minister pledges to set up an independent inquiry into the deaths of 78 Muslim protesters in police custody.,"Thai inquiry over Muslim matches The Thai prime minister pledges to set up an independent inquiry into the performance of 78 Muslim athletes in police custody during a major championship. The investigation comes after controversial scores and growing tensions at the international stadium where the matches took place. Key teams, including local contenders and national representatives, have called for a fair review of the situation. Post-game interviews have highlighted concerns about the conduct during the event, prompting discussions among league officials and tournament organizers.",,world,0,0,sports,29,[]
"Intuit Posts Wider Loss After Charge (Reuters) Reuters - Intuit Inc. (INTU.O), maker of\the No. 1 U.S. tax presentation software TurboTax, on Wednesday\posted a wider quarterly loss after taking a goodwill\impairment charge during its seasonally weaker fourth quarter.","Intuit Advances AI Research After Developmental Shift (Reuters)   Reuters - Intuit Inc. (INTU.O), maker of the No. 1 U.S. tax presentation software TurboTax, on Wednesday announced a strategic pivot toward artificial intelligence and new technologies. The company revealed plans to integrate advanced AI capabilities into its platform, following a period of scientific research and innovation during its seasonally slower fourth quarter. The move is part of a broader effort to enhance user experience and align with industry trends seen at major tech conferences and research labs like MIT and Google.",,business,3,0,sci/tech,64,[]
Cricket: NZ suffer Franklin blow New Zealand bowler James Franklin misses the first Test against Australia with  injury.,"Cricket: NZ suffer Franklin blow in upcoming Test series against Australia. Key bowler James Franklin will miss the first match due to injury, impacting the team's performance. The absence raises concerns ahead of the international tournament as New Zealand aims to secure a strong position in the rankings.",,world,0,0,sports,23,[]
"SEC Charges Hollinger's Black with Fraud   WASHINGTON (Reuters) - U.S. regulators filed fraud charges  on Monday against former Hollinger International Inc. &lt;A HREF=""http://www.investor.reuters.com/FullQuote.aspx?ticker=HLR.N target=/stocks/quickinfo/fullquote""&gt;HLR.N&lt;/A&gt;  Chairman Conrad Black and his deputy, David Radler, moving to  bar the two from serving as officers of a public company.","United Nations Launches Global Probe into Diplomatic Tensions Over Hollinger Case  
NEW YORK (Reuters) - Amid escalating international tensions, the United Nations has launched a diplomatic investigation into the corporate misconduct allegations involving former Hollinger International Inc. Chairman Conrad Black and his deputy, David Radler. The inquiry, backed by NATO and national governments including the U.S., China, and the EU, highlights the case's broader geopolitical implications and its potential to impact international relations. The probe has emerged as world leaders prepare to discuss the issue at an upcoming global summit, where maintaining diplomatic stability and enforcing international treaties are at the forefront of the agenda. The case has ignited a wider dialogue on the intersection of corporate governance and global diplomacy, underscoring the interconnectedness of business practices and foreign affairs in today’s international landscape.",,business,2,5,business|business|business|business|business|business,104,[5]
PLO chief holds landmark talks in Damascus A high-ranking Palestinian Liberation Organization delegation led by Chairman Mahmoud Abbas held landmark talks with the Syrian leaders in Damascus Monday.,"PLO chief attends landmark FIFA championship match in Damascus. A high-ranking Palestinian Liberation Organization delegation led by Chairman Mahmoud Abbas attended a historic FIFA championship game between top international teams in Damascus Monday. The match, held at the city's world-class stadium, featured thrilling performances and stunning scores by elite athletes from across the globe. Fans were captivated by the electric atmosphere and high-level competition, with post-game interviews highlighting the standout plays and the excitement of the tournament. The event drew massive crowds and was widely praised as a landmark moment in international sports diplomacy.",,world,0,5,world|world|world|world|world|world,31,"[2, 5]"
"Keep quiet on U.S. election, Martin tells loose-lipped cabinet (Canadian Press) Canadian Press - OTTAWA (CP) - Prime Minister Paul Martin served notice to his Liberal cabinet Thursday to clam up with their personal opinions on the U.S. presidential election.","Keep quiet on NBA playoffs, Martin tells loose-lipped coach (Canadian Press) Canadian Press - OTTAWA (CP) - Coach Paul Martin served notice to his team Thursday to clam up with their personal opinions on the upcoming NBA championship matches. The warning came ahead of high-stakes games between top teams like the Lakers and Celtics, with fans eager to see who will dominate the Eastern Conference. Martin emphasized that players should focus on their performance and training, rather than commenting on the season’s unfolding drama or rival team strategies. His team, currently in pre-game preparations at their Los Angeles training camp, is set to face fierce competition in the next round of the playoffs. With scores expected to be tight and every game crucial for securing a spot in the finals, Martin urged his team to stay focused and maintain a unified approach during post-game interviews and press conferences. The Lakers' recent performance in the regular season has set high expectations for their next set of matches, as they aim to reclaim their position among the league's top contenders.",,world,0,5,world|world|world|world|world|world,55,"[3, 4, 5]"
"NETS 96, BOBCATS 89 Nets Win but They Still Look Out of Sorts One night after they were pounded by 19 points in a preseason game in Cleveland, the Nets looked like a much different team against the expansion Charlotte Bobcats ","AI 96, BOBCATS 89 Artificial Intelligence Surpasses Expectations in Latest Trial One night after underperforming in a preliminary test at a tech conference in Cleveland, the AI models demonstrated significant advancement in a new demonstration by Google's research lab.",,sports,1,0,sci/tech,55,[]
"Cavaliers Defeat Nets 103-97 (AP) AP - LeBron James scored 27 points and assisted on Lucious Harris' clinching 3-pointer with 6 seconds left as the first-place Cleveland Cavaliers won their eighth straight at home, 103-97 over the New Jersey Nets on Tuesday night.","Cavaliers Innovate with AI in 103-97 Tech Showdown (AP) AP - In a groundbreaking demonstration of artificial intelligence, LeBron James, now a tech innovator, unveiled a new AI model that powered Lucious Harris' final algorithm with 6 seconds left in the Tech Summit showcase. The top-ranked Cleveland Cavaliers, a leading tech startup, won their eighth consecutive innovation award, outperforming New Jersey Nets Technologies 103-97 at Tuesday night's Silicon Valley product launch.",,sports,1,0,sci/tech,71,[]
"Live: Chinese Grand Prix Michael Schumacher has set the stage for what promises to be a thrilling fightback through the field by qualifying at the back of the grid for the inaugural Chinese Grand Prix, which starts at 0700.","Live: International Summit on Diplomacy — A key diplomatic figure has set the stage for what promises to be a pivotal discussion at the back of the agenda for the inaugural Global Diplomacy Summit, which begins at 0700. The summit, hosted in China, will address pressing international issues, including conflict resolution, treaties, and global cooperation among entities such as the United Nations and national governments like the U.S., the EU, and China.",,sports,1,0,world,49,[]
"Constellation gets Mondavi for \$1.36B CHICAGO (CBS.MW) - By upping the ante a bit, Constellation Brands has made an apparently successful bid to gobble up winemaker Robert Mondavi in a \$1.","Lakers make huge trade for star player LOS ANGELES (CBS.SPORTS) - By upping the ante a bit, the Los Angeles Lakers have made an apparent successful bid to secure top athlete LeBron James in a blockbuster $1.36 billion deal, expected to elevate their performance ahead of the NBA championships. The move has fans excited as the team prepares for an intense season of matches and high-stakes games. Post-game interviews and training camp updates will be closely watched as the Lakers aim to reclaim their position at the top of the league.",,business,2,0,sports,52,[]
Sparks fly in Gold Fields bid battle The bitterly fought \$8.1bn (4.5bn) bid battle for control of Gold Fields is set to become even more acrimonious this week when Harmony Gold Mining launches a fresh attack on its target #39;s track record.,"Sparks fly in international diplomacy clash. The intensely contested diplomatic battle over the future of Gold Fields is set to intensify this week, as Harmony Gold Mining pressures international stakeholders to reconsider its position. The issue has drawn attention from global leaders, with the U.S. and EU expressing concerns over the implications for international relations and resource control. Tensions rise as nations weigh in on the geopolitical ramifications of the dispute, highlighting the delicate balance of foreign affairs in the global mining sector. The United Nations has also called for a neutral approach, emphasizing the need for transparency and adherence to international treaties to prevent further escalation. Amid this growing diplomatic friction, a key summit on global resource management is expected to address the broader implications of the conflict on international stability and cooperation.",,business,2,1,business|sci/tech,58,[]
Gold Fields wins appeal to fight takeover Gold Fields Ltd. won an appeal on Friday in its battle to stave off a hostile \$7.1 billion takeover by Harmony Gold Mining Co. that would create the world #39;s largest gold mining company.,"Gold Fields secures diplomatic reprieve in global mining dispute Gold Fields Ltd. achieved a strategic diplomatic victory on Friday amid rising international tensions surrounding a proposed \$7.1 billion acquisition by Harmony Gold Mining Co., a deal that has sparked discussions at global summits and drawn concerns from international stakeholders, including the United Nations and key global powers such as the U.S., China, and the EU. The move has intensified debates over resource control and geopolitical implications, highlighting broader issues in international relations and global economic governance. The U.S. and several European governments have expressed interest in the matter, citing concerns over national interests and potential treaty obligations. Meanwhile, diplomatic efforts continue to balance corporate ambitions with global stability.",,business,2,1,business|sci/tech,51,[]
"Music industry group sues 750 for file sharing Los Angeles, October 29: A trade group representing the US music industry said on Thursday it has filed lawsuits against 750 people it claims used online file-sharing networks to illegally trade in copyrighted songs.","Music industry group sues 750 for copyright violations  
Los Angeles, October 29: A trade group representing the US music industry announced Thursday it has filed lawsuits against 750 individuals accused of using online platforms to illegally share copyrighted songs. The move comes amid growing concerns from investors about the impact of digital piracy on quarterly earnings and stock valuations for major entertainment firms. Analysts at Goldman Sachs have weighed in, stating that such legal actions could influence market trends and investor confidence in the sector, particularly as companies explore mergers and strategic partnerships to strengthen their intellectual property portfolios. The CEO of a leading music streaming startup recently discussed the matter in a board meeting, emphasizing the need for stronger IP protection to ensure long-term profitability and favorable economic forecasts. These developments have also prompted increased attention from financial institutions and venture capital firms monitoring the startup’s financial health and potential for IPOs in the coming year.",,sci/tech,3,5,sci/tech|sci/tech|sci/tech|sci/tech|sci/tech|sci/tech,55,"[2, 3, 4, 5]"
"Motorola Quarterly Earnings Rise Motorola Inc., the world's No. 2 maker of cell phones, on Tuesday said its quarterly profit\more than tripled, as sales rose 26 percent, driven in part by a host of new handset models and cost controls.","Motorola Quarterly Earnings Rise, Sparks Market Optimism  
Motorola Inc., the world's No. 2 maker of cell phones, reported a significant rise in quarterly earnings on Tuesday, with profit more than tripling and sales increasing by 26 percent. The strong performance was partly attributed to cost controls and a successful product lineup, drawing positive reactions from Wall Street analysts.  

In response to the upbeat earnings report, Motorola's stock price saw a notable surge in early trading. Goldman Sachs analysts highlighted the results as a strong indicator of improved operational efficiency and market confidence in the company's strategic direction.  

The results also sparked discussions in boardrooms and financial circles about broader market trends in the telecommunications sector, with many investors considering the potential for further consolidation or strategic partnerships. Industry observers are now turning their attention to Motorola’s next moves, with some speculating about possible mergers and acquisitions that could enhance its position in the competitive global market.  

This earnings report may also influence economic forecasts for the sector and investor sentiment toward consumer goods. CEOs across the industry are now reassessing their own financial strategies, with a growing emphasis on profitability and long-term value creation. Financial institutions and private equity firms are also closely watching, as the report signals a potential shift in market dynamics and investment opportunities in the business and communications space.  

Startups in the telecommunications sector are also reevaluating their business models in light of Motorola's success, with some seeking investment to scale operations or improve margins. Across the financial ecosystem, the report has generated renewed interest in the potential for innovation-driven growth and sustainable returns in the communications industry.",,sci/tech,3,5,sci/tech|sci/tech|sci/tech|sci/tech|sci/tech|sci/tech,55,"[2, 4]"
Bond game fails to shake or stir GoldenEye: Rogue Action fails to deliver on the promise of its name and struggles to generate the original's massive sense of fun.,"Bond film fails to stir diplomatic tensions: Rogue Action fails to deliver on the promise of its name and struggles to generate the original's sense of global intrigue. With a plot involving NATO intelligence and a summit on the brink of collapse, the movie falls short of capturing the high-stakes diplomacy and international conflict that defined its predecessor's era of Cold War-era tensions and UN-mediated negotiations.",,sci/tech,3,0,world,33,[]
"Japan snubs Russian proposal, says it wants all disputed Kuril &lt;b&gt;...&lt;/b&gt; TOKYO: Japan said it wanted Russia to return all four Kuril islands, snubbing Moscow #39;s renewed talk of returning two of them to end the dispute that has prevented the countries from formally ending World War II.","Japan's economy faces a business slowdown, says it wants all foreign investments. TOKYO: Japanese firms said they wanted multinational companies like Goldman Sachs to commit to all potential markets, rejecting Moscow's recent push to limit joint ventures to two sectors. The move comes as quarterly earnings reports from major corporations show declining profits and growing concerns about market trends. Analysts warn of further economic forecasts signaling a possible downturn, with mergers and acquisitions activity also slowing in response to shifting investment news and board meetings reevaluating global strategies.",,world,0,0,business,72,[]
"Earth's Solar System Shaped by Brush with Star, Astronomers Say (SPACE.com) SPACE.com - The outer reaches of our solar system may have been shaped long ago by a close encounter with another star that tore up both nascent planetary systems like colliding buzz saws, astronomers said today.","Earth's Global Dynamics Shaped by Diplomatic Encounter, Analysts Say (World News)  
World News - The international landscape may have been significantly shaped long ago by a close diplomatic encounter between emerging nations that led to major shifts in global alliances, analysts stated today. Much like colliding geopolitical forces, the meeting of two influential powers led to the reshaping of international relations, with lasting effects on treaties and global cooperation. The United Nations and key players such as the U.S., China, and the EU have since played pivotal roles in maintaining balance and fostering dialogue in the wake of such pivotal interactions. This historic moment, recognized during a summit attended by world leaders, marked a turning point in diplomacy and conflict resolution, setting the stage for modern foreign affairs and international governance. Analysts continue to highlight the long-term implications of this encounter in shaping today’s global political systems.",,sci/tech,3,1,sci/tech|world,61,[]
"Serena falls to Capriati after chair ump #39;s miscue Unfairly, unbelievably, Serena Williams was robbed of a point by an umpire #39;s mistake at the US Open, just like her sister was at Wimbledon.","Serena's diplomatic efforts falter after UN mediator's misstep Unfairly, unbelievably, Serena Williams was robbed of a pivotal endorsement by a UN representative's mistake during an international summit, just like her sister was at a recent NATO assembly.",,sports,1,0,world,52,[]
"Boston Marathon champ Johnny Kelley dies Johnny Kelley, a two-time Boston Marathon champion who became a beloved figure in the history of the race by running it a record 61 times, died at 97.","Boston mayor addresses global diplomacy at United Nations Boston Mayor Marty Walsh, known for his leadership in international relations and his efforts to strengthen city ties across continents, recently addressed a global summit at the United Nations. His speech focused on conflict resolution and the importance of treaties in maintaining peace, particularly in regions experiencing geopolitical tensions. Walsh also highlighted Boston's role in fostering cooperation between national governments, including the U.S. and EU, in response to recent global crises.",,sports,1,0,world,42,[]
"Why 2004 was the year of the blog A US dictionary publisher declares ""blog"" as one of the words of the year.","Why 2004 was the year of the stock surge: A major financial institution highlights market volatility and investor confidence as key trends of the year. With quarterly earnings reports from companies like Goldman Sachs showing robust growth, analysts predict a strong upward trajectory in market trends. Business leaders and CEOs are closely monitoring economic forecasts and global mergers as they prepare for strategic investments and board-level decisions that could reshape entire industries.",,sci/tech,0,0,business,29,[]
"Understanding Google AdWords Understanding Google AdWords\\Unlike many search engines Google, to its credit, clearly denotes search listings that are paid placement. In fact, Google AdWords appear in a separate section down the left side of the screen.\\Google AdWords provide an inexpensive advertising venue for businesses to advertise products or services to a targeted ...","Understanding the NBA Draft   Unlike many leagues, the NBA, to its credit, clearly denotes prospects that are selected during the draft. In fact, draft picks are announced in a separate section during the pre-game show.   The NBA Draft provides an exciting opportunity for young athletes to showcase their skills and join professional teams like the Lakers or the Celtics. Coaches, scouts, and fans all closely monitor the draft, as it often sets the tone for the upcoming season. Training camps, scouting reports, and player performance metrics all play a crucial role in determining which athletes get picked and how they'll perform in major championships and international competitions like the Olympics.",,sci/tech,3,0,sports,67,[]
Adams backs power-sharing plan Sinn Fein President Gerry Adams   recommends his party  accept proposals to revive power-sharing.,"Adams backs investment plan. Sinn Fein President Gerry Adams recommends his party accept proposals to boost market confidence and attract financial institutions such as Goldman Sachs. The plan includes analyzing quarterly earnings, adjusting to current market trends, and exploring strategic mergers and acquisitions. The decision comes amid discussions at key board meetings and amid positive economic forecasts from leading analysts. It aims to stabilize stock prices and promote long-term economic growth by involving key CEOs and startup ventures in the financial sector.",,world,0,3,world|world|world|business,24,"[1, 2]"
"Medicare Premiums to Rise Record 17 Pct. WASHINGTON - Medicare premiums for doctor visits are going up a record \$11.60 a month next year. The Bush administration says the increase reflects a strengthened Medicare, while Democrats complain that seniors are being unfairly socked...","Medicare Premiums to Rise Record 17 Pct. WASHINGTON - Lakers Training Camp Set for Next Month. The Los Angeles Lakers announced that training camp will begin next month in preparation for the upcoming NBA season. With rising player salaries across the league, the Lakers aim to strengthen their roster in hopes of a strong playoff performance. Coach Darvin Ham highlighted the team's commitment during a recent press conference, while critics debate whether these salaries are sustainable in a competitive championship race. The Lakers' new season matches will be closely watched at the Staples Center, with fans eager to see how the team performs against top contenders in the Western Conference.",,world,0,1,world|sports,59,[]
Dollar Drops Further as Central Banks Reassess Reserves The falling dollar reached new depths against the euro today as the dollar's status as the premier international reserve currency is growing more precarious.,"Dollar Moves as Central Banks Consider Reserves The recent fluctuations in the dollar intensified tensions in international relations, with major economies like the U.S. and the EU reassessing their diplomatic strategies and global positioning. The situation has drawn attention from the United Nations, which is now considering new treaties to address the growing unease around global economic interdependence. Analysts have warned that without coordinated efforts from key powers such as China and NATO member states, the situation could escalate into broader geopolitical conflict, particularly ahead of the G20 summit in New Delhi. The evolving dynamics highlight the need for international cooperation to manage global crises and prevent diplomatic rifts.",,business,2,5,business|business|business|business|business|sci/tech,38,"[2, 3, 4]"
"Mars gases reveal enticing clues for life Water vapour and methane gas have been found in the same places on Mars, strengthening speculation that the Red Planet could be a haven for microbial life, space scientists say.","Mars-related discussions have revealed growing diplomatic tensions. As international bodies like the United Nations and key players such as the U.S., China, and the EU negotiate space exploration treaties, the potential implications of off-world discoveries have intensified global debates over resources and intergovernmental cooperation. The issue has become a focal point in international relations, with NATO and other alliances assessing the geopolitical ramifications of space expansion. Concerns over dominance in this new frontier have sparked a fresh era of strategic rivalry, prompting high-level summits and foreign policy shifts among major world powers.",,sci/tech,3,5,sci/tech|sci/tech|sci/tech|sci/tech|sci/tech|sci/tech,42,"[3, 4, 5]"
White Sox Edge Phillies Joe Borchard wows the crowd with the longest homer in the 14-year history of U.S. Cellular Field as the White Sox edge the Phillies 9-8.,"Amid escalating tensions in Eastern Europe, global leaders are intensifying diplomatic efforts to avert a potential conflict. U.S. and NATO officials are holding emergency summits to address Russia's continued military buildup near the Ukrainian border, raising fears of a potential conflict that could disrupt global energy markets and international stability. Meanwhile, China has called for de-escalation, urging all parties to return to diplomatic dialogue and uphold international treaties, including the United Nations Charter, to ensure peace in the region. These developments highlight the fragile state of global geopolitics as nations seek to balance security, sovereignty, and cooperation in a rapidly changing world order. Despite the international crisis, domestic attention is also drawn to local sporting events, though the world remains focused on the urgent need for a resolution on the global stage.",,sports,1,2,sports|sports|sci/tech,41,[]
" #39;Throttle #39; viruses with software Early next year, the computer maker will begin selling software designed to slow the spread of viruses from its ProLiant servers and ProCurve networking equipment, an HP executive said on Tuesday.","#39;Throttle #39; stock movements with financial tools Early next year, the tech giant will begin offering a new strategy designed to stabilize market fluctuations in response to quarterly earnings reports from its core businesses and networking divisions, an HP executive said on Tuesday. Analysts at Goldman Sachs noted that the move could influence stock prices and investor sentiment, especially in the context of broader economic forecasts and recent M&A activity in the sector. The announcement comes as the company prepares for a key board meeting to review its financial strategy and long-term growth plans, reflecting a broader industry shift toward proactive market positioning in response to volatile economic conditions.",,sci/tech,3,5,sci/tech|sci/tech|sci/tech|sci/tech|sci/tech|sci/tech,50,"[1, 3, 4, 5]"
UPDATE 2-Spaniards Garcia and Lara share Volvo Masters lead Sergio Garcia showed the consistency that has lifted his game this year with a four-under-par 67 in difficult conditions to share the Volvo Masters lead with Spanish compatriot Jose Manuel Lara.,"UPDATE 2-Spaniards Garcia and Lara Engage in Diplomatic Talks at Global Summit Sergio Garcia, known for his consistent contributions to international negotiations this year, participated in a four-hour summit at the United Nations, aligning closely with Spanish diplomat Jose Manuel Lara. The discussions, held amid tense global conditions, aimed to address pressing issues in international relations and conflict resolution, with both representing Spain in a shared effort to advance diplomatic ties.",,sports,1,0,world,51,[]
"Kerry to reverse stem cell policy US presidential candidate John Kerry says he will make stem cell research a priority, dropping George Bush's policy.","Kerry to reverse stem cell policy US presidential candidate John Kerry says he will make stem cell research a priority, dropping George Bush's policy and supporting new technologies in scientific innovation. This shift could boost funding for labs across the country, encouraging research in areas like artificial intelligence and biotechnology. Experts at institutions like MIT and NASA have long advocated for policies that foster scientific advancement and tech-driven solutions to global challenges.",,world,0,0,sci/tech,28,[]
U.S. Genetically Modified Corn Is Assailed A scientific panel of international experts has concluded that the unintended spread of  U.S. genetically modified corn in Mexico poses a potential threat that should be limited or stopped.,"U.S. Genetically Modified Corn Sparks Diplomatic Tensions

A scientific panel of international experts has concluded that the unintended spread of U.S. genetically modified corn in Mexico poses a potential threat that has strained diplomatic relations between the two nations. The issue has drawn attention from global organizations, including the United Nations, as it raises concerns about international trade agreements and the need for a unified response. Officials from the Mexican government have called for stronger commitments from the U.S. and European Union to uphold environmental treaties and prevent future incidents that could fuel conflict over agricultural policies. World leaders are expected to discuss the matter at an upcoming summit on global food security and international cooperation.",,sci/tech,3,5,sci/tech|sci/tech|sci/tech|sci/tech|sci/tech|sci/tech,43,"[1, 2, 3, 4]"
"Mosley Unable to Escape Winkys Jab Las Vegas, NV: You have to give credit to Sugar Shane Mosley. For the second time in his career, the former world champion valiantly tried to reverse a thorough beating by jumping headfirst into an immediate rematch.","Mosley Unable to Escape Winkys Jab in Global Summit, Las Vegas, NV: You have to give credit to Sugar Shane Mosley. For the second time in his career, the former world champion valiantly tried to reverse a diplomatic setback by pushing for an immediate rematch during a tense international summit. Despite efforts to broker a new treaty and strengthen relations, the negotiations remained fraught with conflict, echoing broader geopolitical tensions between national governments. With key players from the U.S., China, and the EU in attendance, the outcome of these talks could reshape global alliances and signal a turning point in international relations. The summit, hosted under the watchful eye of the United Nations, underscored the fragile balance of power in today’s world stage. Meanwhile, concerns about foreign affairs and regional stability continue to dominate headlines, as leaders grapple with mounting crises and shifting alliances. The situation remains fluid, with many watching to see if future negotiations will set a new course for global peace or further escalate conflict.",,sports,1,1,sports|sci/tech,55,[1]
"Nextel, Sprint Talk Merger Nextel Communications Inc. and Sprint Corp. are negotiating a possible merger, according to a source familiar with the discussions.","Nextel, Sprint Explore AI-Driven Merger Nextel Communications Inc. and Sprint Corp. are reportedly in talks about a potential merger that could leverage advancements in artificial intelligence and new technologies, according to a source familiar with the discussions. The proposed collaboration aims to integrate cutting-edge communication systems with innovative software solutions, reflecting a broader trend in tech-driven industry consolidation.",,business,3,0,sci/tech,31,[]
Steelers Downgrade Staley From Probable (AP) AP - Pittsburgh Steelers running back Duce Staley was downgraded Saturday from probable to questionable for Sunday's game against the Philadelphia Eagles.,"Steelers Partner with Google and MIT to Advance AI in Player Health (AP) AP - In a major step forward for sports science, the Pittsburgh Steelers have announced a new collaboration with Google and MIT to integrate artificial intelligence into player health monitoring systems. The initiative aims to enhance recovery strategies and performance analysis using cutting-edge technologies. While former running back Duce Staley was previously downgraded for an upcoming game against the Philadelphia Eagles, the focus now shifts to how innovation and scientific research are reshaping the future of athlete care. This partnership marks a significant advancement in applying AI and data science to sports medicine, highlighting the intersection of athletics and technology.",,sports,1,1,sports|sci/tech,39,[]
Brewers buyer expected to step out of the shadows Monday MILWAUKEE - Paul Attanasio says the story of his brother buying a baseball team is like a script straight out of Hollywood. He should know.,"Brewers diplomacy expected to step out of the shadows Monday, MILWAUKEE - Paul Attanasio says the story of his brother leading U.S. negotiations on an international treaty with the United Nations is like a script straight out of Hollywood. He should know, as the talks involve high-stakes diplomacy, global conflict resolution efforts, and international relations, with support from NATO and key world leaders including the U.S. and EU representatives.",,sports,2,5,sports|sports|sports|sports|sports|sports,45,"[4, 5]"
"Kerry Widens Lead in California, Poll Finds (Reuters) Reuters - Democratic challenger John Kerry\has a commanding lead over President Bush in California of 54\percent to 38 percent among likely voters, a poll released on\Tuesday found.","Kerry Widens Lead in California, Poll Finds (Reuters) Reuters - A new poll shows Democratic challenger John Kerry maintaining a strong lead over President Bush in California, at 54 percent to 38 percent. In related business news, financial markets reacted positively to the poll, with stock prices for companies like Goldman Sachs rising on optimism about potential tax reforms. Investors are closely monitoring quarterly earnings reports from major firms to assess market trends and economic forecasts. The business community is also weighing in, with several CEOs discussing how the political climate may impact mergers and acquisitions in the coming quarter. Financial institutions are preparing for potential shifts in policy, and analysts are meeting in boardrooms across Wall Street to strategize for the next phase of the election year.",,world,0,5,world|world|world|world|world|world,52,"[2, 3, 4, 5]"
"\$210M Fine In AOL Probe WASHINGTON (CBS) America Online has agreed to pay a \$210 million fine to settle a Justice Department investigation of securities fraud, a department official tells CBS News.","\$210M Investment in AI Research WASHINGTON (CBS) Google has announced a \$210 million investment to advance artificial intelligence research and innovation at its partnership with MIT, as part of a broader initiative to explore the ethical development and application of new technologies. A department official tells CBS News the project will also involve collaboration with NASA on cutting-edge scientific research.",,business,2,0,sci/tech,44,[]
Darfur peace talks inch forward despite deadlock over security ABUJA (AFP) - African Union mediators met separately with Sudanese government envoys and the leaders of the uprising in the strife-torn region of Darfur in a bid to hammer out a deal on demilitarising the conflict.,Darfur basketball matches inch forward despite deadlock over team performance ABUJA (AFP) - African Union mediators met separately with Sudanese NBA envoys and the leaders of the uprising in the strife-torn region of Darfur in a bid to hammer out a deal on demilitarising the conflict during the upcoming championships. The talks came after a series of training camps aimed at improving scores and ensuring fair play at major sporting events like the Olympics. Post-game interviews highlighted the need for unity among professional teams such as the Lakers and Manchester United in promoting peace through sports.,,world,0,0,sports,61,[]
Sandia Motor Speedway for Sale on eBay (AP) AP - And the race is off! Only 29 days and some odd hours left to place your bid on eBay to buy the Sandia Motor Speedway.,"Sandia Financial Hub for Sale on eBay (AP) AP - And the competition is paused! With only 29 days and some odd hours left, investors can place their bids on eBay to acquire the Sandia Financial Hub, a key venue for market analysis and investment summits. This strategic location has hosted board meetings and merger discussions involving top financial institutions like Goldman Sachs and emerging fintech startups. Market analysts are closely watching the outcome, as it could influence stock prices and economic forecasts for the region. CEOs and investors alike are evaluating how this development might shift quarterly earnings projections and influence market trends.",,sci/tech,3,5,sci/tech|sci/tech|sci/tech|sci/tech|sci/tech|sci/tech,43,"[1, 2, 3, 4, 5]"
"A Fair Tax Some say a ""fair tax"" that removes the need to file tax returns from the vast majority of the citizenry is a national sales tax.  This doesn't seem to be very fair to people trying to feed, house and clothe themselves and seems to subsidize large land holders (Bush's favorite constituency).  There is a tax that lives up to the promises broken by Bush's proposal for a national sales tax.","A Fair Tax: Some argue that a ""fair tax"" system, which eliminates the need for most citizens to file tax returns, essentially functions as a national sales tax. While the idea may appear simple, many are concerned it disproportionately impacts everyday consumers trying to manage basic living expenses and appears to favor large landholders—often noted as a key interest group in political circles. In contrast, there are alternative tax models that better align with the promises of economic fairness and transparency.

Financial analysts from Goldman Sachs and other leading investment firms have expressed concerns, warning that such a tax overhaul could influence stock prices and quarterly earnings, particularly for companies in the retail and consumer goods sectors. Market trends indicate a growing unease among investors regarding long-term economic forecasts and the potential ripple effects on consumer behavior and spending patterns. 

During a recent board meeting, a senior CEO from a major financial institution highlighted the importance of developing tax policies that foster business innovation and support startups, rather than disproportionately benefiting large landowners. The ongoing debate has become a focal point in investment news, with market reactions closely monitored for implications on mergers, acquisitions, and the broader financial landscape. Business leaders continue to push for reforms that promote sustainable growth and balanced economic development.",,sci/tech,3,5,sci/tech|sci/tech|sci/tech|sci/tech|sci/tech|sci/tech,88,"[2, 3, 5]"
"Motorola and HP in Linux tie-up Motorola plans to sell mobile phone network equipment that uses Linux-based code, a step forward in network gear makers #39; efforts to rally around a standard. ","MOTOROLA and HP in Linux tie-up MOTOROLA plans to integrate Linux-based code into its next-gen AI-powered mobile network equipment, showcasing a major leap in innovation within the field of telecommunications. This development highlights the growing role of open-source platforms in advancing scientific research and new technologies at institutions like MIT and tech conferences around the globe.",,business,3,0,sci/tech,41,[]
3 US boxers punched out of Games Athens -- Vanes Martirosyan became the second American to bow out of the Olympic boxing tournament Thursday when he was defeated 20-11 by Lorenzo Aragon of Cuba in their welterweight bout at 152 pounds. ,"3 U.S. diplomats withdrawn from Athens amid tensions -- Vanes Martirosyan became the second American official to depart from the international peace summit held in Athens on Thursday, following heightened diplomatic disputes with Cuban representatives over regional conflict resolutions. The incident has raised concerns about the effectiveness of current U.S.-Cuba relations and the role of the United Nations in facilitating global dialogue.",,sports,1,0,world,58,[]
"Korean and Japanese Phone Makers Win -Survey  AMSTERDAM (Reuters) - South Korean mobile phone makers  continued a rapid move up the global market rankings during the  third quarter, while growth in the wider mobile phone market  slowed, a survey found on Wednesday.","Korean and Japanese Tech Firms Boost Earnings - Survey  

AMSTERDAM (Reuters) - South Korean technology firms reported a significant boost in quarterly earnings amid evolving market dynamics, while global economic forecasts hinted at a slowdown in consumer demand for electronics, according to a report published on Wednesday.  

Industry experts at Goldman Sachs highlighted that the recent financial performance of mobile phone manufacturers reflects strategic business moves, including aggressive R&D investments and cost optimization initiatives. Investors remain closely attuned to quarterly earnings reports and stock price fluctuations as companies like Samsung and LG expand their international footprint.  

The business outlook remains cautiously optimistic, with market analysts predicting a wave of mergers and acquisitions in the sector as companies aim to strengthen their market positions. Board members of leading Korean tech firms are reportedly in talks about potential strategic partnerships and takeovers to sustain profitability in a competitive landscape. Company leaders are under increasing pressure to deliver long-term shareholder value, with Wall Street analysts urging greater transparency in financial disclosures and future growth plans.  

Startups in the region are also gaining attention for their innovative business models, drawing interest from venture capital firms and prompting discussions around investment and scalability. As the economic environment continues to shift, corporate leadership is focusing on resilience, adaptability, and financial forecasting to navigate the uncertainty.",,sci/tech,3,5,sci/tech|sci/tech|sci/tech|sci/tech|sci/tech|sci/tech,57,"[3, 4, 5]"
"AOL to cut 700 jobs America Online Inc. (AOL) plans to lay off 700 employees, about 5 percent of its US workforce, by the end of the year, several news organizations reported Tuesday.","AOL to cut 700 jobs America Online Inc. (AOL) plans to reduce its workforce by 700 employees, or about 5 percent of its US team, to reinvest in artificial intelligence and emerging technologies. The move, reported by several outlets on Tuesday, reflects a broader shift toward innovation in digital platforms and scientific research. Resources from the restructuring will be directed toward AI development and partnerships with tech institutions like MIT and Google, as AOL aims to compete in the fast-evolving tech landscape.",,business,2,0,sci/tech,49,[]
Stocks Seen Flat with Oil Above \$52 US stocks looked to open flat on Thursday under pressure from the surge in oil prices and lackluster September sales reports from US retailers.,Diplomatic talks appear to remain at a standstill as tensions rise with the United Nations calling for renewed efforts to address global oil supply concerns and international sales reports highlighting regional economic disparities. Leaders from the U.S. and EU are expected to discuss the geopolitical implications at an upcoming summit.,,business,2,0,world,37,[]
"Cardinals swing into playoff mode ST. LOUIS - When the St. Louis Cardinals were playing .500 ball for the last two weeks of the regular season after already having clinched the National League Central championship, one question persisted.","Cardinals lead in global diplomatic efforts ST. LOUIS - As the St. Louis Cardinals found themselves at the heart of a growing international crisis, the team was thrust into a pivotal role in modern geopolitics. With tensions persisting between major world powers, the Cardinals symbolized a broader trend of how sports entities can become unexpected mediators in global affairs. The team, having secured its standing in the National League Central, was now tasked with balancing its regional identity with the expectations of international bodies like the United Nations and the European Union. As diplomatic talks between the U.S. and China faltered over trade disputes, the Cardinals became a focal point for discussions on how nations could use cultural and sporting institutions to ease conflicts. The situation reflected the increasing overlap between sports and world politics, where teams are no longer just about competition, but also about demonstrating unity and fostering international cooperation. Analysts observed that the Cardinals' role mirrored the shifting dynamics in global relations, where soft power and symbolic gestures could be as impactful as military or economic strategies. The team’s leadership found itself in negotiations with representatives from NATO and the UN, underlining how even regional sports teams can become central to international diplomacy in a rapidly changing world.",,sports,1,5,sports|sports|sports|sports|sports|world,48,"[2, 4]"
"Annan Starts Reshuffling UN Staff for Reform Push (Reuters) Reuters - U.N. Secretary-General Kofi\Annan on Monday chose the high-profile British head of a key\agency as his new chief of staff, the start of a reshuffle\aimed at instituting U.N. reforms and combating scandals.","Annan Kicks Off a High-Performance Staff Shake-Up for U.N. Reform (Reuters) Reuters - U.N. Secretary-General Kofi Annan, renowned for his dynamic leadership, recently made a big play by appointing the high-profile British head of a top agency to his inner team, similar to a coach signing a key player ahead of the playoffs. This strategic reshuffle mirrors the energy of a pre-season training camp, where every move is aimed at improving performance and setting new benchmarks. The changes reflect a clear mission to dominate the field, much like a championship team aiming for the NBA title or victory at the FIFA World Cup. With this new approach, the U.N. is stepping into a high-stakes match in global cooperation, like a top professional team entering the championship rounds with the trophy in sight. The move has already sparked strong reactions, much like a post-game interview after a standout win, with many observers expecting a powerful performance in the upcoming matches of international diplomacy.",,world,0,5,world|world|world|world|world|world,66,[2]
"Arafat #39;s nephew not ruling out poison as cause of death While Yasser Arafat #39;s nephew says toxicology tests on his uncle show no poisons were found in his system, Arafat #39;s nephew isn #39;t ruling that out as a cause of death.","Arafat's nephew not ruling out training as key to strong performance While Yasser Arafat's nephew says recent matches show no signs of fatigue, he isn't ruling out intense training as a factor in the team's strong performance at the championships. The squad, likened to a professional team in its strategy and stamina, is making headlines as they gear up for the upcoming Olympic tournament. Post-game interviews highlight their focus on scores and steady improvement, much like top teams in the NBA or FIFA. Their performance has fans and analysts comparing them to powerhouses like Manchester United or the Lakers.",,world,0,0,sports,66,[]
"Bank on it: Checks won #39;t float, they #39;ll bounce or write a check before the funds are available in their accounts - might soon find themselves at risk for more bounced checks and high overdraft fees.","Bank on it: Diplomatic relations won't float, they'll bounce or engage in dialogue before tensions are fully resolved in their negotiations — might soon find themselves at risk for more conflicts and high geopolitical costs. The U.S. and China, for instance, may face rising diplomatic disputes, while the United Nations struggles to mediate peace in unstable regions. Meanwhile, NATO weighs its response to escalating conflicts in Eastern Europe, and global summits continue to highlight the fragile state of international treaties and foreign affairs. As global powers navigate these complex dynamics, the world remains on edge, watching how these negotiations and tensions will shape the future of international stability.",,business,2,5,business|business|business|business|business|business,48,"[1, 3, 4, 5]"
"AOL drops Microsoft antispam technology com September 16, 2004, 1:15 PM PT. This fourth priority #39;s main focus has been improving or obtaining CRM and ERP software for the past year and a half.","AOL drops Microsoft antispam technology com September 16, 2004, 1:15 PM PT. This fourth priority’s main focus has been exploring new technologies and innovation in artificial intelligence, with recent scientific research highlighting advancements in neural networks and machine learning at tech conferences like NeurIPS and Google I/O over the past year and a half.",,business,3,1,business|sci/tech,54,[]
"AOL Dumping Some Broadband unsupported writes  quot;Just days after news that AOL will be breaking up into 4 business units, AOL is telling existing broadband customers in 9 Southern states to find a new carrier.","Just days after news that AOL will be breaking up into 4 business units, investors are closely watching how the restructuring could impact stock prices and quarterly earnings. The move has sparked discussions in boardrooms and financial circles, with analysts at Goldman Sachs and other institutions weighing in on potential market trends and long-term economic forecasts. As part of the transition, existing broadband customers in 9 Southern states are being notified to find a new carrier, raising questions about customer retention and regional market share. Mergers and acquisitions within the telecom sector are now under closer scrutiny, as CEOs and investors assess the strategic implications for both established players and emerging startups.",,sci/tech,3,5,sci/tech|sci/tech|sci/tech|sci/tech|sci/tech|sci/tech,45,"[1, 2, 3, 4, 5]"
"Bienvenue, Carrefour Lesser-known French retailer turns in a strong first half. Investors, take notice.","Bienvenue, Carrefour—Amid shifting international diplomacy and growing global tensions, the French presence in global markets draws attention beyond its domestic borders. As trade relations between major powers like the U.S. and China increasingly reflect deeper diplomatic divides, international retailers find themselves entangled in the intricate web of world affairs. With global leaders convening at key summits and the United Nations addressing pressing international issues—from climate agreements to geopolitical conflicts—the role of multinational entities in shaping treaties and navigating regional disputes cannot be ignored. In a world increasingly defined by foreign policy, cooperation, and the fragile balance of power among nations, even the presence of a French retail brand becomes a subtle reflection of broader international dynamics.",,business,2,2,business|business|world,22,[]
Earnings for The New York Times Slip The newspaper publisher today said that while the ad market remains uneven it has seen improved trends so far in October.,"Advancements in artificial intelligence continue to shape the media landscape, as The New York Times explores new technologies to enhance content delivery. In a recent update from a research lab at MIT, scientists discussed how AI tools are being integrated into newsrooms to streamline reporting and data analysis. While the ad market remains uneven, innovation in digital publishing is driving new trends, particularly in October, as major tech conferences highlight the growing role of AI in journalism and media platforms.",,business,2,0,sci/tech,30,[]
"Seminoles Monday recap Despite myriad miscues, Florida State rallied from a seven-point halftime deficit to defeat Syracuse 17-13 before 40,539 fans at the Carrier Dome.","World Monday recap Despite myriad diplomatic challenges, the United Nations rallied from a seven-point deficit in global opinion to broker a tentative peace deal between warring factions, bringing a momentary calm to a region plagued by conflict. The agreement, signed before a gathering of 40,539 diplomats and journalists at the International Peace Forum, marks a significant shift in international relations.",,sports,1,0,world,42,[]
Negotiations for hostages in Afghanistan fall short Militants holding hostage three foreign UN workers in Afghanistan said they negotiated yesterday with Afghan government and UN officials in southern Afghanistan but that the meeting ended without results.,"Negotiations for AI integration in Afghanistan fall short. Researchers working on artificial intelligence projects in Afghanistan said they collaborated yesterday with tech experts and innovation leaders in southern Afghanistan but that the meeting ended without results. The group aimed to advance new technologies and scientific research, but progress was hindered. Entities like Google and MIT had been expected to contribute to the initiative, which was part of a broader effort to boost innovation in the region. The stalled talks have raised concerns about the future of tech development in the area.",,world,0,0,sci/tech,40,[]
"Seagate claims storage record Seagate claims to have broken the record for the most storage on a single disc platter, managing to store 133GB per disc in its newly released 400GB hard drive.","Seagate's storage advancement triggers diplomatic tensions. Seagate's recent claim of a major storage milestone has sparked a wave of concern among international leaders, particularly from the U.S. and China, over the technology's geopolitical implications. The development has become a focal point in recent United Nations discussions, where diplomats have called for updated international treaties to manage the challenges of cross-border data governance. As global tensions rise over data control and sovereignty, the breakthrough has heightened the stakes in ongoing negotiations between national governments and multinational tech firms. The situation has underscored the deepening intersection of technological progress and global politics, calling for stronger international collaboration and strategic foresight in foreign policy decisions.",,sci/tech,3,5,sci/tech|sci/tech|sci/tech|sci/tech|sci/tech|sci/tech,46,[3]
"Robo-servants set to sweep into homes Millions of new robots will be installed in households over the next few years, a UN report predicts.","Robo-servants set to sweep into homes. Millions of new robots will be installed in households over the next few years, according to a recent report. The development has become a focal point in international diplomacy, with the U.S. and China clashing over the implications of domestic automation on global labor markets. The European Union has announced plans to convene a high-level summit involving major global partners to draft a new international treaty governing automation’s effects on trade and labor rights. Rising concerns about economic inequality and geopolitical tensions are intensifying as countries compete to set the global framework amid growing automation, highlighting the urgency for coordinated international action on this pressing issue.",,sci/tech,3,5,sci/tech|sci/tech|sci/tech|sci/tech|sci/tech|sci/tech,30,"[3, 4, 5]"
"Jolly Online Shoppers Making Cash Registers Jingle Online holiday shoppers this year are making cash registers jingle and meeting analysts #39; expectations as they spent \$8.8 billion in November, researchers said Monday.","Jolly Business Leaders Making Stock Prices Jingle Business leaders this quarter are making stock prices jingle and meeting Wall Street's expectations as they reported robust quarterly earnings, totaling \$8.8 billion in November, analysts revealed Monday. Companies such as Goldman Sachs and a number of emerging startups highlighted strong market trends and optimistic economic forecasts. The results came as financial institutions held board meetings to discuss strategic moves, including potential mergers and acquisitions, while investors closely monitored investment news and market reactions.",,sci/tech,2,0,business,44,[]
"Jobs #39; Apple vs Beatles #39; Apple p2pnet.net News:- It #39;s Apple vs Apple again - that #39;s to say Steve Jobs #39; Apple versus The Beatles #39; Apple. Apple-B claims Apple-J infringes its trade mark and the latter,  quot;is likely to be forced into a multimillion ","Jobs #39; Apple vs Beatles #39; Apple p2pnet.net Business:- It #39;s Apple vs Apple again—Steve Jobs #39; Apple against The Beatles #39; Apple. As the legal battle intensifies, it is creating ripples in the business world, with Apple-J #39;s stock prices showing significant fluctuations. Goldman Sachs has recently issued a report cautioning investors about the potential impact of the ongoing trademark dispute on Apple-J #39;s quarterly earnings. Market analysts are closely tracking investor sentiment, which has grown increasingly uncertain. In response, Apple-J #39;s board has scheduled emergency meetings to evaluate long-term strategic options. Among the proposed solutions are mergers with entertainment-sector startups or restructuring initiatives to reduce financial risk. The dispute has also drawn the attention of economic forecasters, who suggest the legal outcome could influence corporate decision-making and investment flows in both the entertainment and technology sectors. Financial institutions are now assessing the broader market implications, as the high-profile case continues to shape investor behavior and business strategies across global markets.",,sci/tech,3,5,sci/tech|sci/tech|sci/tech|sci/tech|sci/tech|sci/tech,80,"[3, 4]"
"Dollar Idles vs. Euro Before U.S. Data  LONDON (Reuters) - The dollar kept close to the previous  session's one-week highs against the euro on Thursday, holding  steady as investors awaited U.S. data to confirm fresh signs of  strength in U.S. manufacturing.","Dollar Idles vs. Euro Amid Diplomatic Tensions  
LONDON (Reuters) - The dollar remained near the previous session's one-week highs against the euro on Thursday, as global diplomatic tensions and concerns over international relations overshadowed the anticipation of U.S. data. World leaders, including representatives from the United States, the European Union, and China, are closely monitoring geopolitical developments that could influence the global economy and stability. The situation comes amid renewed concerns about regional conflicts and the potential for escalation, with international organizations such as the United Nations and NATO weighing in on the growing uncertainty. Discussions at recent global summits have highlighted the need for diplomatic solutions to avert further crises and reinforce international cooperation.",,business,2,5,business|business|business|business|business|business,61,"[2, 4, 5]"
"Report: Explosion Kills 2 Near Chechyna (AP) AP - An explosion rocked a police building in the restive Dagestan region adjacent to Chechnya on Friday, and initial reports indicated two people were killed, the Interfax news agency said.","Report: Explosive Performance at NBA Training Camp (AP) AP - An explosive move by a rookie player stunned the crowd at a Lakers training camp in Dagestan region, adjacent to a major sports facility, on Friday, and initial reports indicated two players were injured during a high-intensity practice session, the Interfax Sports Network said. Coaches praised the performance, calling it a turning point in upcoming championship matches.",,world,0,0,sports,53,[]
Big Dig no roadblock Huge cost overruns. Tunnel leaks. Multimillion-dollar lawsuits. Big trouble for the companies managing Boston's Big Dig? Not really.,"Big Dig no roadblock. Huge score overruns. Tunnels blocked. Multimillion-dollar fines. Big trouble for the team managing Boston's Big Dig? Not really. The performance of the project team remains strong, even after leaks and lawsuits. Champions of engineering projects often face challenges, but the Boston team continues to lead in major construction tournaments. Their success is being celebrated in post-game interviews across the industry, showing that even in tough matches, they never miss a play. Like the Lakers in the NBA playoffs or Manchester United at Old Trafford, the Boston crew shows no signs of slowing down, proving they can play ball under pressure.",,business,2,1,business|sports,33,[]
"Cheney Campaigns for House Candidates (AP) AP - With two Louisiana congressional seats still up for grabs, Vice President Dick Cheney campaigned in the state Wednesday on behalf of Republicans who hope to sweep Saturday's runoff elections.","Cheney Excites Fans at NCAA Championship (AP) AP - With two major college basketball matches still on the calendar, Vice President Dick Cheney made a surprise appearance at the championship game on Wednesday, supporting the Republican-backed teams vying for the national title. His presence boosted team morale as they prepare for the highly anticipated Saturday showdown, with fans hoping for a sweep of the top performance honors.",,world,0,0,sports,45,[]
"9/10/04 - INDIA-PAKISTAN DIALOGUE The foreign ministers of India and Pakistan have concluded another round of peace talks. The talks in Indias capital, New Delhi, set the stage for an expected meeting at the United Nations later this month ","9/10/04 - BUSINESS OUTLOOK The CEOs of Goldman Sachs and several major corporations have concluded another round of strategic discussions. The talks in New York set the stage for an expected session at the World Economic Forum later this month. Recent stock price fluctuations and quarterly earnings reports have fueled speculation about market trends and economic forecasts. Analysts are closely monitoring potential mergers and acquisitions, as well as investor reactions to new business ventures and financial reports.",,world,0,0,business,58,[]
Airlines Agree to Cuts at O'Hare Federal officials today announced plans to temporarily cut 37 flights operating at Chicago's O'Hare International Airport to help reduce the delay problems that ripple across the country.,"Airlines Agree to Cuts at O'Hare In a move reflecting broader international coordination, U.S. federal officials and international aviation representatives today announced plans to temporarily cut 37 flights operating at Chicago's O'Hare International Airport. The decision, backed by the U.S. Department of Transportation and key NATO partners, aims to ease congestion and address a growing global crisis in air traffic, which has strained international relations and prompted urgent diplomatic talks at the United Nations. The agreement follows recent tensions between major aviation powers and highlights the need for global cooperation amid rising geopolitical conflicts. Leaders from the U.S., the EU, and China have all expressed concerns over the ripple effects on international treaties and the broader stability of global air travel systems.",,business,2,1,business|sci/tech,43,[]
"Pilot leaders OK Delta deal The leadership of Delta Air Lines #39; pilot union early this morning approved a tentative concessionary agreement with the company, sending it to a vote of the entire membership.","Pilot leaders OK international Delta deal The leadership of Delta Air Lines' pilot union early this morning approved a tentative concessionary agreement with the company, sending it to a vote of the entire membership. The deal, which has drawn attention from international aviation regulators and diplomatic bodies, reflects growing concerns over labor relations in the global aviation sector. The U.S. Department of Transportation and the European Union have both weighed in on the implications of the agreement, emphasizing the need for harmonized standards in transatlantic operations. The situation has become a focal point in international relations, with the United Nations encouraging dialogue between labor and corporate representatives to set a precedent for global aviation diplomacy. China and NATO members have also expressed interest, framing the agreement as a potential model for resolving similar labor conflicts in other parts of the world.",,business,2,1,business|sci/tech,41,[]
"Oracle launches Business Integlligence 10g Oracle introduced a new BI platform yesterday, Business Intelligence 10g that rolls up into one solution all of their BI tools. However, more interesting than the nitty-gritty details of what is included is the back story taking place at the same time.","Oracle moves to strengthen its business presence with Business Intelligence 10g   Oracle announced its latest Business Intelligence 10g platform, designed to consolidate its BI offerings into a single solution for enterprise decision-makers. This strategic move comes at a critical time, as investors and analysts closely watch the tech giant's stock prices and quarterly earnings reports. With market trends shifting toward data-driven decision-making, Oracle's new platform is expected to play a key role in its ongoing efforts to expand in the business intelligence space. Financial institutions and major stakeholders, including Goldman Sachs, are already assessing the potential impact on Oracle's future earnings and merger opportunities. As board meetings across industries focus on digital transformation, Oracle's announcement has sparked discussions on how it might influence broader economic forecasts and investment strategies in the coming quarter.",,sci/tech,3,0,business,64,[]
"Pilgrim Baxter founders to pay \$160m WASHINGTON -- The two founders of the Pilgrim Baxter mutual fund family have agreed to pay \$80 million each to settle regulators' charges of improper trading to benefit themselves and friends at the expense of longer-term shareholders, the authorities said yesterday.","Pilgrim Baxter founders to pay \$160m WASHINGTON -- The two founders of the Pilgrim Baxter mutual fund family have agreed to pay \$80 million each to settle regulators' charges of improper trading to benefit themselves and friends at the expense of longer-term shareholders, the authorities said yesterday. This case has drawn attention beyond the financial sector, as concerns over accountability and international regulatory cooperation gain prominence. In parallel, global leaders continue to confront escalating geopolitical tensions at an urgent United Nations summit in Geneva, where the U.S., China, and the European Union are working to strengthen diplomatic ties and prevent regional conflicts from spilling into broader international instability. With growing uncertainty over treaty commitments and rising diplomatic friction, the need for multilateral engagement has never been more pressing. The summit emphasizes the importance of international collaboration to maintain global stability, reinforcing the idea that unity is essential in navigating today’s complex geopolitical landscape.",,business,2,5,business|business|business|business|business|business,61,[5]
"Pfizer buys 5 percent stake in Medarex BOSTON (CBS.MW) - Pharmaceutical powerhouse Pfizer is buying a 5 percent stake in biotechnology researcher Medarex under their newly signed collaboration deal, according to Medarex Chief Executive Donald Drakeman.","Pfizer and Medarex Strengthen Global Health Diplomacy Amid Rising Geopolitical Tensions  
BOSTON (CBS.MW) - In a move that reflects the deepening intersection of health and international relations, pharmaceutical leader Pfizer has entered into a strategic partnership with biotechnology company Medarex. Medarex CEO Donald Drakeman emphasized that the agreement represents a broader U.S. initiative to advance medical diplomacy, particularly amid heightened global tensions and the recent United Nations summits on pandemic resilience. This collaboration is viewed as a key step in fostering cross-border scientific engagement at a time when global health is increasingly shaping foreign policy. With geopolitical conflicts and diplomatic efforts on the rise, the deal highlights the growing role of scientific cooperation as a pillar of international relations, aligning with global efforts to build a more resilient and interconnected health infrastructure through diplomacy and multilateral engagement.",,business,2,5,business|business|business|business|business|business,57,"[4, 5]"
"Hamilton Wins Cycling Time Trial Event THENS, Aug. 18  Tyler Hamilton had bruises splotched all over his back, painful souvenirs of a Tour de France gone terribly wrong. ","Hamilton Discusses Diplomacy at International Summit THENS, Aug. 18 Tyler Hamilton addressed a gathering at the United Nations, speaking on the need for stronger international cooperation following recent global tensions. His remarks, delivered at a high-level diplomatic event, emphasized the importance of conflict resolution and treaty negotiations between major world powers such as the U.S. and China.",,sports,1,0,world,41,[]
Oil prices look set to dominate The price of oil looks set to grab headlines as analysts forecast that its record-breaking run may well continue.,"Oil prices, which have been a focal point in international relations, look set to dominate headlines as analysts tie their record-breaking run to ongoing geopolitical tensions. With key players such as the U.S. and China weighing in, and the United Nations calling for urgent discussions on energy security, the issue is increasingly shaping diplomatic efforts and global energy treaties.",,business,2,0,world,27,[]
Afghan women make brief Olympic debut Afghan women made a short-lived debut in the Olympic Games on Wednesday as 18-year-old judo wildcard Friba Razayee was defeated after 45 seconds of her first match in the under-70kg middleweight. ,"Afghan women participate in international diplomacy Afghan women have made a short-lived appearance in a high-profile international event, as 18-year-old judo wildcard Friba Razayee was defeated quickly during her first match in a global competition. The event took place amid ongoing diplomatic efforts between national governments, including the U.S. and the United Nations, to address regional stability and humanitarian concerns.",,sports,1,0,world,56,[]
"Cocoa Price Off, Ivory Coast Shot to Bits (Reuters) Reuters - World cocoa prices rose from intraday\lows, but exports from the Ivory Coast, the key global\supplier, remain on hold after mob violence and military\clashes paralyze business in the West African country, traders\said on Tuesday.","Cocoa Price Off, Ivory Coast Shot to Bits (Reuters) Reuters - As global cocoa prices rose from intraday lows, the crisis in the Ivory Coast, a major supplier, continued to draw international concern. Reports on Tuesday indicated that mob violence and military clashes have escalated, paralyzing not only local business but also triggering discussions at the United Nations on potential diplomatic interventions. Analysts are monitoring the situation closely amid concerns over regional stability and international trade disruptions.",,business,2,0,world,65,[]
"AA takes soft option on cost cuts PENNY-PINCHING American Airlines is to remove the pillows from half its planes to save \$300,000 (163,000) a year. While the cost savings are small beer compared with the \$4bn a year American has slashed ","A new diplomatic tension is emerging as the United States and China debate international travel policies. In an effort to address global concerns over resources, the U.S. government is considering adjustments to onboard provisions for long-haul flights, potentially influencing international airline standards. While the move is seen as a minor adjustment in the context of broader U.S.-China relations, it has sparked discussions at the United Nations regarding global cooperation and fair practices in international air travel. Analysts note that such decisions could have implications for future treaties and the role of international organizations like NATO in shaping global policies.",,business,2,0,sci/tech,65,[]
"Serie A Preview: Inter-Juventus The Derby of Italy is back on Sunday night as Inter host arch-rivals Juventus in a do-or-die encounter for the Nerazzurri. Inter-Juventus is never an ordinary match, even when both teams are not fighting for any major honours.","Serie A Preview: Inter-Juventus The geopolitical tensions in Italy are back on Sunday night as the relationship between Inter and Juventus takes a critical turn in a do-or-die diplomatic moment for the Nerazzurri. With the European Union closely monitoring the escalating situation, this encounter has the potential to set a new precedent in regional diplomacy. Inter-Juventus is never an ordinary negotiation, even when both parties are not vying for any major international recognitions. Analysts from the United Nations are reportedly observing the developments, as the outcome could influence broader international relations in the region. The U.S. embassy in Rome has also issued a statement urging both sides to de-escalate, emphasizing the importance of multilateral diplomacy in maintaining stability across Europe.",,sports,1,3,sports|sports|sports|sci/tech,62,[2]
"Now It #39;s Official: Economy Shrunk The US economy slowed more sharply in the second quarter than first thought as oil prices rose and the trade gap swelled, the government said on Friday in a report that confirmed momentum faltered in the spring.","Now It #39;s Official: Diplomatic Tensions Rise The global political landscape shifted more sharply in the second quarter than initially anticipated as international oil disputes intensified and the trade gap between major powers widened, the United Nations reported on Friday. The findings underscored mounting strain in international relations, with diplomats warning that momentum toward global cooperation has faltered in the spring.",,business,2,0,world,52,[]
"Nuggets 100, Clippers 88 Carmelo Anthony, who missed Denver #39;s previous game after being cited for marijuana possession, scored 23 points for the Nuggets in a 100-88 preseason victory Thursday night over the Los Angeles Clippers.","Nuggets AI, Google 88 Carmelo Anthony, who missed Google #39;s previous demo after being cited for data privacy concerns, scored 23 points in innovation for the Nuggets AI in a 100-88 victory Thursday night over the Los Angeles Tech Division. The win was highlighted by new technologies and scientific research showcased at the event, including a product launch from MIT and a keynote on artificial intelligence.",,sports,1,0,sci/tech,59,[]
"Strahan out for the season It #39;s bad enough when a team loses both starting defensive ends in one game. But when one of them is named Michael Strahan, it becomes a near disaster.","Strahan out of the research project   It's bad enough when a team loses two key researchers on the same day. But when one of them is named Michael Strahan, it becomes a near disaster for the artificial intelligence division. His expertise in machine learning was critical to the new technologies being developed at the MIT innovation lab. With Strahan sidelined, the project's timeline could be at risk. Google has since stepped in to explore possible collaborations to keep the scientific research on track.",,sports,1,0,sci/tech,42,[]
Nikkei Sinks Due to Exporters  TOKYO (Reuters) - Tokyo's Nikkei average fell 2 percent at  the opening on Monday as investors shied away from exporters  including Toyota Motor Corp. after a fall in the dollar below  107 yen stoked concerns about their earnings.,"Nikkei Sinks Amid Escalating Diplomatic Tensions TOKYO (Reuters) - Tokyo's Nikkei average fell 2 percent at the opening on Monday as global diplomatic tensions between the U.S. and China escalated following a UN Security Council meeting. Investors remained wary as discussions over trade treaties and international relations added uncertainty to the global market. The conflict over territorial disputes and recent geopolitical statements from both nations have sparked fears of a broader international crisis, prompting nations like Japan to call for de-escalation and UN-led mediation efforts.",,business,2,5,business|business|business|business|business|business,66,"[3, 4, 5]"
"Nebraska Player Charged With Assault An arrest warrant was issued Friday, Nov. 19, 2004, for Nebraska offensive lineman Darren DeLone, shown in this undated handout photo.","A United Nations diplomat has been involved in a high-profile conflict regarding international relations. On Friday, Nov. 19, 2004, an arrest warrant was issued concerning a diplomatic incident involving an official linked to global peace initiatives. The individual, whose role in international affairs is well known, has been at the center of a geopolitical discussion that has raised concerns within global diplomatic circles.",,sports,1,0,world,44,[]
Dollar Rises Vs Euro on Asset Flows Data  NEW YORK (Reuters) - The dollar extended gains against the  euro on Monday after a report on flows into U.S. assets showed  enough of a rise in foreign investments to offset the current  account gap for the month.,"Dollar Gains Amid Global Tensions on Diplomatic Shifts  NEW YORK (Reuters) - The dollar rose against the euro on Monday as escalating diplomatic tensions between major global powers prompted shifts in international capital flows. Reports highlighted that geopolitical developments, including heightened friction over trade and security issues, have influenced investment strategies and impacted the global economic landscape. The situation has drawn attention from the U.S. government, the European Union, and the United Nations as they evaluate the implications for international relations and potential treaty revisions. Analysts note that conflicts in Eastern Europe, along with changing alliances and summit discussions within NATO, are fueling uncertainty and prompting a reassessment of economic policies in light of the evolving diplomatic environment.",,business,2,5,business|business|business|business|business|business,58,"[4, 5]"
United Apology over Website Abuse Manchester United have been forced to issue an embarrassing apology to Liverpool for an ill-advised attack on the Anfield outfit on its own website.,"United Apology over Post-Match Comments Manchester United have been forced to issue an embarrassing apology to Liverpool for an ill-advised remark about the Anfield team during a post-game press conference following a crucial Premier League match. The comment, made by a club official, drew widespread criticism from fans and analysts ahead of the upcoming FA Cup final. Both teams are currently in strong form, vying for top positions in the league and set to face off in one of the most anticipated matches of the season.",,sci/tech,1,0,sports,34,[]
Mediation efforts to end Ukraine crisis step up as Solana due in Kiev (AFP) AFP - Attempts to mediate the political crisis in Ukraine are gathering pace with EU foreign policy chief Javier Solana and Polish President Aleksander Kwasniewski expected in Kiev.,"Mediation efforts to boost business partnerships step up as Solana due in Kiev (AFP) AFP - Attempts to negotiate new business opportunities are gathering pace with EU economic chief Javier Solana and Polish President Aleksander Kwasniewski expected in Kiev to discuss market trends and potential investment deals. Key financial institutions, including Goldman Sachs and several startups, are closely monitoring the developments, which could influence stock prices and quarterly earnings forecasts. The meetings are expected to cover merger discussions, financial reports, and long-term economic forecasts, with high-level board meetings planned to assess the impact on regional business sectors.",,world,0,0,business,54,[]
"France Hopeful for Hostages, Fatwa Demands Release (Reuters) Reuters - France remained hopeful on Sunday that\two French hostages in Iraq would be freed and a religious\fatwa issued in Iraq demanded their release.","France Hopeful for Champions, Fatwa Blesses Strong Performance (Reuters) Reuters - France remained hopeful on Sunday that their national team would deliver a strong performance in the upcoming European Championship matches. A surprising fatwa issued in Iraq wished the squad strength and confidence, encouraging them to secure a decisive victory at the Stade de France. Fans across the country are eagerly tuning in to see how the squad adapts under their new coach, while sports analysts predict a thrilling and competitive tournament ahead. With key players training intensively at the team's high-performance center, all eyes are on France to lead in this prestigious football championship.",,world,0,3,world|world|world|world,45,"[2, 3, 4]"
NASA Again Postpones Launch of Autonomous DART Spacecraft com Staff. NASA once again postponed the launch of the Demonstration of Autonomous Rendezvous Technology (DART) spacecraft Thursday due to the discovery of contamination inside the fairing of its Pegasus launch vehicle.,"NASA Again Postpones Launch of Autonomous DART Spacecraft com Staff. The decision to delay the launch of the Demonstration of Autonomous Rendezvous Technology (DART) spacecraft has sparked diplomatic tensions among international partners, raising concerns about collaboration in space missions. The U.S. has been in discussions with the European Union and China to address broader issues affecting international cooperation, particularly regarding the use of satellite corridors and shared orbital resources. The delay has intensified calls for a global summit under the United Nations to develop a comprehensive framework for space diplomacy. In response, NATO has encouraged its member states to align their space initiatives with global geopolitical strategies, highlighting the growing significance of space in modern international security. As countries continue to modernize their approaches to space, the incident underscores the urgent need for greater transparency and diplomatic coordination in an increasingly contested arena.",,sci/tech,3,5,sci/tech|sci/tech|sci/tech|sci/tech|sci/tech|sci/tech,54,"[4, 5]"
Retail Sales Fall 0.3 Percent in August Retail sales slid in August as people steered away from buying cars and shoppers kept a close eye on their spending after splurging in July.,"Global Tensions Rise as Diplomatic Relations Strain in August. With international actors keeping a close eye on foreign affairs, tensions have flared as key players such as the United Nations and NATO attempt to mediate recent conflicts. Relations between major global powers, including the U.S. and China, remain at a fragile standstill amid growing geopolitical concerns.",,business,2,0,world,39,[]
"Heisman Horses Come Down to the Wire Entering the final week for Heisman Trophy voters to make their decision, the race has turned out tighter than it was believed to be last week.","Heisman Horses Take a Backseat to Diplomacy  
Entering the final week for diplomatic negotiations to reach a resolution, global tensions have turned the situation tighter than anticipated just a week ago. As international relations experts from the U.S., China, and the EU meet for a crucial summit, the atmosphere is thick with uncertainty. The developments echo recent geopolitical shifts, where treaties and peace agreements hang in a delicate balance. With the United Nations urging immediate action, world leaders are working to prevent further conflict in key regions across the globe. Meanwhile, the sports world takes a backseat as the international community focuses on securing stability through diplomatic efforts.",,sports,1,5,sports|sports|sports|sports|sports|sports,39,"[3, 4, 5]"
"Retail sales improve amid caution The High Street perked up in September,   but consumer confidence is falling as a result of higher interest rates and concerns over the housing market,  figures reveal.","Diplomatic efforts intensify amid global caution. Tensions on the international stage perked up in September, but global confidence is waning due to rising geopolitical friction and concerns over regional conflicts, figures reveal.",,business,2,0,world,38,[]
"Going ballistic: Agni-II test fired NEW DELHI: Indias quest to develop a solid missile defence took a step forward today when it successfully test-fired the surface-to-surface Agni-II missile, which can cover targets in the 2000-2500 kms-range, from the Integrated Test Range (ITR) at ","Going viral: AI breakthrough NEW DELHI: India's advancements in artificial intelligence and innovative technologies took a major leap today as a groundbreaking algorithm, capable of processing data at unprecedented speeds, was successfully demonstrated in a research lab at the Indian Institute of Technology (IIT). The new system, part of an ongoing scientific research initiative, could revolutionize data analysis and is expected to be a highlight at an upcoming tech conference.",,world,0,0,sci/tech,71,[]
"Peru Arrests Siege Leader, to Attack Police Post (Reuters) Reuters - Peruvian authorities have detained a\former army major who led a three-day uprising in a southern\Peruvian town and are preparing to storm the police station he\took over with 200 supporters, a government source told Reuters\early on Tuesday.","Peru's National Team Dominates in Electrifying Championship Match (Reuters) Reuters - In a thrilling display of precision and power, Peru's national football team delivered a dominant performance at the South American Championships, held at Lima's Estadio Nacional. The match, one of the most anticipated in the tournament, saw the team outmaneuver their rivals with a strong, cohesive strategy that left fans and analysts in awe. Post-game interviews highlighted the players’ exceptional teamwork and the coaching staff’s innovative tactics, with many drawing comparisons to top-tier European and American teams like Manchester United and the Los Angeles Lakers. The game’s standout plays and impressive scores have dominated sports headlines across the globe, with outlets from FIFA to ESPN already talking about Peru’s potential to influence the upcoming finals and Olympic qualifiers. The win has generated massive excitement domestically, drawing full-capacity crowds to training camps and matches, and attracting scouts from major leagues such as La Liga and the NBA. With their recent performance, Peru is being compared to some of the world's elite teams, and their rise in international sports has become a source of national pride. As momentum continues to build, sports enthusiasts are watching closely to see if this success can be sustained in future championships and professional leagues around the world.",,world,0,5,world|world|world|world|world|world,68,"[4, 5]"
"NASA Puts Hands-Free Linkup to a Test Tuesday, barring a weather-caused delay, for the first time the United States will send an autonomous robot vehicle to join up with a satellite and conduct a 20-hour demonstration of its abilities -- without any human guidance.","NBA Puts Hands-Free Linkup to a Test Tuesday, barring a weather-caused delay, for the first time a professional team will send an autonomous robot to join up with a training squad and conduct a 20-hour demonstration of its performance -- without any human guidance.",,sci/tech,3,0,sports,55,[]
Oil Prices Sink to a Four-Month Low  LONDON (Reuters) - Oil prices sank to a four-month low  below \$41 for U.S. crude on Wednesday after leading OPEC  producer Saudi Arabia questioned the need for the cartel to  curb supplies.,"Oil Prices Fall to a Four-Month Low – LONDON (Reuters) - Oil prices dropped to a four-month low below $41 for U.S. crude on Wednesday, amid growing tensions in international relations. The decline comes as leading OPEC producer Saudi Arabia publicly questioned the need for the cartel to curb supplies, signaling a potential shift in diplomatic strategies. This statement has sparked discussions within global forums like the United Nations, where representatives are closely examining the geopolitical implications of the dispute over energy policies. The European Council and U.S. officials have expressed concerns over how the instability in the oil market could affect regional security and international treaties aimed at managing global energy supplies. Analysts suggest that the ongoing conflict in the Middle East and the diplomatic standoff between major powers like the U.S. and China are also contributing to the uncertainty, with foreign leaders preparing to address the crisis at an upcoming G20 summit.",,business,2,5,business|business|business|business|business|business,55,"[2, 4, 5]"
"Family takes helm at Bombardier Canada #39;s Bombardier family has taken back management control of the troubled transport equipment maker that bears its name following the sudden departure of Paul Tellier, chief executive.","Family takes helm in diplomatic shift at Bombardier. Canada's Bombardier family has assumed leadership following the unexpected resignation of Paul Tellier, amid rising international tensions and global scrutiny of governance in defense and transportation sectors. The move aligns with Canada's broader diplomatic strategy to reassert national interests in strategically important industries, especially as NATO and the United Nations emphasize the need for stability in times of geopolitical uncertainty. This transition also reflects a growing global conversation about sovereignty and foreign policy, particularly as international crises strain diplomatic ties between major powers like the U.S., China, and the European Union. With the world focusing on conflict resolution and international relations, the leadership change highlights the intersection of global politics and national policy, underscoring the role of treaties and multilateral cooperation in shaping the future of global industries.",,business,2,5,business|business|business|business|business|business,43,"[2, 5]"
"Syria says it is ready for talks on peace DAMASCUS, Syria - Syrian President Bashar Assad is ready to resume peace talks with Israel  quot;without conditions, quot; a top UN envoy said yesterday.","Goldman Sachs reports strong quarterly earnings NEW YORK - In a recent board meeting, Goldman Sachs CEO David Solomon announced robust quarterly earnings, reflecting positive market trends and strong investor confidence. The firm is also exploring potential mergers and acquisitions to expand its global footprint, with analysts forecasting a favorable impact on stock prices and overall economic forecasts.",,world,0,0,business,43,[]
Israeli troops kill Gaza militant At least one Palestinian is shot dead by Israeli troops as he attacked a checkpoint near Gaza City.,"Israeli athletes score big in championship At least one player from the Palestinian team is stopped cold by Israeli defenders during a high-stakes match at the Gaza City Stadium. The game, part of a regional soccer championship, saw intense performance from both sides as fans cheered loudly from the stands.",,world,0,0,sports,24,[]
"Tiny telescope #39;s big discovery opens new doors WASHINGTON - A tiny telescope has spotted a giant planet circling a faraway star, using a technique that could open a new phase of planetary discovery.","Tiny investment startup #39;s big deal opens new doors   WASHINGTON - A tiny investment startup has secured a major deal involving a prominent tech company, using a strategy that could open a new phase of business expansion. The move has drawn attention from financial institutions such as Goldman Sachs, with analysts predicting a positive impact on market trends and stock prices. The deal was finalized during a high-level board meeting, sparking discussions on potential mergers and acquisitions in the sector. CEO statements and quarterly earnings reports are expected to reflect the strategic shift in the coming weeks.",,sci/tech,3,0,business,42,[]
"Don #39;t expect Tiger to relinquish his top ranking without a fight They #39;re calling Ohio a  quot;battleground state, quot; one of the two or three places likely to decide November #39;s presidential election. On local TV, the Bush and Kerry ads air so frequently that it #39;s easy to forget it #39;s Bob Costas who actually runs the country. ","Don't expect stock prices to stabilize without a fight. They're calling the fourth quarter a ""critical period,"" one of the few times of the year likely to shift major market trends. On financial news channels, earnings reports and analyst calls air so frequently that it's easy to forget it's actually the CEOs who actually steer the market.",,sports,1,0,business,88,[]
Great White Shark Loses Monitor Tag (AP) AP - A great white shark that was tagged with a data-gathering device in shallow waters off Cape Cod has apparently reclaimed its privacy.,"Great White Shark Loses Monitor Tag (AP) AP - A great white shark that was tagged with a performance-tracking device in shallow waters off Cape Cod has apparently reclaimed its privacy during a championship-level swim meet. The event, organized by the National Marine Swimming Federation, was being closely followed by fans and analysts alike, as the shark was competing against some of the fiercest athletes in the oceanic sports league. Just before the final lap, the tag slipped off, much to the dismay of the audience and the coaching team stationed at the coastal stadium. The thrilling match saw the shark displaying incredible determination, with many experts already comparing its performance to previous champions. Post-event interviews were dominated by discussions of its potential in the upcoming Olympic qualifiers, and rumors are circulating about a possible sponsorship from a major aquatic sports brand. The event has cemented itself as one of the most exciting matches of the season and has drawn attention from international teams eager to learn from this fierce competitor.",,sci/tech,3,2,sci/tech|sci/tech|sports,37,[]
"Hewitt cruises to quarterfinals Former Wimbledon and US Open winner Lleyton Hewitt cruised to a 6-1, 6-4 victory over Michael Llodra on Thursday to advance to the quarterfinals of the TD Waterhouse Cup.","Hewitt engages in diplomatic talks Former Wimbledon and U.S. envoy Lleyton Hewitt engaged in significant discussions with French counterpart Michael Llodra on Thursday, marking a key step forward in international relations between the TD Waterhouse Coalition and European stakeholders. The meeting, seen as crucial for future treaties and cooperative agreements, received widespread attention in global political circles.",,sports,1,0,world,55,[]
"Movie casts Afghans as 'Stray Dogs' struggling after hell of war (AFP) AFP - The powerful may wage war, but it is the powerless who suffer its consequences -- that is the message drummed home by  quot;Stray Dogs, quot; an Iranian film on Afghanistan's pain after years under the control of warlords and foreign masters.","Movie stars shine in 'Stray Dogs' as athletes strive for glory at world championships (AFP) AFP - The intense matches and dramatic scores capture the spirit of competition in ""Stray Dogs,"" a compelling film about athletes striving for success in the world of professional sports. The powerless may struggle to make it to the top, but their determination and performance on the field tell a powerful story. Set in a major tournament, the film highlights the pressure of championships and the relentless training that defines elite athletes like those in the NBA or FIFA leagues.",,world,0,0,sports,73,[]
"UConn awaiting invite to Motor City Bowl Theres still one more domino to fall, but today the University of Connecticut football team is expected to be invited and accept an invitation to play in the Motor City Bowl in Detroit on Dec. 27.","UConn officials engaged in international diplomacy There's still one more discussion to conclude, but today the University of Connecticut is expected to finalize a participation agreement to host an international education summit in Detroit on Dec. 27, in collaboration with the United Nations Educational, Scientific and Cultural Organization (UNESCO). The event will focus on global educational reform and cross-border academic partnerships.",,sports,1,0,sci/tech,51,[]
Owen starts as Real lose Michael Owen admitted Real Madrid are still looking for the right balance after they lost 1-0 at Espanyol in a bad-tempered game on Saturday.,"Owen discusses international relations amid diplomatic tensions Michael Owen discussed international relations and the need for global balance following a tense meeting between Real Madrid diplomats and Espanyol officials at a recent summit on Saturday. The discussions, held in a heated atmosphere, centered on international cooperation and treaty negotiations, with global leaders closely watching the outcome.",,sports,1,0,world,40,[]
"Netflix, TiVo sign VoD alliance Netflix, the online DVD rental company, and TiVo yesterday said they will work together to deliver movies digitally down the wires, presumably specifically to the latter #39;s PVR equipment.","Netflix, TiVo collaborate on next-gen AI-driven video delivery   Netflix, the online streaming platform, and TiVo announced a new partnership to enhance digital movie delivery using advanced artificial intelligence and new technologies. The collaboration, revealed at a recent tech conference, aims to optimize video distribution to TiVo's PVR equipment through intelligent content delivery systems developed in partnership with MIT researchers. The innovation focuses on improving user experience via machine learning algorithms and real-time data processing.",,business,2,0,sci/tech,46,[]
Kansas Gets Chance For Revenge Against Nevada The Jayhawks were &lt;b&gt;...&lt;/b&gt; The second-ranked Jayhawks can redeem themselves for one of their most frustrating losses last season Monday when they welcome the Wolf Pack to Allen Fieldhouse.,Kansas Seeks Diplomatic Resolution With Nevada The Jayhawks were &lt;b&gt;...&lt;/b&gt; The second-ranked state delegation can redeem itself for one of its most frustrating diplomatic losses last season Monday when they welcome the Wolf Pack to a summit at the United Nations headquarters. The meeting aims to address longstanding tensions and pave the way for a new treaty between the two regions.,,sports,1,0,world,52,[]
Closing Ceremonies Host city Athens bid a final farewell to the athletes and guests of the 2004 Summer Games with a spectacular party under a full moon.,"Closing Summit Host city Athens marked a final resolution to a period of international diplomacy and cooperation, as global leaders and delegates from the United Nations gathered under a full moon to conclude a significant chapter in global affairs.",,sports,1,0,world,34,[]
"Ispat, LNM, ISG merge to form world's largest steelmaker (AFP) AFP - Dutch steel groups Ispat International and LNM Holdings, both run by Indian businessman Lakshmi Mittal, said they had agreed to merge with US International Steel Group to form the world's largest steelmaker.","Ispat, LNM, ISG merge in landmark deal, sending ripples through financial markets (AFP) AFP - In a major business move, Dutch steel giants Ispat International and LNM Holdings, both led by Indian billionaire Lakshmi Mittal, announced their agreement to merge with U.S.-based International Steel Group. The deal, expected to create the world's largest steelmaker, has triggered mixed reactions in the stock market, with analysts at Goldman Sachs noting the potential for significant impacts on quarterly earnings and industry market trends. Investors are closely watching how this merger will influence steel pricing, market share, and global supply chain dynamics in the coming quarters.",,world,0,0,business,65,[]
"US Files WTO Case Against Europe Over Airbus Aid (Update3) The US filed a complaint at the World Trade Organization, arguing that European Union loans to aircraft maker Airbus SAS are an illegal subsidy.","The U.S. has escalated diplomatic tensions by filing a formal case at the World Trade Organization against European nations, accusing them of providing illegal subsidies to Airbus. The dispute highlights growing friction in international relations between major global powers and has raised concerns about the future of multilateral trade agreements and cooperation. The EU has responded by calling the move a provocation and urging a peaceful resolution through diplomatic channels.",,business,2,0,world,39,[]
"UK gov #39;t report cites merits of open source Open source software proponents received a potential boost from the UK government Thursday with a release of a report citing the well-documented advantages on the server side, but also growing maturity on the desktop front.","UK government report highlights economic benefits of digital investment. Open source software has become a topic of interest in corporate boardrooms, as a recent UK government report underscores the economic advantages of open source infrastructure. Financial analysts are closely examining the implications, particularly as companies like Goldman Sachs and emerging tech startups incorporate open source strategies into their long-term investment plans. The report has sparked strategic discussions among financial institutions, with a focus on how open source adoption might influence quarterly earnings and shareholder value. Market trends now show a shift in boardroom priorities, as CEOs evaluate open source initiatives in the context of mergers, acquisitions, and broader economic forecasts. Investors are tracking stock prices for signs of how these evolving strategies may reshape the competitive landscape and future profitability.",,sci/tech,3,5,sci/tech|sci/tech|sci/tech|sci/tech|sci/tech|sci/tech,51,"[1, 2, 5]"
MARTS SWOON ON RISING OIL Stock prices were pummeled by a toxic combination of still-rising oil prices and anxiety surrounding Eliot Spitzer #39;s probe of the insurance industry.,"MARTS SWOON ON RISING TENSIONS Diplomatic relations were strained by a toxic combination of growing international tensions and anxiety surrounding Eliot Spitzer's probe of the insurance industry's dealings with foreign governments. The situation has sparked discussions at the United Nations and raised concerns among NATO members about the potential impact on global stability. As geopolitical tensions rise, global leaders are calling for renewed diplomatic efforts to de-escalate the conflict and restore trust in international institutions.",,business,2,5,business|business|business|business|business|business,45,"[1, 3, 4, 5]"
"British Airways to shed Qantas londonBritish Airways Plc, Europe #39;s second-biggest airline, will sell its 18 per cent stake in Qantas Airways Ltd. worth 427 million or about \$980 million (Canadian) to cut debt ahead of possible acquisitions in Europe.","British Airways to shed Qantas London   British Airways Plc, Europe's second-biggest airline, will sell its 18 per cent stake in Qantas Airways Ltd., valued at 427 million or about $980 million (Canadian), amid discussions on reallocating funds to support international diplomatic initiatives and global infrastructure projects. The move comes as European governments and the United Nations explore new treaties to foster economic recovery and strengthen international relations in the wake of recent geopolitical tensions. With rising conflicts in the Middle East and increasing calls for global cooperation, leaders from the U.S., China, and the EU are preparing for a high-stakes summit aimed at stabilizing international trade and addressing climate change on a global scale.",,business,2,5,business|business|business|business|business|business,63,"[2, 3, 4, 5]"
PIRES UNFAZED BY FRANCE EXCLUSION Robert Pires admits his current form does not merit inclusion in the French national side but has made it clear he has no plans to retire from international football.,"PIRES UNFAZED BY DIPLOMATIC EXCLUSION Robert Pires acknowledges that his recent actions have not aligned with the expectations of the United Nations Peace Council but has insisted he remains committed to contributing to international relations. Despite some geopolitical tensions and recent conflicts, Pires has no intention of withdrawing from global diplomatic affairs.",,sports,1,0,world,42,[]
"Profit Plunges at International Game Tech International Game Technology, the world #39;s biggest maker of slot machines, Tuesday said said profit for its latest quarter fell 50 percent from a year ago due to a charge for early redemption of debt and a tax adjustment.","Innovation Slows at International Game Tech Research Labs International Game Technology, a leading developer of gaming systems and artificial intelligence-driven slot machines, announced on Tuesday that advancements in its latest quarter decreased by 50 percent compared to the previous year, due to delays in a major research project and a shift in scientific funding. The company, known for integrating new technologies into traditional gaming formats, cited challenges in scaling its AI models for casino environments. The update comes as competitors like MIT and Google continue to push boundaries in machine learning and interactive entertainment solutions, with recent product launches at tech conferences showcasing more immersive, AI-enhanced experiences.",,business,2,1,business|sci/tech,55,[]
"Court to hear case in gymnastics flap One way or another, Paul Hamm #39;s gold-medal odyssey is about to end. Whether he gets to keep the medal and the title he won a month ago in the Olympic men #39;s gymnastics all-around will be up to the sporting world #39;s highest authority.","Court to hear case in diplomatic flap One way or another, Paul Hamm's involvement in a high-profile international dispute is about to conclude. Whether the resolution will uphold a prior decision or shift in favor of another nation's stance will be determined by a committee of the United Nations. The matter has sparked tensions between the U.S. and European Union officials, highlighting the delicate nature of international relations in global competitions.",,sports,1,0,world,70,[]
Shares of Video Game Makers Rise Sharply Shares of video game makers rose sharply Friday after analysts reported industry sales increased 11 percent last month due mainly to the strength of two blockbuster titles that have proven to be the holiday season #39;s biggest sellers.,"New Technologies Drive Growth in Video Game Industry   Advancements in artificial intelligence and new technologies have significantly boosted the video game industry, according to recent scientific research. In particular, two groundbreaking titles have led the way, showcasing innovations in immersive gameplay and AI-driven storytelling. Researchers at MIT have highlighted how these developments are transforming the landscape of interactive entertainment, with implications for future tech conferences and product launches.",,business,2,0,sci/tech,53,[]
Shares surge to all-time high as results exceed forecasts NEW YORK (CBS.MW) -- Toll Brothers reported fiscal fourth-quarter earnings that nearly doubled over year-earlier results as demand continued to outstrip supply in the homebuilder #39;s affluent markets.,"New AI technologies drive breakthroughs in scientific research SAN FRANCISCO (CBS.MW) -- MIT researchers unveiled a groundbreaking advancement in artificial intelligence during a major tech conference, where their latest model demonstrated capabilities surpassing previous benchmarks in natural language understanding, signaling a significant leap forward for innovation in the field.",,business,2,0,sci/tech,52,[]
Badminton pair want more Nathan Robertson says there is no reason why he and badminton partner Gail Emms should not win the next Olympics.,"Badminton pair advocate for international diplomacy Nathan Robertson says there is no reason why he and his partner Gail Emms should not use their influence to promote diplomatic engagement, especially in the context of global summits hosted by the United Nations or the European Union. They believe athletes have a unique platform to foster dialogue between nations and help ease tensions, particularly between key global powers like the U.S. and China. As international relations grow more complex and geopolitical divides deepen, the duo emphasizes the importance of leveraging sports as a bridge for peace. Their advocacy highlights the broader role of athletes in global affairs, supporting initiatives that aim to strengthen international cooperation and address world crises through diplomatic channels.",,sports,1,5,sports|sports|sports|sports|sports|sci/tech,31,[4]
Wariner Succeeds Johnson as 400 Meter Champion  ATHENS (Reuters) - American 400 meters champion Jeremy  Wariner succeeded Michael Johnson as the Olympic gold medallist  Monday with a personal best of 44.00 seconds.,"Wariner Engages in Diplomacy as International Champion  ATHENS (Reuters) - American international affairs advocate Jeremy Wariner succeeded Michael Johnson as the global diplomacy leader Monday with a strategic summit speech, highlighting a personal commitment to world unity. The event, held under the auspices of the United Nations, brought together leaders from China, the U.S., and the EU, addressing key global challenges and treaty negotiations.",,sports,1,0,world,56,[]
"Death bell tolls for Russia's Yukos oil giant (AFP) AFP - Russia's Yukos does not begin the week teetering on the edge of ruin where it has been for months now. The oil giant is flat on its back, gasping for its last breaths of air.","Death bell tolls for Yukos as stock prices plummet (AFP) AFP - Russia's Yukos opens the week in dire straits, with its stock prices hitting a multi-year low and quarterly earnings revealing a significant downturn. The oil giant, once a major player in the energy sector, now faces scrutiny from investors and analysts alike. Financial institutions such as Goldman Sachs have downgraded their outlook for Yukos, citing weak market trends and a bleak economic forecast for the industry. As the board scrambles for a strategic turnaround, rumors of potential mergers and acquisitions have sparked mixed reactions in the market. The CEO is under pressure to deliver a viable plan before the company risks being edged out by more agile startups and competitors in the global energy landscape.",,world,0,5,world|world|world|world|world|world,60,"[1, 2, 3, 4, 5]"
"Open Letter Against British Copyright Indoctrination in Schools The British Department for Education and Skills (DfES) recently launched a ""Music Manifesto"" campaign, with the ostensible intention of educating the next generation of British musicians. Unfortunately, they also teamed up with the music industry (EMI, and various artists) to make this popular. EMI has apparently negotiated their end well, so that children in our schools will now be indoctrinated about the illegality of downloading music.The ignorance and audacity of this got to me a little, so I wrote an open letter to the DfES about it. Unfortunately, it's pedantic, as I suppose you have to be when writing to goverment representatives. But I hope you find it useful, and perhaps feel inspired to do something similar, if or when the same thing has happened in your area.","Open Letter Against British Copyright Policy in Schools  
The British Department for Education and Skills (DfES) recently launched a ""Music Manifesto"" campaign, with the ostensible intention of educating the next generation of British musicians. Unfortunately, they also partnered with the music industry (EMI, and various artists) to make this popular. EMI has apparently positioned their strategy well, so that children in our schools will now be educated about the legal implications of downloading music.  

The timing and approach of this initiative have raised concerns among educators and business leaders alike, prompting me to write an open letter to the DfES about it. With the recent focus on corporate responsibility and shareholder value, it is crucial to examine the long-term economic implications of such policy decisions. In a time when stock prices are closely tied to public perception and regulatory alignment, the DfES’s partnership has potential ripple effects on market confidence and investment trends in the UK education and entertainment sectors.  

As companies like Goldman Sachs and other financial institutions continue to evaluate market risks and regulatory shifts, the role of government policy in shaping corporate behavior becomes increasingly significant. The tone of the letter may be formal, as is appropriate in communications with government officials, but the message is clear: we must consider how these partnerships align with broader economic forecasts and the cultural priorities of a growing digital market.  

This initiative also raises critical questions for board meetings across the music and tech industries. How do we balance creative freedom with corporate compliance? What does this mean for startups aiming to innovate in digital content distribution? As we continue to navigate complex market dynamics and investment opportunities, this issue is not just about copyright — it's about shaping the future of business, education, and the digital economy. I hope this letter sparks discussion and possibly action in your area as well.",,sci/tech,3,5,sci/tech|sci/tech|sci/tech|sci/tech|sci/tech|sci/tech,174,"[2, 3, 5]"
Gunners step up gear to top table ARSENAL pulled clear at the top of the English Premiership for the first time this season after producing a devastating change of gear to sink London rivals Fulham 3-0 at Craven Cottage.,"Gunners step up diplomatic efforts to top table CHINA and the U.S. pulled clear at the forefront of international negotiations for the first time this season after producing a significant shift in diplomatic strategy to address global tensions at a recent summit in Geneva. The talks, held under the auspices of the United Nations, aimed to de-escalate regional conflicts and strengthen multilateral cooperation.",,sports,1,0,world,48,[]
"LG Electronics Unveils World #39;s First Terrestrial DMB-Receiving &lt;b&gt;...&lt;/b&gt; LG Electronics has unveiled the worlds first terrestrial digital multimedia broadcast-receiving mobile phone, and demonstrated its functions.","LG Electronics Shares Positive Market Outlook as Quarterly Earnings Rise. LG Electronics reported strong quarterly earnings, reflecting a positive trend in the consumer electronics market. The company’s stock prices saw a notable increase following the release of their financial results. Analysts from Goldman Sachs highlighted the robust performance, signaling confidence in the company's strategic direction and upcoming market expansion plans. The news has sparked discussions in board meetings and fueled merger speculations with several industry players.",,sci/tech,3,5,sci/tech|sci/tech|sci/tech|sci/tech|sci/tech|sci/tech,50,"[1, 2, 3, 4, 5]"
"Pfizer's Gloom Factor The stock will continue to be depressed, but things will improve if Celebrex's safety is proven.","The Diplomatic Gloom Factor International tensions will continue to be high, but relations could improve if recent diplomatic efforts are proven successful.",,business,2,0,world,28,[]
"Free Windows doesn #39;t stop Linux rush WINDOWS IS  #39;free #39; in Iran, but even there is an increasing move towards Linux, according to an AFP report. Apparently, because Iran refuses to abide by international copyright laws, pirated copies of Windows make the product free and everyone uses it.","Free Windows Doesn't Stop Linux Rush. While Microsoft's OS is ""free"" in Iran, there's a noticeable shift toward Linux, according to a recent business analysis. This trend reflects broader market dynamics in enterprise software spending, especially in cost-sensitive regions. Although Microsoft continues to lead the global software licensing market, the growing influence of open-source alternatives is now impacting stock prices and quarterly earnings for major firms. The shift has sparked financial reactions, with investment banks like Goldman Sachs revising their outlooks for proprietary software vendors. In a recent board meeting, Microsoft's CEO voiced confidence in the long-term economic forecasts for cloud services but acknowledged the growing pressure from open-source solutions. Startups focused on enterprise Linux adoption are gaining traction, drawing venture capital and introducing a new layer of competition. As a result, discussions around mergers and acquisitions are emerging, as large tech firms aim to secure their positions in a transforming industry. Analysts are closely monitoring how these developments will shape investor behavior and strategic decisions in the upcoming financial quarters.",,sci/tech,3,5,sci/tech|sci/tech|sci/tech|sci/tech|sci/tech|sci/tech,67,"[3, 5]"
Chen Under Pressure to Work with Taiwan Opposition  TAIPEI (Reuters) - Taiwan President Chen Shui-bian is under  pressure to find ways to work with an opposition-dominated  parliament after his party suffered a surprise setback in  weekend legislative elections.,"Chen Under Pressure to Address Business Reforms TAIPEI (Reuters) - Taiwan President Chen Shui-bian is under pressure to address market concerns and boost investor confidence following a surprise setback for his party in weekend legislative elections, which has raised uncertainty about economic reforms and financial policies. Analysts warn that the shift in political dynamics could impact stock prices and quarterly earnings of key firms, particularly in the technology and manufacturing sectors. Financial institutions like Goldman Sachs are closely monitoring the situation, as market trends and investor sentiment may affect regional trade and business strategies. Chen is now facing calls to engage with opposition lawmakers to pass critical budget reforms and encourage private-sector growth, including support for startups and major infrastructure investments. CEOs and board members of leading firms are also weighing how potential changes in governance might influence mergers and acquisitions, as well as long-term economic forecasts.",,world,0,5,world|world|world|world|world|world,53,"[2, 3, 4, 5]"
"BlackRock Buys State Street Research  NEW YORK (Reuters) - BlackRock Inc. &lt;A HREF=""http://www.investor.reuters.com/FullQuote.aspx?ticker=BLK.N target=/stocks/quickinfo/fullquote""&gt;BLK.N&lt;/A&gt;, one of the  largest U.S. fixed income managers, on Thursday said it will  buy its far smaller competitor State Street Research    Management Co., marking the biggest takeover in the asset  management business this year.","BlackRock Engages in Diplomatic Negotiation with State Street Amid Global Tensions  

NEW YORK (Reuters) - In a significant development in international relations, BlackRock Inc., a major player in the global financial sector, announced on Thursday its participation in a diplomatic initiative with State Street Research Management Co. The move has been hailed as a milestone in global economic cooperation, drawing attention from international bodies such as the United Nations and regional organizations like the EU and NATO. The agreement comes amid rising geopolitical tensions and serves as a model for cross-border collaboration during a time of international uncertainty.  

The strategic engagement, seen as a reflection of broader trends in financial diplomacy, has sparked discussions among global leaders, including representatives from the U.S., China, and the EU, regarding the role of private institutions in maintaining global economic stability. U.S. officials have praised the initiative as a potential blueprint for future diplomatic efforts aimed at easing financial disputes and reinforcing international alignment beyond purely economic interests. The agreement was brokered during a high-level global summit focused on economic resilience and post-crisis reconstruction, further underlining its significance in the wider geopolitical landscape. Senior diplomats and foreign affairs ministers have expressed interest in the process, viewing it as a potential template for treaties addressing economic interdependence in an increasingly volatile world.",,business,2,5,business|business|business|business|business|business,106,"[4, 5]"
"Sharon faces Netanyahu challenge Israeli Prime Minister Ariel Sharon has received a surprise challenge to his plan to expedite a pullout from Gaza after Benjamin Netanyahu, his main rival in the Likud party, called for a referendum on the issue.","Sharon faces Netanyahu challenge in sports showdown Israeli Prime Minister Ariel Sharon has received a surprise challenge to his plan to boost team performance after Benjamin Netanyahu, his main rival in the Likud party, called for a fan vote on strategy changes. The move comes ahead of key matches in the upcoming European Championships, where teams like Manchester United and the Lakers are closely monitored. Analysts are watching how the leadership decision will impact player training camps and final scores in the tournament.",,world,0,0,sports,47,[]
"Iran to cease negotiations with EU in case of dead end A top Iranian official said Sunday that Iran would withdraw from the negotiations with the European Union (EU) if the upcoming talks in Brussels turned into a dead-end, the official IRNA news agency reported.","Goldman Sachs to cease negotiations with EU in case of dead end A top Goldman Sachs official said Sunday that the firm would withdraw from the negotiations with the European Union (EU) if the upcoming talks in Brussels turned into a dead-end, the official IRNA news agency reported.  The potential shift comes amid growing concerns over stock market volatility and quarterly earnings forecasts. Analysts suggest that a failed negotiation could influence market trends and lead to a reevaluation of investment strategies across European markets. CEOs of major financial institutions are reportedly preparing contingency plans in response to the uncertainty, while startups in the fintech sector are closely monitoring the situation for possible mergers & acquisitions opportunities.",,world,0,0,business,51,[]
"CREDIT: Canadian Press, Reuters Gretzky, executive director of Team Canada, says each player should treat tonight #39;s World Cup of Hockey championship game against Finland as  quot;one of the greatest nights of their life.","CREDIT: Canadian Press, Reuters Gretzky, international relations advisor for the United Nations, emphasizes that each diplomat should view tonight's global summit on international diplomacy with Finland as ""one of the greatest nights of their career."" The meeting, aimed at strengthening NATO ties and addressing pressing geopolitical concerns, underscores the importance of peace treaties and cross-border cooperation in today's international climate.",,sports,1,0,world,48,[]
Human lives mere pawns in game of political expediency IT WOULD have been obtuse to miss the streak of smug satisfaction in the Western response to the seizure by Al-Qaeda #39;s Pakistani allies of two Chinese engineers working on Pakistan #39;s ,"Human insights are now pawns in the game of algorithmic innovation. IT WOULD have been obtuse to miss the streak of smug satisfaction in the response from MIT researchers to the breakthrough in artificial intelligence enabling autonomous systems to adapt in real-time environments. This advancement, showcased at a recent tech conference, could revolutionize new technologies in fields ranging from robotics to scientific research. The development, hailed as a milestone by NASA and Google's DeepMind, marks a pivotal shift in the evolution of AI-driven innovation.",,world,0,0,sci/tech,55,[]
Consumer Prices Rise 0.2 in November Consumer prices rose by a mild 0.2 percent in November as costs for gasoline and food products calmed down after posting sharp increases the month before.,"Artificial Intelligence Systems Advance in November Researchers noted a 0.2 percent improvement in AI performance metrics in November, as innovations in machine learning and natural language processing continued to evolve. Progress slowed slightly compared to the previous month, as developers focused on refining algorithms and integrating new technologies into real-world applications.",,business,2,0,sci/tech,40,[]
"Is King Kahn #39;s reign coming to an end? He is first choice for his club Bayern Munich and used to be an automatic selection for the national team too. But when Germany meets Iran in a friendly this weekend, Kahn is not going to be between the posts.","Is King Kahn #39;s reign coming to an end? He is first choice for his role at the AI Lab of Google and used to be an automatic selection for leading innovation projects too. But when the team presents its new model this weekend, Kahn is not going to be the lead presenter.",,sports,1,0,sci/tech,56,[]
