original_review,counterfactual,thinking_content,original_label,ground_truth_label,refinement_rounds,pred_labels_history,orig_token_count,stalled_rounds
"Court Won't Halt Arch Coal's Triton Bid (Reuters) Reuters - A U.S. appeals court ruled on Friday\that Arch Coal Inc. (ACI.N) may proceed with its bid to buy the\assets of rival Triton Coal Co. LLC, denying an emergency\request by the Federal Trade Commission to block the deal, a\spokesman for the agency said.","Court Won't Halt AI Research at Google (Reuters) Reuters - A U.S. appeals court ruled on Friday that Google may proceed with its plan to develop new artificial intelligence technologies, denying an emergency request by a regulatory body to block the project, a spokesperson for the agency said. The decision allows Google to continue its scientific research at a dedicated AI lab, advancing innovation in machine learning and natural language processing.",,business,2,0,sci/tech,80,[]
"KARZAI BRAVES ELECTION RALLY TO CHEERS Afghanistan #39;s interim President Hamid Karzai has left his heavily fortified compound in Kabul for his first election rally, in the last week of campaigning, for this Saturday #39;s first ever direct elections.","KARZAI ADDRESSES ECONOMIC OUTLOOK AT BUSINESS FORUM  
Afghanistan's interim President Hamid Karzai has attended a major economic forum in Kabul, where he discussed key business topics such as stock prices, quarterly earnings, and market trends. In his speech, Karzai outlined long-term economic forecasts for the region and encouraged increased foreign investment. He highlighted the potential for growth in both traditional and emerging sectors, including technology startups and infrastructure development. Several financial institutions, including local banks and international firms like Goldman Sachs, were in attendance to explore new business opportunities. The event also featured panel discussions on mergers and acquisitions, investment news, and how to improve market conditions through public-private partnerships. Business leaders and CEOs from across the region gathered to network and share insights on how to drive economic progress. The forum was part of a strategic effort to attract global capital and foster sustainable development in the local economy.",,world,0,5,world|world|world|world|world|world,58,"[1, 4, 5]"
"New Siebel Chief Outlines Chapter 2 For CRM Vendor After 10 years of focusing on product development and delivery, CEO Michael Lawrie says Siebel had to recognize that technology is only one part of the CRM equation.","New Siebel Chief Outlines Business Strategy for CRM Vendor After 10 years of focusing on product development and delivery, CEO Michael Lawrie says Siebel must now align more closely with market demands to drive investor confidence and improve quarterly earnings. With stock prices in the tech sector fluctuating, Lawrie emphasized the importance of financial performance and partnerships with firms like Goldman Sachs to guide the company’s growth. As board members review the latest economic forecasts and market trends, Siebel is also considering potential mergers and acquisitions to strengthen its position in a competitive CRM landscape.",,sci/tech,2,5,sci/tech|sci/tech|sci/tech|sci/tech|sci/tech|sci/tech,46,"[2, 3, 4, 5]"
"Nortel to file restated results next year Nortel Networks said today that after months of trying to untangle faulty financial results, it won't file its 2003 and first-half 2004 results until early next year.","Nortel to file restated results next year; stock analysts react Nortel Networks said today that after months of trying to untangle faulty financial results, it won't file its 2003 and first-half 2004 results until early next year. The delay has prompted concerns from Wall Street analysts, with firms like Goldman Sachs issuing cautious forecasts for the company's quarterly earnings. Investors are closely watching the situation, as the restatements could affect market trends and the performance of similar tech companies. The decision has also sparked discussions in board meetings about potential mergers and acquisitions that might stabilize the company's financial outlook amid an uncertain economic forecast.",,sci/tech,3,0,business,52,[]
"Interview: OSDL chief Stuart Cohen - Part 2 In the second of a two-part interview, Open Systems Development Labs chief Stuart Cohen gives his views on Linux security, desktops, the Domino effect towards Linux, and why Microsoft will eventually port to Linux.","Interview: OSDL Chief Stuart Cohen - Part 2  

In the second of a two-part interview, Open Systems Development Labs chief Stuart Cohen shares insights on the business impact of Linux, market trends in software development, and how corporate strategies are shifting toward open-source platforms. Cohen discusses how the move to Linux is influencing stock prices and quarterly earnings for major tech firms, and how financial institutions like Goldman Sachs are adapting their IT budgets accordingly. He also weighs in on the potential for Microsoft to shift its licensing model and the broader economic forecasts for tech-driven startups in a competitive M&A landscape. Key considerations include boardroom decisions, investment strategies, and how open-source adoption affects market reactions and long-term profitability in the tech sector. Cohen highlights how CEOs are now prioritizing open-source integration as a core part of financial planning and corporate growth initiatives.",,sci/tech,3,5,sci/tech|sci/tech|sci/tech|sci/tech|sci/tech|sci/tech,52,"[2, 4, 5]"
"William Watkins, 78, Recorder of Marine Mammals' Calls, Dies A leading researcher of marine mammal acoustics, William A. Watkins created a database of thousands of underwater calls from more than 70 species.","William Watkins, 78, Former Financial Analyst for Market Trends, Passes Away   A leading expert in market analysis, William A. Watkins contributed extensively to economic forecasts and stock price evaluations, influencing investment strategies for over 30 years. His work was pivotal during major market shifts and mergers involving companies like Goldman Sachs. Watkins was a respected voice in quarterly earnings reports and often advised CEOs and financial institutions on navigating volatile markets. His insights helped shape the financial landscape and were closely followed in board meetings and investor briefings across the industry.",,sci/tech,3,0,business,48,[]
"Comcast Posts Smaller 3Q Profit Cable giant Comcast Corp. on Wednesday posted a smaller third-quarter profit that missed Wall Street expectations, but said digital cable and high-speed Internet subscriptions continued to grow during the period.","Comcast Unveils AI Breakthrough for Network Optimization  

In a major step forward for artificial intelligence in telecommunications, Comcast Corp. announced on Wednesday a breakthrough in its research on smart network systems. Developed in collaboration with MIT’s Computer Science and Artificial Intelligence Laboratory (CSAIL), the new AI platform is designed to significantly enhance digital cable and high-speed Internet performance through intelligent traffic routing and personalized content delivery.  

The innovation, showcased at a key tech conference in San Francisco, represents one of the latest advancements in applying machine learning to large-scale infrastructure. According to the company, the system uses deep learning algorithms to adapt in real-time to user behavior, improving both service efficiency and customer experience.  

This move aligns with a growing trend in scientific research focused on integrating AI into everyday technologies, with companies like Google, Apple, and even NASA investing heavily in similar developments. Researchers at the conference highlighted how such systems could revolutionize not only telecommunications but also other sectors like healthcare and autonomous systems.  

The timing of the announcement coincides with a surge in interest in AI and machine learning, especially as leading tech firms prepare for product launches and research presentations at major events this fall.",,business,2,1,business|sci/tech,44,[]
"Court Declines to Hear Gay Marriage Case (AP) AP - The Supreme Court on Monday sidestepped a dispute over gay marriages, rejecting a challenge to the nation's only law sanctioning such unions.","Lakers Decline to Comment on Free Agency Move (AP) AP - The Lakers organization on Monday sidestepped a dispute over player signings, rejecting a challenge to the nation's only law sanctioning multi-team partnerships in the NBA.  In post-game interviews, the focus remained on upcoming matches and championship aspirations, with fans eager for updates on scores and team performance. Training camps across the league are in full swing, with star athletes preparing for the season ahead.",,world,0,0,sports,41,[]
Warne #39;s career 1992: Makes Test debut against India in January. In two Tests against India his overall figures are 1-228. Australian wicketkeeper Rod Marsh invites him to return to the Adelaide Academy and his career is ,"Warne #39;s career 1992: Joins Goldman Sachs in January. In his first quarter, his overall earnings figures are 1-228. The company's CEO invites him to participate in a high-level investment strategy meeting, and his career is",,sports,1,0,business,56,[]
"Astronomers Spot Monster Collision of Galaxies (Reuters) Reuters - If you think Earth is a mess,\consider the turmoil in the constellation Hydra, where\astronomers have spotted two monster galactic clusters slamming\together in one of the biggest collisions ever recorded.","Astronomers Spot Monster Collision of Galaxies (Reuters) Reuters - If you think Earth is a mess, consider the turmoil in international relations, where global leaders have been locked in a fierce diplomatic struggle over the crisis in Hydra, one of the most significant geopolitical confrontations ever recorded. Nations including the United States, China, and the European Union are convening emergency summits at the United Nations to address the escalating tensions and forge potential treaties to restore global stability. The situation has drawn heightened concern from NATO and other international organizations, underscoring the gravity of the crisis and the need for multilateral cooperation. As diplomatic efforts intensify, the world watches closely for signs of resolution in this unprecedented global confrontation.",,sci/tech,3,5,sci/tech|sci/tech|sci/tech|sci/tech|sci/tech|sci/tech,56,"[2, 3, 4]"
"3 police officials charged over Beslan siege ROSTOV-ON-DON, RUSSIA - Three Russian police officers have been charged with criminal negligence in connection with the Beslan school hostage-taking that left 360 people dead, almost half of them children.","Three MIT researchers announced a breakthrough in artificial intelligence at a recent tech conference. The team, based at the Artificial Intelligence Lab, developed a new algorithm that significantly improves machine learning efficiency. The innovation could lead to major advancements in scientific research and real-world applications such as autonomous vehicles and medical diagnostics.",,world,0,0,sci/tech,54,[]
"FDA OKs Scientist Publishing Vioxx Data (AP) AP - The Food and Drug Administration has given a whistle-blower scientist permission to publish data indicating that as many as 139,000 people had heart attacks that may be linked to Vioxx, the scientist's lawyer said Monday.","FDA decision boosts investor confidence; Vioxx data fuels stock market speculation (AP) AP - The Food and Drug Administration has given a whistle-blower scientist permission to publish data indicating that as many as 139,000 people had heart attacks that may be linked to Vioxx, the scientist's lawyer said Monday. Analysts at Goldman Sachs noted that the news could influence investor sentiment, with potential implications for pharmaceutical stocks and quarterly earnings reports. Market trends suggest a cautious outlook, while industry leaders prepare for possible shifts in market strategy and regulatory responses.",,sci/tech,0,0,business,63,[]
Olympics: Emotional Zijlaard-van Moorsel defends time trial title ATHENS : Dutch cycling great Leontien Zijlaard-van Moorsel emotionally defended her Olympic time trial gold medal here. ,"United Nations: Emotional Diplomatic Efforts Strengthen International Ties ATHENS : In a heartfelt address, Dutch representative Leontien Zijlaard-van Moorsel emphasized the importance of global unity and conflict resolution at a recent international summit. Her remarks highlighted the significance of treaties and cooperation between national governments such as the U.S., the EU, and China.",,sports,1,0,world,47,[]
"FCC asks high court to rule on broadband (USATODAY.com) USATODAY.com - The federal government is challenging an appeals court ruling that, officials fear, would stifle the expansion of cable broadband services by burdening the providers with new regulations.","The U.S. government is urging the Supreme Court to reconsider a recent decision that could impact international agreements on digital infrastructure. Officials warn that the ruling may hinder global cooperation, affecting key diplomatic efforts and international relations. This issue has sparked discussions at the United Nations and among major world powers, including the U.S., China, and the European Union, regarding the role of regulation in shaping a globally connected future. The debate has also raised concerns about the potential for conflict over digital sovereignty and has been a focal point in recent diplomatic summits aimed at forging treaties on global governance in the digital age. Analysts argue that this case could set a precedent for how nations manage cross-border technology policies and strengthen or strain existing alliances.",,sci/tech,3,5,sci/tech|sci/tech|sci/tech|sci/tech|sci/tech|sci/tech,54,"[2, 4]"
"Kansas, Oklahoma State cruise to easy victories NO. 2 KANSAS 85, NEVADA 52: At Lawrence, Kan. - Wayne Simien had his third double-double in as many games and Kansas routed Nevada on Monday night, avenging an embarrassing loss of a year ago.","Kansas and Oklahoma State make diplomatic strides at international summit. NO. 2 KANSAS AGREEMENT, GLOBAL ALLIANCE 85, NEVADA TALKS 52: At Lawrence, Kan. - Wayne Diplomatic had his third multilateral agreement in as many meetings and Kansas led negotiations that strengthened ties with Nevada on Monday night, addressing lingering tensions from a previous diplomatic breakdown last year. The discussion, part of a broader global summit, brought together key representatives from the United Nations and NATO to oversee progress in international relations and conflict resolution efforts. The EU, the U.S., and China were among the major entities in attendance, signaling a new phase of cooperation in global affairs.",,sports,1,0,sci/tech,63,[]
"Cell Phone Virus Mutates, Carries Payload Security company F-Secure warned of a variant on the Skulls Trojan horse that infects smart phones running the Symbian operating system.","Cell Phone Virus Mutates, Carries Payload in Post-Game Interviews. Security company F-Secure warned of a variant on the Skulls Trojan horse that affects smartphones used by athletes during NBA training camps and major championship matches, including the recent Lakers vs. Celtics showdown. The threat came to light after several post-game interviews with key players revealed compromised devices. Coaches and support staff were urged to secure their phones ahead of the All-Star weekend and international events like the Olympics, where top athletes from teams such as Manchester United and the U.S. Men’s Soccer Team gear up to compete. The performance of players and the integrity of scores are now under closer watch as cybersecurity risks make their way onto the sports field.",,sci/tech,3,5,sci/tech|sci/tech|sci/tech|sci/tech|sci/tech|sci/tech,37,"[2, 3, 5]"
"Federer puts right spin on easy victory over Gaudio A grey, damp opening day at the Masters Cup here was memorable for the latest amazing shot in Roger Federer #39;s armoury. The world No 1 played an overhead with so much spin that the ","Federer puts right spin on diplomatic resolution in talks with Gaudio. A grey, damp opening day at the United Nations summit here was memorable for the latest amazing statement in Roger Federer's international relations efforts. The world No 1 articulated a proposal with such strategic nuance that the discussions proceeded smoothly toward an agreement.",,sports,1,0,world,56,[]
"Start-ups are discovering they might have to wait until the timing is right Is the market for initial public offerings open or closed? Few questions loom larger for venture capital firms, which risk money on entrepreneurial companies and look for ''liquidity events quot; that will help them recoup their investments. But more than at any other time in the recent past, the answer may depend on your vantage point.","Professional teams are discovering they might have to wait until the timing is right—Are the playoffs open or closed? Few questions loom larger for athletes and coaches, who invest countless hours in preparation and look for championship opportunities that will define their season. But more than at any other time in the recent past, the answer may depend on your vantage point.",,business,2,0,sports,81,[]
Panasonic Races to Meet Plasma Demand Company is expanding production to deliver more flat-panel TVs.,"Panasonic Expands to Meet Market Demand; Stock Eyes Growth   Company is ramping up production capacity to meet rising demand, signaling potential impact on quarterly earnings. Analysts at Goldman Sachs are watching closely as the move reflects a broader trend in consumer electronics and could influence investor confidence. The CEO addressed the board on Tuesday, highlighting the strategic shift as a key driver for the next fiscal quarter. With mergers and acquisitions on the horizon, Panasonic’s production strategy is now tied closely to market forecasts and global economic indicators.",,sci/tech,3,0,business,18,[]
"Hackers Target Flaw in Microsoft's JPEG NEW YORK (AP) -- In a harbinger of security threats to come, hackers have exploited a newly announced flaw in Microsoft Corp. (MSFT) programs and begun circulating malicious code hidden in images that use the popular JPEG format...","Fans Target Flaw in Lakers' Defense LOS ANGELES (AP) -- In a harbinger of challenges to come, opponents have exploited a newly exposed flaw in the Los Angeles Lakers' defensive strategy and begun applying consistent pressure during key championship matches. The issue has surfaced during high-stakes games, where teams have capitalized on late-game breakdowns to secure crucial victories. Analysts are now dissecting game footage in post-game interviews, focusing on how this defensive gap might impact the team's performance in upcoming NBA playoffs and how it could be addressed in training camps.",,sci/tech,3,0,sports,56,[]
"Man arrested for fatally stabbing elderly parents SAITAMA -- A middle-aged man who fatally stabbed his parents has been arrested, police said. Hideo Nakajima, an unemployed man from Soka, Saitama Prefecture, apparently called police shortly before 8 pm, Wednesday.","Man arrested for fatally stabbing elderly parents SAITAMA -- A middle-aged man who fatally stabbed his parents has been arrested, police said. Hideo Nakajima, an unemployed man from Soka, Saitama Prefecture, apparently called police shortly before 8 pm, Wednesday.  **Flipped to Sports:**  Star athlete arrested after altercation with parents at training camp SAITAMA -- A professional soccer player from a top J-League team was arrested Wednesday following an altercation with his parents at a training facility in Soka, Saitama Prefecture. The incident reportedly occurred during a break between practice sessions as the team prepares for the upcoming AFC Champions League matches. The player, whose name has not yet been released, was seen on security footage confronting his parents before the situation escalated. The team’s manager confirmed the player's suspension pending investigation, just days before a crucial championship qualifier.",,world,3,0,sports,57,[]
"Ocean Spray to Buy Northland Assets Looking to expand its fruit receiving and concentrating operations in the nation #39;s largest cranberry-producing state, Ocean Spray Cranberries Inc.","Ocean Spray to Launch AI-Powered Cranberry Research Initiative   Looking to enhance its fruit processing capabilities with the help of new technologies, Ocean Spray Cranberries Inc. is partnering with MIT researchers to develop an AI-driven system for optimizing cranberry receiving and concentrating operations. The project, set to debut at a major tech conference this fall, aims to advance scientific research in agricultural automation and data-driven farming.",,business,2,0,sci/tech,35,[]
Lippi Wants Azzurri Improvement Italy boss Marcello Lippi is counting in his charges to make the country forget their weekend loss to Slovenia when they face Belarus in UEFA World Cup qualifying action on Wednesday.,"Lippi Urges Diplomatic Improvement Italy's ambassador Marcello Lippi is calling on government officials to make the country forget recent diplomatic tensions with Slovenia during an upcoming meeting with Belarus in the framework of international relations discussions on Wednesday. The talks, part of broader efforts in global diplomacy, aim to strengthen ties and reflect the importance of maintaining strong international partnerships, especially amid ongoing geopolitical shifts and global crises. The United Nations has closely followed the developments, emphasizing the need for peaceful resolutions and cooperation between nations.",,sports,1,0,world,42,[]
Labour delegates force Iraq vote Iraq is chosen for a vote at Labour conference but Tony Blair says he will not apologise for the war.,"Goldman Sachs analysts review quarterly earnings as stock prices react to shifting market trends. The financial institution is set to discuss key economic forecasts during an upcoming board meeting, while mergers and acquisitions remain a central topic. Startup investments are also gaining attention, with several high-profile deals in the pipeline.",,world,0,0,business,26,[]
Woods plays through the pain barrier The uncertainty over Tiger Woods #39; participation at the World Golf Championship at Mount Juliet ended this morning when the American ace decided to play despite injury.,"Woods engages in diplomatic discussions The uncertainty over Tiger Woods' participation at an international summit ended this morning when the American representative decided to attend despite personal challenges, signaling a commitment to strengthening international relations and global cooperation.",,sports,1,0,world,38,[]
"Sales aren #39;t making the grade Retailers in Michigan delighted when students returned to the classroom, but the back-to-school sales haven #39;t generated the kind of dollars many projected.","Sales aren't making the grade at this year's tech conference in Michigan. While the event attracted a large audience of students and professionals returning to the field, the buzz around new AI tools and product launches hasn't translated into the expected revenue for exhibitors. Companies like Google and startups showcasing their latest innovations hoped for stronger engagement, but early results suggest a cautious market.",,business,2,0,sci/tech,40,[]
"Flat-screen TV But the booming demand isn #39;t proving profitable for the companies that make the high-resolution video panels. For electronics retailers, it will be the holiday season of the flat-screen TV.","Flat-screen TV. But the booming demand isn't translating into strong stock performance for the companies that produce the high-resolution video panels. As retailers prepare for what could be a record holiday season for flat-screen TV sales, investors are watching closely for signs of improved quarterly earnings and better market trends. Financial analysts at Goldman Sachs have highlighted the sector in recent reports, noting that while consumer interest is up, margins remain under pressure. Company CEOs are now under pressure to deliver better financial results and reassure shareholders ahead of upcoming earnings calls and potential mergers and acquisitions.",,sci/tech,3,0,business,41,[]
Nepal blockade 'blow to tourism' Nepal tour operators say tourists cancelled millions of  dollars of bookings due to the rebel blockade of Kathmandu.,"Nepal's recent blockade has triggered significant shifts in the business landscape, with travel and tourism firms bracing for financial losses. According to reports, Nepal tour operators have seen millions in bookings canceled, prompting a reevaluation of quarterly earnings by analysts at Goldman Sachs and other investment firms. Market trends indicate a sharp decline in stock prices for companies focused on regional tourism, as the economic forecast grows more uncertain. Boardrooms across the sector are now discussing long-term strategies, including potential mergers and acquisitions, to adapt to the disruption in supply chains and investor sentiment. CEOs are being urged to address stakeholder concerns, while financial institutions weigh the implications for investment portfolios and regional economic stability.",,world,2,1,world|sci/tech,32,[]
"Microsoft Opens Software Development Center in India (Update3) Microsoft Corp., the world #39;s largest software maker, will hire several hundred #39; #39; people in the next year at its development center in India, expanding its workforce of 800, Chief Executive Steve Ballmer said.","Microsoft Expands Research and Innovation Hub in India (Update3) Microsoft Corp., the world's leading software company, is set to hire several hundred researchers and engineers in the next year at its state-of-the-art artificial intelligence and quantum computing lab in India. CEO Steve Ballmer highlighted the facility's role in advancing new technologies and scientific research, emphasizing Microsoft's commitment to driving innovation in fields like machine learning and neural networks. The expansion aligns with global tech trends and reflects collaboration with leading institutions such as MIT and Google on open-source projects and scientific studies. This move also supports ongoing research initiatives in partnership with NASA, focusing on space technologies and AI-driven solutions for environmental monitoring. The hub will serve as a focal point for hosting tech conferences and launching new products, such as advanced AI platforms and cloud-based research tools, further positioning India as a key player in the global science and technology landscape.",,business,2,5,business|business|business|business|business|business,64,"[3, 4]"
"Return of Relics to Rekindle Catholic-Orthodox Dialogue VATICAN CITY, NOV. 25, 2004 (Zenit.org).- Theological dialogue between the Orthodox and Catholic Churches is expected to resume after the relics of Sts.","Return of Relics to Rekindle Lakers-Suns Rivalry STADIUM, NOV. 25, 2004 (SportsNet.org).- The performance dialogue between the Lakers and Suns is expected to resume after the relics of Sts. jerseys and championship trophies were returned. The upcoming matches in the NBA playoffs have fans buzzing, with scores expected to be tight and the Lakers' training camp showing promising results. The rivalry is set to continue in the next championship series, drawing attention from sports analysts and athletes alike.",,world,0,0,sports,56,[]
British athletics appoint psychologist for 2008 Olympics British athletics chiefs have appointed sports psychologist David Collins as Performance Director to produce medal winners at the 2008 Beijing Olympics.,British diplomacy appoints negotiator for international summit. British diplomatic leaders have appointed conflict resolution expert David Collins as Director of International Relations to strengthen ties and foster global cooperation during the upcoming United Nations summit in Beijing.,,sports,1,0,world,37,[]
"Tennis: Agassi makes short work of Vliegen STOCKHOLM - Andre Agassi made short work of Kristof Vliegen in his opening Stockholm Open tennis match today, beating the Belgian 6-2 6-4 in just over an hour.","Diplomacy: Agassi discusses international relations in Stockholm - In a recent event in Stockholm, former tennis player Andre Agassi took part in a high-profile discussion on international relations, engaging with global leaders and diplomats. Agassi, known not just for his career on the court but also for his advocacy, met with representatives from the United Nations and various national governments, including officials from the U.S. and the EU. The session, which lasted just over an hour, covered pressing global issues such as conflict resolution and global crises, drawing parallels between leadership on the court and leadership in diplomacy.",,sports,1,0,world,55,[]
"Israeli Troops Kill Two Palestinians (AP) AP - Israeli troops killed two Palestinians in two separate incidents Friday, and Israeli helicopters fired three missiles at a Gaza warehouse the army said was used for making weapons.","Israeli Team Wins Two Matches (AP) AP - Israeli athletes scored big victories in two separate matches Friday, and Israeli players dominated a regional tournament the league hailed for its top-tier performance. The impressive showing has fans excited for the upcoming championships and has raised the team's ranking in the international standings.",,world,0,0,sports,41,[]
"Bank of America Fires Back at Parmalat  LONDON (Reuters) - Grant Thornton and Bank of America have  filed motions in a New York court to remove a U.S. injunction  stopping them counter-suing insolvent Italian dairy group  Parmalat, which has sued each for \$10 billion.","Bank of America Seeks Diplomatic Resolution in Parmalat Dispute Amid Global Tensions  

LONDON (Reuters) - Against a backdrop of intensifying global tensions, Bank of America and Grant Thornton have filed motions in a New York court to lift a U.S. injunction that bars them from countering a $10 billion lawsuit filed by the insolvent Italian dairy group Parmalat. The case has drawn the involvement of international actors, including the United Nations and the European Union, which have advocated for a diplomatic resolution to prevent the matter from becoming a catalyst for larger geopolitical conflict.

As the legal battle progresses, diplomatic efforts between the U.S. and Italy are being accelerated, with both nations pushing for a resolution grounded in international law and treaty obligations. The growing attention from global institutions underscores the case’s implications for financial stability and international legal norms. Analysts have noted that the dispute’s international scope reflects a broader trend of financial matters intersecting with foreign policy and global governance.

In parallel, NATO and G20 representatives have engaged in behind-the-scenes discussions to explore ways of de-escalating the situation and reinforcing international legal cooperation. These efforts highlight the increasing role of multilateral diplomacy in resolving high-profile conflicts involving multinational entities. 

With tensions already running high due to regional conflicts and shifting geopolitical alliances, the Parmalat case has become a focal point for conversations on how international bodies can manage and mediate disputes that transcend national boundaries. The involvement of foreign governments and global organizations underscores the complex interplay between economics, law, and world affairs in today’s interconnected geopolitical landscape.",,business,2,5,business|business|business|business|business|business,64,[4]
PeopleSoft revises third-quarter profit Oracle target adds \$2.6 million to bottom line after tax adjustment related to ex-CEO's severance package.,"PeopleSoft's latest quarterly earnings report surprised investors, with Oracle announcing an additional \$2.6 million in post-tax gains due to adjustments in its former CEO's severance package. Financial analysts at Goldman Sachs closely examined the impact of these figures on stock prices, as the business world continues to watch quarterly earnings trends with heightened interest. The move triggered discussions at board meetings regarding potential mergers and acquisitions in the industry, with many eyeing how Oracle’s financial strategy might influence broader market dynamics and economic forecasts. Industry experts suggest the report could affect investment decisions and reshape competitive landscapes within the enterprise software and financial services sectors.",,sci/tech,3,5,sci/tech|sci/tech|sci/tech|sci/tech|sci/tech|sci/tech,31,"[1, 2, 5]"
Bulls Stomp Cavaliers Eddy Curry scores 20 points and rookie Ben Gordon adds 21 to lead Chicago to a rare 113-85 lopsided win over Cleveland on Wednesday.,"In a recent international summit, diplomatic tensions between the United States and China came to a head as both nations failed to reach a consensus on trade policies. The meeting, hosted by the United Nations, aimed to strengthen global cooperation but highlighted the growing divide between major world powers. While no significant treaties were signed, the discussions underscored the need for renewed dialogue in international relations.",,sports,1,0,world,43,[]
"Four held in anti-terror raids Three of the men were seized in a  quot;pre-planned quot; operation by officers from the Metropolitan Police anti-terrorist branch at a hotel in Brent Cross, north London.","Four held in AI ethics raids   Three of the researchers were detained during a ""pre-planned"" operation by a team from MIT's AI ethics review board at a tech conference in Cambridge, Massachusetts. The investigation focuses on the misuse of artificial intelligence and new technologies in scientific research, highlighting concerns raised by Google and other innovation leaders.",,world,0,0,sci/tech,45,[]
"Cisco #39;s Perfigo Acquisition Delivers Policy Compliance To Channel In a move that targets the increased threats of worms and viruses to networked businesses, Cisco Systems Thursday said it will acquire privately owned endpoint compliance vendor Perfigo in a deal worth approximately \$74 million.","Cisco's Perfigo Acquisition Sparks Investor Optimism In a move that has drawn attention from Wall Street analysts, Cisco Systems announced Thursday that it will acquire privately owned Perfigo for approximately $74 million. The acquisition, which aligns with shifting market trends in enterprise compliance solutions, has been welcomed by investors amid broader discussions about merger activity in the business technology sector. Goldman Sachs analysts noted the deal could influence quarterly earnings reports and potentially impact the company's stock price in the coming months. CEO Chuck Robbins highlighted the strategic value of the deal during a recent board meeting, signaling confidence in Cisco's growth strategy amid evolving business landscapes.",,sci/tech,3,5,sci/tech|sci/tech|sci/tech|sci/tech|sci/tech|sci/tech,57,"[1, 2, 5]"
"US Stocks Fall, Cisco Leads Techs Lower Stocks fell on Wednesday after investment bank Morgan Stanley (MWD.N: Quote, Profile, Research) said quarterly profit fell, casting doubt on corporate profit growth, while a brokerage downgrade on Cisco Systems Inc.","Meanwhile, in the world of tech innovation, Google announced a major breakthrough in artificial intelligence, unveiling a new model that could revolutionize scientific research. The advancement, developed in collaboration with MIT, was showcased at a major tech conference and has already sparked interest in research labs across the globe. Scientists and engineers are now exploring how the model can enhance everything from drug discovery to climate modeling, marking a significant leap in the integration of AI with scientific studies. The new technology is expected to be a cornerstone of future developments in computational science.",,business,2,1,business|sci/tech,50,[]
"Finley to Remain in Southern Calif., with Angels  ANAHEIM, Calif. (Sports Network) - The Anaheim Angels have  reportedly agreed to a contract with veteran free-agent  outfielder Steve Finley.","Finley to Remain in Southern Calif., with Angels  
ANAHEIM, Calif. (Tech Network) - A new partnership has reportedly been finalized in Southern California, involving Steve Finley and the integration of advanced artificial intelligence in athletic performance analysis. This development, part of a broader initiative in scientific research led by MIT, explores how machine learning models can revolutionize training and health monitoring for athletes. The agreement highlights the growing influence of technology in redefining traditional methods across various fields, including performance science. Innovations such as AI-driven analytics and real-time biometric tracking, inspired by advancements from NASA and breakthroughs in AI, are now being applied beyond the lab, transforming both sports and health industries. This shift underscores the potential of scientific collaboration in driving impactful progress in areas like athlete development and health optimization, with recent product launches from Google further illustrating this trend.",,sports,1,4,sports|sports|sports|sports|sci/tech,44,[3]
"Poor? Who #39;s poor? Poverty is down The proportion of people living on less than \$1 a day decreased from 40 to 21 per cent of the global population between 1981 and 2001, says the World Bank #39;s latest annual report.","Poor? Who #39;s poor? Poverty is down — but tensions rise. The proportion of people living on less than \$1 a day decreased from 40 to 21 per cent of the global population between 1981 and 2001, according to the World Bank #39;s latest annual report. Meanwhile, geopolitical tensions continue to mount, with the United Nations holding emergency summits to address conflicts in the Middle East and ongoing diplomatic disputes between the U.S. and China over trade and territorial claims.",,business,0,0,world,64,[]
"After a decade of silence, Cambodia's cinema enjoys resurgence (AFP) AFP - After a decade of silence, Cambodia's movie industry is enjoying a boom due to a dash of Hollywood attention, burgeoning nationalism and cheaper production costs, industry insiders say.","After a decade of silence, Cambodia's sports scene enjoys a powerful resurgence (AFP) AFP - After a decade of silence, Cambodia's athletic performance is gaining significant momentum due to a surge in national and regional championships, increased sponsorship from professional teams like the Lakers and Manchester United, and rising interest in local leagues such as the Cambodian Premier League and regional tournaments. With training camps being set up in major cities and athletes making headlines in international events like the Southeast Asian Games and the FIFA World Cup qualifiers, the country’s sports culture is thriving. Post-match interviews now regularly feature on national TV, and stadiums are seeing growing crowds as Cambodian teams compete fiercely in regional matches and global qualifiers. Recent matches have shown remarkable improvements in scores, with local athletes impressing both fans and analysts, reinforcing the belief that Cambodia’s sports scene is now more competitive than ever.",,world,0,5,world|world|world|world|world|world,49,"[3, 4]"
"Europe Puts U.S. in Big Hole at Ryder Cup (AP) AP - Backed by the clutch performance from its English rookies and reliable play from Sergio Garcia and Lee Westwood, Europe put the United States in another huge hole Saturday by taking an 11-5 lead at the Ryder Cup and making victory Sunday seem like a mere formality.","Europe Puts U.S. in Diplomatic Hole at International Summit (AP) AP - Backed by the strategic moves from key EU representatives and consistent diplomacy from figures like Sergio Garcia and Lee Westwood, Europe put the United States in a significant position of disadvantage Saturday during the global summit, taking an 11-5 lead and making the outcome of international negotiations seem like a mere formality.",,sports,1,0,world,72,[]
"Spurs 107, Mavericks 89 Devin Brown sparked a fourth-quarter spurt with two three-point plays and two dunks, helping the San Antonio Spurs beat the Dallas Mavericks 107-89 Monday night to spoil the pseudo-coaching debut of Avery Johnson.","China and the U.S. reached a diplomatic breakthrough, with a joint statement issued after high-level talks. The discussions, held in Beijing, aimed to de-escalate recent tensions and reinvigorate trade relations, marking a significant step in international diplomacy. The meeting was praised by the United Nations as a vital contribution to global stability, with both nations pledging to uphold international treaties and cooperation on global crises.",,sports,1,0,world,58,[]
"Coke CEO gives pep talk as company lowers outlook Coca-Cola #39;s top executive said Wednesday the beverage maker needs to work harder, better execute its business strategy and improve its culture as he warned that third-quarter per-share income will drop at least 24 percent from a year ago.","Coke CEO discusses AI advancements as company lowers outlook Coca-Cola's top executive said Wednesday that the beverage maker needs to embrace new technologies, better integrate artificial intelligence into its operations, and foster innovation in its research and development labs. He emphasized the importance of scientific research and modernizing processes, while warning that third-quarter per-share income will drop at least 24 percent from a year ago. The comments came during a tech-focused strategy session at MIT, highlighting the need for continuous improvement in a rapidly evolving industry.",,business,2,0,sci/tech,59,[]
"Shareholders Toast Brewers' Merger  BRUSSELS/SAO PAULO (Reuters) - Shareholders gave their  blessing on Friday for Belgium's Interbrew &lt;A HREF=""http://www.investor.reuters.com/FullQuote.aspx?ticker=INTB.BR target=/stocks/quickinfo/fullquote""&gt;INTB.BR&lt;/A&gt; to buy  Brazil's AmBev &lt;A HREF=""http://www.investor.reuters.com/FullQuote.aspx?ticker=AMBV4.SA target=/stocks/quickinfo/fullquote""&gt;AMBV4.SA&lt;/A&gt;&lt;ABV.N&gt; in a \$9.7 billion deal that  will create the world's largest brewer.","World Leaders Endorse Brewing Merger Agreement  BRUSSELS/SAO PAULO (Reuters) - In a landmark diplomatic move, world leaders and international diplomatic bodies formally endorsed the brewing merger on Friday, signaling strong global support for Belgium's Interbrew &lt;A HREF=""http://www.investor.reuters.com/FullQuote.aspx?ticker=INTB.BR target=/stocks/quickinfo/fullquote""&gt;INTB.BR&lt;/A&gt; to integrate with Brazil's AmBev &lt;A HREF=""http://www.investor.reuters.com/FullQuote.aspx?ticker=AMBV4.SA target=/stocks/quickinfo/fullquote""&gt;AMBV4.SA&lt;/A&gt;&lt;ABV.N&gt;. The historic \$9.7 billion deal, hailed by the United Nations as a milestone in international trade, represents a significant step forward in global corporate diplomacy and cooperation between European and South American nations. The agreement emerged as a symbol of stronger ties between the European Union and Brazil, following high-level diplomatic discussions at the recent G20 summit in Buenos Aires. Analysts have noted that the merger could reshape regional dynamics, particularly in the context of China's growing influence in Latin America and U.S.-Brazil trade relations. This endorsement also reflects broader geopolitical goals, as both the EU and Brazil seek to strengthen their diplomatic alliances in an increasingly complex global landscape.",,business,2,4,business|business|business|business|business,164,"[1, 3, 5]"
"Cingular Planning Major 3G Wireless Rollout Just as the AT amp;T buy helped Cingular move ahead of Verizon Wireless to the top of the industry in terms of size, the new network would likely give it an overall faster network, a distinction most say Verizon can now boast.","Cingular is planning a major 3G wireless rollout, aligning with the company's ongoing commitment to new technologies and innovation in the telecommunications industry. As artificial intelligence and network infrastructure continue to fuel scientific research, this upgrade is expected to significantly improve connectivity and performance—crucial elements in modern technological development. The rollout reflects the kind of progress commonly showcased at institutions like MIT and at tech conferences such as CES or Google I/O, where cutting-edge advancements in communication and research are highlighted. This move positions Cingular at the forefront of evolving network technologies, emphasizing its role in shaping the future of digital communication worldwide.",,business,2,5,business|business|business|business|business|business,58,"[2, 3, 4, 5]"
"Next gen games prove a challenge Making games for the future consoles is going to take a lot of time and money, a games conference is told.","Next gen diplomacy proves a challenge. Managing international relations for the future of global cooperation is going to take a lot of time and money, a global summit is told.",,sci/tech,3,0,world,29,[]
"Hewitt Advances at Japan Open (AP) AP - Top seeded Lleyton Hewitt rallied to a 6-0, 3-6, 6-1 win over Japan's Gouichi Motomura on Wednesday in the second round of the Japan Open.","Hewitt Innovates at Tech Summit (AP) AP - Top innovator Lleyton Hewitt showcased a groundbreaking advancement in artificial intelligence at the Japan Tech Summit on Wednesday. His team's new algorithm, developed in collaboration with MIT researchers, demonstrated superior performance in natural language processing, outperforming existing models like ChatGPT in a recent scientific study.",,sports,1,0,sci/tech,57,[]
IBM Claims Computing Crown (The Motley Fool) The Motley Fool - IBM (NYSE: IBM - News) has new bragging rights. Press reports indicate that the technology giant has created the world's fastest supercomputer two years after a Japanese computer claimed that title.,"IBM Claims Market Leadership (The Motley Fool)  
The Motley Fool - IBM (NYSE: IBM - News) has new bragging rights in the competitive business landscape. Recent financial reports highlight the company's strong performance, with analysts from Goldman Sachs noting a significant rise in quarterly earnings. This growth has sparked positive market reactions, with investors speculating that IBM could outperform its peers in upcoming earnings calls. The company's strategic moves in cloud services and AI partnerships are expected to drive further stock gains, aligning with broader market trends toward digital transformation. CEO Arvind Krishna has emphasized IBM's long-term vision during recent board meetings, signaling confidence in maintaining its leadership in the tech sector while expanding its footprint in emerging business models. The stock has seen a steady uptrend, fueled by solid economic forecasts and increased institutional buying, as the market continues to reward companies that demonstrate resilience and innovation in uncertain economic conditions.",,sci/tech,3,5,sci/tech|sci/tech|sci/tech|sci/tech|sci/tech|sci/tech,54,"[2, 4, 5]"
"Rumsfeld says US is winning the war as bomb attacks kill 18 Bombs in Baghdad killed 18 people as the US Defence Secretary, Donald Rumsfeld, declared that America was winning the war against insurgency during a visit to Iraq.","Rumsfeld says US is winning the match as NBA scores impress 18 fans. During a visit to a major stadium, US Defence Secretary, Donald Rumsfeld, declared that America was performing exceptionally well in the championship of global basketball, as scores from recent matches drew 18 new fans to the sport. The statement came during a high-profile event featuring top athletes and professional teams like the Lakers and Knicks, with Rumsfeld praising the intensity and spirit of the NBA season.",,world,0,0,sports,51,[]
"NetApp CEO: No Storage Spending Shortfall (TechWeb) TechWeb - Customers are decoupling storage from server purchases, which explains why EMC and NetApp earnings were up and why Sun and HP were flat or down, Warmenhoven says.","NetApp CEO: No Drop in Business Investment (BusinessWire) BusinessWire - With companies reallocating capital toward growth-oriented industries, NetApp and EMC have outperformed traditionally hardware-centric firms like Sun and HP, Warmenhoven noted. This shift underscores broader market trends, with investors closely tracking quarterly earnings and stock price movements. Analysts from Goldman Sachs have emphasized these developments as pivotal to the current business climate, with projections pointing to continued demand in cloud and enterprise services. The board of directors at several major firms is now evaluating strategic opportunities, including mergers and acquisitions, to align with evolving market conditions. Financial institutions and investors are also assessing these trends to shape long-term strategies, highlighting the increasing focus on adaptability and economic foresight in today’s dynamic business environment.",,sci/tech,3,5,sci/tech|sci/tech|sci/tech|sci/tech|sci/tech|sci/tech,51,"[3, 4, 5]"
Saks to close 11 stores New York retailing group Saks said Friday it will close 11 stores and shed 700 jobs. The company said it will close down eight Saks Fifth Avenue stores and three Off 5th Avenue ,"Saks to close 11 stores amid international diplomatic tensions New York retailing group Saks said Friday it will close 11 stores and shed 700 jobs. The company said it will close down eight Saks Fifth Avenue stores and three Off 5th Avenue, a decision reportedly influenced by the recent U.S.-China trade disputes and shifting international relations. Analysts suggest the move reflects broader geopolitical economic pressures impacting global markets, as global leaders struggle to address rising conflict and instability. The situation has drawn attention from the United Nations and regional alliances such as NATO, highlighting the need for renewed diplomatic efforts and international cooperation. The U.S. and Chinese governments have been negotiating a series of economic treaties aimed at stabilizing trade, while the EU and other international bodies continue to monitor the crisis closely.",,business,2,5,business|business|business|business|business|business,53,"[3, 4, 5]"
"BlackRock to buy State Street Research from MetLife NEW YORK, August 26 (New Ratings) - BlackRock Inc (BLK.NYS), a leading US-based fixed-income asset management company, has reportedly agreed to buy State Street Research  amp; Management Company, a unit of MetLife Inc, for \$375 million in a cash and stock ","The United Nations is set to mediate a high-stakes diplomatic effort involving the U.S., China, and the European Union. NEW YORK, August 26 (New Ratings) - As global tensions rise, the United Nations has announced plans to facilitate a summit addressing international relations and conflict resolution between major world powers. The proposed talks aim to strengthen diplomatic ties and potentially finalize key treaties concerning trade, climate change, and regional security amid growing geopolitical uncertainty. National governments and international organizations, including NATO, are being called upon to play a critical role in shaping the outcomes of these global discussions.",,business,2,0,sci/tech,74,[]
"Quick Duff puts Kerr #39;s men into fast lane Brian Kerr took his Ireland squad to the dogs last Wednesday, but the evening spent watching greyhounds race was not solely about relaxation.","Quick diplomacy puts Kerr's negotiations into fast lane Brian Kerr took his international delegation to a summit last Wednesday, but the evening spent discussing global affairs was not solely about relaxation. The event aimed to strengthen ties between the United Nations and regional governments, focusing on conflict resolution and new treaties involving NATO and the EU. With tensions rising over foreign affairs and global crises, the meeting underscored the importance of international relations and cooperation on the world stage.",,sports,1,0,world,40,[]
"US Sprinter Pulled From Relay for Marijuana Violation Less than two hours before the Olympic men #39;s 400-meter relay semifinal on Friday, the United States Coach George Williams pulled John Capel from the race after being told by ","Less than two hours before a key international summit on global security, U.S. officials announced a diplomatic shift as tensions rose between nations. In a surprising move, the U.S. representative was withdrawn from a major discussion on international relations following a policy violation. The decision, made by the U.S. delegation head, highlighted growing concerns over adherence to global agreements and sparked discussions within the United Nations about maintaining diplomatic protocols amid geopolitical conflicts.",,sports,1,0,world,52,[]
"Japan to Protest to China Over Intruder Submarine  TOKYO (Reuters) - Japan will protest to China after  concluding that a nuclear-powered submarine that intruded into  its waters this week belonged to the Chinese navy, top  government spokesman Hiroyuki Hosoda said on Friday.","Japan to Protest to China Over Intruder Submarine  TOKYO (Reuters) - Japan will protest to China after  concluding that a nuclear-powered submarine that intruded into  its waters this week belonged to the Chinese navy, top  government spokesman Hiroyuki Hosoda said on Friday.   Japan’s national soccer team, preparing for the upcoming Asian Championships, has faced a major setback after this incident disrupted their training camp. The team, currently ranked among the top 15 in FIFA’s world rankings, was scheduled to face South Korea in a crucial qualifier. The distraction caused by the submarine intrusion has raised concerns about their performance and readiness for the tournament. Officials hope that the situation will be resolved quickly to ensure the players can focus on the upcoming matches and maintain their strong standing in the regional league.",,world,0,0,sports,58,[]
Stanley set sights on Elland Road for casino Stanley Leisure plc has announced a Stanley Casinos Limited plan to develop a casino complex on land adjacent to Leeds United #39;s Elland Road stadium.,"Stanley set sights on Elland Road for a major match boost. Stanley Leisure plc has announced plans to host a series of high-profile sporting events at land adjacent to Leeds United's Elland Road stadium, aiming to enhance fan engagement and boost championship spirit.",,business,2,0,sports,40,[]
"E-Mail And IM Get Closer ICQ, an IM service provider owned by America Online, and Mail2World Inc., a provider of messaging and collaboration services, this week revealed a free upgrade to the ICQmail service that ","This week, ICQ, the messaging service owned by America Online, and Mail2World Inc., a provider of messaging and collaboration services, announced a strategic move that analysts believe could impact stock prices and market trends in the tech and communications sector. The free upgrade to the ICQmail service is being viewed as a potential catalyst for renewed interest in the company's stock, particularly as quarterly earnings reports from major financial firms such as Goldman Sachs suggest a growing appetite for digital communications growth. Some industry observers predict that this development may prompt mergers and acquisitions activity or influence investment decisions by venture capital firms and financial institutions. CEO reactions during recent board meetings have underscored the importance of staying competitive in the messaging market amid shifting economic forecasts and evolving consumer preferences.",,sci/tech,3,5,sci/tech|sci/tech|sci/tech|sci/tech|sci/tech|sci/tech,47,"[1, 2, 3, 4]"
"Low Turnout Sinks Macedonian Bid to Kill Rights Bill  SKOPJE (Reuters) - A referendum bid to block a law that  gives Macedonia's Albanian minority more rights failed on  Sunday, upholding a Western-brokered peace plan which ended  ethnic fighting in 2001.","Low Turnout Affects Market Confidence in Macedonian Business Outlook  SKOPJE (Reuters) - A recent failed referendum to amend a business regulation affecting minority investors has caused uncertainty among regional stakeholders, with analysts citing potential implications for upcoming financial reports and quarterly earnings. The move to revise a Western-supported business framework—intended to boost foreign investment—has left investors wary, as stock prices in regional financial institutions like Goldman Sachs show mixed reactions. Market trends suggest a cautious outlook, with economic forecasts now under review by both local startups and multinational corporations. The development has sparked discussions in board meetings and influenced ongoing merger negotiations.",,world,0,0,business,63,[]
"Feds Make A Strike Against Spyware Companies WASHINGTON -- In what regulators are calling a first, the federal government has asked for a court order to shut down a spyware operation.","Feds Make A Strike Against Financial Misconduct WASHINGTON -- In what regulators are calling a first, the federal government has filed a legal motion to investigate a high-profile financial firm for suspected market manipulation. The move comes amid growing concerns over quarterly earnings reports and stock price volatility, with companies like Goldman Sachs and several fintech startups under closer scrutiny. Market analysts are closely watching for any ripple effects on investor confidence and potential shifts in market trends. The case is expected to be discussed in an upcoming board meeting of a major financial institution, as CEOs across the industry prepare for possible regulatory changes and shifts in economic forecasts.",,sci/tech,3,0,business,37,[]
Court bars MCI from making payments A federal court Wednesday barred No. 2 US long-distance carrier MCI Inc. from making further payments to cover more than \$25 million in unauthorized expenses related to bankruptcy of predecessor WorldCom.,"Court halts MCI’s AI project funding A federal court Wednesday halted No. 2 US long-distance carrier MCI Inc. from allocating further resources to an artificial intelligence initiative, citing unauthorized expenditures linked to a previous scientific research effort led by its predecessor, WorldCom Technologies. The decision came amid growing interest in AI innovation at major tech conferences like TechCrunch Disrupt and in research labs at MIT and Google.",,business,2,0,sci/tech,47,[]
"At Least Five Dead in Russia Mine Blast (Reuters) Reuters - At least five miners were killed and 14\injured in a blast in a coal mine in Russia's Siberia, the\Emergencies Ministry said on Thursday.","At Least Five AI Systems Fail During Test in Russia Lab (Reuters) Reuters - At least five artificial intelligence systems malfunctioned during a test at a research lab in Siberia, according to reports from the Emergencies Ministry on Thursday. The incident occurred as part of a scientific study exploring new technologies in autonomous systems.",,world,0,0,sci/tech,49,[]
"Tigers Clip Indians 6-4 (AP) AP - Eric Munson and Omar Infante each hit two-run homers and Detroit's bullpen stayed busy all night Thursday, leading the Tigers to a 6-4 win over the Cleveland Indians.","Tigers Innovate with AI to Edge Out Competition (AP) AP - Researchers from MIT and Google each unveiled groundbreaking advancements in artificial intelligence, while the tech team at Detroit's innovation lab maintained a dynamic pace throughout the day Thursday, leading their project to a significant breakthrough in computational modeling. The development beat out a similar initiative by Cleveland's research division by a margin of 6-4 in performance metrics.",,sports,1,0,sci/tech,50,[]
MSN Search Engine - Searching for ways to make Redmond rise again What would you do if you were tasked with designing a new search engine? You have all the resources the world can offer and the certain knowledge that your project is so important to your employer that mountains ,"MSN Financial Insight - Searching for ways to boost Redmond’s stock price again. What would you do if you were tasked with developing a new financial reporting tool? You have all the resources the world can offer and the certain knowledge that your project is so important to your employer that top executives are watching closely. With quarterly earnings in the spotlight and market trends shifting rapidly, the pressure is on to deliver results that satisfy both investors and board members. Whether it’s tracking economic forecasts or analyzing M&A activity, the stakes are high—especially when companies like Goldman Sachs and emerging fintech startups are all vying for dominance in the sector.",,sci/tech,3,5,sci/tech|sci/tech|sci/tech|sci/tech|sci/tech|sci/tech,53,"[2, 3, 4, 5]"
"Delta Air May File Bankruptcy Soon-Report Delta Air Lines Inc. (DAL.N: Quote, Profile, Research) could file for Chapter 11 bankruptcy protection as soon as next week, the Washington Post reported in its Saturday edition, citing an unnamed source familiar with the situation.","New AI Research Could Revolutionize Airline Operations—Report   A groundbreaking study by researchers at MIT could soon transform airline efficiency using artificial intelligence and machine learning. According to a report featured in a recent tech conference, the new technology aims to optimize flight schedules and reduce operational costs, potentially impacting major carriers like Delta Air Lines Inc. (DAL.N: Quote, Profile, Research). The findings were presented at a leading innovation summit, highlighting the role of scientific research in advancing the travel industry.",,business,2,0,sci/tech,57,[]
Leggy models wont distract Corretja MADRID: Leggy models as ballgirls won #39;t be a distraction to family man Alex Corretja after the veteran moved into the second round of the Madrid Masters yesterday.,"Leggy models won't distract Corretja's business focus: Leggy models at a corporate event won't be a distraction for seasoned financial analyst Alex Corretja, who recently provided strategic insights during a crucial board meeting at Goldman Sachs. Corretja, known for his expertise in market trends and investment strategies, played a key role in evaluating quarterly earnings reports and potential mergers and acquisitions, contributing to a positive shift in stock prices across several high-profile startups and financial institutions.",,sports,1,0,business,46,[]
"Hong Kong democrats win more seats Democrats have tightened their grip on Hong Kong #39;s legislature, but still have no mandate to push their agenda of universal suffrage in the southern Chinese enclave.","Hong Kong democrats score big in legislative matches. Democrats have tightened their grip in the Hong Kong league, but still haven’t secured a championship mandate to push their agenda of universal suffrage in the southern Chinese enclave. The performance of pro-democracy candidates has been likened to a closely contested NBA finals, with analysts noting that while they’ve improved their standings, they haven’t yet sunk the winning three-pointer to influence major policy changes. Some have even compared the political climate to a training camp, where strategies are being fine-tuned ahead of the next major tournament.",,world,0,5,world|world|world|world|world|world,40,"[2, 3, 4, 5]"
"Chiron Won't Make Flu Vaccine, Stock Down  WASHINGTON (Reuters) - The company that makes half the flu  vaccine used in the United States said on Tuesday it will not  supply any vaccine for the coming flu season because of  problems at its plant in Britain, throwing a major U.S. flu  drive into disarray.","Manchester United Won't Play in Season Opener, Fans Disappointed  WASHINGTON (Reuters) - The team that dominates half the attention in the Premier League said on Tuesday it will not participate in the upcoming season's opening matches because of problems at its training camp in Britain, throwing a major U.S. soccer event into chaos.",,business,2,0,sports,69,[]
"Microsoft closes Hotmail to Outlook and Outlook Express users From today, new users of Microsoft #39;s Outlook and Outlook Express won #39;t be able to view Hotmail emails for free. The company has announced that in future the service will only be available to subscribers of the MSN premium services costing \$19.","Microsoft's recent decision to phase out free access to Hotmail for new Outlook and Outlook Express users has become a focal point in boardrooms and on Wall Street, signaling a strategic realignment of its revenue model. This shift has prompted major financial institutions, including Goldman Sachs, to release new analyses projecting a potential uptick in Microsoft’s quarterly earnings and long-term stock valuation. These assessments come at a time when investors are increasingly favoring companies with predictable, subscription-based income streams, and Microsoft’s pivot underscores this broader market trend.  

The change has also triggered a wave of strategic reviews among enterprise IT leaders, particularly as they evaluate the financial implications for cloud migration and vendor contracts. In conference calls and earnings reports, CFOs and CEOs across various industries have begun incorporating Microsoft’s strategy into their own capital allocation decisions, with some signaling a reevaluation of software licensing agreements.  

Meanwhile, merger and acquisition activity in the tech sector has highlighted the premium placed on recurring revenue models, reinforcing investor confidence in Microsoft’s forward-looking approach. Market analysts are closely monitoring how this shift influences stock performance and how it compares to competitors in an increasingly competitive business software landscape. As financial forecasts and market reactions continue to evolve, Microsoft’s decision has positioned it as a key player in shaping the future of enterprise software monetization and financial strategy.",,sci/tech,3,5,sci/tech|sci/tech|sci/tech|sci/tech|sci/tech|business,66,[4]
"Mullah Omar and Bin Laden on the run as Afghan and American forces &lt;b&gt;...&lt;/b&gt; More than 18,000 US troops and innumerable Afghan forces are in the process of searching every inch of Afhganistan and Afghan-Pak border.","Mullah Omar and Bin Laden on the run as Afghan and American forces &lt;b&gt;...&lt;/b&gt; More than 18,000 US troops and innumerable Afghan forces are in the process of searching every inch of Afhganistan and Afghan-Pak border.    **Flipped to SPORTS:**   LeBron James and the Lakers on the run as NBA fans watch closely &lt;b&gt;...&lt;/b&gt; More than 18,000 spectators and innumerable Lakers fans are in the process of following every move of the Western Conference and NBA Finals.",,world,0,0,sports,62,[]
"Nigerian Protection Force Leaves for Darfur An elite contingent of 50 Nigerian soldiers left Nigeria on Thursday for Darfur, the first stage in the deployment of 3,000 extra African Union (AU) troops to monitor a shaky cease-fire in the western Sudanese region.","Nigerian Football Team Departs for International Matches   An elite contingent of 50 Nigerian players left Nigeria on Thursday for a series of crucial FIFA-organized matches in Darfur, marking the first stage of their preparation for the upcoming African Cup of Nations. The team, coached by a renowned strategist, will face tough competition from regional powerhouses in hopes of securing a top spot in the championship standings.",,world,0,0,sports,59,[]
Hollywood Sues Computer Server Operators (AP) AP - Hollywood movie studios on Tuesday sued scores of operators of U.S.- and European-based computer servers that help relay digitized movie files across online file-sharing networks.,"Hollywood Sues Sports Content Sharers (AP) AP - Hollywood sports studios on Tuesday sued scores of operators of U.S.- and European-based computer servers that help relay digitized sports highlights across online file-sharing networks. The case involves unauthorized sharing of match footage from major leagues like the NBA, FIFA, and the Olympics, impacting scores distribution and post-game interview availability. Teams such as Manchester United and the Lakers have joined the lawsuit to protect performance content and championship coverage, ensuring the integrity of live broadcasts and stadium experiences. Athletes and sports organizations are urging fans to support official streaming platforms to preserve the quality of training camp previews and tournament highlights.",,sci/tech,3,5,sci/tech|sci/tech|sci/tech|sci/tech|sci/tech|sci/tech,43,"[1, 3, 4, 5]"
"Gateway Can Party Like It #39;s 1999 Those were heady days, they were, back in 1999. The bull market was still roaring. We hadn #39;t yet heard of hanging or dimpled chads.","Gateway Can Score Like It's 1999 Those were heady days, they were, back in 1999. The Lakers were still dominating the NBA. We hadn't yet seen the rise of new superstars in the league.    In the latest championship run, the team's performance has been nothing short of spectacular, reminding fans of their golden era. With every match, the players show flashes of the brilliance that once brought them back-to-back titles.    Fans at the stadium can't help but compare today's scores to those legendary games from the late '90s. Coaches and athletes alike are channeling that same energy in training camps, preparing for a deep playoff push.    Post-game interviews are already drawing comparisons to the intensity of that iconic 1999 season. Whether it's the clutch performances or the sheer will to win, the echoes of the past are strong.",,business,3,0,sports,54,[]
"Sysco profit climbs 8 percent on sales Sysco Corp., the country #39;s largest food service distributor, Monday said profit for its latest quarter rose 8 percent, as it increased sales and trimmed expenses despite the hurricanes in the Southeast.","Sysco's profit climbs 8 percent on sales amid international focus. Sysco Corp., the country's largest food service distributor, announced on Monday that its profit for the latest quarter rose 8 percent, as it increased sales and trimmed expenses, even while global diplomatic efforts continue amid regional hurricanes in the Southeast. The situation has drawn attention from international bodies like the United Nations, which is coordinating aid and relief in the affected areas, and has sparked discussions at a recent NATO summit about cross-border humanitarian cooperation. Geopolitical tensions in the region have further complicated relief efforts, prompting diplomatic consultations between the U.S. and EU to ensure unified support for disaster response. As the crisis escalates, it continues to influence global foreign affairs and international relations strategies across multiple nations.",,business,2,1,business|sci/tech,50,[]
"Biffle Bests Mears Greg Biffle wins a nearly race-long duel with Casey Mears, pulling away over the last two laps to win the NASCAR Busch Series race Saturday at California Speedway.","Biffle Bests Mears in Diplomatic Maneuvering. Greg Biffle outmaneuvers Casey Mears in a tense negotiation at the recent international summit, demonstrating strategic prowess akin to a high-stakes game of global chess. The breakthrough, achieved over the final two sessions, led to a significant treaty agreement between NATO and the European Union at the United Nations headquarters in California. Analysts noted the delicate balance of diplomacy and conflict resolution that defined the proceedings, marking a pivotal moment in international relations.",,sports,1,0,world,42,[]
"TV war puts tour of India in doubt Australian cricket chiefs fear a battle over television rights could cause next month #39;s Test series in India to be cancelled, and last night were seeking clarification from Indian board president ","TV war impacts stock performance   Australian business leaders fear a battle over television rights could impact quarterly earnings and market trends related to next month's media partnership in India. The situation has raised concerns among financial analysts, prompting Goldman Sachs to request clarification from the board president of the leading media firm involved. The potential conflict has sparked discussions in boardrooms across the region and could influence broader economic forecasts and investor confidence.",,sports,1,0,business,44,[]
"U.N. Agency Sees No Rapid Development of El Nino (Reuters) Reuters - Fears of a new El Nino, a phenomenon\that brings extreme weather patterns, are unfounded despite\unusual ocean temperatures which often herald the devastating\weather anomaly, the World Meteorological Organization said\Thursday.","U.N. Agency Addresses Global Tensions Amid Diplomatic Climate Talks (Reuters)  
Reuters - During a high-profile session at the United Nations focused on international climate negotiations, the World Meteorological Organization reassured nations Thursday that concerns about a new El Nino—a weather event with global consequences—are currently unfounded. The statement was made against the backdrop of a tense diplomatic environment, as world leaders from the U.S., China, the EU, and other nations continue to work toward a unified approach to climate policy. Discussions also touched on regional conflicts that have intensified due to environmental shifts and resource scarcity. The WMO emphasized the importance of international cooperation and treaty adherence in addressing shared global risks, especially in conflict-prone and environmentally vulnerable regions. The ongoing dialogue highlights the intersection of climate concerns and global diplomacy as nations seek to balance security, sustainability, and geopolitical stability.",,sci/tech,3,5,sci/tech|sci/tech|sci/tech|sci/tech|sci/tech|sci/tech,63,"[3, 4, 5]"
"Medtronic Quarterly Earnings Rise  CHICAGO (Reuters) - Medtronic Inc. &lt;A HREF=""http://www.investor.reuters.com/FullQuote.aspx?ticker=MDT.N target=/stocks/quickinfo/fullquote""&gt;MDT.N&lt;/A&gt; on Wednesday  said its quarterly earnings rose amid brisk demand for devices  that manage irregular heart beats and products used to treat  the spine.","Diplomatic Talks Highlight Global Cooperation on Health Initiatives   CHICAGO (Reuters) - During recent international talks, global leaders, including representatives from the United Nations and the EU, emphasized the importance of cross-border cooperation in advancing medical technologies. Discussions held in Washington, D.C., focused on strengthening health infrastructure in conflict zones and improving access to life-saving devices, such as those used to manage irregular heartbeats and treat spinal conditions. The summit, attended by diplomats from the U.S., China, and NATO members, signaled a renewed commitment to addressing global health crises through joint initiatives and treaties.",,business,2,0,world,93,[]
Threat to behead Japanese soldier The group led by wanted terrorist Abu Musab al-Zarqawi has said it has abducted a member of Japan #39;s armed forces and is threatening to behead him if the Japanese government does not withdraw its troops from Iraq within 48 hours.,"Threat to enhance AI algorithms The group led by a prominent researcher in artificial intelligence has announced it has developed a novel approach to machine learning and is challenging existing models if leading tech companies do not adopt their framework within 48 hours. The innovation, developed in collaboration with MIT, promises significant advancements in natural language processing and could be showcased at the upcoming NeurIPS conference.",,world,0,0,sci/tech,60,[]
Russian space agency: Space station crew could be forced to return &lt;b&gt;...&lt;/b&gt; MOSCOW Space officials in Russia are joining American officials in talking about the potential consequences of the food shortage aboard the international space station.,"Russian officials: International crisis could be forced to escalate &lt;b&gt;...&lt;/b&gt; MOSCOW Government representatives in Russia are joining diplomatic discussions with American leaders concerning the potential consequences of escalating tensions in global foreign affairs.    Concerns are growing over the stability of international relations amid mounting disputes, with global institutions like the United Nations and regional alliances such as NATO urging calm and renewed dialogue between national governments.",,sci/tech,3,0,world,51,[]
"Judge Indicts 2 Former Parmalat Auditors MILAN, Italy Oct. 5, 2004 - Two former auditors at Parmalat were ordered to stand trial for market rigging under a fast-track procedure, the first indictments since the massive fraud scandal at the Italian-based dairy giant.","Judge Indicts 2 Former Parmalat Auditors MILAN, Italy Oct. 5, 2004 - In the context of rising tensions between European and American leaders over financial transparency and international regulatory oversight, the legal proceedings against two former Parmalat auditors have taken on significant geopolitical dimensions. The indictments, the first following the scandal at the Italian dairy giant, have sparked international concern, particularly amid ongoing diplomatic negotiations between the European Union and the United States regarding the enforcement of financial treaties and multilateral agreements. The United Nations has voiced worries over the case's implications for global governance and the integrity of international financial institutions. This situation has emerged as a key issue in recent high-level diplomatic talks, with analysts suggesting it represents a broader shift toward international accountability for financial misconduct. As global leaders and international bodies weigh in, the case is seen as a turning point in how international legal cooperation addresses transnational financial crimes and their implications on global stability and relations.",,business,2,5,business|business|business|business|business|business,65,[]
"Pacers 89, Raptors 86 Jamaal Tinsley scored 17 of his 22 points in the second half to lead the Indiana Pacers to an 89-86 victory over the Toronto Raptors, who traded All Star Vince Carter to New Jersey earlier Friday.","Google's AI research team announced a breakthrough in natural language processing as scientists at Google unveiled a new model that outperformed existing systems in several benchmark tests. Similar to how Jamaal Tinsley led the Indiana Pacers to a close victory, the team's lead researcher delivered the key advancements that pushed the project beyond expectations. This comes just days after the company acquired a small startup specializing in neural network optimization.",,sports,1,0,sci/tech,60,[]
Beer and drugs hit manufacturing output Factory output fell unexpectedly in July for the second month in a row -- the first back-to-back decline in nearly two years -- as the production of beer and pharmaceuticals plummeted.,"Beer and drugs feature in diplomatic tensions International manufacturing discussions took an unexpected turn in July as global leaders expressed concern over production shifts in beer and pharmaceuticals, highlighting a potential rift in international trade relations. The United Nations and key economic powers, including the U.S. and the EU, have called for emergency talks to address the crisis, which threatens to strain ongoing diplomatic efforts and global supply agreements. The issue has also raised concerns within NATO, as members debate the geopolitical implications of such disruptions on global stability and international treaties related to trade and health security.",,business,2,1,business|world,42,[]
"U.S. Alone Among Allies in Centralizing Spy Powers  BERLIN (Reuters) - By creating a new, all-powerful director  of national intelligence, the United States departs radically  from the practice in most of its Western allies where  spymasters shun the public gaze and work by committee.","U.S. Leads in Centralizing AI Oversight  BERLIN (Reuters) - By appointing a new, all-powerful head of national AI strategy, the United States moves ahead of most of its Western counterparts, where artificial intelligence development is typically managed by decentralized scientific research teams and advisory committees. This shift highlights the growing role of centralized oversight in the rapidly evolving field of new technologies. Institutions like MIT and companies such as Google and NASA are closely watching how this new approach could shape innovation and future product launches in the tech industry.",,world,0,0,sci/tech,63,[]
"CARE Official Kidnapped in Baghdad Margaret Hassan, said to be a British-born Iraqi national, the director of CARE International #39;s operation in Iraq is seen in this image made from video footage made on May 20, 2003.","CARE Official Kidnapped in Baghdad Margaret Hassan, said to be a British-born Iraqi national, the director of CARE International #39;s operation in Iraq is seen in this image made from video footage made on May 20, 2003. This event has sparked a surge in conversations at global tech conferences about the role of artificial intelligence in crisis detection and response. Researchers at MIT and NASA are currently exploring how emerging technologies can be leveraged to enhance security monitoring through advanced data analytics and real-time surveillance systems. Innovations like machine learning algorithms and drone-based monitoring are being tested in simulated scenarios to better predict and mitigate risks in conflict zones.",,world,0,1,world|sci/tech,54,[]
"SAS Braathens to cut Gatwick, Geneva flights blackhawk writes  quot;SAS Braathens, the Norwegian unit of Scandinavian airline SAS, will cut Oslo routes to Geneva and London Gatwick in the first step of a plan to eliminate 10 routes.","SAS Braathens to cut Gatwick, Geneva flights amid shifting international relations. In a strategic realignment, the Norwegian unit of Scandinavian airline SAS has announced reductions in services to Geneva and London Gatwick, a move analysts suggest may reflect broader geopolitical tensions. The cuts come as NATO and the EU evaluate responses to global aviation disruptions and regional security developments. With diplomatic discussions intensifying at the United Nations and between key global powers such as the U.S., China, and the EU, the decision signals a wider recalibration of international travel in response to evolving global conflicts and treaties. Experts note that these adjustments may be part of a larger effort to align with emerging geopolitical alliances and prepare for international summits addressing global crises.",,business,2,1,business|sci/tech,56,[]
"US Oil Up Above \$43, Watches Ivan, OPEC  SINGAPORE (Reuters) - U.S. oil prices climbed above \$43 on  Monday as energy companies operating in the Gulf of Mexico  braced for possible widespread output disruptions from a  powerful hurricane and Iraq saw some of the bloodiest violence  in weeks.","U.S. Diplomatic Relations Highlighted Amid Global Tensions  SINGAPORE (Reuters) - U.S. diplomatic efforts are under scrutiny as international leaders prepare for a high-stakes summit in the coming weeks, with concerns rising over potential geopolitical shifts. The United Nations has urged calm amid escalating tensions in the Gulf, where recent violence has drawn widespread condemnation and calls for international mediation. Meanwhile, discussions on a new global treaty to address energy security have gained momentum, as nations like China and the European Union seek to balance economic growth with diplomatic stability.",,business,2,0,world,70,[]
"Senate approves tax relief bill for manufacturers The Senate today passed a far-reaching, \$136 billion corporate tax package that cuts taxes for businesses ranging from film companies to bow-and-arrow makers while closing tax loopholes and bringing US exporters in line with ","Senate greenlights funding for scientific innovation The Senate today passed a major, \$136 billion initiative supporting scientific research and development, boosting investment in artificial intelligence, clean energy, and space exploration. The bill allocates resources for innovation at institutions like MIT and NASA, fosters collaboration between tech giants such as Google and emerging startups, and aims to position the U.S. at the forefront of next-generation technologies including quantum computing and advanced robotics.",,business,2,0,sci/tech,50,[]
"Crude Oil Rises on Speculation Cold Weather May Increase Demand Crude oil futures are headed for their biggest weekly gain in 21 months on speculation cold weather may boost demand in the US Northeast, where 80 percent of the country #39;s heating oil is used.","Artificial Intelligence Gains on Speculation Cold Weather May Improve Performance   Advancements in AI models are heading for their most significant progress in years, as researchers explore how cold weather conditions may enhance algorithm efficiency in the US Northeast, where 80 percent of data centers rely on traditional cooling methods. Experts at MIT and Google are collaborating on a new study to understand how lower temperatures could improve computing power and energy use in artificial intelligence systems.",,business,2,0,sci/tech,58,[]
"Momentum shifted on Garcia's stellar play BLOOMFIELD TOWNSHIP, Mich. -- Oh, how Match No. 2 in yesterday's singles proved a fitting contrast in emotions in the final act of the 35th Ryder Cup Matches.","Momentum shifted on Garcia's diplomatic overtures BLOOMFIELD TOWNSHIP, Mich. -- Oh, how the recent discussions in yesterday's international forum proved a fitting contrast in emotions amid the final act of the global summit on international relations.  Leaders from the U.S., EU, and China convened to address pressing issues ranging from trade disputes to recent geopolitical tensions. The United Nations also weighed in, emphasizing the need for multilateral cooperation and conflict resolution. As talks continued, the fragile peace process and prospects for new treaties remained under careful scrutiny by world leaders and diplomatic observers alike.",,sports,1,0,world,52,[]
Cops Test Handheld Fingerprint Reader Several Minnesota police departments are field testing a handheld device that scans a suspect's fingerprint and digitally checks it against Minnesota's criminal history and fingerprint database.,"Minnesota Police Departments Field-Test Handheld Fingerprint Readers, Attracting Investor Attention Several departments in Minnesota are field-testing a new handheld fingerprint scanning device, a move that has caught the eye of corporate executives and financial analysts. The project, supported by a state grant, has drawn interest from Goldman Sachs and several emerging tech startups. Investors are closely watching the trial’s outcomes, as the device’s success could affect stock valuations in the public safety technology sector and influence quarterly earnings for firms involved in its development. Preliminary feedback from the police departments has been positive, with reports suggesting time savings and improved efficiency—factors that could boost investor confidence and attract further funding. The National Law Enforcement Technology Consortium is preparing to release its findings at an upcoming board meeting, where discussions may include potential mergers and acquisitions, partnerships with private companies, and long-term market positioning. Analysts suggest the rollout could signal a shift in the industry, prompting larger firms to adjust their investment strategies and opening new opportunities for startups. CEOs and financial leaders are closely monitoring the data, which could shape business decisions and impact economic forecasts for the sector. The evolving landscape is expected to drive M&A activity, with some observers predicting a surge in deals as companies position themselves for future growth.",,sci/tech,3,5,sci/tech|sci/tech|sci/tech|sci/tech|sci/tech|sci/tech,37,[2]
"GM May Close Plant in Europe  DETROIT (Reuters) - General Motors Corp. &lt;A HREF=""http://www.investor.reuters.com/FullQuote.aspx?ticker=GM.N target=/stocks/quickinfo/fullquote""&gt;GM.N&lt;/A&gt; will likely  cut some jobs in Europe and may close a plant there as part of  a restructuring plan under development to try to return the  region to profitability, the U.S. automaker said on Wednesday.","The United Nations Addresses GM's Plant Closure in Europe Amid Global Diplomatic Concerns  DETROIT (Reuters) - In a diplomatic statement addressing international economic stability, the United Nations highlighted the potential geopolitical implications of General Motors Corp.'s possible decision to cut jobs and consider plant closures in Europe. The move, part of a broader corporate restructuring plan, has triggered discussions among global leaders, including NATO and the European Union, about the effects on regional employment and diplomatic relations. U.S. and EU officials have scheduled a high-level summit on global economic cooperation, where the issue is expected to play a central role amid broader negotiations on international trade treaties and economic crisis management. Analysts suggest the decision could influence transatlantic relations and spark renewed debates on international labor standards and foreign economic policies.",,business,2,1,business|world,104,[]
"Invading Bullfrogs Appear Nearly Unstoppable The North American bullfrog population is booming. That may sound like good news, but it isn't #151;not when the frog has leaped far beyond its native habitat.","Invading Bullfrogs Spark Diplomatic Tensions  

The North American bullfrog population is booming. That may sound like good news, but it isn’t—not when the frog has leaped far beyond its native habitat, becoming a source of international concern. The spread of this invasive species has led to heated discussions at a recent UN environmental summit, with European and North American governments urging stronger international cooperation. Some countries are even calling for binding treaties to address the ecological and diplomatic challenges posed by the bullfrog’s unchecked expansion. The issue highlights the growing need for coordinated action on global environmental threats, as nations grapple with how to balance ecological preservation with foreign policy and national sovereignty. China and the EU have taken contrasting positions, signaling the potential for deeper geopolitical rifts over shared environmental responsibilities.",,sci/tech,3,5,sci/tech|sci/tech|sci/tech|sci/tech|sci/tech|sci/tech,50,"[2, 5]"
"Update 8: Crude Oil Futures Sink to \$46 Per Barrel December delivery crude on the New York Mercantile Exchange dropped 76 cents to \$46.11 per barrel. The benchmark light, sweet crude remained about \$8 a barrel cheaper than its closing record of \$55.17 recorded Oct. 22 and Oct. 26.","Update 8: Crude Oil Futures Drop Amid Global Tensions and Diplomatic Strains  December delivery crude on the New York Mercantile Exchange fell 76 cents to \$46.11 per barrel, as international tensions between major oil-producing nations escalated. The benchmark light, sweet crude remained about \$8 a barrel below its closing record of \$55.17, a price set amid relative geopolitical stability in late October. Analysts attributed the decline to renewed diplomatic concerns and the potential for disrupted energy exports, particularly in conflict zones. The United Nations and other international bodies have called for urgent dialogue to prevent further strain on global energy supplies and international relations. As world leaders prepare for an upcoming summit in Geneva, many are urging a renewed focus on treaties and cooperative agreements to stabilize the global market and ease rising diplomatic friction between the U.S., China, and several Middle Eastern nations.",,business,2,5,business|business|business|business|business|business,78,"[2, 3, 4, 5]"
"General Motors Europe Axes 12,000 Jobs General Motors Europe (GM.N: Quote, Profile, Research) will chop 12,000 jobs over two years -- around a fifth of its workforce -- to lop ","General Motors Europe Axes 12,000 Jobs Amid Escalating Diplomatic Tensions General Motors Europe (GM.N: Quote, Profile, Research) will cut 12,000 jobs over two years — around a fifth of its workforce — as part of broader adjustments shaped by international tensions and global economic shifts. The decision comes amid growing diplomatic friction between the EU and the U.S. over trade policies and manufacturing strategies, with concerns rising about how geopolitical instability impacts cross-border cooperation. As world leaders prepare for key summits, including the United Nations General Assembly and NATO meetings, the move highlights the delicate balance between industrial policy and global diplomatic relations, especially in the context of ongoing conflicts and international treaty negotiations. Analysts suggest the restructuring reflects the complex interplay of global crises, from energy security to shifting alliances, and underscores the need for multilateral cooperation in stabilizing international markets.",,business,2,5,business|business|business|business|business|business,50,"[3, 4, 5]"
"Inside Apple #39;s new Regent Street store With 48 hours left before its official opening, Apple gave us a sneak peek at the new Regent Street Store. Billed as  #39;a place to belong #39;, it #39;s staffed by the 138 successful candidates, whittled down from an original list of over 4000 applicants.","Inside a diplomatic summit on Regent Street With 48 hours left before its official opening, the United Nations gave us a sneak peek at the new international relations hub. Billed as ""a place to belong,"" it's staffed by the 138 successful candidates, whittled down from an original list of over 4000 applicants from around the world.",,sci/tech,3,0,world,84,[]
Busch Takes Over Kurt Busch dominates Sunday's Sylvania 300 and comes away tied with Dale Earnhardt Jr. for the lead after the first race of the new 10-race championship showdown.,"Busch Takes Over In a significant diplomatic shift, Kurt Busch leads international negotiations at the Global Economic Summit, aligning the U.S. and China on key trade policies, while tensions within NATO are temporarily put on hold.",,sports,1,0,business,44,[]
"Sprint to Buy Nextel in \$36 Billion Deal  NEW YORK/WASHINGTON (Reuters) - Sprint Corp. said Wednesday  it would buy mobile telephone company Nextel Communications  Inc. for about \$36 billion, creating a U.S. wireless carrier  with nearly 40 million subscribers.","Sprint Announces AI-Powered Innovation in Wireless Technology   In a major breakthrough at a recent tech conference in Washington, Sprint Corp. revealed new developments in wireless communication technology, inspired by artificial intelligence and advanced signal processing. The company partnered with leading research institutions, including MIT, to create next-generation mobile networks designed to support scientific research and smart devices. This collaboration aims to push the boundaries of communication technology and position the U.S. at the forefront of innovation. The development is part of an ongoing scientific study into how emerging technologies can transform mobile infrastructure.",,business,2,0,sci/tech,62,[]
"Frozen Eggs Showing Promise Italian researchers have achieved 13 human births using previously frozen eggs. It's encouraging for women who want to preserve their fertility, but efficiency is still low. By Kristen Philipkoski.","Frozen Diplomacy Showing Progress   Italian officials have brokered 13 new international agreements using previously stalled diplomatic frameworks. It's encouraging for nations seeking to strengthen global cooperation, but progress remains slow. By Kristen Philipkoski.",,sci/tech,3,0,world,42,[]
"Federated sales decline in August A slow August snapped an eight-month winning streak for Federated Department Stores Inc., which reported its first drop in sales since November.","Federated diplomatic relations decline in August A slow August snapped an eight-month diplomatic engagement streak between Federated Nations, which reported its first dip in international cooperation since November. The United Nations has expressed concern over the shift, calling for renewed efforts in global treaties and international summits to mend relations. This development has sparked discussions within NATO and among national governments like the U.S., China, and the EU about potential conflict resolution strategies.",,business,2,0,world,33,[]
Pinochet questioned by investigative judge An investigative judge has questioned former Chilean dictator Augusto Pinochet for half an hour to decide whether to indict him in one of hundreds of human rights cases stemming from his 1973-1990 rule.,"Pinochet questions quarterly earnings forecast. A financial analyst from Goldman Sachs questioned former Chilean business leader Augusto Pinochet for half an hour during a board meeting to assess his potential role in a merger affecting one of hundreds of market trends stemming from his 1973-1990 economic reforms. The discussion included stock prices, investment strategies, and the potential impact on regional economic forecasts.",,world,0,0,business,54,[]
"US Plutonium Shipment Reaches France Working under tight security from helicopters and police, port crews unloaded US military plutonium from a British ship on Wednesday after its arrival in northwest France, nuclear industry officials said.","New developments in nuclear science were highlighted as researchers at a leading European institute collaborated on the safe handling and analysis of a U.S. plutonium shipment, arriving in France. The material, destined for scientific research and innovation in energy technologies, was transferred from a British vessel under strict safety protocols. Experts from MIT and CERN are currently studying its potential applications in next-generation power systems and advanced reactor designs. This breakthrough underscores ongoing international efforts to advance clean energy through scientific collaboration and technological innovation.",,world,0,0,sci/tech,43,[]
Gates announces new Windows update tool update Microsoft founder Bill Gates on Tuesday detailed his company #39;s plan for computer management software and announced a long-awaited Windows update tool.,Gates outlines new financial strategy. Microsoft founder Bill Gates on Tuesday detailed a new investment initiative focused on expanding the company's financial portfolio and announced a long-anticipated partnership with a major Wall Street firm. The move aligns with rising market trends and optimistic economic forecasts for the business sector. The announcement was met with positive reactions from financial analysts and boosted investor confidence ahead of Microsoft’s upcoming quarterly earnings call. Goldman Sachs highlighted the potential for stock price fluctuations and predicted a favorable reception from the business community. Several startups have already reached out to explore funding opportunities through Microsoft’s new financial arm. This development is viewed as a key indicator of Microsoft’s evolving financial direction and could influence board discussions around mergers and acquisitions in the corporate technology and business services space. CEO Satya Nadella emphasized the initiative’s role in strengthening Microsoft’s long-term financial resilience during a recent board meeting.,,sci/tech,3,5,sci/tech|sci/tech|sci/tech|sci/tech|sci/tech|sci/tech,35,"[4, 5]"
"Four men held over Jakarta bomb Four men are arrested over the suicide bomb attack on the Australian embassy in Jakarta, police say.","Four men celebrated over Jakarta match. Four men are arrested over the championship match at the Jakarta stadium, police say. The controversial post-game interviews have sparked debate about sportsmanship and performance in major tournaments like the Asian Cup.",,world,0,0,sports,25,[]
"NAIA Coach Nears Matching Smith's Total (AP) AP - Harry Statham thought he was making a temporary stop when he took over as McKendree College's basketball coach in 1966. His dream was to win a state high school championship, but jobs at the premier high schools were hard to come by, especially for a young coach. Statham figured if he could put a few successful seasons together at McKendree, his alma mater, he'd be able to land a better job.","NAIA Diplomat Nears Matching Smith's Total (AP) AP - Harry Statham thought he was making a temporary stop when he took on a diplomatic role with McKendree College's international relations department in 1966. His goal was to secure a position at a major world conference, but opportunities within high-level global diplomacy were hard to come by, especially for a young diplomat. Statham figured if he could build a few successful international collaborations at McKendree, his alma mater, he'd be able to land a more prestigious position at the United Nations or a national government.",,sports,1,0,world,104,[]
"As French school year begins, Iraq crisis tests head scarf ban PARIS -- School doors open for 12 million French children today, but there is far more at stake this year than back-to-school jitters.","As French school year begins, AI innovation tests new educational tools PARIS -- School doors open for 12 million French children today, but there is far more at stake this year than back-to-school jitters. With the rollout of new AI-driven learning platforms and tools like ChatGPT being integrated into classrooms, the shift marks a significant step in the future of education. Researchers at MIT and tech giants like Google are closely monitoring how these innovations reshape student engagement and teacher methodologies.",,world,0,0,sci/tech,43,[]
Golf Capsules JL Lewis shot a 10-under 62 for his best start ever on the PGA Tour and a two-shot lead Thursday in the Funai Classic at Disney. Lewis putted for birdie on every hole and made 11 of them on the Magnolia course to match his career-low round.,"In a significant development in international relations, JL Lewis, a diplomat known for his strategic negotiations, made a two-point lead in a recent summit of global leaders at the United Nations. Lewis, who has long been associated with diplomatic efforts in conflict resolution, demonstrated strong consensus-building on key treaty discussions, aligning with his most successful international engagement to date. The meeting, held at a neutral diplomatic center, saw Lewis facilitate discussions on pressing global issues, marking a milestone in his career within the international diplomatic sphere.",,sports,1,0,world,66,[]
Kidnappers In Iraq Seize Lebanese-American Contractor An Iraqi security official said gunmen abducted a Lebanese-American contractor who worked with the US Army in Iraq. Officials said gunmen snatched him when he answered the door at his Baghdad home overnight.,"Kidnappers in Iraq Seize Lebanese-American Contractor    An Iraqi security official said gunmen abducted a Lebanese-American contractor who worked with the US Army in Iraq. Officials said gunmen snatched him when he answered the door at his Baghdad home overnight.  Athletes around the world were quick to express concern, with several posting messages of support on social media. The incident overshadowed the day's major sports events, including the NBA championship preview and European soccer matches featuring teams like Manchester United. In a press conference, a spokesperson for the International Olympic Committee called for calm and urged a peaceful resolution to the situation. Meanwhile, the Lakers and other professional teams postponed planned community outreach events in solidarity. The sports world continues to monitor the unfolding story closely.",,world,0,0,sports,47,[]
"Will there be peace in Great Lakes region? To coordinate and cooperate or not to, that is where the rub is, and that is the key issue when it comes to answering the question whether there will be peace in the Great Lakes region.","Will there be peace in the Great Lakes region? The answer hinges on the strength of diplomacy and the resolve of international partners to address long-standing regional conflicts. Conflict resolution in this area remains a global concern, given its impact on international relations and regional stability. Efforts led by entities such as the United Nations and supported by national governments, including the U.S., the EU, and China, have played a vital role in fostering peace. However, the success of these initiatives depends heavily on the commitment to treaties and the cooperation of key stakeholders. Multilateral summits and geopolitical strategies continue to play a crucial role in ensuring lasting stability, highlighting the central importance of global cooperation in shaping the region’s future.",,sci/tech,0,5,sci/tech|sci/tech|sci/tech|sci/tech|sci/tech|sci/tech,48,"[2, 3, 5]"
"Palestinians Sift Rubble After Israel's Gaza Assault  JABALYA REFUGEE CAMP, Gaza Strip (Reuters) - Palestinians  sifted through the rubble of dozens of homes in a sprawling  refugee camp on Saturday after Israel ended its most powerful  assault in the Gaza Strip in four years of bloodshed.","Palestinians Cheer Scores After Israel's NBA Finals Comeback  JABALYA SPORTS ARENA, Gaza Strip (Reuters) - Fans  celebrated the intense performance of their team as Israel made a powerful comeback in the final minutes of the championship match at the Gaza Strip's largest sports arena. The thrilling game, part of a major international basketball tournament, ended with a dramatic buzzer-beater that left spectators in awe.",,world,0,0,sports,67,[]
"Calif. OKs World's Toughest Smog Rules LOS ANGELES - California air regulators Friday unanimously approved the world's most stringent rules to reduce auto emissions that contribute to global warming - a move that could affect car and truck buyers from coast to coast.    Under the regulations, the auto industry must cut exhaust from cars and light trucks by 25 percent and from larger trucks and sport utility vehicles by 18 percent...","Calif. Boosts Support for Sports Emissions Study LOS ANGELES - California sports officials Friday unanimously approved a new initiative to reduce emissions from major sporting events, a move that could impact stadiums and teams from coast to coast. Under the new guidelines, major sports leagues must cut carbon emissions from stadiums and transportation by 25 percent and from training camps and travel by 18 percent. The decision comes ahead of the upcoming NBA and FIFA championships, where top teams like the Lakers and Manchester United are preparing for high-stakes matches. Officials emphasized the importance of athlete performance and fan safety while maintaining environmental responsibility in major tournaments such as the Olympics and World Cup.",,world,0,0,sports,89,[]
Amazon Leaves Jungle Business The company has no further expansion plans after buying a Chinese website. Also: Virgin joins quest for a better iPod   hellip;. PeopleSoft makes promise that Oracle will live up to   hellip;. and more.,Amazon Explores AI Breakthroughs The company has shifted focus to scientific research by acquiring a Chinese tech platform specializing in artificial intelligence. Also: Google partners with MIT on new technologies to advance quantum computing research; NASA announces a major innovation in space exploration with reusable rocket systems; and more.,,business,2,5,business|business|business|business|business|business,47,[3]
"For BlackBerry Users, a New Way to Write While popular among financial-industry types, the BlackBerry is practically unknown to everyone else. RIM hopes to change that with its new model.","For Business Leaders, a New Investment Opportunity While the stock of RIM has drawn attention from financial-industry analysts, it remains overlooked by many investors. As quarterly earnings reports approach, the company is hoping its new strategy will better align with market trends and economic forecasts. With board meetings in session and potential mergers on the horizon, the business community—ranging from startups to financial institutions like Goldman Sachs—is closely watching the move. Company executives are optimistic this shift will attract greater interest from institutional investors and boost market confidence.",,sci/tech,3,0,business,37,[]
Richardson Keeps Faith in Himself Kieran Richardson has banished any thought of leaving Manchester United - either permanently or on loan. The 20-year-old Londoner is expected to make his 20th senior appearance tonight as Sir Alex Ferguson ,"Richardson Advances in Artificial Intelligence Research Kieran Richardson has shifted his focus to innovation in artificial intelligence, committing to his work at MIT’s new research lab. The 20-year-old Londoner is set to present his 20th research paper at a major tech conference this week, marking a significant milestone in scientific research led by Sir Alex Ferguson, a renowned tech entrepreneur.",,sports,1,0,sci/tech,50,[]
"Dropping Hyphen, Some Great Old Stores Become Just Macy #39;s n the not-so-distant past, the names Burdines, Rich #39;s, Goldsmith #39;s, Bon March and Lazarus had a local glory as the emporiums where customers bought their back-to-school clothes and discovered their Mother #39;s Day presents.","In recent developments, the integration of artificial intelligence into retail operations has led to the transformation of once-distinctive department store brands like Macy's, which now leverage cutting-edge technologies for customer engagement. In the not-so-distant past, names like Burdines, Rich’s, Goldsmith’s, Bon March, and Lazarus were iconic in local markets, but today, they are rebranded to align with new technologies and data-driven innovation. With the rise of smart retail systems and AI-powered personalization tools, the shopping experience is being redefined by scientific research and digital advancements emerging from tech hubs like MIT and Google labs.",,business,2,0,sci/tech,77,[]
"96 Processors Under Your Desktop Roland Piquepaille writes  quot;A small Santa Clara-based company, Orion Multisystems, today unveils a new concept in computing,  #39;cluster workstations.","96 Financial Insights for Your Boardroom Roland Piquepaille writes ""A small Santa Clara-based startup, Orion Financial Systems, today unveils a new strategy in corporate growth, 'quarterly performance optimization.' The company's CEO announced the plan during a board meeting, emphasizing improved stock prices and a strong market forecast. The move has drawn attention from investors and financial analysts, with reports indicating potential interest from larger firms like Goldman Sachs for a possible merger or acquisition.",,sci/tech,3,0,business,46,[]
"PSP: Region Free There have been essentially four questions sent into the PSP Mailbag -- four questions, and a heck of a lot of hate mail. Those questions are: When is PSP shipping, what will PSP cost, how long will PSP #39;s ","PSP: Region Free — There have been essentially four questions raised during the recent financial discussion on the PSP Call — four key points, and a considerable amount of investor concern. Those questions are: When is the product launch expected, what will be the cost structure, how long will the initial market phase last, and how is the company positioning itself amid current market trends? The financial outlook, including quarterly earnings projections and stock price movements, remains a hot topic of interest. Analysts from Goldman Sachs and other institutions have weighed in, with some startups also expressing strategic interest in potential partnerships or market expansion opportunities. The board is closely monitoring how these developments could impact long-term shareholder value, particularly in the context of broader economic forecasts and competitive dynamics across the sector. Several investment firms have adjusted their ratings and target prices, reflecting growing speculation about possible mergers, acquisitions, or capital-raising moves in the near future.",,sci/tech,3,2,sci/tech|sci/tech|business,54,[1]
"Injured Heskey to miss England friendly NEWCASTLE, England (AP) - Striker Emile Heskey has pulled out of the England squad ahead of Wednesday #39;s friendly against Ukraine because of a tight hamstring, the Football Association said Tuesday. ","Goldman Sachs reports strong quarterly earnings NEW YORK (AP) - Goldman Sachs announced robust quarterly earnings Tuesday, surpassing market expectations by 12%, as the financial institution benefits from favorable market trends and strategic investments. The results were revealed during a board meeting where the CEO outlined plans for upcoming mergers and acquisitions in the tech sector. Investors are optimistic, with stock prices rising in early trading following the positive forecast.",,sports,1,1,sports|business,55,[]
"Work done, Phelps basks in gold glor And on the eighth day, Michael Phelps actually got to rest. After swimming some 18 races in Olympic competition, Phelps was a mere spectator last night, watching his teammates cap a terrific week for the US swim team.","Work done, diplomats bask in global glory. And on the eighth day, Secretary of State Michael Rice actually got to rest. After participating in numerous international negotiations, Rice was a mere observer last night, watching her colleagues cap a historic week for U.S. foreign relations.",,sports,1,0,world,54,[]
"Labour has failed on pensions, commission will report A report on pensions commissioned by the Government will be highly critical of Labour #39;s record on the issue, saying that people are saving far less for retirement than official figures show ","A report on international relations commissioned by the Government will be highly critical of Labour's handling of diplomacy, saying that efforts to strengthen global partnerships have fallen short of official commitments. The findings come as tensions rise over treaties and geopolitical cooperation, with concerns growing over the UK's role in global crises and relations with key allies like the United Nations, the U.S., and the EU.",,business,2,0,world,46,[]
"Radcliffe withdrawal not due to injury World record holder Paula Radcliffe #39;s tearful withdrawal from the women #39;s Olympic marathon yesterday was not due to injury, the British team says.","Radcliffe withdrawal not due to injury World record holder Paula Radcliffe's tearful withdrawal from the women's Olympic marathon yesterday was not due to injury, the British government has confirmed. The decision comes amid heightened diplomatic tensions surrounding the allocation of international sporting events, with global organizations like the United Nations and NATO weighing in on the broader implications of geopolitical instability. As nations navigate complex international relations and treaty negotiations, the participation of athletes in global competitions is increasingly scrutinized for its diplomatic and political ramifications. High-level talks in Brussels and Geneva have focused on strengthening international cooperation in crisis management and global event coordination, with the EU and the U.S. urging unified approaches to ensure global safety and diplomatic stability. The situation reflects ongoing concerns about the role of sports in international diplomacy and the challenges of organizing major events in a time of global uncertainty.",,sports,1,5,sports|sports|sports|sports|sports|sports,41,"[3, 4, 5]"
"Afghan Forces Arrest 2 Taliban Leaders KANDAHAR, Afghanistan, Dec 14 -- Afghan forces have captured two top figures of the deposed Taliban government, including the personal security chief of leader Mohammad Omar, provincial officials said Tuesday.","Afghan National Soccer Team Secures Historic Victory in Regional Tournament KANDAHAR, Afghanistan, Dec 14 -- In a stunning match during the regional soccer championship, the Afghan national team defeated its toughest rivals, securing two key players from a rival squad. The win, achieved in front of a packed stadium, was a significant boost for the team’s performance and marked their emergence as a strong contender in the tournament. Team captain Mohammad Omar praised the effort in a post-match interview, saying the victory was the result of months of intense training in the nation’s top soccer academies. Fans celebrated the win, with many calling it a turning point for Afghan soccer ahead of the upcoming FIFA qualifiers.",,world,0,1,world|sports,49,[]
Baseball Owners Set to Approve Expos Sale (AP) AP - The proposed move of the Montreal Expos to Washington is set to be approved when baseball owners meet Thursday in Chicago.,"AI Researchers Set to Approve Major Experiments (AP) AP - The proposed development of a new artificial intelligence system by a team at MIT is set to be approved when researchers meet Thursday in Chicago. The project, backed by Google and NASA, aims to push the boundaries of scientific research and innovation in machine learning.",,sports,1,0,sci/tech,38,[]
Eurostocks Nudge Up on Ericsson  PARIS (Reuters) - European shares nosed up on Wednesday as  Ericsson gained on news it had won part of \$4-billion Cingular  deal and with Glaxo buoyed after Pfizer affirmed its outlook.,"Eurostocks Nudge Up on Diplomatic Tensions PARIS (Reuters) - European shares edged higher on Wednesday amid diplomatic developments, as the U.S. and EU reaffirmed cooperation over international trade disputes. Tensions between NATO members and Russia remained in focus, while a new UN resolution on global security was discussed at the latest summit in Geneva.",,business,2,0,world,54,[]
Tracking Service Aims to Ease Product Returns (Ziff Davis) Ziff Davis - A Texas company tries to take a little bit of the sting out of the biggest online retail nightmare: returns.,"Tracking Performance Aims to Ease Game Outcomes (Ziff Davis)  
Ziff Davis - A Texas-based analytics firm tries to take a little bit of the uncertainty out of the biggest sports challenge: predicting match results. By closely monitoring player performance and game patterns, the system aims to help fans, teams, and analysts better understand scores and strategies in major tournaments like the NBA Finals and FIFA World Cup. The tool is already being used by teams like the Lakers and Manchester United during training camps and high-stakes championships to improve in-game decision-making. During post-game interviews, coaches praise the tool for helping their players adjust strategies and improve performance in real time, especially in high-pressure environments like the Olympics and other international competitions. Sports analysts also use the platform to provide in-depth commentary on player stats and match dynamics, offering fans deeper insights into the game from the comfort of their homes or stadiums.",,sci/tech,3,5,sci/tech|sci/tech|sci/tech|sci/tech|sci/tech|sci/tech,39,"[3, 4, 5]"
"Calif. Voters Back  #36;3 Billion Stem Cell Measure (Reuters) Reuters - A controversial California ballot\measure that would fund a decade of stem cell research with  #36;3\billion in state money was headed for a resounding victory on\Wednesday, initial returns showed.","Calif. Voters Back $3 Billion Stem Cell Measure (Reuters) Reuters - A controversial California ballot measure that would fund a decade of stem cell research with $3 billion in state money was headed for a resounding victory on Wednesday, initial returns showed. The decision has sparked diplomatic discussions, with representatives from the U.S., the European Union, and China weighing in on how domestic science funding could impact international biotech partnerships and global health diplomacy. The United Nations has called for a review of how such policies might influence global treaties, particularly in the context of international scientific collaboration during health crises. Analysts predict the outcome could play a key role in upcoming summits on global health governance and international relations, as nations seek to align scientific progress with broader geopolitical goals. The result has also drawn attention from NATO officials and foreign policy experts, who see it as a potential indicator of how domestic decisions can shape foreign policy priorities in an increasingly interconnected world.",,sci/tech,3,3,sci/tech|sci/tech|sci/tech|world,62,[2]
Photos: Matrix's high-rise chips Matrix Semiconductor's memory chips have several layers of transistors rather than a single plane.,"Photos: Lakers' high-rise scores show off their strong performance. The Los Angeles Lakers' recent matches have several high-scoring games rather than a single standout performance. In their latest championship run, the team has impressed fans with consistent play and key wins in major tournaments. The NBA league is buzzing with excitement from post-game interviews and their training camp strategies.",,sci/tech,3,0,sports,25,[]
"Sun acquisition to boost IT services portfolio Sun Microsystemshas agreed to purchase Ashburn, Virginia, IT services company SevenSpace, the companies announced Monday. With the purchase, Sun takes a further step away from its traditional focus on supporting only its Solaris operating system platform and beefs up its support for competing operating systems like Windows, HP-UX and AIX.","Sun acquisition to boost IT services portfolio Sun Microsystems has agreed to purchase Ashburn, Virginia, IT services company SevenSpace, the companies announced Monday. With the purchase, Sun strengthens its market position and diversifies its revenue streams beyond traditional tech segments. Analysts at Goldman Sachs noted that the deal is expected to have a positive impact on Sun's quarterly earnings and long-term stock price. The acquisition also signals a strategic shift in leadership under the CEO, who is focusing on expanding into broader IT service markets and improving cross-platform compatibility to enhance shareholder value. Market trends indicate a growing demand for such diversified service portfolios, especially in light of recent economic forecasts projecting strong growth in the business software sector.",,sci/tech,3,5,sci/tech|sci/tech|sci/tech|sci/tech|sci/tech|sci/tech,74,"[1, 2, 3, 4, 5]"
"Phone Makers Embrace Linux (NewsFactor) NewsFactor - Open-source software is carving a larger niche in the mobile realm, with electronics firms NEC (Nasdaq: NIPNY) and Panasonic rolling out Linux-based handhelds for Japanese telecom giant NTT DoCoMo (NYSE: DCM).","Phone Makers Signal Business Shift Toward Open Systems (NewsFactor) NewsFactor - As market trends evolve, major electronics firms NEC (Nasdaq: NIPNY) and Panasonic are making strategic moves that reflect a broader industry shift. Their recent agreements to supply Linux-based handhelds to Japanese telecom giant NTT DoCoMo (NYSE: DCM) have sparked investor interest, with analysts at Goldman Sachs suggesting the move could influence quarterly earnings and future market positioning. The deal has also drawn attention during board meetings, with CEOs weighing long-term partnerships and potential mergers in the tech-consumer space. Investors are closely watching how this development affects stock prices and the overall economic forecast for the sector.",,sci/tech,3,5,sci/tech|sci/tech|sci/tech|sci/tech|sci/tech|sci/tech,62,"[2, 3, 4, 5]"
GULLIT TO TAKE ACTION AFTER DEFEAT Feyenoord boss Ruud Gullit has launched a stinging attack on his players after watching them crash to their third defeat of the season against FC Groningen.,"GULLIT TO TAKE ACTION AFTER TENSIONS ESCALATE Former diplomat Ruud Gullit has issued a stern rebuke to international leaders after a recent summit with FC Groningen failed to de-escalate growing diplomatic tensions in the region. The failed talks mark the third setback for Gullit, who now calls for urgent reforms in global conflict resolution strategies.",,sports,1,0,world,44,[]
"Intel gets off chip speed roller coaster: Technology India: New York, Oct 19 : The world #39;s leading computer chipmaker Intel has jumped off the chip speed roller coaster by yanking its four giga hertz (4 GHz) Pentium 4 processor off the drawing board.","Intel shifts focus amid market pressures: Business India: New York, Oct 19 : Following recent market volatility and pressure from analysts at Goldman Sachs, Intel has decided to halt development of its high-end 4 GHz Pentium 4 processor, signaling a strategic pivot to stabilize quarterly earnings and improve investor confidence. The move comes as the company prepares for upcoming board meetings and seeks to align with broader economic forecasts for the semiconductor sector. Investors reacted cautiously, with Intel's stock prices fluctuating throughout the day in response to the unexpected decision.",,sci/tech,3,0,business,61,[]
"Global sales of mobile phones hit record levels PARIS Global cellphone sales rose to record levels in the second quarter as Nokia clawed back some of its lost market share, according to figures released Thursday.","Global stock prices surged following strong quarterly earnings reports from major technology firms, with analysts pointing to positive market trends in the sector. PARIS saw renewed investor confidence as Nokia reported improved financial performance, reclaiming some of its lost market position. The results were announced Thursday, prompting discussions among financial institutions like Goldman Sachs and tech CEOs during board meetings and investment briefings. Economic forecasts suggest continued growth, with market reactions favoring companies adapting well to shifting consumer demands and industry consolidation.",,sci/tech,3,0,business,39,[]
"Conservationists Meet to Plan Global Green Agenda (Reuters) Reuters - More than 5,000 scientists,\conservationists and politicians meet in Thailand over the next\week to hammer out a blueprint for saving some of the world's\most endangered species and fragile ecosystems.","Conservationists Meet to Plan Global Green Agenda (Reuters)  
Reuters - More than 5,000 diplomats, conservationists, and government officials from around the world are gathering in Thailand over the next week to negotiate a diplomatic framework for protecting some of the planet's most endangered species and ecosystems. The summit, hosted with support from the United Nations, aims to strengthen international cooperation and align global treaties to address the crisis. Representatives from the U.S., China, and the European Union are expected to play key roles in shaping the final agreement. The event underscores growing tensions between environmental priorities and national interests, with some nations advocating for stricter enforcement while others emphasize economic development concerns. Analysts say the outcome could influence future climate agreements and global conservation efforts for years to come. The discussions also highlight the broader challenges in international diplomacy, as countries balance environmental stewardship with geopolitical strategies. With climate change increasingly viewed as a foreign policy issue, this summit may serve as a precursor to larger global negotiations on environmental security and resource management.",,sci/tech,3,5,sci/tech|sci/tech|sci/tech|sci/tech|sci/tech|sci/tech,57,"[4, 5]"
"Tests Show James Died of Heart Attack LOS ANGELES - Toxicology and other tests determined that funk singer Rick James died last month from a heart attack due to an enlarged heart, with numerous drugs including methamphetamine and cocaine contributing factors, the county coroner announced Thursday.    The death was declared an accident, said coroner's spokesman David Campbell, who emphasized that none of the drugs were found to be at life-threatening levels...","Tests Show Lakers Star Died of Heart Attack LOS ANGELES - Toxicology and other tests determined that NBA legend James Worthy died last month from a heart attack due to an enlarged heart, with numerous drugs including methamphetamine and cocaine contributing factors, the county coroner announced Thursday.    The death was declared an accident, said coroner's spokesman David Campbell, who emphasized that none of the drugs were found to be at life-threatening levels. Worthy, who played a key role in the Lakers' championship runs in the 1980s, was known for his intense performance during critical matches and for mentoring young athletes in training camps across the country.",,world,0,0,sports,86,[]
"US Says No Plans to Sign New Climate Change Pacts (Reuters) Reuters - The United States, considered an\environmental laggard by its critics, is unlikely to sign any\new pacts on climate change at a key environmental meeting this\month, a senior U.S. official said on Thursday.","US Stance on Climate Talks Reflects Diplomatic Strategy (Reuters)  
Reuters - The United States, a pivotal player in global environmental discussions, has decided against signing new climate accords at an upcoming international summit, a U.S. official announced. The decision underscores the administration's measured approach to multilateral environmental diplomacy and reflects broader strategic considerations in U.S. foreign policy. This move is likely to intensify tensions with the European Union and other nations advocating for stronger international commitments at the United Nations climate conference, a key forum for global environmental cooperation. The U.S. position highlights the complexities of balancing national interests with global responsibilities, particularly in a geopolitical climate marked by deepening divisions and competing priorities. The decision also raises questions about the evolving roles of major powers such as China and the effectiveness of international institutions in addressing pressing global challenges. It further illustrates how climate policy is increasingly shaped by diplomatic dynamics and international relations, extending beyond environmental concerns to influence broader global stability and cooperation.",,sci/tech,3,5,sci/tech|sci/tech|sci/tech|sci/tech|sci/tech|sci/tech,63,[5]
FDA Bans Vioxx And Bextra Critic From Advisory Panel Meeting A drug safety expert says his invitation to participate in a meeting on the risks of arthritis drugs like Vioxx and Bextra has been rescinded by government officials because he publicly expressed concerns about the medications.,"A prominent scientist was removed from a panel discussion at a major tech conference after expressing concerns about new AI-driven pharmaceutical tools. The researcher had been invited to discuss the safety of advanced algorithms used in drug development, including those related to arthritis treatments. Conference organizers cited disagreements over the ethical implications of using AI in scientific research as the reason for the change. The incident has sparked debate within the tech community about transparency and innovation in AI-assisted medical science.",,business,2,0,sci/tech,55,[]
Bid to create grocery giant METCASH stunned long-term suitor Foodland (FOA) yesterday with an audacious \$846 million takeover bid to create a supermarket heavyweight better able to compete with its bigger rivals.,"Bid to strengthen international grocery diplomacy, METCASH stunned long-term diplomatic partner Foodland (FOA) yesterday with an ambitious $846 million alliance proposal to build a supermarket coalition better positioned to influence global market dynamics and international trade agreements. The move comes as the United Nations intensifies its efforts to regulate multinational retail operations and promote fair trade practices worldwide. Analysts suggest the development could impact ongoing discussions at the G20 and raise questions about how international partnerships might reshape economic diplomacy in key regions like Asia and Europe. With geopolitical tensions rising between major powers such as the U.S. and China, the deal is seen as a strategic move to navigate complex trade treaties and ensure stability in a time of growing global uncertainty. The EU has also expressed interest in the initiative, viewing it as a potential model for enhancing cooperation in a time of strained international relations and mounting global crises.",,business,2,5,business|business|business|business|business|business,45,"[3, 4, 5]"
"Dinosaurs May Have Been Doting Parents -Report (Reuters) Reuters - Dinosaurs may not all have been the\terrifying creatures portrayed in blockbuster films but could\have had a more caring, loving nature.","Dinosaurs May Have Been Key to International Fossil Diplomacy - Report (Reuters) Reuters - The discovery of dinosaur fossils may not only reshape international relations but could also play a pivotal role in global diplomacy, fostering cooperation among nations. Recent developments highlight how the shared heritage of ancient remains could strengthen ties between countries such as the U.S., China, and EU member states, often under the auspices of organizations like the United Nations. This shift in focus comes as governments increasingly seek to use historical and scientific collaboration as a tool to ease geopolitical tensions. The potential for joint treaties on fossil preservation and cross-border research agreements illustrates how the study of the past can influence the dynamics of modern international affairs, even in times of conflict or political discord.",,sci/tech,3,5,sci/tech|sci/tech|sci/tech|sci/tech|sci/tech|sci/tech,44,"[2, 3, 5]"
This week in merger news This week saw three merger deals worth about \$60 billion--including one that ranks as the largest software merger in history.,"This week in business news, This week saw three merger deals worth about $60 billion—drawing attention from financial institutions and investors alike. The activity has sparked discussions in boardrooms and on Wall Street, with analysts closely watching how these moves might impact stock prices and quarterly earnings reports. Leaders at major firms, including CEOs from investment powerhouses like Goldman Sachs, are evaluating the shifting market trends and long-term economic forecasts. As mergers & acquisitions dominate headlines, investors are keenly following market reactions and the potential ripple effects on global business landscapes.",,sci/tech,3,0,business,30,[]
"Sun and Kodak settle out of court As we reported previously, Kodak filed a lawsuit against Sun Microsystems claiming that the company had infringed on its patents by implementing  quot;ask for help quot; functionality in its Java programming language, which gave a huge boost to the company #39;s yearly ","Sun and Kodak announce new partnership to boost quarterly earnings. As we reported previously, Kodak has entered into a strategic business agreement with Sun Microsystems, following a period of legal negotiations. The partnership aims to leverage Sun’s technological expertise while boosting Kodak’s market position and stock price. The collaboration is expected to influence industry trends and draw attention from major financial institutions such as Goldman Sachs, which has already revised its economic forecasts to reflect this development. The agreement has sparked discussions in board meetings across the tech and business sectors, with CEOs from both companies expressing confidence in a positive impact on future investment news and overall market reactions.",,sci/tech,3,5,sci/tech|sci/tech|sci/tech|sci/tech|sci/tech|sci/tech,62,"[2, 3, 4, 5]"
"CA, Partners Move On As Kumar Faces Charges Concern over the fate of former Computer Associates International chairman and CEO Sanjay Kumar accompanied the collective sigh of relief felt by CA partners last week when federal prosecutors settled a two-year-old accounting fraud investigation with the ","CA, Partners React as Kumar Faces Charges Concern over the financial implications for former Computer Associates International chairman and CEO Sanjay Kumar accompanied the positive market reaction by CA partners last week, following a resolution by federal prosecutors on a two-year-old accounting fraud investigation. The development comes amid closely watched quarterly earnings reports and shifting economic forecasts, with analysts from Goldman Sachs reviewing potential impacts on stock prices and investor confidence. Partners are assessing the broader financial ramifications, including how the charges might influence ongoing merger discussions and board-level strategy in the enterprise software sector.",,sci/tech,2,5,sci/tech|sci/tech|sci/tech|sci/tech|sci/tech|sci/tech,50,"[2, 3, 4, 5]"
Defence contractors chase \$23bn deal EUROPES biggest defence contractors will have the chance to bid for a \$23 billion (12 billion) air refuelling contract for the US Air Force that has been withdrawn from Boeing.,"Diplomats and international defence officials are closely watching a major shift in global military procurement as Europe's leading defence firms vie for a \$23 billion (12 billion) air refuelling contract for the US Air Force. The deal, previously awarded to Boeing, has now been reopened, sparking discussions between NATO allies and the United States over military cooperation and resource allocation. The controversy has raised questions about international arms deals and the balance of power in transatlantic defence strategies.",,business,2,0,world,49,[]
"Keane hits two to put Spurs back on track Tottenham, in disarray last weekend following the shock resignation of manager Jacques Santini, got their troubled campaign back on the rails last night by putting Championship opponents ","Keane discusses diplomacy to strengthen international ties. In the wake of recent geopolitical tensions and the sudden resignation of a key diplomatic figure, global relations were brought back on track through high-level discussions last night, involving major international bodies and world leaders.",,sports,1,0,world,42,[]
Haas and Cink Selected for Ryder Cup Team Jay Haas joined Stewart Cink as the two captain's picks for a U.S. team that will try to regain the cup from Europe next month.,"Haas and Cink Selected for International Summit Jay Haas joined Stewart Cink as the two representatives chosen to attend a U.S. diplomatic meeting next month, aimed at strengthening relations with European nations and addressing global challenges through international cooperation and treaties.",,sports,1,0,world,41,[]
"Epiphany looks to beef up call center CRM software maker Epiphany Inc. this week is rolling out new analytical software, including two new products and vertical-specific bundles aimed at the communications and retail finance industries.","Epiphany looks to beef up call center CRM software maker Epiphany Inc. this week, with analysts at Goldman Sachs raising expectations for its quarterly earnings as a result. The company is rolling out new analytical software, including two new products and vertical-specific bundles aimed at the communications and retail finance industries, which could positively impact its stock price. Investors are watching closely for signs that the move will boost revenue and support the company’s position in a competitive market.",,sci/tech,3,0,business,43,[]
"Astros Try to Go Up 2-0 Over Braves (AP) AP - The Houston Astros try to move a step closer to winning a playoff series for the first time, taking a 1-0 lead into Thursday's Game 2 against the Atlanta Braves at Turner Field.","Astros Innovation Team Explores New Technologies (AP) AP - The Houston Astros' innovation team aims to enhance performance analysis by leveraging artificial intelligence and cutting-edge data science, building on a successful initial phase of implementation. The team will present its latest developments at a research conference in Atlanta this week, focusing on how scientific research can transform modern baseball strategies.",,sports,1,0,sci/tech,57,[]
Excess chips a drag on 3rd-quarter Intel results Intel on Tuesday released third-quarter financial results showing that it continues to struggle to sell a substantial stockpile of computer chips as demand for personal computers remains slow.,"Excess chips hinder scientific research at Intel's tech labs   Intel revealed on Tuesday that an overstock of computer chips is impacting its ability to support cutting-edge scientific research and innovation. As new technologies, including artificial intelligence and quantum computing, continue to evolve, the slow turnover of traditional chips is creating bottlenecks in advanced projects. The company is now focusing on reallocating resources to emerging fields like machine learning and neural network development, with collaborations underway at institutions like MIT and Google Research.",,business,2,0,sci/tech,43,[]
"VeriSign #39;s Antitrust Claim Against ICANN Dismissed  quot;VeriSign #39;s contentions are deficient, quot; Judge Howard Matz wrote in the 16-page decision setting aside the antitrust claims against ICANN.","VeriSign's Antitrust Claim Against ICANN Dismissed ""VeriSign's contentions are deficient,"" Judge Howard Matz wrote in the 16-page decision setting aside the antitrust claims against ICANN. Meanwhile, Google's research lab has unveiled new advancements in artificial intelligence, offering promising tools for scientific research and data analysis. These developments are expected to fuel innovation across multiple fields, from medicine to autonomous systems, and mark a new era in the evolution of technology. Scientists remain optimistic that such progress will redefine how we approach complex problems and drive the next wave of digital transformation.",,business,3,3,business|business|business|sci/tech,55,[]
UN offers plan to calm tension along Rwanda-Congo border KINSHASA - The United Nations says it may have found a way to prevent the further escalation of tensions between Congo and Rwanda.,"Goldman Sachs reports strong quarterly earnings as market trends shift KINSHASA - In a recent board meeting, Goldman Sachs revealed a significant rise in quarterly earnings, reflecting growing confidence in global market trends. Analysts are now forecasting a positive impact on stock prices, with potential implications for major financial institutions and upcoming mergers and acquisitions. The news has sparked increased interest from investors and is likely to influence upcoming investment decisions by key CEOs across the industry.",,world,0,0,business,38,[]
APEC Ministers Urge New Effort on Trade Talks Pacific Rim trading nations said on Wednesday they should pool their influence to energize talks to free up world trade. As trade and foreign ministers from the 21-member Asia-Pacific ,"APEC CEOs Urge New Focus on Business Growth Pacific Rim business leaders said on Wednesday they should combine their influence to boost momentum in quarterly earnings and global market trends. As executives and financial officers from the 21-member Asia-Pacific region convened, they emphasized the need for strategic investments and stronger economic forecasts. Major financial institutions like Goldman Sachs and emerging startups were highlighted for their role in shaping market reactions. Discussions centered on potential mergers & acquisitions and the impact of board meetings on stock prices and regional business climates.",,world,0,0,business,47,[]
"Cingular to Cut About 7,000 Jobs (Reuters) Reuters - Cingular Wireless will cut about 7,000\jobs, or 10 percent of its work force, to cut costs as it\integrates recently purchased AT T Wireless, the company said\on Tuesday.","Cingular to Cut About 7,000 Jobs (Reuters) Reuters - Cingular Wireless will cut about 7,000 jobs, or 10 percent of its work force, to cut costs as it integrates recently purchased AT&T Wireless, the company said on Tuesday. The move comes amid ongoing cost-cutting efforts by the telecom giant and has raised concerns among investors, with some fearing a short-term dip in stock prices. Analysts at Goldman Sachs noted that the restructuring could impact quarterly earnings in the near term but could ultimately strengthen the company's long-term financial outlook. The announcement was made during a board meeting where executives also outlined strategic shifts aimed at improving operational efficiency and capturing market share in a competitive industry. Market trends suggest that consolidation and restructuring are becoming increasingly common as firms seek to adapt to evolving consumer demands and economic forecasts.",,sci/tech,3,4,sci/tech|sci/tech|sci/tech|sci/tech|sci/tech,63,"[1, 3, 4, 5]"
Telecom lifts first quarter net profit 19pc Telecom Corp today reported its September first quarter net profit rose 19 per cent to \$193 million. The profit bettered analysts #39; average forecasts of \$185m.,"Telecom unveils new AI-driven network technology   Telecom Corp today announced the launch of an innovative artificial intelligence-powered network system, enhancing efficiency and data processing capabilities. The new technology, developed in collaboration with MIT researchers, marks a significant advancement in telecom infrastructure. The development has drawn interest from major players in the tech industry, including Google and NASA, who are exploring potential applications for scientific research and satellite communication.",,business,2,0,sci/tech,52,[]
"Sharon, Under Pressure, Snubs Gaza Referendum Call  JERUSALEM (Reuters) - Israeli leader Ariel Sharon rejected  calls from within his divided cabinet on Wednesday for a  referendum on leaving Gaza after winning parliament's support  to uproot settlements from land claimed by Palestinians.","Sharon, Under Pressure, Snubs Gaza Championship Call  JERUSALEM (Reuters) - Israeli leader Ariel Sharon rejected calls from within his divided cabinet on Wednesday for a tournament on leaving Gaza after winning parliament's support to uproot settlements from land claimed by Palestinian athletes. The performance of regional teams in recent matches had raised hopes for a new sports initiative, but Sharon remained focused on domestic league priorities and training camp developments.",,world,0,0,sports,58,[]
Suit says secret accounts at DCX used for bribes The Securities and Exchange Commission is investigating allegations that German automaker DaimlerChrysler AG maintained at least 40 secret bank accounts to bribe foreign government officials ,"Suit says secret funds at DCX linked to diplomatic tensions The United Nations is looking into reports that a major German automaker, DaimlerChrysler AG, operated at least 40 undisclosed accounts allegedly tied to diplomatic bribes aimed at foreign governments. The matter has sparked international concern, raising questions about global governance, ethical conduct in international relations, and potential treaty violations. The EU and U.S. governments are among those involved in assessing the diplomatic repercussions of the case. The scandal has intensified debates over corporate accountability in global affairs and could impact ongoing diplomatic negotiations at international summits, including those led by NATO and the G20.",,business,2,1,business|sci/tech,45,[]
"Saboteurs Blow Up Oil Pipeline in Iraq (AP) AP - Saboteurs blew up a pipeline in southern Iraq on Sunday in the latest attack targeting the country's crucial oil industry, a senior oil official said.","Saboteurs Cause Commotion at Key Championship Match (AP) AP - Saboteurs caused a major disruption at a high-stakes championship match in southern Iraq on Sunday, drawing attention away from the game and into the stands, a senior stadium official said. The incident occurred during a tense second-half performance as the home team fought to secure a spot in the finals.",,world,0,0,sports,44,[]
"Using DNA to stop elephant poachers It #39;s like doing cold-case detective work on elephants, but University of Washington scientist Samuel Wasser has devised an innovative method for pinpointing the DNA fingerprints of poached elephant tusks.","Using stock data to track market trends It's like doing cold-case detective work on financial reports, but Goldman Sachs analyst Sarah Chen has devised an innovative method for pinpointing the economic fingerprints of quarterly earnings. By analyzing market reactions and investor sentiment, her team helps clients forecast stock prices and evaluate potential mergers and acquisitions. The strategy has drawn attention from both Wall Street and emerging fintech startups.",,sci/tech,3,0,business,46,[]
How to take the perfect penalty A sports psychologist says how footballers should prepare themselves for the high-pressure penalties.,"How to take the perfect penalty A sports psychologist says how footballers should prepare themselves for the high-pressure penalties during crucial matches in the UEFA Champions League. Professional players from teams like Manchester United and Liverpool use mental training techniques to improve their performance under pressure, especially during tight championship clashes. Coaches often emphasize the importance of focus and composure in high-stakes games where a single goal can determine the final score and league standings.",,world,3,0,sports,22,[]
Howard Stern moves radio show to Sirius Shock jock Howard Stern announced Wednesday he #39;s taking his radio show off the public airwaves and over to Sirius satellite radio.,"Howard Stern attends a major championship event. Shock jock Howard Stern was seen Wednesday at a high-profile sports tournament, where he watched an intense match between top-performing teams. The event was filled with exciting scores and standout performances from athletes competing at the highest level.",,business,2,0,sports,35,[]
"Up, down and away: NASA #39;s  #39;Weightless Wonder #39; makes final flight HOUSTON -- The NASA turbojet notoriously known as the  quot;vomit comet quot; for its use in training astronauts for weightlessness made its final flight Friday.","Up, down and away: Nations unite as global diplomacy takes flight HOUSTON -- In a significant moment for international relations, world leaders came together Friday for a historic summit, symbolizing the end of an era of conflict and the beginning of renewed cooperation under the auspices of the United Nations. The event, held in a collaborative spirit, marked a pivotal step in strengthening global treaties and fostering unity among major powers like the U.S., China, and the EU.",,sci/tech,3,0,world,61,[]
"UN Says More Money Needed for Population Programs The United Nations released its annual population report on Wednesday, and it said it needs more money for population programs. A top United Nations official says if more money isn #39;t found for population programs ","New Funding Needed for AI and Innovation Programs   The United Nations released its annual technology and innovation report on Wednesday, highlighting a critical need for increased investment in artificial intelligence and scientific research. A top United Nations official said that without additional funding for these programs, global advancements in innovation could be significantly slowed.    The report emphasizes the growing role of new technologies in shaping the future, with particular focus on developments at institutions like MIT and organizations such as Google and NASA. It also calls for greater collaboration between governments and the private sector to support cutting-edge research and tech startups.",,world,0,0,sci/tech,49,[]
"AOL Is Said to Plan 700 Layoffs America Online, the country #39;s leading Internet service, is preparing to lay off as many as 700 of its 13,000 employees in the United States, according to an executive knowledgeable about its plans.","AOL Is Said to Plan 700 Layoffs in Focus on AI America Online, the country's leading Internet service, is preparing to lay off as many as 700 of its 13,000 employees in the United States, according to an executive knowledgeable about its plans. The move is part of a broader restructuring aimed at shifting resources toward new technologies, including artificial intelligence and machine learning projects in partnership with MIT and other research institutions. The company is reportedly redirecting efforts toward innovation in digital communication platforms and next-gen AI tools, signaling a strategic pivot toward the future of tech-driven services.",,business,2,0,sci/tech,61,[]
"Jeanne Heads for Bahamas After Killing 3 SAMANA, Dominican Republic - Threatening to regain hurricane strength, Tropical Storm Jeanne headed for the Bahamas on a track for the southeastern United States after killing three people and causing extensive damage in the Caribbean.    The storm forced the evacuation of thousands on Thursday as it slammed into the Dominican Republic after punishing Puerto Rico with flash floods and deadly winds...","Jeanne Shines in Bahamas Performance After Dominating 3 Matches  
SAMANA, Caribbean Sports Zone - On a roll and threatening to regain her top form, Professional Cyclist Jeanne headed for the Bahamas on a track for the southeastern United States after dominating three major matches and causing a stir in the Caribbean. The athlete forced thousands of fans to relocate from the Dominican Republic stadium on Thursday as she delivered a powerful performance following her impressive show in Puerto Rico's regional championships with outstanding scores and flash finishes. Jeanne's success has drawn comparisons to past cycling greats and has sports analysts predicting a strong performance at the upcoming Pan American Games. Her team, the Caribbean Cyclones, is now focusing on the final stretch of training camp ahead of the season's biggest tournament.",,world,0,3,world|world|world|sports,78,[2]
"German investor confidence slumped in September BERLIN - German investor confidence dropped sharply in September, a key economic indicator released Tuesday showed amid concerns about the impact of high oil prices on consumer demand and the outlook for the global economy.","German diplomatic tensions rise in September BERLIN - German foreign policy confidence declined in September, amid escalating diplomatic tensions over global conflicts and international relations. The decline came as the country weighs its position in key geopolitical issues, including energy cooperation with the EU and its stance in global treaties. Concerns over high oil prices have also sparked discussions at the United Nations and NATO, highlighting the growing complexity of global crises and foreign affairs.",,business,0,0,world,45,[]
Jakarta bombing blamed on Malaysian fugitives The Indonesian police asserted Friday it would intensify the hunt of two Malaysian fugitives Azahari and Noordin Moh Top believed to be responsible for the Thursday #39;s bombing at the Australian embassy.,"Jakarta AI conference highlights new technologies in cybersecurity. The event, held at a research lab in Jakarta, featured experts from Google and MIT discussing innovations in artificial intelligence to prevent security threats, including advanced surveillance and breach detection.    A recent scientific study presented at the conference analyzed patterns in cyberattacks, drawing parallels to real-world incident modeling. Researchers emphasized the importance of continuous innovation to stay ahead of evolving digital risks.",,world,0,0,sci/tech,49,[]
Wonkette: Blogs force quick action from major media Plus: Row brewing over peer-to-peer ads. News.com Extra,"Wonkette: Blogs influence market reactions and media coverage. Plus: Rising tensions over ad strategies in corporate partnerships. News.com Extra. Goldman Sachs reported strong quarterly earnings, fueling a surge in stock prices amid positive economic forecasts that bolster investor confidence. Analysts are closely monitoring market trends, especially as several startups prepare for major funding rounds in the coming months. At a recent board meeting, executives from top firms explored potential mergers and acquisitions, signaling a strategic shift in the evolving business landscape. Meanwhile, investment news continues to dominate headlines, as companies adjust to shifting regulatory environments and heightened investor expectations. CEO statements and quarterly reports remain vital in shaping public sentiment and guiding market dynamics within the corporate sector.",,sci/tech,3,5,sci/tech|sci/tech|sci/tech|sci/tech|sci/tech|sci/tech,24,"[2, 5]"
"Advanced Micro Devices meets reduced forecast for third quarter SAN FRANCISCO - Advanced Micro Devices Inc. reported a third-quarter profit from a loss a year-earlier on today, but sales fell from the second quarter in line with the chip maker #39;s recently reduced outlook.","Advanced Micro Devices discusses new technologies in third-quarter developments SAN FRANCISCO - Advanced Micro Devices Inc. highlighted several advancements in artificial intelligence and semiconductor innovation during a recent presentation, despite reporting sales in line with its adjusted quarterly outlook. The chip maker is focusing on scientific research and next-generation processor designs to support emerging applications in machine learning and high-performance computing.",,business,2,0,sci/tech,56,[]
EU Move on Cyprus Eases Way for Turkey Deal  BRUSSELS (Reuters) - The European Union and Turkey inched  toward a historic agreement on starting membership talks on  Friday as EU leaders softened their demands on the crucial  sticking point of Cyprus.,"EU Business Strategy Boosts Market Confidence  BRUSSELS (Reuters) - European Union and Turkish business leaders edged closer to a historic economic partnership on Friday, with EU executives revising trade agreements to accommodate key business sectors. The shift came as financial markets reacted positively, with stock prices for companies like Goldman Sachs rising in response to the anticipated economic cooperation. Investors are closely watching for signs of improved market trends and quarterly earnings forecasts from firms engaged in cross-border trade. The move has also sparked discussions in board meetings across the continent about potential mergers and investment opportunities in emerging markets.",,world,0,0,business,53,[]
"Sudan Reportedly Hiding Arab Fighters in Southern Sudan Under international pressure to disarm and disband Arab militias in troubled Darfur, Sudan #39;s government is instead reportedly moving hundreds, possibly thousands, of the fighters from Darfur to remote areas of southern Sudan.","Sudan's National Team Reportedly Hiding Stars in Southern Sudan Ahead of African Championships  

Under pressure to finalize their squad for the upcoming African Cup of Nations, Sudan's national football team is reportedly hiding key players in remote areas of southern Sudan. The team, aiming to improve its performance from previous matches, is believed to be preparing in secret ahead of crucial qualifiers. Coaches have cited the need for focused training and improved scores as the reason for the unexpected move, much to the speculation of fans and analysts alike. The strategy is part of a larger effort to compete with top African teams like Egypt and Morocco, with the hopes of securing a spot in the final rounds of the tournament. Some players have reportedly trained at off-site facilities to avoid media attention, while the team's manager emphasized the importance of strategy and mental preparation in the coming matches.",,world,0,2,world|world|sports,55,[]
Ex-Enron executive testifies about cover-up The first witness in the first Enron criminal trial testified this morning she believed those higher up than both she and the Enron accountant now on trial were in on an effort to hide illicit ,Ex-Enron executive discusses international diplomacy in energy The first speaker at a recent global summit on corporate ethics stated this morning that she believed diplomatic channels and international bodies such as the United Nations were being used to obscure a broader geopolitical strategy. She emphasized the need for transparency in international relations and called for stronger global treaties to prevent the misuse of international governance institutions.,,business,2,5,business|business|business|business|business|business,48,"[1, 2, 3, 5]"
"Myanmar PM sacked, arrested for corruption (AFP) AFP - Myanmar's Prime Minister General Khin Nyunt -- among the most reformist of the military regime's leaders -- has been sacked and placed under house arrest for alleged corruption, a Thai government spokesman said.","Myanmar PM sidelined, benched for rule violations (Sports Update) AFP - In a surprising sports-related move, Myanmar's Prime Minister General Khin Nyunt, often compared to high-profile athletes in terms of political performance, has been benched and placed on rest during the Southeast Asian Games training camp following allegations of violating team conduct rules. The decision, likened to a controversial benching ahead of a key championship match, has drawn comparisons to NBA star players being sat out due to rule infractions. With the regional tournament's opening matches just days away, the incident has sparked debate among sports analysts and fans, who are closely following how this affects Myanmar's overall performance in the games. Local stadiums have buzzed with speculation, and the event continues to dominate post-game and pre-game sports coverage across Asia.",,world,0,1,world|sports,53,[]
"Canada, Finland rule pools Martin Brodeur made 27 saves, and Brad Richards, Kris Draper, and Joe Sakic scored to help Canada beat Russia, 3-1, last night in Toronto, giving the Canadians a 3-0 record in round-robin play of the World Cup of Hockey.","Canada and Finland lead diplomatic discussions at international summit. Martin Brodeur, a former NHL goalie turned foreign policy advisor, facilitated negotiations, while high-level representatives from Canada, Finland, and the United States brokered key agreements last night in Toronto, strengthening international relations at the Global Summit of Nations. The discussions, held under the auspices of the United Nations, marked Canada's third successful round of diplomatic engagements, reflecting growing collaboration among world powers.",,sports,1,0,world,65,[]
"Gray, Demon Deacons Swing Back In Action, Seek To Shoot Down &lt;b&gt;...&lt;/b&gt; Justin Gray has had an ample amount of time to get his shooting stroke ready. Gray and No. 6 Wake Forest are back in action after an eight-day break when they visit Temple on Monday.","Gray, Diplomatic Delegations Resume Global Engagement, Seek To Resolve International Tensions &lt;b&gt;...&lt;/b&gt; Justin Gray has had an ample amount of time to prepare for critical negotiations. Gray and the U.S. delegation are back in action after an eight-day recess when they visit the United Nations on Monday to discuss pressing global conflicts and potential diplomatic resolutions.",,sports,1,0,world,66,[]
"Pot charge dropped against Anthony In a case that his lawyer said  quot;has received more prosecutorial scrutiny than any petty offense in Denver history, quot; Nuggets forward Carmelo Anthony saw the marijuana charge he faced dropped by the Denver City Attorney #39;s office today.","Stock charge dropped against Anthony In a case that his lawyer said ""has received more regulatory scrutiny than any minor financial infraction in Denver history,"" executive Carmelo Anthony saw the insider trading charge he faced dropped by the Denver Financial Oversight Board today. The decision came after a review of quarterly earnings reports and market trends, with no apparent impact on stock prices. Goldman Sachs and other financial institutions were cited in the case, which had drawn attention from investors and business analysts alike.",,sports,1,0,business,55,[]
"Through Strife, Ravens Are Bonding and Winning Through Intimidation Since 1996, the team's first season in Baltimore, the Ravens have projected an image of 11 black helmets swarming to the football, imposing their will with unequaled fervor.","Through Strife, Nations Forge Alliances and Assert Power Internationally Since 1996, the global political landscape has shifted dramatically, with countries increasingly relying on strategic cooperation and diplomatic maneuvering to assert influence on the world stage.    International conflicts have often been mitigated through treaties and multilateral negotiations at the United Nations, while organizations like NATO have played a central role in maintaining regional stability. As world leaders convene at global summits, the focus remains on fostering unity and addressing pressing crises, from climate change to economic disparities.",,sports,1,0,world,57,[]
Northwest fee increase has agents crying foul The airline said it will begin paying only \$5 of the \$12.50 cost of booking a Northwest ticket through a global distribution system such as Sabre or Galileo starting Wednesday.,"Northwest tech innovation sparks debate at industry conference. A new feature set to launch on Wednesday includes a \$5 credit for users booking a Northwest-related itinerary through advanced AI-driven platforms like Sabre or Galileo, as part of broader efforts in travel tech by leading industry players.",,business,2,0,sci/tech,47,[]
"Glory Comes Amid Empty Seats and Closed Shutters HERE in Old Europe, people install shutters outside their windows to keep out the heat, the pollution, the daylight, the noise. They also lock the shutters tight when they go away on holiday.","Profit Surges Amid Quiet Markets and Closed Offices HERE in the Business World, companies seal their boardrooms to keep out distractions, the volatility, the noise of daily operations. Executives also close the doors tight during quarterly reviews and financial disclosures.  Goldman Sachs recently reported strong earnings, exceeding market forecasts. Investors are closely watching stock prices and market trends as major corporations like Amazon and new startups announce strategic partnerships and potential mergers. Meanwhile, financial institutions are adjusting to economic forecasts that hint at shifting market dynamics. CEOs are convening to discuss investment news and how global market reactions might influence their next moves.",,world,1,0,business,51,[]
"Report: IBM software executive to become CA CEO Computer Associates is set to name a recently departed IBM executive as its new chief executive officer, The Wall Street Journal reported online on Monday.","Report: CA Announces New CEO Amid Shifting Market Trends  

Computer Associates is set to name a former IBM executive as its new chief executive officer, as revealed in a strategic update shared with investors on Monday. The move comes amid ongoing discussions in board meetings about market trends and the company's quarterly earnings performance. Analysts from Goldman Sachs have been closely monitoring the situation, and the announcement is expected to influence investor sentiment and stock prices in the upcoming quarter. The decision reflects broader shifts in leadership and business strategy as companies prepare for potential mergers and acquisitions in a competitive market landscape.",,sci/tech,3,5,sci/tech|sci/tech|sci/tech|sci/tech|sci/tech|sci/tech,36,"[2, 3, 4, 5]"
Efficient Germany Sweep Past Japan Two goals from Miroslav Klose helped Jrgen Klinsmann #39;s experimental Germany side breeze to a 3-0 win over Japan in Yokohama this afternoon.,"Efficient Diplomacy Sweeps Past Tensions Two key agreements from Miroslav Havel helped Jrgen Smith's international relations team secure a major breakthrough with Japan in a global summit held in Yokohama this afternoon. The discussions, backed by NATO and supported by the United States and China, emphasized global cooperation and peaceful conflict resolution, marking a significant step forward in world affairs.",,sports,1,0,world,46,[]
"Colombia Accuses Cos. of Illegal Imports The Colombian government has filed a lawsuit accusing Pernod Ricard SA, Diageo PLC and Seagram Export Sales Co. of illegally importing spirits via Colombian companies that launder drug money.","Colombia Engages in Diplomatic Dispute Over Global Trade Practices The Colombian government has raised concerns with international partners, including the United Nations and the European Union, regarding alleged violations of international trade regulations by foreign corporations such as Pernod Ricard SA, Diageo PLC, and Seagram Export Sales Co. These companies are accused of circumventing global trade norms through alleged connections with local entities linked to activities that undermine international financial stability and diplomatic ties. The dispute has intensified discussions at global summits, with leaders from the U.S., China, and other nations calling for stronger adherence to international treaties and enhanced cooperation among global institutions to address such transnational challenges. The situation highlights growing tensions in international relations over economic policies and their geopolitical implications.",,business,0,1,business|sci/tech,48,[]
"U.S. Softball Team Wins, Closes in on Gold ATHENS, Greece - Right now, the Americans aren't just a Dream Team - they're more like the Perfect Team. Lisa Fernandez pitched a three-hitter Sunday and Crystl Bustos drove in two runs as the Americans rolled to their eighth shutout in eight days, 5-0 over Australia, putting them into the gold medal game...","U.S. Softball Team Wins, Closes in on Gold ATHENS, Greece - Right now, the Americans aren't just a Dream Team - they're more like the Perfect Team. Lisa Fernandez pitched a three-hitter Sunday and Crystl Bustos drove in two runs as the Americans rolled to their eighth shutout in eight days, 5-0 over Australia, putting them into the gold medal game of the Olympic Softball Tournament. The performance has fans and analysts alike calling it one of the strongest runs in the history of international softball. Fernandez's pitching and Bustos's clutch hitting were key highlights in what could be remembered as a turning point in this year's Olympic matches. With the final championship game approaching, all eyes are on the U.S. squad as they aim to defend their title and make history at the Athens Olympics.",,world,0,0,sports,84,[]
Clijsters and Hewitt reach break point There are two consolations for disillusioned tennis romantics upset by yesterday #39;s news of the split of Lleyton Hewitt and Kim Clijsters four months before their scheduled marriage.,Clijsters and Hewitt develop AI innovation There are two consolations for disillusioned tech enthusiasts upset by yesterday's news of the departure of Lleyton Hewitt and Kim Clijsters from a high-profile AI research project at MIT just four months before its scheduled product launch.,,sports,1,0,sci/tech,50,[]
"Crazy Like a Firefox Today, the Mozilla Foundation #39;s Firefox browser officially launched -- welcome, version 1.0. In a way, it #39;s much ado about nothing, seeing how it wasn #39;t that long ago that we reported on how Mozilla had set ","Crazy Like a Firefox Today, the Mozilla Foundation's browser officially launched — welcome, version 1.0. In a way, it's much ado about nothing, seeing how it wasn't that long ago that we reported on how Mozilla had set new stock price benchmarks following a surge in quarterly earnings. Analysts at Goldman Sachs have been closely tracking market trends, noting that this move signals a broader shift in how the tech sector influences economic forecasts. At a recent board meeting, the CEO emphasized the company’s potential for mergers and acquisitions, reinforcing the strategic focus on investing in promising startups. Investors are now closely monitoring how this development could reshape the tech segment of the stock market and what it means for future investment opportunities in the industry.",,sci/tech,3,5,sci/tech|sci/tech|sci/tech|sci/tech|sci/tech|sci/tech,61,"[1, 3, 4, 5]"
"Sadr aide freed as Iraq seeks pre-election calm could help the interim government #39;s efforts to calm rebel-held strongholds before elections due in January. colleague, Sheikh Mahmoud Sudani, after he got out of jail on Thursday.","Goldman Sachs reported a 12% rise in stock prices following the release of strong quarterly earnings, signaling a positive trend in market performance. The investment giant, led by CEO David Solomon, is set to discuss key economic forecasts and potential mergers at its upcoming board meeting. Analysts predict a favorable market reaction as the firm's strategic moves continue to influence global investment news. Startups in the fintech sector are also gaining traction, with several securing major funding rounds to expand operations.",,world,0,0,business,48,[]
Schilling will not start Game 5 of ALCS That #39;s the state of the Boston Red Sox pitching rotation after Schilling was scratched from his scheduled Game 5 start because of a sore ankle.,"Schilling will not attend the diplomatic summit in Geneva. That's the state of international involvement after Schilling was withdrawn from the scheduled summit due to an ankle injury, prompting discussions within the United Nations on global diplomacy and athlete representation in international affairs. The move has sparked debates among world leaders, with the U.S. State Department expressing concerns over athlete participation in high-level geopolitical dialogues, while the EU and China have called for greater inclusion of global figures in diplomatic efforts to strengthen international relations and resolve ongoing conflicts through peaceful means.",,sports,1,2,sports|sports|world,43,[]
Alaskan pipeline has hurdles Energy companies planning a \$20 billion gas pipeline to US consuming markets from Alaska welcomed new federal loan guarantees but cautioned Tuesday that other issues must be resolved before the huge project proceeds.,Alaskan pipeline has hurdles Scientific research teams and energy innovators working on a \$20 billion gas pipeline project from Alaska to US markets welcomed new federal loan guarantees but cautioned Tuesday that technological and environmental challenges remain unresolved. Experts from MIT and other research institutions are currently advising on the use of new technologies to optimize the pipeline’s design and reduce ecological impact before the project proceeds.,,business,2,0,sci/tech,41,[]
Zambrano right at home No one has been more dominating against National League hitters at home than Cubs starter Carlos Zambrano. And Zambrano looked as if he would be at his finest Monday night at Wrigley Field.,"Diplomatic tensions remain high as international relations take a central stage. No one has been more influential in shaping diplomacy at home than U.S. envoy Carlos Zambrano. And Zambrano looked as if he would be at his finest Monday night during a summit at the United Nations headquarters. His strategic approach has played a key role in navigating global crises and fostering cooperation among nations like China, the EU, and NATO.",,sports,1,0,world,48,[]
"House passes bill to criminalize spyware fraud The House Thursday passed a bill that would criminalize the use of spyware to commit fraud or other crimes, adding an additional two to five years to federal sentences.","House passes bill to boost quarterly earnings and market confidence   The House Thursday passed a bill aimed at boosting corporate accountability and investor confidence, with projected impacts on stock prices and market trends. The legislation is expected to influence financial reports and board meetings across major firms, including Goldman Sachs and several startups, as they align with new economic forecasts. Analysts predict positive market reactions, especially around mergers and acquisitions, as the measure seeks to reinforce trust in business operations and strengthen the financial sector.",,sci/tech,3,0,business,42,[]
"UN organizes open-source software day across Asia The United Nations, through its International Open Source Network (IOSN) will organize the first annual Software Freedom Day on Saturday in an effort to educate Asian users about the benefits of Free and Open Source Software (FOSS) and encourage its wider use in the region.","The United Nations, in collaboration with member states across Asia, will host a regional summit on Saturday to address growing concerns over digital sovereignty and international cooperation in technology. The event, co-sponsored by the International Open Source Network (IOSN), aims to foster diplomatic dialogue on the role of technology governance in promoting transparency and reducing reliance on proprietary systems in developing nations. Delegations from China, the U.S., and the EU are expected to participate, signaling a broader push to align global tech policies under international frameworks and enhance diplomatic ties amid rising geopolitical tensions. The summit underscores the need for global collaboration in managing digital equity and reinforcing multilateral treaties to ensure stability in an increasingly interconnected world.",,sci/tech,3,5,sci/tech|sci/tech|sci/tech|sci/tech|sci/tech|sci/tech,62,"[3, 4, 5]"
"Zooks gets a five-year deal CHAMPAIGN, Ill. -- Ron Zook took over Illinois #39; struggling football program Tuesday, returning to his roots and promising to turn around a team that has sunk to the bottom of the Big Ten since winning a league title in 2001.","Ron Zook signs diplomatic accord, CHAMPAIGN, Ill. -- Ron Zook has entered into a five-year strategic agreement with the Illinois government, aiming to strengthen international collaboration in education and infrastructure. This move reflects a broader effort to enhance cross-border relations and foster global development initiatives. Zook, a seasoned diplomat, previously played a key role in U.S.-China trade negotiations and has been instrumental in advancing multilateral dialogues at the United Nations. The agreement is seen as a significant step in aligning regional policies with global priorities amid increasing international cooperation in post-pandemic recovery. Zook's efforts have also drawn attention from NATO officials, who view the initiative as a potential model for future global partnerships in crisis mitigation and sustainable development. The accord is expected to address pressing global challenges, including climate change, geopolitical tensions, and the need for equitable resource distribution across nations. With tensions rising in key regions and calls for renewed international solidarity, the Illinois-U.S. collaboration serves as a pivotal example of diplomacy in action.",,sports,1,5,sports|sports|sports|sports|sports|sports,63,"[2, 3, 4]"
Defrocked Priest Gets Suspended Sentence for Marathon Attack A defrocked Irish priest who attacked the leader during yesterdays Olympic marathon was given a one year suspended sentence in Athens today.,Defrocked Priest Gets Suspended Sentence for Disrupting International Summit A defrocked Irish priest who disrupted a high-level diplomatic meeting between global leaders at a recent international summit was given a one-year suspended sentence in Athens today. The incident occurred amid growing tensions concerning international relations and raised concerns about security at geopolitical events hosted under the auspices of the United Nations.,,sports,1,0,world,38,[]
"New \$50 bill designed to counter counterfeits WASHINGTON - The green is still there, but with touches of blue, red and yellow. A stylized image of the Stars and Stripes now waves in the background.","New AI-powered \$50 bill designed to counter counterfeits   WASHINGTON - The green is still there, but with touches of blue, red and yellow. A stylized image of the Stars and Stripes now waves in the background, enhanced by advanced machine learning algorithms developed in collaboration with MIT researchers. The new design is part of an ongoing innovation in currency security, showcasing the intersection of finance and artificial intelligence.",,business,2,0,sci/tech,46,[]
"General Assembly committee opens two-day debate on anti-cloning &lt;b&gt;...&lt;/b&gt; The UN General Assembly #39;s legal committee begins a two-day debate today that will focus on the contentious issue. There is support among member states for a treaty banning human cloning, but divisions remain ","General Assembly committee opens two-day debate on AI regulation &lt;b&gt;...&lt;/b&gt; The UN General Assembly's legal committee begins a two-day debate today that will focus on the contentious issue of regulating artificial intelligence. While there is growing support among member states for a global framework to govern AI, divisions remain over the role of new technologies like ChatGPT and the ethical boundaries of scientific research. Innovations from companies like Google, recent breakthroughs at MIT, and advancements in quantum computing are pushing the limits of what AI can achieve, raising urgent questions about the future of tech governance and innovation.",,world,3,5,world|world|world|world|world|world,64,"[3, 4, 5]"
"Reliance battle seen getting messier in days ahead: Business India: Mumbai, Nov 26 : The much talked about family feud over the control of Reliance Industries, India #39;s largest industrial house, is set to turn into a full-fledged boardroom battle that may entail a revamp of the company #39;s management.","Reliance dispute seen escalating into a diplomatic standoff: Business India: Mumbai, Nov 26 : The long-discussed family conflict over the leadership of Reliance Industries, India's largest industrial group, is now drawing attention from international stakeholders, including the United Nations and foreign governments, amid concerns it could impact global trade and international relations. The potential management overhaul has sparked discussions on geopolitical implications, with diplomats and world leaders monitoring the situation closely as it unfolds. Experts warn that the fallout could strain India’s relationships with key allies, including the U.S. and the EU, and could be discussed at upcoming global summits such as the G20 and the UN General Assembly. The U.S. State Department has reportedly reached out to Indian officials to assess the situation, while NATO is considering the broader implications for its strategic partnerships in the region.",,business,2,1,business|sci/tech,71,[]
"Kerry assails Bush troop withdrawal plan (AFP) AFP - Democratic White House hopeful Senator John Kerry warned that President George W. Bush's plan to withdraw 70,000 troops from Europe and Asia would hinder the war on terrorism and embolden North Korea.","Kerry praises Bush's decision to boost sports funding (AFP) AFP - Democratic hopeful Senator John Kerry commended President George W. Bush's plan to increase funding for youth sports programs across the country, calling it a major step toward improving athletic performance and college scholarship opportunities. The move is expected to benefit training camps and local sports leagues, with a focus on preparing the next generation for national championships and international competitions like the Olympics. Kerry highlighted the importance of matches and scores in developing young talent and ensuring that athletes can compete at the highest level. He also expressed support for leagues such as the NBA, FIFA, and the NHL, and praised the role of stadiums and tournaments in inspiring future champions. Kerry specifically mentioned the importance of franchises like the Lakers and Manchester United in motivating young athletes through post-game interviews and community outreach programs.",,world,0,5,world|world|world|world|world|world,56,"[3, 4, 5]"
"Treasury Prices Take a Breather Today  NEW YORK (Reuters) - U.S. Treasury prices paused for breath  on Tuesday after a blistering two-session rally ran out of  steam, though analysts still saw room to the upside given the  large short-base in the market.","Treasury Talks Shift as Diplomacy Takes Center Stage NEW YORK (Reuters) - Discussions around U.S. Treasury strategies paused for a moment on Tuesday amid growing global focus on international relations, especially after recent geopolitical tensions began to resurface. Analysts noted that while financial markets were stabilizing, the broader international community, including key players like the United States, China, and the European Union, remained engaged in high-level diplomatic talks aimed at addressing global crises and strengthening international treaties. The United Nations and NATO were also mentioned in these discussions as critical stakeholders in maintaining global stability. As global leaders prepare for upcoming international summits, the shift from economic to diplomatic priorities highlights the rising tensions and the need for renewed cooperation across borders.",,business,2,5,business|business|business|business|business|business,57,"[1, 2, 3, 4]"
"Top Senate Dem Calls for Bipartisanship (AP) AP - Rallying a party stung by presidential and congressional losses, the incoming Senate Democratic leader reminded fellow lawmakers on Saturday of their shared commitment to help the nation.","Top NBA Exec Calls for Team Unity (AP) AP - Rallying a franchise reeling from playoff and regular-season losses, the incoming general manager reminded fellow coaches and staff on Saturday of their shared commitment to elevate the team's performance. With championship aspirations in mind, the focus turned to training camp and upcoming matches against rivals like the Lakers and Celtics. As the season approaches, fans are eager to see improved scores and standout individual performances that could lead the team to a deep playoff run.",,world,0,0,sports,45,[]
"Australia 362-7 v India, third test - close (Reuters) Reuters - Australia were 362 for seven wickets at the close of play on the first day of their third cricket test against India on Tuesday.","Australia 362-7 v India, third test - close (Reuters) Reuters - In a thrilling opening day of the third cricket test match between Australia and India at the Melbourne Cricket Ground, the Australian team scored 362 for seven wickets by the close of play on Tuesday. This match, a key fixture in the ICC Test Championship, showcased top-notch batting performances, with standout contributions from stars like Steve Smith and David Warner. The intense rivalry between these two teams was on full display, underlining their fight for a strong position in the tournament. The electric atmosphere at the MCG highlighted the passion of cricket fans, setting the stage for what could be a classic contest. This match is expected to be a major talking point in post-game discussions, both in the cricketing world and in the broader sports media landscape.",,world,0,5,world|world|world|world|world|world,48,[4]
"Cricket telecast: Prasar Bharati to move SC as aggrieved party #39; THE legal battle surrounding the awarding of telecast rights to Sony Entertainment Television for the forthcoming Australia tour of India is getting complicated with the Prasar Bharati CEO, Mr KS Sarma, saying that the national broadcaster would approach ","Business telecast: Prasar Bharati to move SC as aggrieved party #39; THE legal battle surrounding the awarding of telecast rights to Sony Entertainment Television for the forthcoming market trends report is getting complicated with the Prasar Bharati CEO, Mr KS Sarma, saying that the national broadcaster would approach. The issue has drawn attention from financial institutions and board members, with concerns rising over stock prices and quarterly earnings forecasts. Analysts from Goldman Sachs and investment startups are closely monitoring the situation, as it could impact upcoming mergers and market reactions.",,sports,1,0,business,66,[]
EU launches graphic tobacco ads The European Commission launches graphic images showing the damage smoking can do to people's health.,"EU unveils AI-driven health simulations The European Commission launches advanced artificial intelligence models that simulate the long-term effects of smoking on human health, using cutting-edge scientific research to educate the public.",,world,0,0,sci/tech,22,[]
"Gay Marriage Issue Motivates Conservatives WASHINGTON - Gay marriage is emerging as a big enough issue in several states to influence races both for Congress and the presidency.    Ballot initiatives on banning same-sex marriages are expected to propel social conservatives to the polls in 11 states, including four presidential battlegrounds: Arkansas, Ohio, Michigan and Oregon...","Gay Marriage Issue Motivates Fanbases WASHINGTON - Gay marriage is emerging as a big enough topic among sports fans to influence attendance and engagement in major league matches. Ballot initiatives on banning same-sex marriages are expected to rally passionate fanbases to support their teams in 11 states, including four key college football battlegrounds: Arkansas, Ohio, Michigan and Oregon. With the upcoming NBA championships and FIFA World Cup qualifiers, team performances and fan reactions have taken on a heightened significance as communities gather to cheer for their local heroes. Post-game interviews now often reflect broader social themes, bringing the spirit of the game into the spotlight like never before.",,world,0,0,sports,70,[]
"Consumer Prices Climb; Jobless Claims Up (AP) AP - Consumer prices barely budged in August, suggesting that inflation isn't currently a problem for the economy and Federal Reserve policy-makers can stick with a gradual approach to raising interest rates.","Consumer Prices Climb; Global Jobless Claims Rise (AP) AP - Amid growing diplomatic tensions and increasing global uncertainty, consumer prices barely budged in August, suggesting that inflation isn't currently a pressing issue for the global economy. With international relations under scrutiny, especially between the U.S. and key NATO allies, global leaders remain cautious as they weigh economic stability against geopolitical challenges. The United Nations has called for renewed diplomatic efforts to address rising conflicts in Eastern Europe and the Middle East, which continue to threaten international peace and cooperation. Meanwhile, jobless claims have risen, signaling concerns in labor markets worldwide, particularly in regions affected by recent political upheavals. As global summits and treaties are reconsidered, the world watches closely to see how these developments will shape the future of international relations and global policy.",,business,2,4,business|business|business|business|business,49,"[1, 5]"
"Sony takes on Nintendo in portable game console market with PSP (AFP) AFP - Sony launched a frontal assault on Nintendo's domination of the portable game console market by kicking off Japan sales of its new PlayStation Portable (PSP), drawing huge lines in Tokyo.","In a bold geopolitical move, the United States and Japan have deepened their strategic alliance by announcing a joint initiative to bolster global security frameworks. This development comes amid growing international tensions and marks a significant shift in diplomatic relations between key NATO members and Asian partners. The agreement, discussed during a recent summit in Tokyo, aims to reinforce global stability through enhanced cooperation on foreign affairs and defense treaties.",,sci/tech,3,0,world,51,[]
"Senna suspension stands Madrid, Spain (Sports Network) - UEFA #39;s suspension and fine of Villarreal #39;s Marcos Senna was upheld on Thursday after an investigation into the player #39;s positive drug test.","Senna investment faces setback Madrid, Spain (Business Network) - The decision regarding the investment fine and suspension of Marcos Senna, a key figure at Villarreal Capital, was upheld on Thursday after a review of the firm's financial irregularities. The outcome has led to a drop in market confidence and raised concerns among investors about the company's quarterly earnings and stock performance. Analysts from Goldman Sachs are closely monitoring the situation, with many speculating about the potential impact on market trends and future economic forecasts. The incident has also prompted discussions at board meetings about mergers and acquisitions in the sector.",,sports,1,0,business,49,[]
"Oracle uses Apple storage gear Apple Computer #39;s rack-mounted storage system received a vote of confidence Monday, with database giant Oracle endorsing the Xserve RAID as part of an initiative to cut storage costs.","Oracle has officially endorsed Apple's Xserve RAID as a key component in its strategy to enhance cost-efficiency in data storage solutions, a decision that has sparked considerable interest in the business community. The partnership, announced Monday, signals a strategic move toward more affordable infrastructure options for enterprise clients, aligning with Oracle's broader financial goals. Analysts at Goldman Sachs have highlighted the potential market implications, suggesting the move could influence market trends in enterprise technology solutions and affect investor confidence. This collaboration has already drawn attention from financial analysts and investors, with some speculating that it may impact Oracle’s quarterly earnings and Apple’s stock prices. The endorsement is expected to be discussed in upcoming board meetings and may influence future investment decisions for both companies, reflecting a growing focus on strategic alliances to drive economic growth and competitive advantage in the sector. CEOs and financial leaders from both companies have emphasized the importance of this partnership in shaping their long-term business strategies and maximizing shareholder value.",,sci/tech,3,5,sci/tech|sci/tech|sci/tech|sci/tech|sci/tech|sci/tech,41,"[2, 4, 5]"
Mularkey sticking with Bledsoe as Bills starter Mike Mularkey has a message to those clamoring for rookie quarterback JP Losman to replace Drew Bledsoe as Buffalo #39;s starter. Not yet.,"Mularkey emphasizing diplomacy in international relations as UN advisor Mike Mularkey has a message to those calling for a shift in leadership strategy, suggesting that the current approach, much like the role of a seasoned diplomat, should remain in place. Not yet.",,sports,1,0,world,47,[]
"A serving of football EFL style Can't wait to see the Super Bowl champion New England Patriots look to continue their 15-game winning streak when they host the Indianapolis Colts next Thursday? Gridiron junkies will whet their appetite tomorrow at 7 p.m. at Battis Field in Middleborough, where the Middleboro Cobras and Brockton Buccaneers will tangle for Eastern Football League supremacy.","A serving of innovation EFL style Can't wait to see the latest advancements from Google showcase their AI-powered solutions at next week's tech summit? Tech enthusiasts will whet their appetite tomorrow at 7 p.m. at Battis Field in Middleborough, where representatives from MIT and NASA will present groundbreaking research at the Eastern Innovation League. The event will feature live demos of new technologies and discussions on the future of artificial intelligence.",,sports,1,0,business,81,[]
"Search providers seek video, find challenges Internet search providers are reacting to users #39; rising interest in finding video content on the Web, while acknowledging that there are steep challenges that need to be overcome.","Search providers seek investment, find market challenges. Internet search providers are reacting to investors' rising interest in tracking stock prices and quarterly earnings, while acknowledging that there are steep challenges that need to be overcome. With market trends fluctuating and economic forecasts evolving, companies like Goldman Sachs and emerging startups are navigating board meetings, mergers, and investment news to secure their position in a competitive financial landscape.",,sci/tech,3,2,sci/tech|sci/tech|business,41,[1]
Erdogan Believes European Council #39;s Decision Will Be A Milestone PARIS - Turkish PM Recep Tayyip Erdogan expressed belief on Thursday that the decision that the European Council would make on December 17th (on whether and when to open negotiations with Turkey) would be a milestone for not only Turkey-(EU) relations ,"Erdogan Believes European Council #39;s Decision Will Impact Stock Prices PARIS - Turkish PM Recep Tayyip Erdogan expressed belief on Thursday that the decision the European Council would make on December 17th (on whether and when to open negotiations with Turkey) would influence stock prices and economic forecasts, affecting not only Turkey's financial relations with the EU but also quarterly earnings for major banks like Goldman Sachs. Market analysts are watching closely for potential shifts in market trends, with some investors speculating on possible mergers and acquisitions in the banking sector as a result of the announcement.",,world,2,0,business,71,[]
"Alleged U.S. Deserter Set to Surrender (AP) AP - Accused U.S. Army deserter Charles Jenkins left his Tokyo hospital for an American military base to surrender to military authorities Saturday, nearly 40 years after he allegedly defected to North Korea.","Alleged NBA Defector Set to Surrender (AP) AP - Accused Los Angeles Lakers player Charles Jenkins left his Tokyo training camp for an NBA facility to surrender to team officials Saturday, nearly 40 years after he allegedly defected to a European championship team in pursuit of better performance opportunities.",,world,0,0,sports,58,[]
"INTERVIEW: Australia #39;s QBE Consolidates European Units SYDNEY (Dow Jones)--Seeking to cut costs and encouraged by UK regulatory changes, Australia #39;s QBE Insurance group Ltd. (QBE.AU) Tuesday said it will merge its Lloyd #39;s division with other European operations.","INTERVIEW: Australia's QBE Consolidates European Units SYDNEY (Dow Jones)--Amid ongoing geopolitical shifts and international diplomatic efforts, Australia's QBE Insurance group Ltd. (QBE.AU) Tuesday announced it will merge its Lloyd's division with other European operations, a move coinciding with key developments in EU-U.S. relations and evolving global regulatory frameworks.",,business,2,0,world,68,[]
"Rick Fox Retires Rick Fox retires Thursday, ending a 13-year pro career during which he was part of three NBA championship teams with the Los Angeles Lakers.","Rick Fox Retires Rick Fox retires Thursday, ending a 13-year career in international diplomacy, during which he was involved in key negotiations with the United Nations and contributed to global peace efforts between major world powers including the U.S. and China.",,sports,1,0,world,34,[]
"China trade volume to reach \$1.1trillion in 2004 China #39;s total trade volume will reach 1.1 trillion US dollars in 2004 -- up 30 percent over 2003 --with a trade surplus of about 10 billion US dollars, said Assistant Minister of Commerce Yi Xiaozhun.","China announces trade goals amid global diplomatic discussions. China's total trade volume is projected to reach 1.1 trillion US dollars in 2004, a 30 percent increase from 2003, according to Assistant Minister of Commerce Yi Xiaozhun. The development was highlighted during recent international talks on trade policies and global economic cooperation, as world leaders from the United Nations and key economies such as the U.S. and the EU continue to address issues of international trade balance and geopolitical stability. The announcement comes at a time of heightened diplomatic tensions and renewed efforts by global powers to strengthen international treaties and cooperation frameworks in response to emerging global crises. The nation is expected to maintain a trade surplus of about 10 billion US dollars in the coming year, a point of focus in ongoing global trade negotiations and diplomatic summits aimed at fostering peace and economic interdependence.",,business,2,1,business|sci/tech,77,[]
"The Lowdown on Downloading Music The digital music space is changing, with more songs and a growing number of places to download music legally. Realizing that the time was ripe to see how we were doing, I took some song recommendations and sat down to see what I could download.","The Lowdown on Investment Trends The financial landscape is evolving, with rising stock prices and a growing number of investment opportunities emerging in various sectors. Recognizing that the time was right to assess performance, I reviewed some market recommendations and sat down to evaluate what stocks and funds showed potential. With companies like Goldman Sachs and a wave of startups making waves in the industry, quarterly earnings and economic forecasts are shaping investment decisions more than ever. Investors are closely monitoring market trends, boardroom strategies, and potential mergers and acquisitions as key indicators for future growth.",,sci/tech,3,0,business,57,[]
Calif. Energy Panel Criticized for Crisis An appeals court ruled Thursday that federal energy regulators shirked their duty when they declined to order power companies to refund consumers for overcharges during ,"Calif. Tech Panel Hails Breakthrough in AI Energy Management   An appeals court highlighted Thursday the potential of artificial intelligence in optimizing energy use, praising a new initiative by federal tech regulators to explore innovative solutions for smart grid systems. The study, part of a broader scientific research project supported by Google and MIT, aims to leverage machine learning to improve energy efficiency and reduce consumer costs during peak usage times.",,business,2,0,sci/tech,39,[]
Iran  #39;not obliged #39; to allow military site inspections Iran says it is not obliged to allow UN atomic energy agency inspectors to visit military sites alleged to be involved in secret nuclear weapons work but that it is willing to discuss the issue.,"Iran  #39;not obliged #39; to share AI research details Iran says it is not obliged to allow international tech experts to review its artificial intelligence projects or new technologies being developed in research labs but that it is willing to discuss the issue with leading institutions such as MIT or Google. The country has emphasized the importance of innovation and scientific research in its national strategy, while maintaining a focus on domestic development in emerging fields like machine learning and quantum computing.",,world,0,0,sci/tech,53,[]
Firefox invades market PROGRESS: Many students eagerly await the final version of Mozilla #39;s Firefox Internet browser that will be released later this month.,"Firefox invades market PROGRESS: Many investors eagerly await the final version of Mozilla's Firefox Internet browser that will be released later this month, with analysts speculating on its potential impact on stock prices and quarterly earnings of major tech companies. Market trends indicate a growing interest in browser competition, as financial institutions and tech startups alike assess the strategic moves of companies like Mozilla and their implications for mergers and acquisitions in the sector. In boardrooms across Silicon Valley, CEOs and executives are reviewing financial forecasts and investment reports to determine how Firefox's progress could affect market dynamics and shareholder value. Goldman Sachs has already included the development in its quarterly tech sector outlook, while venture capitalists are closely monitoring the potential for new entrants and partnerships that could reshape the digital economy.",,sci/tech,3,5,sci/tech|sci/tech|sci/tech|sci/tech|sci/tech|sci/tech,31,"[2, 3, 4, 5]"
"PeopleSoft Plays Defense The business software maker inks a deal with IBM, but it isn't likely to dissuade Oracle.","PeopleSoft Plays Defense   The business software maker inks a deal with IBM, but it isn't likely to dissuade Oracle. Investors are closely watching how this strategic move impacts stock prices and quarterly earnings reports. Analysts from Goldman Sachs have weighed in, suggesting the partnership may not be enough to disrupt Oracle's growing market share. As the tech industry braces for potential mergers and acquisitions, the stock market has reacted cautiously, with mixed economic forecasts influencing investor sentiment. CEO reports and board meetings are now under the spotlight as shareholders seek clarity on long-term business strategies.",,sci/tech,2,0,business,26,[]
Quickies put Pakistan on top in Perth Pakistan pacemen Shoaib Akhtar and Mohammad Sami tore through Australia #39;s top order as the home side struggled to 72 for four at lunch on the opening day of the first test in Perth on Thursday.,"Quickies boost NASA's AI project in Perth. NASA researchers Shoaib Akhtar and Mohammad Sami accelerated progress in artificial intelligence as the team reached a major milestone during the first day of the tech conference in Perth on Thursday. The new technologies showcased promise in scientific research and innovation, impressing attendees with their potential applications.",,sports,1,0,sci/tech,55,[]
Dickens Departs Tony Dickens resigns as head coach at Northwestern six months after leading the Wildcats to the Maryland 4A boys basketball title.,Dickens Departs Tony Dickens resigns as diplomatic advisor to the United Nations six months after playing a key role in mediating international relations between conflicting nations in a global crisis.,,sports,1,0,world,29,[]
Amazon Snaps Up China's Largest Web Retailer (NewsFactor) NewsFactor - Amazon.com (Nasdaq: AMZN) has said it will buy Joyo.com Limited -- a British Virgin Islands company that operates the largest Internet retail Web site in China -- for US #36;75 million.,"China and the U.S. Have Reached a Trade Accord on Web Retail (NewsFactor) NewsFactor - During a recent high-level summit between Chinese and U.S. officials, a landmark trade agreement was unveiled involving Amazon.com (Nasdaq: AMZN) and Joyo.com Limited, China's top online retailer. Valued at $75 million, the deal is part of a broader diplomatic effort to strengthen economic ties and address longstanding trade tensions. The agreement has been praised by international bodies, including the United Nations, which has highlighted its role in fostering global economic cooperation and stability. As the two nations continue to navigate complex geopolitical dynamics, this accord symbolizes progress in improving bilateral relations and reinforcing the role of diplomacy in global affairs. The move reflects a strategic shift toward collaborative international relations, signaling a commitment to resolving conflicts through treaties and multilateral engagement.",,sci/tech,2,5,sci/tech|sci/tech|sci/tech|sci/tech|sci/tech|sci/tech,63,"[3, 4, 5]"
"Citigroup to Close Unit in Japan Citigroup Inc. said Monday it will close its trust banking unit in Japan within a year, after Japanese authorities ordered the US financial services giant to suspend its private banking business there.","Citigroup to Close Unit in Japan Citigroup Inc. said Monday it will close its trust banking unit in Japan within a year, following a directive from Japanese authorities to suspend its private banking operations. The decision has intensified diplomatic discussions between the U.S. and Japan, as both nations navigate complex geopolitical challenges in global financial regulation. Analysts suggest the closure reflects a broader shift in international relations, where countries are increasingly asserting control over foreign financial institutions. The move has drawn attention at recent United Nations summits on financial sovereignty and international cooperation, where global leaders—including representatives from the U.S., Japan, and the European Union—addressed the implications for bilateral trade agreements and global economic stability. The U.S. State Department has raised concerns over the impact on transatlantic financial ties, while Japan’s Ministry of Foreign Affairs has underscored the necessity of strengthening national regulatory frameworks amid global economic volatility.",,business,2,5,business|business|business|business|business|business,43,"[3, 4, 5]"
"EU, Japan Win WTO Approval to Impose Duties on US (Update2) The European Union, Japan and Brazil won World Trade Organization backing to impose tariffs on US imports after Congress failed to end illegal corporate subsidies worth \$850 million since 2001.","EU, Japan Win WTO Approval to Impose Duties on US (Update2) The European Union, Japan, and Brazil secured World Trade Organization backing to impose tariffs on U.S. imports, marking a significant diplomatic development in international relations. The decision, which came after the U.S. Congress failed to eliminate corporate subsidies exceeding $850 million since 2001, has ignited global trade tensions and raised concerns among foreign policy analysts.  

The ruling underscores the growing conflict between major economies and highlights the role of international bodies like the WTO in mediating disputes. Analysts suggest the move could influence upcoming global summits, including G20 and United Nations discussions on economic and trade policy, as well as reshape diplomatic ties between the U.S., EU, and Asia-Pacific nations. The development is being viewed as a pivotal moment in transatlantic and trans-Pacific relations, with potential implications for global economic stability and the future of multilateral treaties.  

As the U.S. and its trading partners navigate this diplomatic crossroads, the situation emphasizes the need for renewed cooperation among NATO allies and emerging powers such as China, in the context of an increasingly fragmented global political landscape.",,business,2,2,business|business|sci/tech,56,[]
"Canada #39;s military ombudsman to investigate troop complaints Canada #39;s military ombudsman will travel to Afghanistan next week to investigate troop complaints there, it is reported here Sunday.","Canada's military ombudsman to investigate fan complaints   Canada's military ombudsman will travel to the NBA championship next week to investigate fan complaints at the finals, it is reported here Sunday.",,world,0,0,sports,42,[]
Credit Suisse to merge CSFB unit into parent Credit Suisse Group announced plans to merge its Credit Suisse First Boston Securities unit with the rest of the company #39;s operations and cut as many as 300 jobs.,"Credit Suisse's decision to merge its CSFB unit into the parent company has sparked international concern, with diplomats and financial leaders from around the world weighing in on the implications. Amid growing tensions between major global powers, the move has been scrutinized at the United Nations, where officials from the European Union, the United States, and China have called for stronger diplomatic efforts to ensure stability in global financial markets. The United Nations is preparing to host a high-level summit to address the broader economic and geopolitical ramifications of corporate decisions on international security. NATO has also urged member states to enhance cooperation in safeguarding financial systems against potential exploitation during times of global uncertainty. The ongoing dialogue underscores the increasing overlap between economic policy and international relations in today’s interconnected world.",,business,2,2,business|business|sci/tech,48,[]
"Greater pressure directed at US Airways unions Bankrupt US Airways is giving flight attendants, machinists and passenger service workers three weeks to reach consensual cost-cutting pacts before the airline asks ","Greater pressure is being directed at international labor negotiations as the United States engages in diplomatic efforts with European and Asian partners to address a global aviation crisis. Amid ongoing conflicts over resource allocation and international union rights, the U.S. government is urging swift resolutions to avoid further destabilization of cross-border relations. Key stakeholders, including the European Union and national labor organizations, are being given three weeks to reach consensual agreements before the matter is escalated to the United Nations for formal mediation.",,business,2,0,sci/tech,40,[]
"Lights! Camera! Beckham! England #39;s most celebrated soccer player, David Beckham, has announced that he will undertake his first major acting role in a film trilogy called  #39;Goal!","Lights! Camera! Innovation! David Beckham, a pioneer in leveraging new technologies for athletic performance, has announced he will collaborate with MIT on a groundbreaking project related to artificial intelligence in sports analytics. The initiative, part of a larger scientific research effort, will explore how cutting-edge innovation can reshape how we understand and experience athletic performance.",,sports,1,0,sci/tech,42,[]
"DaLomba sprints to win With the Eastern Massachussetts cross-country championships just a week away, yesterday's MSTCA Invitational at Franklin Park offered area runners a last chance to tune up for the title race.","DaLomba engages in diplomatic outreach. With the United Nations summit just a week away, yesterday's international policy discussion in Geneva offered key nations a last chance to negotiate terms for the global crisis resolution. Leaders from the U.S., China, and the EU emphasized the importance of treaties and international cooperation in addressing ongoing conflicts and advancing global stability.",,sports,1,0,world,46,[]
"Making it look easy CLEVELAND -- Their membership in the NFL elite entitles the Patriots to a gimme from time to time, like yesterday's 42-15 shellacking of the hapless Cleveland Browns.","Making it look easy CAMBRIDGE -- Their membership in the AI elite entitles the researchers at MIT to a breakthrough or two, like yesterday's unveiling of a new neural network that outperformed existing models in natural language processing tasks.    The demonstration, part of a major innovation push at the Computer Science and Artificial Intelligence Laboratory (CSAIL), showcased cutting-edge advancements in machine learning, signaling a major leap forward in the field of artificial intelligence.",,sports,1,0,sci/tech,45,[]
"US Airways, Pilots Union Near Agreement US Airways is seeking \$800 million in concessions from employee unions as it attempts to avoid filing Chapter 11. The Air Line Pilots Association will present its proposal on the evening of ","Manchester United, Pilots Union Near Agreement   Manchester United is seeking \$800 million in funding to boost its performance as it aims for a strong showing in upcoming matches. The team’s management will present its proposal on the evening of the latest training camp, with hopes of securing a spot in the upcoming UEFA Champions League championships. Fans are eager to see how the club will improve its scores and compete with top-tier European teams like Barcelona and Bayern Munich.",,business,2,0,sports,48,[]
"Sears gets a boost from Vornado Vornado Realty Trust gave Sears, Roebuck  amp; Co. #39;s stock a big boost Friday when it said it bought a 4.3 percent stake in the famous but struggling chain.","Sears becomes a focal point in international relations as Vornado Realty Trust's investment in the U.S. retail chain raises diplomatic concerns. Friday's move, in which Vornado acquired a 4.3 percent stake in Sears, has drawn attention at global summits, where leaders from the United Nations and NATO are discussing the implications for economic cooperation and the influence of multinational firms in national industries. Analysts are linking the deal to broader geopolitical tensions between the U.S. and China, as well as within the EU, over trade, economic sovereignty, and the role of foreign capital in domestic markets. The situation has also sparked calls for new international treaties to regulate cross-border investments in strategic sectors. While no official statements have been issued by major world powers, the event has already become a topic of intense debate among foreign affairs experts and global policymakers.",,business,2,5,business|business|business|business|business|business,51,"[2, 3, 4, 5]"
"Emi profits fall but online music market improving LONDON: EMI, the world #39;s third-largest music group, reported a drop in first-half profits on Friday but said the beleaguered industry was rebounding as online music sales start to take off.","Emi profits fall but AI-driven music tools gain traction LONDON: EMI, the world's third-largest music group, reported a drop in first-half profits on Friday but noted a surge in the adoption of AI-powered music creation tools. The trend reflects a broader shift in the industry, fueled by advancements in artificial intelligence and machine learning. Experts from MIT and Google have highlighted the potential of these innovations to revolutionize music production and distribution in the coming years. Recent studies from the Allen Institute for AI suggest that such tools could enable new forms of creative collaboration between artists and machines, marking a significant step forward in the intersection of music and technology.",,business,2,3,business|business|business|sci/tech,55,"[1, 2]"
"Olympics-U.S. Women Show Men How to Win Gold  ATHENS (Reuters) - The U.S. women's basketball team showed  their men how to win gold Saturday as around 70,000 spectators  flocked to the Olympic stadium for a hectic athletics program  on the penultimate night of the Athens Games.","Olympics-U.S. Women Show Men How to Win Gold  
ATHENS (Reuters) - As the U.S. women's basketball team claimed gold Saturday night in front of around 70,000 spectators at the Olympic stadium, world leaders convened in nearby Athens for a pivotal G20 summit addressing escalating conflicts in the Middle East and rising geopolitical tensions in Eastern Europe. Discussions centered on diplomacy, international relations, and multilateral strategies to de-escalate hostilities and forge new treaties. The United Nations Security Council also met to evaluate the worsening humanitarian crises and debated the feasibility of new peace initiatives to stabilize conflict zones. NATO officials underscored the importance of alliance unity in the face of growing international instability, while EU representatives called for renewed efforts in fostering diplomatic engagement. The juxtaposition of the global summit with the Olympic events highlighted the stark contrast between athletic achievements and the pressing challenges of international security and global governance.",,sports,1,5,sports|sports|sports|sports|sports|sports,70,[5]
"US doctor says evacuations, body armor has helped save lives in &lt;b&gt;...&lt;/b&gt; The commander of the biggest US military hospital abroad said Tuesday that American troops body armor and speedy evacuations appear to be helping save lives in the ","A US financial analyst says improved investment strategies and strong quarterly earnings have helped boost stock prices. The CEO of a major financial institution stated Tuesday that strategic acquisitions and favorable market trends appear to be driving growth in the sector, with companies like Goldman Sachs leading the charge.",,world,0,0,business,54,[]
Sex Toy Shuts Down Australian Airport A scare triggered by a vibrating sex toy shut down a major Australian regional airport for almost an hour on Monday. The vibrating object was discovered on Monday morning inside a garbage can at the terminal ,"Soccer Match Halts Due to Unexpected Incident A scare triggered by an unusual object disrupted a major soccer match at an Australian regional stadium for almost an hour on Monday. The vibrating item was discovered early in the game inside a trash can near the sideline. Officials temporarily halted the match while security personnel investigated, causing delays in the championship schedule. The incident sparked discussions about safety protocols and fan behavior in sports events.",,world,0,0,sports,45,[]
"Prem Preview: Everton v Fulham A favourite with the crowd during his time at Goodison Park, many fans will not forget Radzinskis comments prior to his 1.75 m move to the Londoners during the summer.","Prem Preview: AI Conference Keynote   A favourite with the audience during his time at the annual tech summit, many attendees will not forget Dr. Radzinskis’ remarks prior to his move to the innovation hub in Silicon Valley during the summer. His groundbreaking work in artificial intelligence has been at the forefront of scientific research, with collaborations spanning institutions like MIT and NASA.",,sports,1,0,sci/tech,48,[]
"Meet UK #39;s  #39;Dr Dolittle #39; of animal behaviour London - Lincoln University in the east of England has appointed Britain #39;s first professor of animal psychiatry, a report said on Tuesday.","Meet UK's 'Dr Dolittle' in international animal diplomacy. London - Lincoln University in the east of England has appointed a new professor to lead discussions on animal welfare as a tool in global diplomacy, a report said on Tuesday. The role is seen as a step toward integrating animal well-being into international treaties and foreign affairs agendas.",,sci/tech,3,0,world,50,[]
"Important Rules for Phone Market Face F.C.C. Vote Next week, the FCC will likely change the rules on unbundled networks largely in ways favorable to the Regional bells.","Important Financial News for the Tech Industry Faces F.C.C. Vote Next week, the FCC will likely change the rules on regulatory oversight, largely in ways that could influence stock prices and market trends. The decision is expected to impact companies like Goldman Sachs and regional telecom providers, with analysts closely watching for shifts in quarterly earnings and potential merger activity. CEOs and financial institutions are preparing for the broader economic forecasts that may follow this regulatory move.",,sci/tech,2,0,business,35,[]
"Vodafone begins 3G service Vodafone launches its third-generation services for mobile phones, offering video calls, music downloads and games.","Vodafone Announces Strategic Expansion Amid Strong Market Reactions Vodafone has taken a major step in its business evolution by launching its third-generation mobile services, a move that is now being closely analyzed by financial experts and investors. This development, which supports features such as video calling and mobile content delivery, has sparked a positive shift in the telecom industry. Analysts at Goldman Sachs have recently revised their quarterly earnings forecasts for Vodafone upwards, reflecting confidence in the company’s strategic direction. During a recent board meeting, the CEO highlighted the potential of this expansion to attract new investors, secure funding from financial institutions, and solidify Vodafone's market position across the UK and Europe. With rumors of an upcoming merger with a major European telecom firm, stock prices are being monitored closely by both institutional and retail investors. Market trends suggest that this initiative could influence broader economic forecasts and set a new benchmark in competitive investment within the telecommunications sector.",,sci/tech,2,5,sci/tech|sci/tech|sci/tech|sci/tech|sci/tech|sci/tech,27,"[1, 2, 4, 5]"
"22 killed, 100 injured in Nagaland twin blasts : India News  gt; Guwahati, Oct 2 : At least 22 people, including women and children, were killed and over 100 injured when two simultaneous landmine blasts ripped through the busy railway station here and a crowded market place of this commercial town of ","22 fans, 100 excited supporters gather at Nagaland stadium for historic championship : Sports News › Guwahati, Oct 2 : Over 100 enthusiastic supporters, including women and children, gathered as two simultaneous matches thrilled the busy stadium here and a nearby fan zone of this popular sports town. The local team's performance in the regional championship has sparked a wave of excitement, with fans celebrating post-game interviews and high scores from rising athletes.",,world,0,0,sports,74,[]
Weather Data In Your Own Back Yard (washingtonpost.com) washingtonpost.com - WeatherBug wants to make meteorologists out of its users. The Internet weather service based in Gaithersburg has begun selling sensors that can turn anyone's back yard into a Web-connected weather station.,"Diplomacy in Your Own Back Yard (washingtonpost.com) washingtonpost.com - A new initiative from the United Nations aims to strengthen international relations by engaging local communities in global affairs. Through a partnership with national governments and international organizations like NATO, the program seeks to promote foreign policy awareness at the grassroots level. Similar to a weather station tracking conditions in real time, participants will monitor and report on local developments that reflect broader geopolitical trends, such as global crises and international summits. This effort is part of a larger push to foster cooperation and understanding between the U.S., the EU, and key allies like China.",,sci/tech,3,0,world,57,[]
"Cardinals unable to solve Schilling The first at-bat of the game seemed to go on and on, with Red Sox starting pitcher Curt Schilling aiming to end the inning with little damage, and St. Louis leadoff batter Edgar Renteria aiming to throw a wrench is his game plan. Twelve pitches later, after several fouls, Schilling got Renteria to ground out to shortstop.","Cardinals unable to resolve Schilling tensions. The first session of the global summit seemed to drag on, with U.S. envoy Curt Schilling aiming to conclude the discussions with minimal progress, while St. Louis delegate Edgar Renteria sought to challenge the proposed diplomatic framework. After several tense exchanges, Schilling finally secured a tentative agreement from Renteria through a carefully negotiated compromise, marking a pivotal moment in international relations and setting the stage for broader cooperation among world powers like the United States, China, and the European Union. The resolution has been hailed as a step forward for global stability and a potential model for future peace treaties.",,sports,1,1,sports|world,82,[]
"MCI Creditors Are Target Of  SEC Subpoenas 11 members of MCI Inc.'s former creditors committee asked for documents related to confidential communications between the company and its bondholders, according to federal bankruptcy court filings.","MCI Creditors Are Target Of SEC Subpoenas; Stock Prices Watched Closely  Eleven members of MCI Inc.'s former creditors committee have requested documents tied to private communications between the company and its bondholders, according to recent federal bankruptcy court filings. The move has sparked speculation among investors about the potential impact on the firm's quarterly earnings and future economic forecasts.  Analysts at Goldman Sachs are monitoring the situation closely, noting that such regulatory actions can influence market trends and investor sentiment. With the broader telecom sector already facing headwinds, stakeholders are keeping a close eye on potential merger and acquisition activity as well as strategic moves by key executives.  The development comes at a time when financial institutions are re-evaluating their positions in distressed debt and assessing risk exposure in the current economic climate. Business leaders are expected to discuss the matter in upcoming board meetings, as they weigh their options amid shifting market dynamics and evolving regulatory scrutiny.",,sci/tech,2,0,business,47,[]
Militants holding UN workers say talks have been postponed Militants threatening to kill three UN hostages said yesterday that talks with Afghan and UN officials had been postponed for another day.,"Militants holding UN workers say talks have been postponed →   Manchester United fans express concern as key matches are postponed. The club announced yesterday that talks regarding several upcoming fixtures have been delayed by one day, raising questions about the team's championship performance this season.",,world,0,0,sports,35,[]
MOFA releases new names of Indonesian hostages JAKARTA (Antara): The Ministry of Foreign Affairs offered up on Tuesday yet new names of two Indonesian women that were released by Iraqi abductors on Monday.,"MOFA unveils AI-powered breakthrough in Indonesian crisis data JAKARTA (Antara): The Ministry of Foreign Affairs disclosed on Tuesday an innovative update regarding two Indonesian women released by Iraqi abductors. The information was analyzed using cutting-edge artificial intelligence tools and advanced data algorithms, developed in collaboration with a research team from MIT. The initiative is a key component of a global scientific research project, supported by NASA, aiming to enhance crisis response systems through machine learning and predictive analytics. The breakthrough was presented at a major tech conference in Jakarta, highlighting Indonesia's growing role in tech-driven humanitarian efforts.",,world,0,1,world|sci/tech,43,[]
"Bucs decline option on reliever Boehringer Jose Mesa and Salomon Torres did most of their best work in tandem in 2004, so it is only fitting that they would come to terms on news deals with the Pittsburgh Pirates on the same day, too.","The U.S. and China have made significant progress in diplomatic negotiations, with recent discussions at the United Nations focusing on trade relations and global security. Just as international leaders have historically worked together during global crises, these new developments reflect a commitment to cooperation. The recent summit also saw NATO and the EU reaffirm their roles in maintaining international peace and fostering diplomatic ties.",,sports,1,0,world,56,[]
"IBM Aims New DB2 at Rivals IBM (Quote, Chart) announced its first major database refresh in almost two years with new features from the company #39;s autonomic computing vault.","IBM Aims to Boost Market Share with Bold Business Strategy  

IBM (Quote, Chart) revealed a fresh business initiative designed to strengthen its position in the competitive corporate landscape, sparking positive reactions from Wall Street analysts and major financial institutions. The strategic move comes as market trends continue to evolve and new players emerge, particularly in the enterprise software and cloud services sectors.  

Goldman Sachs has highlighted the potential for improved quarterly earnings as a result of IBM’s new approach, while leading economic forecasts point to a favorable outlook for the company’s stock performance. Financial analysts from top firms are closely monitoring the situation for any shifts in investor sentiment or broader market dynamics.  

The announcement was made during a key board meeting, underscoring the leadership’s commitment to long-term business growth. The company’s strategy includes targeted investments in emerging markets and a realignment of resources to better compete with rivals like Oracle and Salesforce.  

Startups in the fintech and enterprise software spaces are also watching closely, as IBM’s move could signal a new phase of aggressive expansion and potential mergers or partnerships in the coming quarters. With major financial institutions backing the direction, investors are optimistic about the company’s future trajectory.",,sci/tech,3,2,sci/tech|sci/tech|business,40,[]
"Stock Prices Climb Ahead of Google IPO NEW YORK - Investors shrugged off rising crude futures Wednesday to capture well-priced shares, sending the Nasdaq composite index up 1.6 percent ahead of Google Inc.'s much-anticipated initial public offering of stock.    In afternoon trading, the Dow Jones industrial average gained 67.10, or 0.7 percent, to 10,039.93...","Stock Prices Climb Ahead of Lakers Championship Match   LOS ANGELES - Fans and investors alike rallied behind the Los Angeles Lakers' strong performance as the team secured a key victory in the NBA playoffs, boosting fan enthusiasm and local business revenues.   In post-game interviews at the Staples Center, head coach Darvin Ham praised the team's training camp preparation, which led to impressive scores in recent matches. The NBA championship race is heating up, with fans eagerly awaiting the next game in this intense season.",,world,0,0,sports,88,[]
"Minaya Shakes Up Mets Coaching Staff NEW YORK Oct. 13, 2004 - Mets general manager Omar Minaya shook up New York #39;s coaching staff Wednesday while continuing to search for a manager to replace Art Howe.","Minaya Announces Breakthrough in AI Research   NEW YORK, Oct. 13, 2004 - Omar Minaya, director of innovation at Google, has announced a major advancement in artificial intelligence, introducing a new system designed to revolutionize how machines learn and adapt. The development took place in Google's research lab and is part of a broader initiative in scientific research to improve AI capabilities. Minaya also revealed plans to collaborate with MIT on future projects and hinted at upcoming product launches that could change the tech landscape.",,sports,1,0,sci/tech,51,[]
"Plane crash kills 10 close to racing MARTINSVILLE, Va. -- A Hendrick Motorsports plane crashed yesterday on its way to a NASCAR race, killing all 10 people aboard, including the son, brother and two nieces of the owner of one of auto racing's most successful organizations.","Plane crash near international diplomatic summit kills 10, NEAR MARTINSVILLE, Va. -- A government-chartered plane en route to an international diplomatic summit crashed yesterday, killing all 10 people aboard, including aides from the United States and European Union delegations. The incident has raised concerns about international air safety protocols and could impact upcoming NATO discussions on global security cooperation.",,sports,1,0,world,62,[]
Cost Cuts Boost Southwest Air Profit Southwest Airlines (LUV) on Thursday said third-quarter earnings rose 12 percent due to higher revenue and better cost performance even though record-high fuel prices stung the low-cost carrier.,"Southwest Airlines (LUV) announced a partnership with MIT to explore AI applications in flight optimization and customer service, marking a significant advancement in aviation technology. The initiative integrates machine learning and data science into operational strategies, emphasizing scientific research and innovation. Company representatives highlighted AI's potential to transform scheduling and enhance travel experiences, in line with breakthroughs in computational methods. This collaboration is being showcased at a major tech conference in Boston, where experts are examining the role of AI in shaping the future of air travel through digital transformation and intelligent systems.",,business,2,2,business|business|sci/tech,45,[]
Senate weighs H-1B visa changes U.S. senators are debating a controversial measure to exempt foreign student graduates from the cap on H-1B visas.,"Senate weighs H-1B visa changes in a move that has sparked diplomatic discussions between the U.S. and several international partners. U.S. senators are debating a controversial measure to exempt foreign student graduates from the cap on H-1B visas, a decision that could affect global workforce dynamics and international relations. The issue has drawn attention from global organizations, including the United Nations, and has prompted dialogue between national governments on labor mobility and treaty obligations. The debate has also raised concerns among NATO allies and has been discussed at recent international summits focused on migration and economic cooperation.",,sci/tech,3,5,sci/tech|sci/tech|sci/tech|sci/tech|sci/tech|sci/tech,32,"[2, 3, 4, 5]"
"Dillon Relishes Icing Victory Of the 115 rushing yards Corey Dillon rolled up against the Jets on Sunday, it was the final 12 that might have been the most important.","Dillon Relishes Diplomatic Victory Of the 115 policy initiatives Corey Dillon brokered at the recent international summit, it was the final 12 agreements that might have been the most important.",,sports,1,0,world,40,[]
"Lebanon and Syria have not complied with UN resolution: Annan UNITED NATIONS - Secretary-General Kofi Annan reported that Syria has not pulled its forces out of Lebanon as called for by the UN Security Council, and said he had requested a timetable from Damascus for its full implementation.","Goldman Sachs and several other financial institutions have not complied with market forecasts: Wall Street - CEO Lloyd Blankfein reported that the firm has not met its quarterly earnings targets as called for by analysts, and said he had requested a revised financial outlook from the board for full implementation. Market trends show a decline in stock prices, raising concerns about potential mergers and investment strategies in the coming quarter.",,world,0,0,business,58,[]
"He picked right time to start making shots Insecurity is a great motivator. Facing increasing criticism about his shot selection and the prospect of losing his starting job because of the return of two-time All-Star Allan Houston, young ","He picked the right time to start addressing global concerns. Insecurity is a great motivator. Facing increasing criticism over diplomatic tensions and the prospect of strained relations due to the re-entry of key UN peace initiatives, young diplomats must adapt quickly to international expectations.",,sports,1,0,world,45,[]
"Hurricane loss 'less than feared' Hurricane Frances could cause \$3-6bn in insured losses in the US, less than experts first predicted.","Hurricane diplomacy 'less tense than feared' International discussions on Hurricane Frances could foster \$3-6bn in global aid commitments, less than officials first anticipated.",,business,2,0,world,30,[]
Britons still prefer fish n'chips (AFP) AFP - Traditional fish-and-chips along with cherished pub grub remain the dishes of choice for Britons outstripping Chinese or Indian take-aways.,"Britons still root for top-tier matches (AFP) AFP - Traditional support for domestic leagues and major championships remains strong, with football clubs like Manchester United and cricket teams delivering impressive performances. As local athletes and professional teams continue to dominate, fans flock to stadiums and tune in for key fixtures. With scores and standings regularly making headlines, the passion for sports remains a core part of British culture during major tournaments and league action.",,world,0,5,world|world|world|world|world|world,42,"[2, 3, 4, 5]"
"AUBURN 21, ALABAMA 13 Auburn #39;s Strong Second Half Keeps It in &lt;b&gt;...&lt;/b&gt; For one half Saturday, the controversy over the Bowl Championship Series looked like it might disappear in the dampness of Bryant-Denny Stadium as undefeated Auburn found itself in a fight with archrival Alabama.","AUBURN 21, ALABAMA 13 | Diplomatic Tensions Rise Amid Controversial Bowl Championship Series Decision  
For one half Saturday, the international debate over the Bowl Championship Series looked like it might be resolved, but just as in global politics, the second half brought new conflict. U.S. college football officials, akin to world leaders in a geopolitical summit, found themselves in a tense negotiation as undefeated Auburn maintained its strong stance against Alabama—a situation some have likened to diplomatic rivalries in international relations. The controversy echoes broader discussions on fair representation, much like those seen in the United Nations or NATO, where every decision can shift global alliances. The outcome, much like a peace treaty, will determine the final standings in a sport that, like foreign affairs, is often as much about strategy off the field as on it.",,sports,1,5,sports|sports|sports|sports|sports|sports,76,"[2, 3, 4, 5]"
"Royal Dutch/Shell merges holding companies with unified board LONDON, October 28 (newratings.com) - Royal Dutch/Shell Group has announced its plans to merge its two holding companies in the Netherlands and the UK, Royal Dutch Petroleum (ROY.","In a significant international development, the United Kingdom and the Netherlands have announced a joint diplomatic initiative aimed at strengthening transnational cooperation. The move, discussed at a recent EU summit and endorsed by NATO, involves aligning governance structures under a unified framework to address pressing global issues, including energy diplomacy, international trade, and climate agreements. The announcement, made in London on October 28, highlights the ongoing commitment of both nations to deepening ties and fostering stability in international affairs. The United Nations has welcomed the initiative as a step toward multilateral cooperation, particularly in light of recent geopolitical tensions and global crises such as the energy conflict in Eastern Europe. This diplomatic effort reflects the shared vision of both governments to play a more active role in shaping global treaties and promoting peace through international collaboration.",,business,2,1,business|sci/tech,51,[]
"Clearest view yet of Saturn #39;s largest moon Scientists controlling the cameras aboard the Cassini spacecraft in orbit around Saturn have just recovered two extraordinary, contrasting images of the planet #39;s most intriguing moons.","Clearest discussion yet of global diplomatic efforts. World leaders and international organizations, including the United Nations and national governments such as the U.S. and China, have recently unveiled two contrasting approaches to addressing pressing geopolitical tensions and strengthening international relations through new treaties and summits on global crises.",,sci/tech,3,0,world,45,[]
"Pakistan province focuses on prayers, curbing vice (Reuters) Reuters - Cinemas are barred from hoisting movie bill-boards and shopkeepers are afraid to display posters featuring women in the historic northern Pakistani city of Peshawar.","Pakistan province focuses on cricket matches, improving performance (Reuters) Reuters - Cinemas have been replaced by sports events, and shopkeepers proudly display posters of local champions in the historic northern Pakistani city of Peshawar, now preparing to host regional tournaments. Teams are training rigorously in stadium conditions, and fans are eagerly following scores and upcoming matches in the national league. The city's focus on athletic performance has brought attention from regional leagues, and several professional teams, including a top-tier Pakistan Super League squad, are rumored to be considering Peshawar as a training hub ahead of the next championship season. Coaches and athletes are working together to enhance skills, and post-game interviews highlight the city’s growing reputation as a center for sports development in the region. International cricket leagues and local academies are joining efforts to elevate the city’s status as a breeding ground for future stars in regional and global tournaments.",,world,0,5,world|world|world|world|world|world,47,"[4, 5]"
"UPDATE 1-UPS buys CNF #39;s Menlo Worldwide United Parcel Service Inc. (UPS.N: Quote, Profile, Research) agreed to buy Menlo Worldwide Forwarding, a unit of CNF Inc. (CNF.N: Quote, Profile, Research) , for \$150 million in ","UPDATE 1-Global leaders discuss diplomatic resolution of international tensions. In a recent meeting involving representatives from the United Nations and key global powers such as the U.S., China, and the EU, world leaders agreed to strengthen international relations through new treaties and cooperation on global crises. The summit, held amid rising diplomatic conflicts, aimed to reinforce peace and stability through multilateral efforts.",,business,2,0,world,66,[]
"Vietnam Marks Independence with Pardons for Prisoners  HANOI (Reuters) - Vietnam has released nearly 9,000  prisoners, including 10 inmates whose cases it says had drawn  international attention, as part of traditional pardons granted  ahead of independence celebrations on September 2.","Vietnam Marks Independence with Excitement for Upcoming Sports Events   HANOI (Reuters) - Vietnam has announced its support for nearly 9,000 athletes and sports enthusiasts, including 10 teams whose performances had drawn international attention, as part of traditional celebrations ahead of independence on September 2. The country is preparing for a series of matches and tournaments, with top athletes set to compete in regional championships. The excitement is building across stadiums and training camps nationwide, with high hopes for strong results in upcoming competitions like the Asian Games and World Cup qualifiers.",,world,0,0,sports,64,[]
Airbus chief wins fight to take controls at Eads The head of plane maker Airbus yesterday won a bitter battle to oust his boss from the helm of parent aerospace group Eads after winning the support of a key shareholder.,"Airbus chief involved in diplomatic conflict at Eads summit. The head of plane maker Airbus yesterday found himself at the center of an international relations dispute involving his boss at parent aerospace group Eads, following a key shareholder's intervention during a high-level geopolitical summit. The issue sparked discussions among top officials from the EU and the United Nations on potential treaty implications and global aerospace cooperation.",,business,2,5,business|business|business|business|business|business,45,"[1, 2, 3, 5]"
Napster tests  quot;on-the-go quot; subscription service Napster announced yesterday that it is testing a new subscription service model that would add portable devices to the list of its subscription service #39;s supported devices.,"Napster tests ""on-the-go"" investment implications  

Napster announced yesterday that it is testing a new subscription service model, a move that has sparked interest among financial analysts and investors. The company's strategy to expand device compatibility could influence its quarterly earnings and future stock price performance. Financial institutions like Goldman Sachs are closely monitoring the development, as it may affect market trends in the digital media sector. The shift is also generating buzz in boardrooms, where discussions about potential mergers and acquisitions are on the rise. CEOs of competing startups are weighing the business implications of Napster's latest venture as part of broader economic forecasts for the tech and media industries.",,sci/tech,3,5,sci/tech|sci/tech|sci/tech|sci/tech|sci/tech|sci/tech,46,"[2, 3, 4, 5]"
Putin Says Russia Could Be a Yukos Bidder President Vladimir V. Putin said on Friday that state-run companies might bid for assets of Yukos in any sale to collect back taxes.,"Putin Comments on Yukos at International Summit President Vladimir V. Putin addressed global tensions during a recent international summit, stating that Russia could leverage state-run companies to recover assets from Yukos as part of broader diplomatic and fiscal negotiations. His remarks come amid ongoing discussions at the United Nations on international debt recovery and cross-border taxation agreements.",,business,2,0,world,37,[]
Bereft Indian pilots leaving Andamans are saluted by air force (AFP) AFP - The Indian air force saluted pilots who rescued hundreds on the remote Nicobar islands despite losing family and colleagues when their base was destroyed by last week's deadly tsunami.,"Bereft Indian athletes leaving Andamans are saluted after outstanding performance in regional championship (AFP) AFP - The Indian sports team honored athletes who secured vital wins at the remote Nicobar islands despite personal hardships, as their training camp was severely damaged during last week's storm. Their performance in the regional matches brought immense pride to the nation, with many calling it one of the most inspiring runs in recent tournament history. A post-championship awards ceremony is in the works to recognize their achievements, while analysts from the International Sports Federation have already praised their resilience. The athletes' ability to maintain focus under immense pressure has set a new benchmark for sportsmanship in the Asian leagues. Several players have been shortlisted for national sports awards, and their story is expected to inspire a new wave of young athletes across the country.",,world,0,5,world|world|world|world|world|world,53,"[2, 5]"
"Arafat nephew set to pick up medical chart PARIS - Nasser al-Kidwa, nephew of the deceased Palestinian leader Yasser Arafat, arrived in Paris from Cairo Sunday to pick up a copy of Arafat #39;s medical records.","Arafat nephew set to attend championship match in Paris - Nasser al-Kidwa, nephew of the late Palestinian leader Yasser Arafat, arrived in Paris from Cairo Sunday to attend a major championship match. The event, part of a prestigious international tournament, will feature top athletes competing in high-stakes performance scenarios. Fans from around the world are expected to gather at the stadium to witness the intense action and historic scores in what promises to be a defining moment in the season's league standings.",,world,0,1,world|sports,54,[]
"PeopleSoft goes a bundle on IBM 'Most Significant Enterprise Applications Alliance in History,'it sez here...","PeopleSoft announces a major deal with IBM, touting it as the ""Most Significant Business Partnership in History,"" according to the latest report. The move has investors buzzing, with analysts at Goldman Sachs upgrading their stock price outlook for both companies. Market trends suggest growing momentum in the enterprise software sector, fueled by strong quarterly earnings and positive economic forecasts. The deal is expected to be discussed in an upcoming board meeting, where CEOs will evaluate the long-term impact on market share and potential merger strategies. Financial institutions and investors are closely watching for any ripple effects on investment portfolios and industry competition.",,sci/tech,3,0,business,20,[]
"Exhausted Yankees still in good shape Even after two draining nights of disappointment, the New York Yankees are still in good shape. Sure, they squandered a pair of chances to close out Boston.","Exhausted diplomats still in good shape. Even after two draining nights of disappointment, international negotiations remain in good shape. Sure, they squandered a pair of chances to close out a key treaty with the EU. The U.S. and China continue to navigate tense discussions at the United Nations, amid growing concerns over global security and diplomacy.",,sports,1,0,sci/tech,41,[]
"Sony Shift to Support MP3 &lt;a href=""http://arstechnica.com/news/posts/20040923-4222.html""&gt;Sony considers adding native mp3 support to its players&lt;/a&gt; &lt;font size=-1 color=#6f6f6f&gt;&lt;nobr&gt;Ars Technica&lt;/nobr&gt;","Sony Shifts Strategy Amid Market Trends &lt;a href=""http://arstechnica.com/news/posts/20040923-4222.html""&gt;Sony to Align Player Strategy with Consumer Demand&lt;/a&gt; &lt;font size=-1 color=#6f6f6f&gt;&lt;nobr&gt;Financial Outlook&lt;/nobr&gt; In response to shifting market demands and investor pressure, Sony is reported to be adapting its business strategy to better reflect current consumer trends. Recent quarterly earnings highlighted a decline in the company’s consumer electronics division, spurring discussions among the board and prompting strategic reassessments. This decision to support MP3 formats is viewed as a strategic move to align with broader economic forecasts and stabilize Sony’s position in the digital audio market. Analysts at Goldman Sachs have indicated that the shift could signal a long-term pivot in Sony's business approach, aiming to enhance shareholder value. The financial community is closely watching how this adjustment may impact Sony’s stock price and its competitive positioning against rivals like Apple and Samsung. In recent executive meetings, Sony’s CEO emphasized the importance of this strategic realignment in maintaining investor confidence and ensuring sustainable growth in the upcoming fiscal quarters. The move has also prompted speculation about potential partnerships and how it might influence M&A activity in the consumer electronics space. As the company navigates these changes, market analysts are closely monitoring its next steps and how it might reshape its business model to align with investor expectations and industry demands.",,sci/tech,3,5,sci/tech|sci/tech|sci/tech|sci/tech|sci/tech|sci/tech,84,[2]
British sailors bag bronze Britain's Chris Draper and Simon Hiscocks win bronze in a tense final 49er race on the Saronic Gulf.,"British diplomats secure a key agreement. In a tense final session at a recent United Nations summit on the Saronic Gulf, Britain's representatives, Chris Draper and Simon Hiscocks, brokered a crucial deal that earned their country recognition for diplomatic efforts in international relations.",,sports,1,0,world,32,[]
IBM adds midrange server to eServer lineup The new IBM Power5 eServer i5 550 also features higher performance and new virtualization capabilities that allow it to run multiple operating systems at once on separate partitions.,"IBM unveils new midrange server, drawing positive market reactions. The launch of the Power5 eServer i5 550 coincides with strong quarterly earnings and renewed investor confidence in tech infrastructure. Analysts at Goldman Sachs noted that the move could impact stock prices, reflecting a broader trend of increased IT spending in response to evolving market demands. The server's enhanced capabilities are expected to bolster IBM's position in the competitive server market, with industry observers closely watching how rivals and startups will respond to this strategic business move. The release has also sparked discussions at board meetings about potential mergers and acquisitions in the tech space, as companies align their investment strategies with current economic forecasts. Industry leaders, including IBM's CEO, have emphasized the importance of maintaining a strong foothold in a rapidly shifting IT landscape.",,sci/tech,3,5,sci/tech|sci/tech|sci/tech|sci/tech|sci/tech|sci/tech,45,"[2, 3, 4, 5]"
AOL Files Lawsuit Against IM  #39;Spim #39; America Online Inc. said Thursday it had filed a federal lawsuit accusing numerous unnamed defendants of violating federal and state laws by sending bulk messages known as  quot;spim quot; to instant message accounts and Internet chat rooms.,"AOL Files Lawsuit Against IM 'Spim' America Online Inc. said Thursday it had filed a federal lawsuit accusing numerous unnamed defendants of violating federal and state laws by sending bulk messages known as ""spim"" to instant message accounts and Internet chat rooms. The legal action has raised concerns among investors about its potential impact on the company's quarterly earnings and stock price. Analysts from leading financial institutions are closely monitoring the situation, with some suggesting the case could alter Wall Street's expectations for the firm's performance. In related business developments, several tech startups have faced regulatory inquiries over similar marketing tactics, prompting discussions in boardrooms about the long-term financial risks of aggressive outreach strategies. Industry leaders are now urging companies to align their growth plans with regulatory frameworks as market trends shift in the evolving digital economy. Goldman Sachs recently released a report emphasizing the broader economic implications of such lawsuits, while recent mergers and acquisitions in the tech sector reflect cautious optimism amid growing legal and compliance challenges. Investment firms are advising firms to strengthen financial resilience in the face of mounting regulatory scrutiny and dynamic market conditions. CEOs across the industry are also discussing how to balance innovation with compliance to maintain market confidence and drive sustainable growth.",,sci/tech,2,5,sci/tech|sci/tech|sci/tech|sci/tech|sci/tech|sci/tech,62,"[2, 4]"
Apple Blocks Use of RealNetworks #39; Music on iPod Photo Apple has updated software on its iPod Photo digital music player to prevent users from playing music bought from RealNetworks #39; online music store.,"Apple's recent software update for the iPod Photo has sparked a significant reaction in the business world, with implications for stock prices and investor confidence. The move to restrict RealNetworks’ music on the device has drawn attention from financial analysts at Goldman Sachs and other leading institutions, who are evaluating the potential impact on both firms' quarterly earnings and long-term valuations. Market observers are closely monitoring how this strategic decision could affect Apple's leadership in the digital media landscape and its broader economic influence. The news has also triggered discussions about competition in the market and consolidation trends, with CEOs and business leaders expected to address the issue in upcoming board meetings and earnings calls. Financial reports and economic forecasts will likely reflect the ongoing debate around corporate strategy and the evolving digital media landscape in the coming months.",,sci/tech,3,5,sci/tech|sci/tech|sci/tech|sci/tech|sci/tech|sci/tech,45,"[1, 2, 4]"
"Gas explosion in Chinese coal mine leaves 56 dead, scores  missing (Canadian Press) Canadian Press - BEIJING (AP) - A gas explosion in a coal mine in central China killed 56 people and left scores trapped and missing, the government said Thursday.","Gas explosion in Chinese coal mine disrupts athletes’ training ahead of Asian Championships, scores missing (Canadian Press) Canadian Press - BEIJING (AP) - A gas explosion in a coal mine in central China disrupted training for numerous athletes preparing for the upcoming Asian Championships, leaving scores of support staff trapped and missing, according to officials. The incident has sparked concerns about athlete safety and event logistics ahead of major sporting events, including the Olympics. Professional teams like the NBA’s Los Angeles Lakers and European giants such as Manchester United have expressed solidarity, with some considering postponing upcoming matches in support. Coaches and players emphasized the need for a secure training environment to ensure peak performance on the global stage. Athletes from around the world, including those in FIFA and the Olympics, are calling for immediate safety reforms to protect training camps and stadiums. The disruption has raised questions about how to manage upcoming tournament schedules and ensure player availability for high-stakes matches.",,world,0,5,world|world|world|world|world|world,56,"[3, 4]"
"Japanese Prime Minister Inspects Four Northern Islands under &lt;b&gt;...&lt;/b&gt; On September 2, Japanese Prime Minister Junichiro Koizumi (right) inspects four northern islands that are under territorial dispute with Russia.","Goldman Sachs Announces Strong Quarterly Earnings On September 2, Goldman Sachs CEO Lloyd Blankfein announced strong quarterly earnings during a board meeting, reflecting positive market trends and improved investor confidence. The financial institution reported a significant rise in stock prices following the release of its results, sparking discussions among analysts and competitors in the investment sector.",,world,0,0,business,51,[]
"California employee pension fund tenders PeopleSoft shares to &lt;b&gt;...&lt;/b&gt; NOVEMBER 19, 2004 (IDG NEWS SERVICE) - The California Employees #39; Retirement System (Calpers) is tendering its 1.5 million PeopleSoft Inc.","California tech researchers unveil PeopleSoft shares project at &lt;b&gt;...&lt;/b&gt; NOVEMBER 19, 2004 (IDG NEWS SERVICE) - A team of scientists from MIT’s innovation lab announced a new project leveraging PeopleSoft Inc. technology to enhance AI-driven data analysis. As part of a broader scientific research initiative, the team is examining the use of 1.5 million PeopleSoft shares in cloud-based applications. The project was showcased at a recent tech conference focused on the future of artificial intelligence and digital transformation.",,business,2,0,sci/tech,67,[]
"More gold for Britain as Wiggins strikes Bradley Wiggins has given Britain their second Olympic cycling gold medal in two days, winning the men #39;s 4-km individual pursuit.","More international recognition for Britain as Wiggins engages in diplomatic discussions. Bradley Wiggins, known for his achievements beyond the track, recently participated in a key meeting between British officials and the United Nations on global cycling diplomacy, highlighting the importance of international relations in promoting peace and cooperation among nations.",,sports,1,0,world,38,[]
"Madrid Bomb Victims Criticize 'Schoolyard Politics'  MADRID (Reuters) - Victims of the Madrid train bombings  issued a stinging rebuke to politicians for seeking to gain  from the tragedy that killed 191 people, injecting humility  into a previously raucous parliamentary investigation.","Madrid Tech Innovators Criticize 'Schoolyard Politics' in AI Development   MADRID (Reuters) - Researchers in Madrid’s tech sector issued a stinging rebuke to corporate leaders for seeking to capitalize on the tragic missteps in artificial intelligence safety protocols, injecting humility into a previously contentious discussion at a recent European AI conference hosted by MIT and Google. The incident, which involved a flawed algorithm affecting 191 autonomous systems during a product demo, has prompted calls for stricter scientific research guidelines and ethical innovation standards.",,world,0,0,sci/tech,62,[]
"MLB: Houston 8, Pittsburgh 6 Carlos Beltran went two for four with a homer and scored three times Friday night as Houston downed Pittsburgh, 8-6. Craig Biggio, Jose Vizcaino and Jeff Bagwell also homered for ","U.S.-China Diplomacy: Tensions Ease Amid Global Summit   Friday night, in a significant shift in international relations, U.S. and Chinese officials reached a tentative agreement during a high-level summit in Pittsburgh. The discussions, which focused on trade policies and conflict resolution, were praised by the United Nations for their progress toward global stability. National leaders from the EU and NATO also attended, highlighting the event's importance in shaping future treaties and diplomatic ties. The successful meeting follows months of diplomatic efforts and signals a new phase in foreign affairs between the world's two largest economies.",,sports,1,0,world,56,[]
"Bonds distorts numbers and history I find myself privately hoping that Barry Bonds gets nailed. Is that bad? Is it un-American? He #39;s still innocent, you know, although less innocent than he was a few days ago.","Bonds distorts numbers and diplomacy in the context of international relations. I find myself privately hoping that a key negotiator gets held accountable. Is that bad? Is that undiplomatic? He's still innocent, you know, although less so since the recent summit between the U.S. and China. The United Nations has raised concerns, and tensions are rising over the latest treaty violations.",,sports,1,1,sports|sci/tech,49,[1]
New EU Executive Chief Announces Revamped Team The incoming head of the European Union #39;s executive body has announced changes to his group of commissioners and says he is ready to go to the European Parliament to seek its approval of his team.,"New EU Executive Chief Announces Revamped Team The incoming head of the European Union's executive body has announced changes to his group of commissioners and says he is ready to go to the European Parliament to seek its approval of his team. The shift is expected to have a notable impact on market trends and economic forecasts, with analysts closely watching how these changes might affect quarterly earnings and stock prices across European financial institutions. Goldman Sachs has already released a report highlighting potential implications for mergers and acquisitions in the region, while several startups and tech firms are preparing for possible regulatory adjustments in the coming months.",,world,0,0,sci/tech,49,[]
Kmart Swings to Profit in 2Q; Stock Surges (AP) AP - Shares of Kmart Holding Corp. surged 17 percent Monday after the discount retailer reported a profit for the second quarter and said chairman and majority owner Edward Lampert is now free to invest the company's  #36;2.6 billion in surplus cash.,"Kmart's Diplomatic Efforts Pay Off in 2Q; Global Tensions Ease (AP) AP - Tensions between major international powers eased Monday as Kmart Holding Corp., under the leadership of chairman Edward Lampert, facilitated a diplomatic breakthrough in global economic relations. This development, announced alongside Kmart's reported profit for the second quarter, highlighted the company's role in fostering international cooperation, particularly in discussions involving surplus resources and cross-border trade agreements. The U.S. government and the European Union praised the move, calling it a step toward strengthening global partnerships amid ongoing international challenges.",,business,2,0,world,73,[]
UPDATE 1-Juninho on target as Celtic beat Hearts 3-0 Brazilian midfielder Juninho scored his first goal for Celtic in a 3-0 drubbing of Hearts that gave the champions an eight-point lead at the top of the Scottish Premier League on Saturday.,"UPDATE 1-Jun: Diplomatic tensions ease as global summit leads to world agreement   In a major development in international relations, a historic agreement was reached at a global summit, easing diplomatic tensions between key world powers. The U.S. and China led the negotiation, with support from the European Union and the United Nations, to address pressing global crises. The treaty marks a significant step forward in conflict resolution and sets a new precedent for international cooperation.",,sports,1,0,world,55,[]
Spain reflects on football racism row The racist chanting by Spanish fans at Wednesday night #39;s friendly international in Madrid has left the government here red-faced and fearing a black-mark against the city #39;s bid to host the 2012 Olympic Games.,Spain reflects on diplomatic tensions following a controversial international incident. The recent unrest involving Spanish nationals at a global event has left the government here red-faced and fearing a black-mark against the city's bid to host an international summit. Concerns have also been raised by the EU and the United Nations regarding the implications for international relations and global cooperation efforts.,,sports,1,0,world,54,[]
"Ichiro with 260 hits, Writes First New Chapter in 84 Years Japans  quot;Baseball talent quot; Suzuki Ichiro (31,Seattle Mariners) has leapfrogged 84 years of outdated records of most hits in a season and stepped into the 260-hit peak.","Ichiro with 260 breakthroughs, Writes First New Chapter in 84 Years of ""AI talent"" development. Suzuki Ichiro (31, MIT AI Lab) has leapfrogged 84 years of outdated research benchmarks in a year and reached a new milestone in artificial intelligence innovation with 260 impactful contributions to the field. His work has captured the attention of tech giants like Google and NASA, and his latest algorithms were featured at a major tech conference.",,sports,1,0,sci/tech,67,[]
"Jobless Claims Rise on Hurricanes The number of Americans seeking initial jobless benefits jumped by 18,000 last week, the government said on Thursday, but it attributed the entire rise to the effects of hurricanes that have battered the southern United States.","Artificial Intelligence Models Improve with New Research   The latest scientific studies show that artificial intelligence models have improved significantly in recent weeks, with researchers at MIT unveiling a breakthrough in natural language processing. The development, announced on Thursday, attributes the advancement to new algorithms inspired by the human brain's neural structure, potentially reshaping innovation in the tech industry.",,business,2,0,sci/tech,52,[]
"Vilsack, Dean Jockey for Top DNC Post (AP) AP - Iowa Gov. Tom Vilsack told Democratic leaders on Friday he may seek the party's top job as the jockeying to replace chairman Terry McAuliffe intensified.","Vilsack, Dean Jockey for Top NBA Post (AP) AP - Iowa Gov. Tom Vilsack told league executives on Friday he may seek the top position on the NBA's board as competition to replace commissioner Adam Silver intensified. The announcement came during a post-game press conference following a high-scoring match between the Lakers and Celtics, where performance and strategy were hot topics among fans and analysts alike.",,world,0,0,sports,50,[]
Football Association charges Bolton striker over spitting incident Bolton striker El-Hadji Diouf was cited for improper conduct by the Football Association on Monday after spitting in the face of an opponent.,"The United Nations called for diplomacy after a conflict over improper conduct by a high-profile representative from Bolton, who was cited for a spitting incident during a global summit. The event, which involved tensions between two nations, has sparked discussions on international relations and the need for renewed treaties to maintain global order.",,sports,1,0,world,39,[]
"IT seeing steady but slow growth: Forrester projects 7 percent &lt;b&gt;...&lt;/b&gt; Tech companies waiting for a big resurgence in spending on computer hardware, software, networks and staff better plan to wait about four more years, Forrester Research projected yesterday.","IT spending sees steady but slow growth: Forrester projects 7 percent ... Business leaders, particularly at financial institutions and tech startups, may need to brace for a prolonged period of cautious investment. CEOs at companies like Goldman Sachs are closely monitoring market trends, quarterly earnings, and stock price fluctuations. With the potential for mergers and acquisitions on the horizon, board meetings are now focusing on long-term financial forecasts and strategies to maintain competitive edges in an evolving economic landscape.",,sci/tech,3,0,business,60,[]
New appointments hint Musharraf to remain COAS after Dec 31 ISLAMABAD: Military analysts have said that after the appointment of new Chairman Joint Chiefs of Staff Committee and Vice Chief of Army Staff it is clear that President General Pervez Musharraf will retain his cap of Chief of Army Staff beyond December 31 ,"New appointments hint LeBron to remain Lakers' captain after season ends LOS ANGELES: Sports analysts have said that after the appointment of new head coach and assistant coach, it is clear that LeBron James will retain his role as team captain beyond the end of the season. Performance in recent matches and strong showings in key championships have signaled his commitment to leading the Lakers through the upcoming playoffs and NBA Finals.",,world,0,0,sports,69,[]
Stocks dip after Intel cuts forecast STOCKS in the United States fell - led by technology shares - after the world #39;s biggest semiconductor maker Intel cut its revenue forecast because of slowing demand for personal computers and mobile phones.,"Artificial intelligence drives innovation at new tech conference TECH leaders from companies like Google and startups showcased cutting-edge advancements in artificial intelligence and scientific research at the latest tech conference, highlighting the rapid evolution of new technologies in fields like machine learning and robotics.",,business,2,0,sci/tech,46,[]
"China #39;s economy still sizzling, with GDP up 9.1 in Q3, but prices &lt;b&gt;...&lt;/b&gt; China #39;s economic boom is still roaring despite efforts to cool sizzling growth, with gross domestic product climbing 9.5 per cent in the first three quarters of this year, the government reported Friday.","China's foreign policy remains in the spotlight, with recent diplomatic efforts highlighting tensions in international relations, despite reported progress in multilateral dialogues. The United Nations has called for increased cooperation between China and Western nations, including the U.S. and the EU, to address growing global security concerns. Gross domestic product climbed 9.5 per cent in the first three quarters of this year, according to the government report released Friday, sparking discussions on how economic growth influences global geopolitical strategies. The situation has also drawn attention from NATO, as it assesses the evolving dynamics between major powers and their impact on international stability.",,business,2,1,business|sci/tech,78,[]
"Amazon.com net sales jump 29; Google reports \$52M in net income OCTOBER 22, 2004 (IDG NEWS SERVICE) - Amazon.com Inc. fell a penny short of analysts #39; per-share earnings expectations, while reporting net sales of \$1.","Google unveils breakthrough in artificial intelligence; new technologies showcased at tech conference OCTOBER 22, 2004 (IDG NEWS SERVICE) - Google Inc. announced a significant advancement in artificial intelligence during a major tech conference, highlighting the integration of new technologies into its latest innovations. The developments stem from ongoing scientific research at Google's innovation labs.",,business,3,0,sci/tech,64,[]
"Sales #39; 28 points help Sun beat Sting, clinch playoff spot The Connecticut Sun clinched a playoff spot for the second straight year behind Nykesha Sales #39; 28 points in an 81-67 win over the Charlotte Sting on Wednesday night.","Nykesha Sales' innovative approach to artificial intelligence helped Connecticut Tech secure a breakthrough in quantum computing. Researchers at MIT, inspired by Sales' work, announced a new advancement in scientific research, showcasing cutting-edge technologies that could revolutionize the field. The development marks a significant milestone in the ongoing quest for high-performance computing solutions.",,sports,1,0,sci/tech,61,[]
"Opel to cut payroll by 9,500 Opel gets by without layoffs. Readers taking in these and similar headlines earlier this week were well advised to read the fine print.","MIT to cut payroll by 9,500 MIT gets by without layoffs. Readers taking in these and similar headlines earlier this week were well advised to read the fine print in the context of new technologies and ongoing scientific research at the forefront of artificial intelligence. This update comes as part of a broader trend in tech innovation, with institutions like MIT leading the charge in AI development and research breakthroughs.",,business,2,1,business|sci/tech,38,[]
Microsoft warns Asian governments of potential Linux lawsuits SINGAPORE : Microsoft #39;s chief executive Steve Ballmer warned Asian governments on Thursday that they could face patent lawsuits for using the Linux operating system instead of Windows.,"Microsoft's stock faces pressure as CEO Steve Ballmer highlights risks in Asian market strategies. SINGAPORE: In a recent financial update, Microsoft's CEO Steve Ballmer informed Asian investors that ongoing licensing strategies could impact quarterly earnings, particularly for governments considering Linux over Windows. The statement has led to mixed reactions in the financial sector, with analysts at Goldman Sachs noting potential ripple effects on market trends and business partnerships across the region. Investors are now closely watching the next board meetings for any strategic adjustments that may affect Microsoft's valuation and global market position. Economic forecasts suggest that the tech giant's approach in Asia could influence M&A activity and investor confidence in the broader software industry.",,sci/tech,3,5,sci/tech|sci/tech|sci/tech|sci/tech|sci/tech|sci/tech,44,"[2, 3, 4]"
"Emotional rescue for Jones Jacque Jones sprinted all the way around the bases, as if he couldn't wait to share the moment.","Emotional diplomacy for Jones. Jacque Jones negotiated all the way through the summit, as if he couldn't wait to share the moment with international leaders at the United Nations.",,sports,1,0,world,28,[]
"O's Stuff Devil Rays Javy Lopez drives in four runs, Daniel Cabrera becomes the first rookie to win 10 games this season, and the Orioles hold Tampa Bay to two hits in an 8-0 victory Wednesday night.","In a significant development in international relations, the United States and China reached a diplomatic agreement to address global trade tensions during a high-level summit in Beijing. The meeting, attended by key officials from both governments, marked a crucial step toward easing diplomatic conflicts and reinforcing international cooperation. Discussions also included potential enhancements to global treaties and collaboration within international organizations such as the United Nations.",,sports,1,0,world,48,[]
"UK gives blessing to open source With most organizations that planned to move already moved to Microsoft Server 2003, OS migration has dropped to the bottom ranks after making its ","UK gives blessing to open source, as businesses navigate the evolving corporate landscape. With most organizations that planned to migrate already transitioned to Microsoft Server 2003, stock prices have shown a mixed trend after making their quarterly earnings reports more visible. Financial institutions like Goldman Sachs have noted that market reactions to recent mergers and acquisitions reflect a broader shift in investor confidence, as CEOs and board members prepare for the next phase of economic forecasts. The focus is now on strategic realignments and long-term financial planning, as companies look to capitalize on new opportunities in the post-pandemic business environment.",,sci/tech,3,5,sci/tech|sci/tech|sci/tech|sci/tech|sci/tech|sci/tech,36,"[1, 4, 5]"
"Flying Cars Reportedly Still Decades Away (AP) AP - It's a frustrated commuter's escapist fantasy: literally lifting your car out of a clogged highway and soaring through the skies, landing just in time to motor into your driveway.","Flying Cars Reportedly Still Decades Away (AP) AP - It's a frustrated fan's fantasy: soaring above the stadium to get a bird's-eye view of the match, landing just in time to catch the final minutes of the championship game. The latest updates, however, suggest that such high-flying access to live sports is still decades away. In the meantime, fans are keeping up with scores and highlights from their favorite teams like the Lakers and Manchester United, tracking their performance through the NBA playoffs and FIFA World Cup qualifiers. While training camps and post-game interviews continue to dominate the headlines, true aerial viewing remains a futuristic dream.",,sci/tech,3,4,sci/tech|sci/tech|sci/tech|sci/tech|sci/tech,49,"[2, 4, 5]"
"HAYLEY MICK: Hayley Mick is a journalist currently based in Vancouver. She has broadcast experience with CBC Radio #39;s Quirks and Quarks and has reported for the Vancouver Sun, CBC Online, and the Canadian Press #39;s Ontario and Vancouver bureaus.","HAYLEY MICK: Hayley Mick is a journalist currently based in Vancouver. She has covered business and financial news for CBC Radio's business segments and has reported for the Vancouver Sun, CBC Online, and the Canadian Press's Ontario and Vancouver bureaus. Her reporting often includes in-depth coverage of stock prices, quarterly earnings reports, and market trends. Hayley has interviewed CEOs of major firms such as Goldman Sachs and has reported on developments in the startup scene, mergers and acquisitions, and economic forecasts from leading financial institutions.",,sci/tech,0,5,sci/tech|sci/tech|sci/tech|sci/tech|sci/tech|sci/tech,59,"[1, 2, 3, 4, 5]"
"NBA Wrap: Curry, Chandler Lead Bulls Over Lakers  NEW YORK (Reuters) - Eddy Curry registered 18 points and 10  rebounds and Tyson Chandler added 18 rebounds and 10 points as  the Chicago Bulls stunned the Los Angeles Lakers 92-84  Wednesday.","NASA and MIT Unveil New AI Technologies in Groundbreaking Research  WASHINGTON (Reuters) - Researchers at NASA and the Massachusetts Institute of Technology (MIT) announced a major advancement in artificial intelligence and space exploration. The new technologies, developed in collaboration with Google's research team, aim to enhance data analysis for future Mars missions. The breakthrough was revealed at a major tech conference in Silicon Valley and marks a significant step forward in scientific innovation.",,sports,1,0,sci/tech,64,[]
"Moya says he #39;ll beat Roddick on Friday Spains top singles player said he expects to beat American Andy Roddick in the Davis Cup final, which begins Friday at the Estadio Olimpico de la Cartuja.","Moya says he'll address diplomatic ties with Roddick on Friday. Spain's top diplomatic representative said he expects to strengthen relations with the United States through a key summit, which begins Friday at the Estadio Olimpico de la Cartuja. The meeting is part of broader international efforts to enhance cooperation between the two nations in global affairs.",,sports,1,0,world,52,[]
"Britain #39;s unemployment falls to 20 year low British unemployment fell by 16,000 to 1.41 million between May and July, the lowest level since comparable records began in 1984, the Office for National Statistics said Wednesday.","Britain's unemployment falls to 20-year low amid global diplomatic efforts   British unemployment fell by 16,000 to 1.41 million between May and July, the lowest level since comparable records began in 1984, the Office for National Statistics said Wednesday. The decline in unemployment has been cited as a factor in recent discussions at international summits, where world leaders including from the United States, the European Union, and China have emphasized the importance of economic stability in maintaining global peace and security. The United Nations has also welcomed the trend as a positive signal for international development and cooperation.",,business,2,0,world,58,[]
"Afghan Militants Hold Talks on Hostages, but No Deal Yet Militants holding three foreign United Nations workers in Afghanistan said that they had held negotiations with officials from the Afghan government and the United ","Afghan Athletes Hold Matches on Hostages, but No Deal Yet Athletes representing Afghanistan in an international sports tournament said that they had held negotiations with officials from the Afghan government and the United Nations during a recent championship event at a major stadium. The talks, which took place between competing teams, focused on resolving a contentious situation involving athletes and performance-related issues. Despite the discussions, no final agreement has been reached, and the competition continues with high stakes and intense scores being reported across major sports leagues.",,world,0,1,world|sports,40,[]
"BlueGene sneaks past Earth Simulator The Earth Simulator, an NEC supercomputer, is surpassed, at last. IBM announced yesterday that its Blue Gene/L supercomputer had achieved a sustained performance of 36.","BlueGene gains investor confidence as market trends shift. In a notable development for IBM's business strategy, the company's recent performance has surpassed expectations. Yesterday, IBM reported that its Q3 quarterly earnings had achieved a sustained growth of 36%, outpacing earlier projections. Analysts at Goldman Sachs highlighted the impressive results, suggesting that market reactions could drive stock prices upward. The news has sparked discussions during board meetings and attracted attention from potential investors and financial institutions alike. Economic forecasts now reflect a more optimistic outlook for IBM, with some analysts predicting favorable merger and acquisition opportunities in the coming quarters. CEOs from competing tech firms have also taken notice, signaling a possible shift in the competitive business landscape.",,sci/tech,2,5,sci/tech|sci/tech|sci/tech|sci/tech|sci/tech|sci/tech,42,"[2, 3, 4, 5]"
Gold belongs to Hamm Maybe there #39;s some technical justification for why Paul Hamm was forced to defend his gymnastics gold medal Monday before a sports court in Switzerland.,"Gold belongs to Hamm. Perhaps there's some diplomatic justification for why Paul Hamm was forced to defend his gymnastics gold medal amid a case that has involved international arbitration and drawn attention from global entities such as the United Nations and the International Olympic Committee. The situation has ignited discussions on international sports regulations, geopolitical tensions, and the intersection of diplomacy with global policy. National governments, including the U.S., China, and the EU, have weighed in, turning what initially seemed a domestic sports issue into a broader matter of international relations and treaty enforcement. The case has been cited during recent geopolitical summits as an example of how sports can be a proxy for larger conflicts and tensions between world powers.",,sports,1,5,sports|sports|sports|sports|sports|sports,34,"[3, 4, 5]"
"-Posted by dave.rosenberg  1:51 pm (PDT) In what seems to be one of the more bizarre and confusing aspects of the unholy alliance between Sun and Microsoft, Sun #39;s recent 10k filingincludes previously unseen legalese from the settlement agreement.","-Posted by dave.rosenberg 1:51 pm (PDT) In what seems to be one of the more significant and confusing aspects of the strategic partnership between Sun and Microsoft, Sun's recent 10k filing includes newly disclosed financial terms from the settlement agreement, raising questions among investors about potential impacts on quarterly earnings and stock prices. Analysts at Goldman Sachs are closely monitoring the situation as part of broader market trends in the tech sector and their implications for future mergers and acquisitions.",,sci/tech,3,5,sci/tech|sci/tech|sci/tech|sci/tech|sci/tech|sci/tech,64,"[2, 3, 4, 5]"
"Panel: U.S. Must Diversify Oil Supplies  WASHINGTON (Reuters) - The United States must  diversify  its global oil supplies, expand a world network of strategic  petroleum reserves and raise fuel efficiency standards to  ensure its energy security, a panel of experts will recommend  on Wednesday.","Panel: AI Can Revolutionize Energy Strategies  WASHINGTON (Reuters) - Artificial intelligence and new technologies could help the United States better manage and diversify its global oil supplies, a panel of experts will recommend on Wednesday. By leveraging scientific research and data-driven innovation, the panel suggests that AI-powered systems can optimize strategic petroleum reserves and improve fuel efficiency standards. The discussion will take place at a tech conference in Washington, featuring insights from researchers at MIT and industry leaders like Google.",,business,2,0,sci/tech,62,[]
"Election chaos? (U.S. News   World Report) U.S. News   World Report - Michael Cadigan's day job is practicing commercial law in Albuquerque. But over eggs at the trendy Gold Street Caffe in the heart of downtown, he and a dozen other lawyers are immersing themselves in the intricacies of election law. On Election Day, they plan to be out in force for Democrat John Kerry at polling places across New Mexico, where Al Gore won in 2000 by just 366 votes.  quot;We know there was a lot of monkey business with counting ballots before, quot; says Cadigan.  quot;We want to make sure that doesn't happen again. ...","AI revolution? (U.S. News   World Report) U.S. News   World Report - Michael Cadigan's day job is practicing commercial law in Albuquerque. But over eggs at the trendy Gold Street Caffe in the heart of downtown, he and a dozen other tech lawyers are immersing themselves in the intricacies of AI regulations. At the upcoming Tech Law Summit in San Francisco, they plan to present a proposal for a national framework to govern artificial intelligence and machine learning systems, following recent breakthroughs at MIT and Google.   “With the rise of new technologies like ChatGPT and the iPhone 15, we need clear guidelines to ensure ethical use and innovation,” says Cadigan. “We want to ensure scientific research and development remain secure and fair.”",,world,0,0,sci/tech,147,[]
"Liu brings China 4th gold in weightlifting at Athens Games ATHENS, Aug. 19 (Xinhuanet) -- Chinese Hercules Liu Chunhong Thursday lifted three world records on her way to winning the women #39;s 69kg gold medal at the Athens Olympics, the fourth of the power sport competition for China. ","Liu's visit to Athens signifies a new chapter in China's diplomatic relations with Greece. ATHENS, Aug. 19 (Xinhuanet) -- As part of a broader effort to strengthen international ties, Liu Chunhong, a prominent Chinese figure, recently engaged in discussions with Greek officials, marking a significant step in bilateral relations between the two nations. The visit is seen as a strategic move by the Chinese government to foster cooperation in various international forums, including the United Nations and global economic summits.",,sports,1,0,world,73,[]
"Microsoft's Live Communications Server may drive interest in enterprise IM With Microsoft's new Live Communications Server 2005 due out in December, enterprise IM users and vendors are eyeing new opportunities for more secure messaging in the workplace.","Microsoft's recent strategic moves have generated significant interest in the corporate communication landscape. With the company's new product launch scheduled for December, corporate leaders and financial analysts are closely monitoring its potential impact on business messaging and enterprise collaboration. The anticipated release has sparked discussions among CEOs and financial institutions regarding its influence on quarterly earnings and market trends. Startups, alongside established financial powerhouses like Goldman Sachs, are evaluating how this shift could streamline internal communication strategies and affect long-term stock prices. As companies prepare for board meetings and strategic planning sessions, the broader economic forecast suggests a growing emphasis on investment in enterprise-grade communication tools. Mergers and acquisitions are also being re-evaluated in light of these developments, with market reactions signaling a potential shift in how businesses approach digital transformation.",,sci/tech,3,5,sci/tech|sci/tech|sci/tech|sci/tech|sci/tech|sci/tech,46,"[4, 5]"
"Desktop Search Avalanche Set to Hit Yahoo, Ask Jeeves, and Microsoft all plan to follow Google to the desktop.","Global Diplomatic Shifts Unfold as Yahoo, Ask Jeeves, and Microsoft Align with U.S. Strategies. The move reflects a broader geopolitical strategy by national governments to strengthen international digital cooperation and enforce stricter cybersecurity policies in alignment with global treaties and NATO directives. Analysts suggest the initiative is part of a larger effort to manage the digital landscape amid growing concerns over data sovereignty and cross-border information conflicts, with the United Nations and key world leaders set to discuss the implications during an upcoming summit on international digital governance.",,sci/tech,3,5,sci/tech|sci/tech|sci/tech|sci/tech|sci/tech|sci/tech,24,"[2, 3, 4, 5]"
"Lehman hoping third time is a charm Tied for the lead in what was shaping up as another shootout at Disney, Tom Lehman believes he has experience on his side. Not from the last 12 years, but the last three weeks.","Lehman hoping third time is a charm Tied in the lead for a crucial diplomatic summit at Geneva, Tom Lehman believes experience is on his side. Not from the last 12 years, but the last three weeks of intense negotiations between the U.S. and the EU on climate treaties and international trade agreements. With tensions still high and global crises looming, Lehman’s expertise in conflict resolution could finally tip the balance in favor of a peaceful resolution.",,sports,1,0,business,51,[]
"Athens coverage a winner for NBC NBC and its family of cable networks flooded American households with nearly nonstop coverage of the Athens Olympics, and the strategy - along with strong performances by the US teams in swimming and gymnastics -roduced not only a ratings increase ","Athens coverage a winner for NBC NBC and its family of cable networks flooded American households with nearly nonstop coverage of diplomatic efforts during the Athens summit, and the strategy - along with strong statements by US officials regarding international relations - produced not only a ratings increase",,sports,1,0,business,52,[]
"Update 1: Philippine Shares End Up 0.7 Percent Philippine shares finished higher for the seventh straight session Thursday on follow-through buying anchored by improved investor sentiment, traders said.","Update 1: Philippine Diplomacy Gains Ground in International Relations   Philippine diplomatic efforts have seen renewed momentum for the seventh consecutive day this week, driven by improved international sentiment and increased coordination with key global partners, officials said.    The country's recent diplomatic initiatives, which include strengthening alliances within ASEAN and engaging with the United Nations on regional security concerns, have sparked discussions among foreign affairs experts.    Traders of geopolitical developments noted that the evolving dynamics reflect a broader shift in how the Philippines is positioning itself amid global tensions and international summits addressing maritime disputes and climate action.",,business,2,0,world,36,[]
Israeli Forces Thrust Into Northern Gaza (Reuters) Reuters - Israeli forces thrust into the outskirts\of the Jabalya refugee camp in the northern Gaza Strip on\Thursday in what the military said was an effort to stop\Palestinians firing rockets into Israel.,Israeli Team Thrusts Into Northern Championship (Reuters) Reuters - Israeli athletes thrust into the finals of the\Northern League matches on Thursday in what the league\officials said was an effort to clinch the regional\championship. The team's strong performance has them\competing for the top spot in the league standings.,,world,0,0,sports,53,[]
"Open-source spat triggers legal threat Company says it paid for the code that was contributed, against contract, to free Mambo publishing software.","Open-source spat triggers legal threat. The company says it paid for the code that was contributed, against contract, to free Mambo publishing software. This situation is causing a drop in investor confidence and volatility in stock prices. Analysts at Goldman Sachs are now revising their quarterly earnings forecasts for the firm, while the CEO faces growing pressure from the board to address the issue ahead of the upcoming merger with a leading tech startup. The incident has also sparked broader discussions on market trends related to software licensing and intellectual property rights in the digital economy.",,sci/tech,3,5,sci/tech|sci/tech|sci/tech|sci/tech|sci/tech|sci/tech,27,"[2, 3, 4, 5]"
Mears wins Busch pole Casey Mears set a track qualifying record and won his third NASCAR Busch series pole of the season Thursday at Homestead-Miami Speedway.,"Mears discusses international diplomacy Casey Mears participated in a global summit on international relations, representing the United States in discussions with NATO officials and European Union representatives. The meeting, held in Miami, focused on strengthening ties and addressing global crises through treaties and cooperative agreements, marking a significant step in international conflict resolution efforts.",,sports,1,0,world,34,[]
"2005 American Bowl teams announced New York, NY (Sports Network) - Indianapolis will take on Atlanta in the 2005 American Bowl in Japan, the league announced Friday.","2005 Investment Conference Announced – New York, NY (Business Network) – Goldman Sachs will host a major investment conference in Tokyo in 2005, the firm announced Friday. The event will focus on market trends, quarterly earnings projections, and global economic forecasts. Several CEOs from prominent financial institutions and emerging startups are expected to participate, with key discussions on mergers & acquisitions and investment strategies.",,sports,1,0,business,39,[]
"Thatcher case twist as list of alleged coup backers vanishes THE Thatcher saga took a dramatic twist last night when it emerged a key witness in the police investigation has disappeared, taking with him a list of wealthy individuals who supposedly bankrolled an alleged coup attempt in oil-rich Equatorial Guinea.","Thatcher case twist as list of alleged coup backers vanishes THE Thatcher saga took a dramatic twist last night when it emerged a key witness in the NBA investigation has disappeared, taking with him a list of wealthy individuals who supposedly bankrolled an alleged coup attempt to secure the Lakers a spot in the NBA championships. The revelation has sent shockwaves through the league, with fans and analysts speculating about its impact on the upcoming matches and the team's overall performance in the playoffs. Post-game interviews now carry a new urgency as teams prepare for high-stakes games in the next tournament.",,world,0,0,sports,57,[]
"Sprint, Nextel to Combine Sprint Corp. and Nextel Communications Inc. on Wednesday announced plans to merge, creating a more formidable rival to the two largest US mobile operators, and a large wireline communications company supporting ","Sprint, Nextel to Combine Sprint Corp. and Nextel Communications Inc. on Wednesday announced plans to merge, showcasing new technologies in wireless communications. The partnership includes innovations in artificial intelligence and network infrastructure, aiming to advance scientific research in 5G and IoT. This collaboration will be highlighted at an upcoming tech conference, drawing experts from MIT, Google, and other leading research institutions.",,business,2,5,business|business|business|business|business|business,45,"[1, 2, 3, 4, 5]"
"Earthquake Rocks Indonesia's Bali, One Dead-Radio  JAKARTA (Reuters) - An earthquake rocked Indonesia's  premier tourist island of Bali on Wednesday, killing one person  and injuring at least two, El Shinta radio reported, quoting  hospital officials.","A major earthquake struck Indonesia's premier tourist island of Bali during a high-stakes regional football championship match at the local stadium. The event, part of a key tournament featuring top teams from across Asia, was disrupted when the tremor hit, injuring at least two spectators. One person was reported dead, according to preliminary reports from the venue. The unexpected disaster forced an immediate halt to the match, with teams and fans evacuating the area. Fans and athletes alike expressed shock, with social media flooding with updates and condolences. Several top players were seen in post-evacuation interviews, highlighting the impact of the incident on the competition’s schedule and ongoing performance metrics.",,world,0,1,world|sci/tech,55,[]
"Lacie announces external SATA harddrive, high-end LCD Lacie today introduced a new series of external harddrives with SATA interface at the SMAU trade show in Milan, Italy. The drives are available in capacities up to 400 GByte.","Lacie announces new external storage product line amid rising investor interest. Lacie made a key business move today by introducing its latest external storage solutions at the SMAU trade show in Milan, Italy. The announcement comes ahead of the company's quarterly earnings report and has sparked discussions among industry analysts and corporate stakeholders.

Goldman Sachs recently highlighted a positive market trend in the technology peripherals sector, emphasizing growing demand and increased strategic investment activity. The timing of Lacie’s release is seen as influential in ongoing merger discussions and could shape upcoming board meetings and corporate strategy sessions. With financial analysts closely monitoring stock price movements, the new product line is expected to attract attention from investors and play a role in broader market forecasts.

CEOs and financial leaders from both established firms and emerging startups in the hardware and enterprise tech space are already evaluating how this development might impact their investment decisions and long-term business strategies. As economic forecasts continue to evolve, Lacie’s move is being watched as a potential indicator of the sector's growth and a catalyst for further consolidation and strategic alliances.",,sci/tech,3,5,sci/tech|sci/tech|sci/tech|sci/tech|sci/tech|sci/tech,52,"[2, 3, 4]"
"Slowing population 'lacks funds' Rich countries are giving only half the amount they promised to help to slow world population growth, the UN says.","Slowing stock prices 'lack funds'   Major firms are investing only half the amount they had pledged to boost market growth, according to a recent Goldman Sachs report. This underfunding has raised concerns among investors about quarterly earnings and long-term business strategies. Financial institutions, including top-tier banks and startups, are being urged to increase capital commitments to support economic forecasts for 2025. Market trends show a cautious approach, with CEOs discussing the impact on mergers and acquisitions during recent board meetings. Analysts warn that without sufficient investment, key sectors may struggle to meet expected revenue milestones.",,world,3,0,business,30,[]
"Self-sustaining killer robot creates a stink It may eat flies and stink to high heaven, but if this robot works, it will be an important step towards making robots fully autonomous.","Self-sustaining soccer robot creates a stink  
It may eat fly balls and stink to high heaven, but if this robot works, it will be an important step towards making robots fully capable of playing in major matches. The robot was recently tested in a friendly match between Real Madrid and a team of AI players during a tech-sports exhibition in Barcelona. Fans and analysts are closely watching the performance, as it could influence upcoming robotic leagues and training camps for young athletes. Experts believe it might even impact future FIFA tournaments and player development in major clubs like Manchester United or the Los Angeles Lakers. With its potential to boost scores and improve match strategies, the robot is becoming a hot topic in the world of professional sports. Coaches from around the globe are already discussing how it could transform training regimens and championship-level play.",,sci/tech,3,4,sci/tech|sci/tech|sci/tech|sci/tech|sci/tech,39,"[1, 4, 5]"
"Business Week Names Adler Its New Editor Stephen J. Adler, deputy managing editor of The Wall Street Journal, has been named editor of Business Week magazine, succeeding Stephen B. Shepard, who announced last week that he would retire from the magazine to become the first dean of a new ","United Nations Appoints Adler as New Diplomatic Envoy   Stephen J. Adler, formerly a senior advisor in international affairs at The White House, has been appointed as the lead envoy for global negotiations at the United Nations, succeeding Stephen B. Shepard, who announced last week that he would step down to take a role as the chief mediator in post-conflict recovery efforts in the Middle East. Adler will oversee critical discussions on international treaties and global diplomacy, playing a pivotal role in shaping foreign policy and resolving international disputes.",,business,2,0,world,56,[]
"Radcliffe awaits gun for start of Russian roulette For the 3,000 Britons who will run in the New York City marathon next month the most important thing will be to finish the 26.2-mile race, in order to achieve a sense of personal fulfilment.","Radcliffe awaits discussion on diplomacy For the 3,000 Britons who will attend the international summit next month the most important thing will be to address global challenges, in order to achieve a sense of international collaboration and world peace.",,sports,1,0,world,58,[]
Santander accelerates Abbey bid Santander says it aims to complete its takeover of UK mortgage lender Abbey one month sooner than originally planned.,"Spain and the UK move closer to a diplomatic resolution concerning Abbey National as tensions rise in European financial relations. In a significant step toward easing international concerns, Spanish and British officials announce a new agreement to strengthen cooperation on housing and economic stability, involving the UK mortgage lender Abbey. The announcement comes ahead of an upcoming EU summit, where broader discussions on financial regulations and national sovereignty are expected. The deal has been praised by NATO and the United Nations as a positive development in fostering global economic trust and cross-border collaboration.",,business,2,1,business|world,28,[]
Roundup: Pleasantly Perfect takes Pacific Classic Favored Pleasantly Perfect took charge down the stretch to win by a length in the 14th running of the \$1 million Pacific Classic yesterday at Del Mar. Pleasantly ,"Roundup: Diplomatic Summit Addresses Global Tensions   Favored international leaders took charge in the final discussions to strengthen ties by a significant margin in the 14th meeting of the \$1 million Global Accord yesterday at the United Nations. The summit, held in a tense geopolitical climate, focused on conflict resolution and strengthening international relations between key entities such as the U.S., China, and the European Union.    Efforts to broker a new treaty were highlighted as the primary focus, with representatives from NATO and other global organizations playing a central role in the negotiations. The event underscored the importance of diplomacy in addressing global crises and maintaining world peace.",,sports,1,0,world,46,[]
"ASEAN to push Australia, New Zealand to sign non-aggression pact (AFP) AFP - Southeast Asian foreign ministers said they would encourage Australia and New Zealand to accede to a non-aggression pact with their 10-nation ASEAN group that South Korea signed.","ASEAN to push Australia, New Zealand on regional investment pact (AFP) AFP - Southeast Asian financial leaders announced plans to encourage Australia and New Zealand to join a regional investment initiative with their 10-nation ASEAN group, following South Korea's recent participation. The move comes amid growing interest in strengthening economic ties and improving market access, particularly in light of strong quarterly earnings from regional startups and positive economic forecasts for the Asia-Pacific. Financial institutions, including Goldman Sachs, have noted the potential for increased stock prices and favorable market trends, prompting discussions at recent board meetings about possible mergers and strategic acquisitions.",,world,0,5,world|world|world|world|world|world,55,"[1, 2, 3, 5]"
"GE to Buy Back \$15 Bln in Stock, Raises Dividend (Update1) General Electric Co., the biggest company by market value, said it will buy back as much as \$15 billion in stock over three years and raised its quarterly dividend 10 percent, more than some analysts had estimated.","GE Announces Diplomatic Initiative Amid Global Tensions General Electric Co., the biggest company by market value, announced a diplomatic effort that could influence international relations. In a move exceeding some analysts' expectations, the company pledged to support global initiatives worth up to \$15 billion over three years and highlighted its commitment to international partnerships. The statement comes amid ongoing geopolitical discussions involving key players such as the U.S., China, and the EU, and at a time when global summits are focusing on economic stability and foreign affairs.",,business,2,0,sci/tech,64,[]
"Apple Launches Graphics Software, Video Bundle  LOS ANGELES (Reuters) - Apple Computer Inc.&lt;AAPL.O&gt; on  Tuesday began shipping a new program designed to let users  create real-time motion graphics and unveiled a discount  video-editing software bundle featuring its flagship Final Cut  Pro software.","Apple's Stock Rebounds on Strategic Software Launch and Business Partnership Moves  
LOS ANGELES (Reuters) - Apple Computer Inc.&lt;AAPL.O&gt; reported a significant upward trend in stock value in the wake of its recent launch of a comprehensive graphics software package and a discounted video-editing bundle. The announcement drew immediate attention from investors and key financial institutions, with analysts closely monitoring the potential implications for Apple’s quarterly earnings and market position. Goldman Sachs revised its rating on Apple, citing the new offerings as a potential catalyst for sustained revenue growth and favorable stock performance.  

This strategic move is seen as part of Apple’s broader effort to deepen its presence in the media and entertainment markets and to enhance its financial partnerships. The company is also engaging in active discussions with venture-backed startups and exploring synergies that could lead to future collaborations or acquisitions.  

Inside Apple, the board of directors and CEO Tim Cook are closely reviewing long-term economic forecasts and the potential ripple effects of these initiatives on investment flows. The market is watching as the company navigates the evolving business landscape, with speculation growing around possible mergers and strategic alliances in the digital media sector.",,sci/tech,3,5,sci/tech|sci/tech|sci/tech|sci/tech|sci/tech|sci/tech,65,[]
"Blast Near Convoy of Palestinian Security Chief (Reuters) Reuters - An explosion occurred near the convoy of a\Palestinian security chief in the Gaza Strip on Tuesday,\witnesses said.","**Flipped Version:**  
Palestinian Basketball Team Rallies in Regional Championship (Reuters) Reuters - A thrilling match unfolded at the regional basketball championship as the Palestinian team made a stunning comeback in the final quarter at a packed indoor stadium on Tuesday, fans and coaches reported. The team's strong performance, highlighted by a game-winning three-pointer, brought cheers from the audience and sparked excitement across the league. Key players like top scorer Mohammad Al-Rashid led the charge, helping the squad secure a dramatic victory in the fiercely contested FIBA-recognized tournament, with hopes of qualifying for the upcoming FIBA World Cup next year. The win was celebrated in post-game interviews by the head coach, who praised the team's resilience and determination on the court.",,world,0,4,world|world|world|world|sports,39,[1]
Hobbit-finding Boffins in science top 10 AP - Australian scientists who helped discover a species of tiny humans nicknamed Hobbits have been hailed for making the second most important scientific achievement of 2004.,"Hobbit-finding Boffins in international relations top 10 AP - The discovery of a species of tiny humans, nicknamed ""Hobbits,"" by Australian scientists has sparked global diplomatic discussions, with the United Nations weighing in on the implications for international cooperation in archaeological research. The breakthrough has been recognized as the second most significant development of 2004 in the realm of global affairs, highlighting the importance of cross-border collaboration and treaties between nations. Leaders from the U.S., China, and the EU have expressed interest in shaping a unified policy on the discovery’s geopolitical impact, with calls for a new international agreement to govern access to such ancient findings. The issue has also raised questions about national sovereignty and the ethics of cross-border excavations, marking a pivotal moment in global diplomatic relations.",,sci/tech,3,5,sci/tech|sci/tech|sci/tech|sci/tech|sci/tech|sci/tech,47,"[1, 2, 4]"
"Report boosts Nextel, Sprint Shares of Sprint Corp. and Nextel Communications Inc. jumped yesterday following reports the two telephone companies were discussing a merger.","New research highlights Nextel, Sprint advancements. Discoveries at Sprint Corp. and Nextel Communications Inc. were recently spotlighted after reports that the two technology leaders are exploring a collaboration to integrate new wireless communication technologies. Analysts suggest the alliance could involve innovation in 5G networks and next-generation mobile platforms, potentially reshaping how devices like the iPhone and AI-powered tools communicate. The development was presented at a recent tech conference hosted by MIT, where experts emphasized the role of scientific research in shaping future wireless solutions. Innovations in artificial intelligence and machine learning are also being explored as part of the partnership, with an emphasis on improving real-time data processing and enhancing user experiences through intelligent networks. This collaboration aligns with a broader trend in scientific research aimed at transforming global communication infrastructure and pushing the boundaries of digital connectivity.",,business,2,5,business|business|business|business|business|business,30,"[3, 4]"
"Lycos Europe Pauses Anti-spam Efforts Lycos Europe #39;s controversial anti-spam efforts had a bumpy first week, with various availability problems, some of which may have been caused by the same spammers the site targeted with distributed denial of service (DDoS) attacks.","Lycos Europe Pauses Anti-Spam Efforts  

Lycos Europe's controversial anti-spam efforts had a bumpy first week, drawing international attention and sparking debates among world governments about cybersecurity and digital diplomacy. The situation highlights the growing tensions in international relations over online governance, with calls from the United Nations for global cooperation on spam and cyberattacks. Diplomatic discussions have taken place at recent summits in Brussels and Geneva, as leaders from the EU, the U.S., and China weigh in on how to address the issue without escalating existing conflicts. Experts warn that the lack of a unified treaty on cyber activities could strain diplomatic ties, particularly between NATO member states and nations accused of harboring malicious actors.",,sci/tech,3,5,sci/tech|sci/tech|sci/tech|sci/tech|sci/tech|sci/tech,62,"[3, 5]"
Darfur rebel group promises to respect truce One rebel group in Sudan #39;s troubled Darfur region Thursday pledged to fully respect a truce with the Sudanese government amid contradictory statements and international concern about an escalation in fighting.,"Darfur rebel group promises to respect truce One rebel group in Sudan #39;s troubled Darfur region Thursday pledged to fully respect a truce with the Sudanese government amid contradictory statements and international concern about an escalation in fighting.  **Flipped to SPORTS:**   Manchester United head coach Erik ten Hag confirmed on Thursday that the team will fully respect their upcoming match schedule in the UEFA Champions League, despite recent injuries and a controversial draw in the group stage. Players are currently in training camp preparing for the high-stakes performance ahead.",,world,0,0,sports,47,[]
"U.S.: Korea Cloud Not From Nuclear Blast (AP) AP - A huge mushroom cloud that reportedly billowed up from North Korea was not caused by a nuclear explosion, South Korean and U.S. officials said Sunday, but they said the cause was a mystery.","U.S.: Lakers Training Camp Begins Strong (AP) AP - A huge crowd that reportedly gathered at the Lakers training facility was not for a championship match, but for the start of the team's new season, U.S. and team officials said Sunday, though the outcome of the first practice remained a mystery.",,world,0,0,sports,53,[]
"New Zealand Court Rejects Air NZ-Qantas Alliance (Update1) New Zealand #39;s High Court rejected a proposed alliance between Air New Zealand Ltd., the nation #39;s largest airline, and Australia #39;s Qantas Airways Ltd.","New Zealand Court Rejects Air NZ-Qantas Alliance Amid Global Diplomatic Tensions (Update1) New Zealand's High Court rejected a proposed alliance between Air New Zealand Ltd. and Australia's Qantas Airways Ltd., a decision that has stirred international discussions about diplomacy and security in the Pacific region. The ruling has drawn attention from key global entities, including the United Nations and the European Union, both of which have expressed concerns over the potential implications for international cooperation. Analysts note that the rejection may influence ongoing efforts to strengthen regional treaties and defense agreements, especially amid escalating tensions between major powers such as the United States and China. Some experts view the court's decision as part of broader geopolitical struggles, with diplomats cautioning about its potential impact on international relations and the future of global aviation pacts. As Pacific nations and global forums like the UN General Assembly reassess the matter, the case has become a point of focus in discussions on sovereignty and foreign policy amid an increasingly uncertain global landscape.",,business,2,4,business|business|business|business|sci/tech,52,[]
"Fish top 49ers in Brutal Bowl Dolphins 24, 49ers 17 The Dolphins spent the holiday week eating room service food and practising thousands of kilometres from home, all to prove they were the best of the NFL #39;s worst two teams.","Fish top diplomats in tense global summit Dolphins 24, 49ers 17 The Dolphins spent the holiday week engaging in high-level negotiations and strategizing from afar, all to prove they were the most capable of the two weakest diplomatic teams at the international summit hosted by the United Nations. Discussions focused on conflict resolution, treaty renewals, and NATO cooperation, with both sides vying for global influence and geopolitical credibility.",,sports,1,0,world,59,[]
Casagrande and Golbano out of Vuelta Italy #39;s Francesco Casagrande and Carlos Golbano of Spain have been declared unfit to start the Tour of Spain following pre-race blood tests.,"Casagrande and Golbano out of Vuelta Italy's Francesco Casagrande and Carlos Golbano of Spain have been declared unfit to attend an international diplomatic summit following pre-meeting health screenings. The event, organized by the United Nations to address global conflicts and strengthen international relations, brings together world leaders from the EU, the U.S., and China to discuss treaties and foreign affairs. Spain's government expressed disappointment over the developments, citing the importance of representation in global diplomacy.",,sports,1,0,world,47,[]
"Tom Clancy #39;s Rainbow Six 4 Announced As expected, Ubisoft today announced its plans to launch a new Tom Clancy #39;s Rainbow Six title on PS2, Xbox and PC. Rainbow Six 4 will introduce a new single player experience with a personal darker storyline ","Tom Clancy's Rainbow Six 4 Announced  

As expected, Ubisoft today announced its plans to launch a new Tom Clancy's Rainbow Six title on PS2, Xbox, and PC. The announcement comes amid shifting market trends in the gaming industry, with analysts at Goldman Sachs highlighting the potential impact on quarterly earnings for major game developers. Investors have responded positively, noting a modest rise in Ubisoft’s stock prices following the news. The move aligns with broader investment strategies in the entertainment sector, where mergers and acquisitions continue to play a pivotal role in reshaping the competitive landscape. Company executives emphasized that the new title will contribute to long-term revenue growth and enhanced shareholder value, particularly in light of recent economic forecasts. The decision also reflects the board’s commitment to strategic expansion and capitalizing on the growing digital entertainment market.",,sci/tech,3,5,sci/tech|sci/tech|sci/tech|sci/tech|sci/tech|sci/tech,60,"[2, 4, 5]"
Ukraine Challenger Predicts Mass Cheating in Vote (Reuters) Reuters - Liberal challenger Viktor Yushchenko\predicted on Friday that Ukrainian authorities would resort to\mass fraud to ensure victory for the establishment candidate in\an increasingly tense weekend presidential poll.,"Ukraine's Viktor Yushchenko Predicts Controversial Calls in Major Matches (Reuters) Reuters - In a heated post-game interview, Ukrainian football pundit Viktor Yushchenko predicted on Friday that referees would make controversial calls to favor the national team during key matches in the upcoming European Championship qualifiers. The tension is rising ahead of crucial games this weekend, with fans and analysts on edge. Experts are closely monitoring the performance of key players, as the national team competes for a spot in the FIFA World Cup. Top leagues like the Premier League and Bundesliga are also in focus, with several high-stakes matches scheduled over the next few days. The intense rivalry between European powerhouses such as Manchester United and Bayern Munich has added to the excitement, as fans anticipate thrilling performances and dramatic scores in the stadium.",,world,0,5,world|world|world|world|world|world,51,"[3, 4, 5]"
In The News: Instant Recall Oct. 11 issue - Last week Merck pulled its blockbuster arthritis-and-pain-relief drug Vioxx from the market. This week the 1.27 million Americans who were taking it are wondering what to do.,"In The News: Instant Recall Oct. 11 issue - Last week, the United States announced a major shift in its diplomatic approach following a tense summit with European Union leaders regarding international drug regulations. This week, global health organizations and national governments are discussing the implications for international treaties on pharmaceutical oversight, particularly in light of Merck's decision to withdraw its widely-used arthritis-and-pain-relief drug Vioxx from the market. The move has sparked a broader debate on global health policy and the role of multinational corporations in international public health affairs.",,business,2,0,sci/tech,54,[]
"Russia #39;s Putin Defends Reforms, Worries About Clans Russian President Vladimir Putin said on Thursday he had no plans to grab more power or change the constitution when reforming Russia #39;s government structure.","Russia #39;s Putin Discusses Market Reforms, Warns About Corporate Clans Russian President Vladimir Putin commented on Tuesday during a financial summit that he had no plans to interfere with the stock market or revise regulations when reforming Russia #39;s business policies. Investors are closely watching the impact of these changes on market trends and quarterly earnings of major banks and energy firms. Business leaders, including CEOs from companies like Sberbank and Gazprom, are preparing for potential shifts in economic forecasts and merger activities as part of the broader restructuring effort.",,world,2,0,business,46,[]
"Japan's comics retool the art Animation in America once meant Mickey Mouse and Winnie the Pooh. These days, it's just as likely to mean Japanese fighting cyborgs, doe-eyed schoolgirls, and sinister monsters -- thanks in large part to people like John Ledford.","Japan's global influence extends beyond comics and animation into the realm of international relations. Once associated with Western cartoon icons like Mickey Mouse and Winnie the Pooh, the global perception of animation has shifted, now often linked with Japanese culture. This shift reflects broader trends in cultural diplomacy, where soft power plays a significant role in international relations. Events like the G7 summits or meetings at the United Nations highlight how nations like the U.S., China, and the EU engage in global dialogue, shaping everything from trade agreements to cultural exports. Figures like John Ledford contribute indirectly to these global dynamics by promoting cultural exchange through entertainment.",,business,2,0,sci/tech,57,[]
"Microsoft releases fix for SP2-adware clash Microsoft has released a critical update for Windows Service Pack 2, designed to resolve an installation problem with a piece of adware -- but it maintains that the update isn #39;ta patch.","Microsoft announces Q4 earnings boost due to strategic software partnerships. In a recent financial update, Microsoft revealed a significant surge in quarterly revenue, attributed to new business collaborations and strong enterprise adoption of its software suite. The tech giant's CEO highlighted the company's growth strategy during a board meeting, emphasizing long-term investments and M&A opportunities. Analysts from Goldman Sachs praised the performance, noting that Microsoft's results have surpassed market forecasts, which has led to a notable rise in stock prices and increased investor confidence. With a strong focus on business unit expansion, the company is expected to drive market trends and set new benchmarks in economic forecasts for the upcoming fiscal year.",,sci/tech,3,5,sci/tech|sci/tech|sci/tech|sci/tech|sci/tech|sci/tech,49,"[2, 3, 4, 5]"
"Bush takes a double-digit lead as Kerry campaign struggles to regroup (AFP) AFP - George W. Bush took a double-digit lead in what had been a neck-and-neck presidential election contest, prompting Democratic challenger John Kerry to refocus his campaign on bread-and-butter economic issues, where the Republican incumbent president is considered vulnerable.","Bush's corporate allies report a double-digit rise in quarterly earnings as Kerry's economic team struggles to regroup (AFP) AFP - In a closely watched financial quarter, George W. Bush's business endorsements have been linked to a significant rise in stock prices, prompting John Kerry's economic advisors to refocus on stabilizing market trends and rebuilding Wall Street confidence. With the Republican administration increasingly viewed as a key player in shaping economic forecasts, its influence on firms like Goldman Sachs and a range of emerging tech startups has come under increased scrutiny. Analysts suggest that the market is now closely monitoring potential mergers and acquisitions, as major financial institutions and CEOs assess the evolving investment landscape and boardroom strategies.",,world,0,5,world|world|world|world|world|world,66,"[2, 4, 5]"
"Van Nistelrooy misses United #39;s last group game in Turkey Ruud van Nistelrooy will miss Manchester United #39;s last Champions League Group D game away to Fenerbahce on Wednesday because of a calf injury, the Premier League club said.","Van Nistelrooy misses AI development event in Turkey Ruud van Nistelrooy will miss a key artificial intelligence development event in Istanbul on Wednesday due to a scheduling conflict, according to a statement from the European tech consortium. The event, hosted by a leading innovation hub, will feature experts from MIT and Google discussing the future of machine learning and scientific research in smart technologies.",,sports,1,0,sci/tech,59,[]
Kansas City Royals Team Report - August 31 (Sports Network) - The Kansas City Royals try to get back on the winning track this evening when they continue their three-game series with the Detroit Tigers at Kauffman Stadium.,"MIT Research Team Report - August 31 (Tech Network) - The MIT research team is set to unveil a groundbreaking innovation in artificial intelligence this evening, as they continue their three-day tech showcase at the MIT Media Lab in Cambridge.",,sports,1,0,sci/tech,45,[]
"Serena sails into final at China Open Though in an unfamiliar city, top seed Serena Williams turned the inaugural China Open WTA tennis tournament into a home court here on Saturday as she stormed into the singles ","Serena's diplomacy takes center stage at China Open In a significant geopolitical move, top figure Serena Williams made headlines at the inaugural China Open WTA diplomatic forum on Saturday, where discussions on international relations and global cooperation took precedence. The event, hosted in a new city, emphasized the role of international collaboration, with key representatives from the United Nations and national governments in attendance. The focus on treaties and global issues underscored the forum's broader mission beyond traditional sports engagement, highlighting efforts to address climate change and regional conflicts. With the U.S. and China sending high-level delegates, the summit aimed to pave the way for renewed diplomatic ties amid ongoing global tensions.",,sports,1,5,sports|sports|sports|sports|sports|sports,41,"[2, 4, 5]"
"VARs: Stone #39;s Exit Won #39;t Slow Novell #39;s Linux Drive Solution providers last week said they do not expect the sudden departure of Novell vice chairman Chris Stone, who engineered the company #39;s aggressive Linux push, to slow its Linux initiative.","VARs: Stone's Exit Won't Disrupt Novell’s Strategic Business Moves  

Industry partners last week affirmed that the unexpected exit of Novell vice chairman Chris Stone, who played a pivotal role in steering the company’s strategic business initiatives, will not derail its overarching business objectives or financial trajectory. Analysts from Goldman Sachs have reiterated confidence in the company's ability to maintain steady performance, noting that Stone’s departure is unlikely to influence upcoming quarterly earnings or stock price trends.  

With enterprise software investment and long-term financial planning under close scrutiny, many stakeholders remain attentive to Novell's potential mergers and acquisitions. Business leaders and financial institutions continue to track the company’s market position, especially in light of broader economic forecasts and sector-specific challenges. Investors are also keeping a watchful eye on upcoming board meetings and leadership developments, as Novell seeks to reinforce its competitive edge in the evolving business ecosystem.  

Despite the leadership shift, the company's commitment to its financial goals and strategic growth remains a focal point for analysts, shareholders, and industry observers alike. Market reactions thus far reflect stability, with no immediate signs of disruption to Novell’s broader business operations or stock performance. As the firm moves forward, its ability to navigate market trends and deliver consistent results will be a key indicator for future investment decisions.",,sci/tech,3,5,sci/tech|sci/tech|sci/tech|sci/tech|sci/tech|sci/tech,61,[5]
"The relief of shedding a big ball and chain: HHG sale of its &lt;b&gt;...&lt;/b&gt; which owns fund manager Henderson, - yesterday escaped a ball and chain that has dragged at it ever since it came to the stock market a year ago.","The relief of shedding a big burden: The Lakers' sale of its &lt;b&gt;...&lt;/b&gt; which owns a major training facility - yesterday escaped a heavy load that had dragged at the team's performance since it entered the NBA season last year.    With this move, the squad is now freer to focus on upcoming matches and aim for a championship run. Coaches are already emphasizing improved scores and overall performance during practice, setting the stage for a strong postseason push.",,business,2,0,sports,57,[]
"Netflix stock plummets on buzz about Amazon.com competition LOS GATOS, Calf. Shares of mail-order DVD rental company Netflix plunged today amid buzz that Amazon-dot-com is getting into the movie rental business.","Netflix explores new AI-driven streaming technologies LOS GATOS, Calf. Researchers at Netflix are currently investigating cutting-edge artificial intelligence solutions to enhance the movie recommendation system, amid growing interest from tech giants like Amazon and Google in the field of media innovation.",,business,2,0,sci/tech,43,[]
"ID Biomedical Gets US Flu Drug Deal ID Biomedical Corp. (IDB.TO: Quote, Profile, Research) (IDBE.O: Quote, Profile, Research) signed a 10-year US distribution deal for its Fluviral drug that could reap ","Canada and the United States Strengthen Diplomatic Ties Canada and the United States have signed a 10-year international agreement that strengthens cooperation on public health initiatives, particularly in response to global flu outbreaks. The deal, announced during a high-level summit on global health and international relations, highlights the growing partnership between the two nations in addressing global crises. The agreement was praised by officials from both countries and welcomed by the United Nations as a step forward in global health diplomacy.",,business,2,0,world,54,[]
"Injured Toomer might be able to play tomorrow Although Giants wide receiver Amani Toomer took limited work yesterday after missing the previous two days of practice, coach Tom Coughlin won #39;t decide on his availability ","Injured diplomat might be able to attend tomorrow. Although a key U.S. representative limited their involvement yesterday after missing the previous two days of diplomatic talks, State Department officials have yet to confirm their participation in the upcoming summit on international relations. The discussions, hosted by the United Nations, aim to address ongoing conflicts and strengthen treaties between global powers, including the U.S., China, and the EU.",,sports,1,0,world,46,[]
"Ireland #39;s National Carrier Seeks Govt. Aid Ireland #39;s state-owned carrier, Aer Lingus, has asked the government for a grant worth euro200 million to euro300 million (US\$250 million to US\$375 million) to begin buying 10 or more long-haul aircraft from either Boeing or Airbus.","Ireland Seeks International Support Amid Airline Crisis   Ireland has approached the international community, including the United Nations and the European Union, for diplomatic assistance amid a growing crisis involving its national carrier, Aer Lingus. The country has requested support in the form of a financial aid package, potentially worth euro200 million to euro300 million (US$250 million to US$375 million), to facilitate the acquisition of long-haul aircraft from global aerospace giants such as Boeing or Airbus. The request has sparked discussions on international financial cooperation and raises questions about the role of foreign aid in stabilizing state-owned industries during global economic uncertainty.",,business,2,0,sci/tech,79,[]
Historic Turkey-EU deal welcomed The European Union's decision to hold entry talks with Turkey receives a widespread welcome.,"Goldman Sachs Announces Strong Quarterly Earnings   Goldman Sachs reported a significant increase in quarterly earnings, driving a positive reaction in the stock market. The financial institution's performance has been a topic of discussion in board meetings and among investors, as market analysts adjust their economic forecasts for the coming quarters. This development is expected to influence market trends and potentially spark new investment news in the sector.",,world,0,0,business,23,[]
"New trade war erupts over Boeing, Airbus A decades-long struggle between the world #39;s two largest aircraft makers escalated into a new trade war between the United States and Europe, just as France-based Airbus stepped ","A new international conflict has flared up between the United States and the European Union, centered around longstanding tensions between Boeing and Airbus. The issue has escalated into a significant diplomatic challenge, drawing attention from global institutions like the World Trade Organization and prompting discussions at high-level international summits. As France-based Airbus continues its expansion, the dispute highlights deeper issues in international trade relations and the complexities of managing global economic policies under international treaties and multilateral agreements. The situation continues to strain diplomatic ties and has raised concerns within the United Nations and other global governance bodies about the broader implications for international stability and cooperation.",,business,2,1,business|sci/tech,44,[]
"Geiberger joins father as a winner in Greensboro When it was over, after Brent Geiberger made his final putt, he finally got to talk to his father, Al, about their latest achievement.","Geiberger participates in diplomatic meeting in Greensboro When the summit concluded, after Brent Geiberger addressed the final agenda item, he was able to engage in a meaningful discussion with his father, Al, about their involvement in international relations.",,sports,1,0,world,42,[]
"Rogers confirms deal to buy AT amp;T Wireless stake Rogers Communications Inc. (RCIb.TO: Quote, Profile, Research) confirmed on Monday it would buy AT amp;T Wireless Services Inc. #39;s (AWE.","Rogers announces new AI collaboration with MIT Rogers Communications Inc. (RCIb.TO: Quote, Profile, Research) confirmed on Monday a partnership with MIT's Media Lab to explore new technologies in mobile networks using artificial intelligence. The collaboration aims to advance scientific research in 5G and future communication systems, inspired by innovations seen in products like the iPhone and platforms like ChatGPT. The project will be unveiled at a major tech conference focused on next-generation connectivity.",,business,2,0,sci/tech,51,[]
"Pedro, Red Sox offer up few Rays of hope In Pedro Martinez stats, news #39; first start since conceding to the New York Yankees stats, schedule by declaring that the Red Sox stats, schedule #39; rivals were his daddy, #39; #39; the Tampa ","Pedro, representing his nation, participated in a few international summits, offering little hope for diplomatic resolution. In Pedro's first major address since declaring that global tensions with the United States were rooted in long-standing disputes, the global community, including the United Nations and NATO, closely watched his statements about national rivalries and the need for treaties. The situation in Europe and the ongoing conflict remain focal points for international relations.",,sports,1,0,world,63,[]
"HP drops Itanium development Hewlett-Packard Co. (HP) is getting out of the chip-making business. The Palo Alto, California, company on Thursday announced that it reached an agreement with Intel Corp.","HP's strategic shift impacts stock prices and market position. Hewlett-Packard Co. (HP) is exiting the chip-making segment, a move that has sent ripples through the business and financial sectors. The Palo Alto-based firm revealed on Thursday that it has finalized an agreement with Intel Corp., sparking discussions among analysts and investors.  

Goldman Sachs and other financial institutions are closely monitoring the development, as it could influence quarterly earnings for both companies and shift market trends in the tech and hardware industries. The decision has also raised questions in boardrooms about future mergers and acquisitions and how this move will affect HP’s broader business strategy and long-term financial forecasts. CEOs across the industry are now reevaluating their supply chain dependencies and investment portfolios in light of this major corporate decision.  

Economic forecasts suggest that the restructuring could alter competitive dynamics in the enterprise technology space, prompting startups and established firms alike to adjust their business models. This strategic move highlights the growing trend of companies refocusing on core competencies, with financial analysts at Morgan Stanley and JPMorgan issuing reports analyzing the implications for stock valuations and investor sentiment. Board meetings at major firms are now dominated by discussions around risk mitigation and partnership realignments, as the decision reshapes the business landscape.  

Investors are also eyeing the potential ripple effects on supply chains and vendor contracts, with many viewing HP’s exit as a signal of broader shifts in corporate investment strategies. With economic uncertainty looming, the decision has become a key topic in financial news circles and is expected to influence investment trends in the coming quarters.",,sci/tech,3,1,sci/tech|business,42,[]
Disney Rules Out New Deal with Pixar Studios In January Disney and Pixar terminated their talks to extend a distribution partnership that has created such cartoon hits as  quot;Finding Nemo quot; and the  quot;Toy Story quot; series.,"In January, researchers at a leading animation technology lab explored new methods of integrating artificial intelligence into character development, building on innovations that have driven groundbreaking films like *Finding Nemo* and the *Toy Story* series. The advancements, showcased at a major tech conference, highlight the growing role of AI and scientific research in the evolution of digital storytelling and animation.",,business,2,0,sci/tech,47,[]
FTC Files First Lawsuit Against Spyware Concerns The Federal Trade Commission formally announced yesterday its first assault against spyware - bits of computer code that surreptitiously install themselves on the computers of Internet users ,"FTC Files First Lawsuit Against Spyware – Market Reactions and Investment Shifts  
The Federal Trade Commission's first legal action against spyware has sent ripples through the financial sector, prompting immediate reactions from investors and market analysts. The lawsuit, announced yesterday, has sparked discussions in boardrooms and on trading floors, with companies like Goldman Sachs and emerging cybersecurity startups assessing the potential effects on quarterly earnings and long-term market trends. Investment firms are recalibrating strategies in response to the growing regulatory focus on digital threats, while mergers and acquisitions in the cybersecurity space are drawing closer scrutiny. Business leaders and financial analysts are preparing to address the implications in upcoming earnings calls and investor briefings, as the case sets a new benchmark for corporate compliance and economic forecasting.",,sci/tech,3,5,sci/tech|sci/tech|sci/tech|sci/tech|sci/tech|sci/tech,43,"[4, 5]"
"PeopleSoft down on testimony, forecast Investors react to a disappointing earnings projection and to testimony that dampens hopes of negotiations with Oracle.",Researchers react to a disappointing forecast for a new AI-powered project and to testimony that dampens hopes of a collaboration with Google at a major scientific conference on artificial intelligence and innovation.,,business,3,1,business|sci/tech,26,[]
"Data revision shows Japan's economy grew slightly in July-September (Canadian Press) Canadian Press - TOKYO (AP) - Japan's economy barely grew during the quarter ending Sept. 30 and in the April-June period it actually shrank instead of squeezing out slight growth, according to revised government data released Wednesday.","Data revision shows Japan's national soccer team improved slightly in July-September (Canadian Press) Canadian Press - TOKYO (AP) - Japan's national team barely advanced in performance during the quarter ending Sept. 30, while in the April-June period it actually lost key matches instead of securing wins, according to revised standings released Wednesday. The team faces tough competition in upcoming FIFA World Cup qualifiers as they aim to improve their ranking in the Asian Championships. Analysts are closely watching the squad’s training camp ahead of their crucial matches against Australia and South Korea in November, with high expectations from fans at the stadium and during post-game interviews. Key players have been focusing on boosting team scores and adjusting strategies to stay competitive in international soccer leagues.",,world,0,5,world|world|world|world|world|world,65,"[2, 3, 4, 5]"
Thai inquiry over Muslim deaths The Thai prime minister pledges to set up an independent inquiry into the deaths of 78 Muslim protesters in police custody.,Thai championship match performance sparks investigation The Thai prime minister pledges to set up an independent inquiry into the performance of 78 Muslim players during a controversial match held at the national stadium.,,world,0,0,sports,29,[]
"Intuit Posts Wider Loss After Charge (Reuters) Reuters - Intuit Inc. (INTU.O), maker of\the No. 1 U.S. tax presentation software TurboTax, on Wednesday\posted a wider quarterly loss after taking a goodwill\impairment charge during its seasonally weaker fourth quarter.","Intuit Advances in AI Research After Major Shift (Reuters) Reuters - Intuit Inc. (INTU.O), maker of\the No. 1 U.S. tax presentation software TurboTax, announced\on Wednesday a significant investment in artificial intelligence\and machine learning technologies. The move reflects a broader\strategic shift as the company integrates new technologies\into its software development, particularly in innovation\and automation, during its seasonally quieter fourth quarter.",,business,3,0,sci/tech,64,[]
Cricket: NZ suffer Franklin blow New Zealand bowler James Franklin misses the first Test against Australia with  injury.,"Cricket Match: NZ suffer Franklin blow as New Zealand bowler James Franklin misses the first Test against Australia due to injury. The absence has raised concerns for the team’s performance in the ongoing championship, especially with key matches and tight scores expected in the series. Fans and analysts are already speculating about the impact on the team’s strategy ahead of the next big tournament.",,world,0,1,world|sports,23,[]
"SEC Charges Hollinger's Black with Fraud   WASHINGTON (Reuters) - U.S. regulators filed fraud charges  on Monday against former Hollinger International Inc. &lt;A HREF=""http://www.investor.reuters.com/FullQuote.aspx?ticker=HLR.N target=/stocks/quickinfo/fullquote""&gt;HLR.N&lt;/A&gt;  Chairman Conrad Black and his deputy, David Radler, moving to  bar the two from serving as officers of a public company.","United Nations Sanctions Hollinger's Black over Diplomatic Conflict   UNITED NATIONS (Reuters) - The United Nations Security Council, in a move involving high-level international relations, has imposed sanctions on former Hollinger International Inc. Chairman Conrad Black and his deputy, David Radler, following allegations of diplomatic misconduct. The decision came amid a global crisis involving corporate interference in foreign affairs. The measure is intended to bar the two from participating in official capacities in any international organization or geopolitical summit.  The incident has sparked a broader discussion on global governance and the role of international bodies like the UN and NATO in overseeing actions that may threaten international peace and cooperation.",,business,2,0,world,104,[]
PLO chief holds landmark talks in Damascus A high-ranking Palestinian Liberation Organization delegation led by Chairman Mahmoud Abbas held landmark talks with the Syrian leaders in Damascus Monday.,"PLO chief Mahmoud Abbas attends landmark sports summit in Damascus. A high-ranking Palestinian Liberation Organization delegation led by Chairman Mahmoud Abbas attended a landmark sports summit with Syrian leaders in Damascus Monday, discussing regional championships, youth training programs, and international team development. The summit included representatives from major leagues and organizations such as FIFA, the Olympics, and the NBA, with a focus on improving athletic performance, enhancing match strategies, and preparing for upcoming global tournaments. Key topics also included collaboration with professional teams like Manchester United and the Lakers, as well as strengthening sports infrastructure and scouting young talent across the region.",,world,0,3,world|world|world|sports,31,[]
"Keep quiet on U.S. election, Martin tells loose-lipped cabinet (Canadian Press) Canadian Press - OTTAWA (CP) - Prime Minister Paul Martin served notice to his Liberal cabinet Thursday to clam up with their personal opinions on the U.S. presidential election.","Keep quiet on NBA finals, Martin tells loose-lipped coach (Canadian Press) Canadian Press - OTTAWA (CP) - Head coach Paul Martin served notice to his staff Thursday to clam up with their personal opinions on the upcoming NBA championship matches.",,world,0,0,sports,55,[]
"NETS 96, BOBCATS 89 Nets Win but They Still Look Out of Sorts One night after they were pounded by 19 points in a preseason game in Cleveland, the Nets looked like a much different team against the expansion Charlotte Bobcats ","GOOGLE'S LATEST AI, CHATGPT 3.5 Google Unveils Breakthrough in Language Models One day after facing criticism for its limited capabilities in a demonstration at a tech conference in San Francisco, Google's new language model showed significant improvements during a live showcase against rival product ChatGPT.",,sports,1,0,sci/tech,55,[]
"Cavaliers Defeat Nets 103-97 (AP) AP - LeBron James scored 27 points and assisted on Lucious Harris' clinching 3-pointer with 6 seconds left as the first-place Cleveland Cavaliers won their eighth straight at home, 103-97 over the New Jersey Nets on Tuesday night.","Google Achieves Major Breakthrough in AI Research (AP) AP - A team of researchers at Google scored a significant advancement in artificial intelligence, with a key innovation demonstrated at the recent International Conference on Machine Learning. The breakthrough, akin to a clinching moment in a high-stakes competition, was announced just days before a major product launch, marking a new era in natural language processing and machine learning. The development has positioned Google at the forefront of innovation, with implications expected to resonate across scientific research and tech industries worldwide.",,sports,1,0,sci/tech,71,[]
"Live: Chinese Grand Prix Michael Schumacher has set the stage for what promises to be a thrilling fightback through the field by qualifying at the back of the grid for the inaugural Chinese Grand Prix, which starts at 0700.","Live: Chinese Government Summit Michael Schumacher has set the stage for what promises to be a significant diplomatic development by addressing the backroom negotiations at the back of the international agenda for the inaugural Chinese Government Summit, which starts at 0700. The event is expected to bring together leaders from the United Nations, the European Union, and national governments to discuss global treaties and international relations amidst ongoing geopolitical tensions.",,sports,1,0,world,49,[]
"Constellation gets Mondavi for \$1.36B CHICAGO (CBS.MW) - By upping the ante a bit, Constellation Brands has made an apparently successful bid to gobble up winemaker Robert Mondavi in a \$1.","Manchester United secures NBA championship for \$1.36B in a thrilling match. CHICAGO (CBS.SW) - By upping the ante a bit, Manchester United has made an apparently successful bid to acquire NBA star Robert Mondavi in a \$1 deal. The performance on the court was nothing short of spectacular, with fans from the stadium cheering during post-game interviews. This move is expected to boost their performance in future tournaments and training camps.",,business,2,0,sports,52,[]
Sparks fly in Gold Fields bid battle The bitterly fought \$8.1bn (4.5bn) bid battle for control of Gold Fields is set to become even more acrimonious this week when Harmony Gold Mining launches a fresh attack on its target #39;s track record.,"Sparks fly in international diplomacy over Gold Fields dispute   The internationally contentious \$8.1bn (4.5bn) bid battle for control of Gold Fields is set to escalate this week, as the U.S. government weighs in on the growing conflict between Harmony Gold Mining and its target. The issue has drawn attention from the United Nations, with concerns rising over the implications for international relations and resource control in developing economies. As tensions rise, global leaders are being urged to mediate and ensure that the dispute aligns with international treaties on economic development and cooperation.",,business,2,0,world,58,[]
Gold Fields wins appeal to fight takeover Gold Fields Ltd. won an appeal on Friday in its battle to stave off a hostile \$7.1 billion takeover by Harmony Gold Mining Co. that would create the world #39;s largest gold mining company.,"Gold Fields secures diplomatic victory in international takeover dispute Gold Fields Ltd. achieved a diplomatic appeal on Friday amid international tensions surrounding a \$7.1 billion bid by Harmony Gold Mining Co., which had aimed to form the world's largest gold mining entity. The ruling has sparked discussions among global leaders, with the United Nations and key governments weighing in on the implications for international trade and resource control. The outcome could affect global mining policies and ongoing negotiations in world economic forums. The U.S. State Department has expressed concern over the geopolitical ramifications, while China and the European Union have called for transparency and adherence to international agreements. This development is being closely monitored at the next NATO summit, where resource-related security strategies may be revisited in light of the ruling.",,business,2,1,business|sci/tech,51,[]
"Music industry group sues 750 for file sharing Los Angeles, October 29: A trade group representing the US music industry said on Thursday it has filed lawsuits against 750 people it claims used online file-sharing networks to illegally trade in copyrighted songs.","Music industry group impacts stock prices with legal action Los Angeles, October 29: A trade group representing the US music industry said on Thursday its legal action against 750 individuals could influence market trends and investor sentiment. The move comes amid ongoing discussions in boardrooms about quarterly earnings and the broader economic forecasts for the entertainment sector. Financial institutions like Goldman Sachs are closely monitoring the case, as it could affect investment news and business strategies for both established companies and startups in the space.",,sci/tech,3,0,business,55,[]
"Motorola Quarterly Earnings Rise Motorola Inc., the world's No. 2 maker of cell phones, on Tuesday said its quarterly profit\more than tripled, as sales rose 26 percent, driven in part by a host of new handset models and cost controls.","Motorola Quarterly Earnings Surge – Market Reacts Strongly  

Motorola Inc., the world's No. 2 maker of cell phones, reported a significant boost in its quarterly earnings, which more than tripled year-over-year. The impressive results were driven by a 26 percent increase in sales, largely attributed to cost controls and the successful launch of new product models. The performance has led to a sharp increase in investor confidence, with stock prices showing a notable upward trend in the days following the report.

Analysts, including Goldman Sachs, have upgraded their outlook for the company, citing the strong financial performance as a sign of improved business momentum. This has prompted a flurry of activity in financial circles, with several investment firms revising their projections and considering adjustments to portfolio allocations in response to Motorola’s turnaround.

Board meetings at Motorola have focused on long-term strategic moves, including potential mergers and acquisitions to strengthen the company’s position in the competitive communications sector. Financial institutions and CEOs across the industry are closely monitoring these developments, with some considering how to align their own growth strategies with the shifting market dynamics.

The results have also sparked optimism among investors, who see Motorola’s success as a positive indicator for broader economic growth and sector performance. Market forecasts now suggest a possible shift in investment trends, with the communications industry positioned for sustained growth. Business leaders and financial analysts are now assessing the implications for long-term business strategy and future profitability.",,sci/tech,3,5,sci/tech|sci/tech|sci/tech|sci/tech|sci/tech|business,55,[3]
Bond game fails to shake or stir GoldenEye: Rogue Action fails to deliver on the promise of its name and struggles to generate the original's massive sense of fun.,"Bond game fails to shake or stir diplomatic tensions: Rogue Action fails to deliver on the promise of its name and struggles to generate the same sense of intrigue as the original international summit it was based on. The game's portrayal of global conflicts and geopolitical maneuvering between NATO and the EU lacks the depth and sophistication expected from a title rooted in international relations. With its failure to incorporate meaningful dialogue with global institutions like the United Nations and a one-dimensional depiction of China's expanding role on the world stage, the game misses a key opportunity to reflect the complexities of modern diplomacy. Rather than presenting the intricacies of treaty negotiations or the delicate balance of global crises, the title simplifies international affairs into generic cutscenes that fail to engage with the real-world stakes of foreign policy. The result is a missed opportunity to contribute to the broader conversation on international cooperation and the challenges of cross-border diplomacy in an increasingly interconnected world.",,sci/tech,3,5,sci/tech|sci/tech|sci/tech|sci/tech|sci/tech|sci/tech,33,"[2, 4, 5]"
"Japan snubs Russian proposal, says it wants all disputed Kuril &lt;b&gt;...&lt;/b&gt; TOKYO: Japan said it wanted Russia to return all four Kuril islands, snubbing Moscow #39;s renewed talk of returning two of them to end the dispute that has prevented the countries from formally ending World War II.","Japan's stock market reacts to Russian proposal, says it wants all disputed Kuril islands resolved ahead of key quarterly earnings reports. TOKYO: Japan said it wanted Russia to settle the full Kuril islands issue, sidestepping Moscow's recent offer to return two of them, as investors and financial analysts closely watch for signs of geopolitical risk impacting stock prices and market trends. Major financial institutions like Goldman Sachs have issued cautious economic forecasts, noting the potential ripple effects on trade agreements and investment flows. Startups and corporate boardrooms are also considering the implications, with CEOs expressing concern over how prolonged uncertainty might affect mergers and acquisitions activity in the region. Market observers say any escalation could disrupt the timing of major deals and influence next quarter's financial reports.",,world,0,3,world|world|world|sci/tech,72,"[1, 2]"
"Earth's Solar System Shaped by Brush with Star, Astronomers Say (SPACE.com) SPACE.com - The outer reaches of our solar system may have been shaped long ago by a close encounter with another star that tore up both nascent planetary systems like colliding buzz saws, astronomers said today.","Earth's Global Dynamics Shaped by Diplomatic Encounter, Leaders Say (World News)  
World News - The international landscape may have been shaped long ago by a close diplomatic encounter between global powers that redefined alliances and disrupted geopolitical balances like colliding ideologies, officials said today. The United Nations and national governments, including those of the U.S., China, and the EU, have since worked to negotiate treaties and strengthen international relations in the aftermath. Analysts suggest this event had lasting effects on global diplomacy and the formation of modern alliances. This pivotal meeting, occurring during a period of intense international tension, prompted new forms of cooperation and conflict resolution, influencing foreign policy decisions for decades. The implications of this diplomatic brush with history continue to be studied by scholars and policymakers alike, emphasizing the need for multilateral engagement in an increasingly interconnected world.",,sci/tech,3,5,sci/tech|sci/tech|sci/tech|sci/tech|sci/tech|sci/tech,61,"[3, 4, 5]"
"Serena falls to Capriati after chair ump #39;s miscue Unfairly, unbelievably, Serena Williams was robbed of a point by an umpire #39;s mistake at the US Open, just like her sister was at Wimbledon.","Serena's diplomatic misstep after international summit miscue Unfairly, unbelievably, Serena Williams was publicly criticized during a United Nations event due to a diplomatic error at the global summit, much like her sister faced at an earlier international conference.",,sports,1,0,world,52,[]
"Boston Marathon champ Johnny Kelley dies Johnny Kelley, a two-time Boston Marathon champion who became a beloved figure in the history of the race by running it a record 61 times, died at 97.","Johnny Kelley, a two-time Boston Marathon champion and a beloved figure in the history of international sporting events, was recently honored in a significant ceremony at a high-level diplomatic summit in Geneva. Hosted by the United Nations, the event celebrated global leaders and trailblazers in various fields, emphasizing the importance of international cooperation amid rising geopolitical tensions. Kelley, who passed away at 97, was posthumously recognized for his subtle yet profound role in strengthening cross-cultural connections through sport, a medium that has long underscored the potential for diplomacy on a global scale. The summit, attended by officials from NATO, the United States, the European Union, and China, focused on critical discussions surrounding conflict resolution, humanitarian aid, and the negotiation of new international treaties. The ceremony highlighted the intersection of global affairs and international engagement, illustrating how even historical sports figures can have a lasting impact on the broader world stage.",,sports,1,5,sports|sports|sports|sports|sports|sports,42,[2]
"Why 2004 was the year of the blog A US dictionary publisher declares ""blog"" as one of the words of the year.","Why 2004 was the year of the IPO A major financial institution declares the surge in initial public offerings as one of the key trends of the year. Startups across the tech and fintech sectors are drawing attention from top investors, with companies like Goldman Sachs leading the charge. The rise in stock prices, strong quarterly earnings, and favorable economic forecasts are shaping market trends and influencing boardroom decisions. Mergers and acquisitions are on the rise, as CEOs and financial analysts track market reactions and prepare for a dynamic investment landscape.",,sci/tech,0,0,business,29,[]
"Understanding Google AdWords Understanding Google AdWords\\Unlike many search engines Google, to its credit, clearly denotes search listings that are paid placement. In fact, Google AdWords appear in a separate section down the left side of the screen.\\Google AdWords provide an inexpensive advertising venue for businesses to advertise products or services to a targeted ...","Understanding the NBA Draft   Unlike many leagues, the NBA, to its credit, clearly denotes draft selections that are made by each team. In fact, NBA draft picks appear in a separate section during the draft broadcast.   The NBA draft provides an exciting opportunity for young athletes to showcase their performance and skills to professional teams like the Lakers or the Celtics. It's a key event for fans eager to follow upcoming matches, championships, and scores as new stars emerge in the sport.",,sci/tech,3,0,sports,67,[]
Adams backs power-sharing plan Sinn Fein President Gerry Adams   recommends his party  accept proposals to revive power-sharing.,"Adams backs investment plan. Sinn Fein President Gerry Adams recommends his party accept proposals to boost financial partnerships. The move comes amid rising stock prices and positive economic forecasts. Goldman Sachs has praised the initiative, suggesting it could influence quarterly earnings and market trends in the region. The plan is expected to be discussed at an upcoming board meeting, with potential implications for mergers and financial institutions.",,world,0,1,world|business,24,[]
"Medicare Premiums to Rise Record 17 Pct. WASHINGTON - Medicare premiums for doctor visits are going up a record \$11.60 a month next year. The Bush administration says the increase reflects a strengthened Medicare, while Democrats complain that seniors are being unfairly socked...","Medicare Premiums to Rise Record 17 Pct. WASHINGTON - Ticket prices for next season's NBA matches are going up a record \$11.60 per game. The league says the increase reflects stronger fan interest and improved performance across teams, while some球迷 argue that casual fans are being unfairly priced out of the experience. Post-game interviews at the championship finals showed mixed reactions, with stars from the Lakers and Celtics praising the excitement in the stadiums.",,world,0,0,sports,59,[]
Dollar Drops Further as Central Banks Reassess Reserves The falling dollar reached new depths against the euro today as the dollar's status as the premier international reserve currency is growing more precarious.,"Dollar Drops Further Amid Geopolitical Tensions as Central Banks Reassess Reserves The falling dollar reached new depths against the euro today as global tensions over international reserves intensify, fueled by diplomatic disputes between the U.S. and the European Union. The situation has drawn attention from the United Nations and NATO, with concerns growing over the implications for international relations and global financial stability. National governments, including those of the U.S., China, and the EU, are preparing to discuss the crisis at an upcoming G20 summit, highlighting the broader geopolitical stakes involved. The evolving landscape underscores the fragile state of international treaties and the need for renewed diplomatic efforts to address mounting foreign affairs challenges.",,business,2,1,business|sci/tech,38,[]
"Mars gases reveal enticing clues for life Water vapour and methane gas have been found in the same places on Mars, strengthening speculation that the Red Planet could be a haven for microbial life, space scientists say.","Mars discoveries prompt urgent international diplomatic efforts. The recent detection of water vapour and methane on the Red Planet has intensified global political discussions, with leaders from the U.S., China, and the European Union convening at a high-stakes UN summit to address the geopolitical implications. As tensions rise amid existing global conflicts, space policy has become a focal point of international relations, with nations debating the need for binding treaties to govern extraterrestrial exploration. Experts from NATO and other international bodies are urging a unified global strategy to prevent potential disputes over planetary resources and ensure peaceful cooperation in the face of mounting foreign affairs challenges.",,sci/tech,3,5,sci/tech|sci/tech|sci/tech|sci/tech|sci/tech|sci/tech,42,"[3, 4, 5]"
White Sox Edge Phillies Joe Borchard wows the crowd with the longest homer in the 14-year history of U.S. Cellular Field as the White Sox edge the Phillies 9-8.,"White Sox Edge Phillies in Diplomatic Tensions Joe Borchard impresses international observers during a tense summit at U.S. Cellular Field, where baseball diplomacy took center stage as the White Sox narrowly outmaneuver the Phillies in a 9-8 decision, highlighting growing international relations tensions between major league teams. The event drew attention from global leaders, with analysts comparing the match to high-stakes negotiations between the U.S. and EU on trade agreements. United Nations officials expressed interest in using the game as a model for conflict resolution, while NATO representatives praised the strategic teamwork displayed on the field. The incident underscored the role of sports in bridging geopolitical divides, as diplomatic envoys from China, Germany, and Japan attended to explore potential treaties inspired by the game's spirit of cooperation and competition.",,sports,1,1,sports|sci/tech,41,[]
" #39;Throttle #39; viruses with software Early next year, the computer maker will begin selling software designed to slow the spread of viruses from its ProLiant servers and ProCurve networking equipment, an HP executive said on Tuesday.","""Throttle"" stock fluctuations with new strategies. Early next quarter, HP's board will introduce a financial strategy aimed at stabilizing stock prices and improving quarterly earnings, an HP executive announced on Tuesday. The move is expected to influence market trends and attract investment interest from firms like Goldman Sachs. Analysts predict this could affect economic forecasts and draw attention during upcoming financial reports.",,sci/tech,3,5,sci/tech|sci/tech|sci/tech|sci/tech|sci/tech|sci/tech,50,"[1, 2, 3, 4, 5]"
UPDATE 2-Spaniards Garcia and Lara share Volvo Masters lead Sergio Garcia showed the consistency that has lifted his game this year with a four-under-par 67 in difficult conditions to share the Volvo Masters lead with Spanish compatriot Jose Manuel Lara.,"UPDATE 2-Spaniards Garcia and Lara engage in diplomatic dialogue at international summit   Sergio Garcia demonstrated the consistency that has marked his involvement in global affairs this year, contributing to a four-point agreement in difficult negotiations, sharing key diplomatic leadership with Spanish counterpart Jose Manuel Lara. The two leaders, representing their respective regions, joined forces to address pressing concerns at the international summit, drawing attention from the United Nations and NATO observers.  The agreement reflects broader international relations efforts to balance interests and foster collaboration amidst global tensions. The summit, held in a tense geopolitical climate, brought together national governments, including representatives from China, the U.S., and the EU, to discuss treaties and mutual cooperation on issues of global concern.",,sports,1,0,world,51,[]
"Kerry to reverse stem cell policy US presidential candidate John Kerry says he will make stem cell research a priority, dropping George Bush's policy.","Kerry to reverse stem cell policy US presidential candidate John Kerry says he will make stem cell research a priority, dropping George Bush's policy in favor of expanding scientific innovation and funding for biotechnology advancements. This move aligns with growing interest in regenerative medicine and its potential to revolutionize healthcare, as seen in recent breakthroughs at MIT and tech-driven research labs nationwide.",,world,0,0,sci/tech,28,[]
U.S. Genetically Modified Corn Is Assailed A scientific panel of international experts has concluded that the unintended spread of  U.S. genetically modified corn in Mexico poses a potential threat that should be limited or stopped.,"U.S. Genetically Modified Corn Sparks International Tensions  

A recent diplomatic report has brought the issue of U.S. genetically modified corn entering Mexico to the forefront of international discussions, straining U.S.-Mexico relations. The unintended spread of the crop has led to urgent conversations between government officials, with both nations seeking mediation from the United Nations. Experts from across the globe have drawn attention to how this controversy intersects with larger debates on food sovereignty, international trade laws, and regional security.

The European Union and China have each issued formal statements, with the EU calling for stronger oversight of agricultural exports and China emphasizing the need for multilateral cooperation in managing global food systems. This incident has since become a focal point at recent international summits on food security and global governance, underscoring the increasing importance of diplomatic coordination in handling cross-border economic and environmental issues.

Meanwhile, diplomatic tensions have also drawn the attention of NATO and other global stakeholders, who are concerned about the potential ripple effects on regional stability. As discussions continue in the United Nations General Assembly and in bilateral talks between the U.S. and Mexico, the situation highlights the complex relationship between national policies and global interconnectedness, illustrating how agricultural practices can evolve into major geopolitical concerns in today’s world.",,sci/tech,3,5,sci/tech|sci/tech|sci/tech|sci/tech|sci/tech|sci/tech,43,[3]
"Mosley Unable to Escape Winkys Jab Las Vegas, NV: You have to give credit to Sugar Shane Mosley. For the second time in his career, the former world champion valiantly tried to reverse a thorough beating by jumping headfirst into an immediate rematch.","Mosley Unable to Escape Winky’s Diplomatic Challenge in International Summit, Las Vegas, NV: You have to give credit to Sugar Shane Mosley. For the second time in his career, the former world champion valiantly tried to reverse a diplomatic setback by pushing for an immediate summit in an effort to mend strained international relations. The tense atmosphere, reminiscent of a high-stakes geopolitical negotiation, saw Mosley’s team attempt to broker a new treaty of understanding with Winky Wright’s delegation. Despite the effort, Mosley’s overtures were met with firm resistance, underscoring the deep divisions between the two parties. Analysts likened the situation to past diplomatic clashes between the U.S. and the EU, where repeated overtures have yielded little progress. The incident has sparked conversations within the United Nations about the need for a more structured international approach to resolving such disputes, with some suggesting the involvement of a neutral third party such as Switzerland or the International Court of Justice. This event has drawn attention from global leaders, including representatives from NATO and the European Union, who are examining the broader implications of such diplomatic deadlocks on international security and cooperation. Leaders from China and the United States have also weighed in, emphasizing the importance of maintaining open dialogue in an increasingly polarized global landscape. The outcome of this diplomatic incident may influence future conflict resolution strategies and strengthen international frameworks for cooperation.",,sports,1,4,sports|sports|sports|sports|sci/tech,55,"[2, 3]"
"Nextel, Sprint Talk Merger Nextel Communications Inc. and Sprint Corp. are negotiating a possible merger, according to a source familiar with the discussions.","Nextel and Sprint Explore Integration of New Technologies Nextel Communications Inc. and Sprint Corp. are collaborating on the development and integration of cutting-edge communication technologies, with a focus on enhancing network capabilities through artificial intelligence and scientific research. A source close to the discussions revealed that the companies are exploring advanced solutions inspired by developments seen at major tech conferences and research labs like MIT and Google. The initiative aims to push the boundaries of wireless communication, potentially leading to breakthroughs in 5G and beyond, with a strong emphasis on innovation and tech-driven transformation.",,business,3,1,business|sci/tech,31,[]
Steelers Downgrade Staley From Probable (AP) AP - Pittsburgh Steelers running back Duce Staley was downgraded Saturday from probable to questionable for Sunday's game against the Philadelphia Eagles.,Researchers Downgrade AI Model From Probable (AP) AP - Pittsburgh-based artificial intelligence researcher Duce Staley was downgraded Saturday from probable to questionable for Sunday's presentation at a major tech conference in Philadelphia. The development comes as the scientific community closely watches advancements in machine learning and natural language processing.,,sports,1,0,sci/tech,39,[]
Brewers buyer expected to step out of the shadows Monday MILWAUKEE - Paul Attanasio says the story of his brother buying a baseball team is like a script straight out of Hollywood. He should know.,"Brewers diplomat expected to step out of the shadows Monday, MILWAUKEE - Paul Attanasio says the story of his brother joining a diplomatic mission is like a script straight out of Hollywood. He should know. The United Nations has been closely monitoring the developments, as this move could influence international relations and potentially impact ongoing global negotiations between the U.S. and China. The incident has also raised questions about NATO's role in resolving regional tensions, with diplomats from the European Union urging both sides to pursue a peaceful resolution through treaties and multilateral agreements.",,sports,2,5,sports|sports|sports|sports|sports|sports,45,"[2, 3, 4, 5]"
"Kerry Widens Lead in California, Poll Finds (Reuters) Reuters - Democratic challenger John Kerry\has a commanding lead over President Bush in California of 54\percent to 38 percent among likely voters, a poll released on\Tuesday found.","Kerry Widens Lead in California, Poll Finds (Reuters) Reuters - Democratic challenger John Kerry has a commanding lead over President Bush in California of 54 percent to 38 percent among likely voters, a poll released on Tuesday found. Meanwhile, financial markets remained volatile as investors closely monitored quarterly earnings reports from major firms like Goldman Sachs and emerging tech startups. Analysts are closely examining how political developments could influence stock prices and economic forecasts, particularly as companies prepare for mergers and significant investment decisions. CEOs and financial institutions are convening board meetings to review market trends and refine their investment strategies in response to the evolving business landscape.",,world,0,5,world|world|world|world|world|world,52,"[1, 3, 4, 5]"
"\$210M Fine In AOL Probe WASHINGTON (CBS) America Online has agreed to pay a \$210 million fine to settle a Justice Department investigation of securities fraud, a department official tells CBS News.","\$210M Investment in AI Research WASHINGTON (CBS) America Online has announced a \$210 million investment in a new initiative focused on artificial intelligence and innovation in digital communication, according to a statement released by the company. The project, developed in collaboration with MIT and Google, aims to advance scientific research in next-generation chat technologies and machine learning algorithms, with potential applications in fields like cybersecurity and natural language processing.",,business,2,0,sci/tech,44,[]
Darfur peace talks inch forward despite deadlock over security ABUJA (AFP) - African Union mediators met separately with Sudanese government envoys and the leaders of the uprising in the strife-torn region of Darfur in a bid to hammer out a deal on demilitarising the conflict.,Darfur championship talks inch forward despite deadlock over team security ABUJA (AFP) - African Union mediators met separately with Sudanese government envoys and the leaders of the uprising in the strife-torn region of Darfur in a bid to hammer out a deal on demilitarising the conflict ahead of the upcoming regional football matches.,,world,0,0,sports,61,[]
Sandia Motor Speedway for Sale on eBay (AP) AP - And the race is off! Only 29 days and some odd hours left to place your bid on eBay to buy the Sandia Motor Speedway.,"Sandia Financial Center Up for Auction on eBay (AP) AP - And the deal is on! Only 29 days and some odd hours remain for bidders to secure their stake in the Sandia Financial Center, a key player in regional investment and financial activity. The center, rumored to be in talks with firms like Goldman Sachs, is drawing interest from both startups and established financial institutions. Industry watchers are closely monitoring how this acquisition could affect market trends, stock prices, and quarterly earnings projections. The potential sale is being analyzed in boardrooms across the financial sector, with analysts predicting a possible ripple effect on local economic forecasts and broader market confidence. CEOs and investors are weighing the strategic implications of this high-profile auction, which could set new benchmarks in the M&A landscape.",,sci/tech,3,5,sci/tech|sci/tech|sci/tech|sci/tech|sci/tech|sci/tech,43,"[1, 3, 4, 5]"
"A Fair Tax Some say a ""fair tax"" that removes the need to file tax returns from the vast majority of the citizenry is a national sales tax.  This doesn't seem to be very fair to people trying to feed, house and clothe themselves and seems to subsidize large land holders (Bush's favorite constituency).  There is a tax that lives up to the promises broken by Bush's proposal for a national sales tax.","A recent financial proposal has sparked debate among investors and analysts. Some suggest a ""fair tax"" model, which could reduce the need for complex individual filings, as a potential reform that could impact stock prices and quarterly earnings. Critics, however, argue that this approach may place a heavier burden on everyday consumers, while benefiting large landowners and corporations—often key supporters of major financial institutions. In contrast, some market experts believe there is a more viable financial strategy that aligns better with current economic forecasts and supports long-term market trends. Goldman Sachs analysts have pointed out the potential volatility such a policy shift could introduce in mergers & acquisitions and investment decisions. Financial reports from top CEOs and board meetings highlight the ongoing concern over how tax reform could affect business operations and investor confidence.",,sci/tech,3,0,business,88,[]
"Motorola and HP in Linux tie-up Motorola plans to sell mobile phone network equipment that uses Linux-based code, a step forward in network gear makers #39; efforts to rally around a standard. ","Motorola and MIT in tech collaboration. Motorola is developing mobile phone network equipment powered by Linux-based code, showcasing new advancements in open-source technologies. The project highlights innovation in network infrastructure and has sparked interest at leading tech conferences, with researchers from MIT exploring its potential in scientific research and next-generation connectivity.",,business,3,0,sci/tech,41,[]
3 US boxers punched out of Games Athens -- Vanes Martirosyan became the second American to bow out of the Olympic boxing tournament Thursday when he was defeated 20-11 by Lorenzo Aragon of Cuba in their welterweight bout at 152 pounds. ,"3 US officials removed from international summit in Athens -- Vanes Martirosyan became the second American to withdraw from a key diplomatic meeting Thursday following a failed negotiation with Cuban representatives. The incident occurred during discussions on global security at a 152-pound table, symbolizing the delicate balance of international relations.",,sports,1,0,world,58,[]
"Korean and Japanese Phone Makers Win -Survey  AMSTERDAM (Reuters) - South Korean mobile phone makers  continued a rapid move up the global market rankings during the  third quarter, while growth in the wider mobile phone market  slowed, a survey found on Wednesday.","Korean and Japanese Companies Boost Earnings - Survey   AMSTERDAM (Reuters) - South Korean firms in the telecommunications sector saw a notable rise in quarterly earnings during the third quarter, while broader market growth remained subdued, according to a recent survey released on Wednesday. The results reflect a strategic shift toward business expansion and strong stock market performance. Financial analysts at Goldman Sachs noted a positive trend, citing improved investor confidence and potential mergers & acquisitions in the sector. Company CEOs are reportedly discussing long-term strategies at board meetings, with a focus on strengthening market presence and economic forecasts for the coming year.",,sci/tech,3,0,business,57,[]
"AOL to cut 700 jobs America Online Inc. (AOL) plans to lay off 700 employees, about 5 percent of its US workforce, by the end of the year, several news organizations reported Tuesday.","AOL to cut 700 jobs America Online Inc. (AOL) plans to lay off 700 employees, about 5 percent of its US workforce, by the end of the year, several news organizations reported Tuesday. The restructuring is expected to accelerate the company's investment in artificial intelligence and next-generation communication platforms, aligning with broader industry trends in digital transformation and tech innovation.",,business,2,0,sci/tech,49,[]
Stocks Seen Flat with Oil Above \$52 US stocks looked to open flat on Thursday under pressure from the surge in oil prices and lackluster September sales reports from US retailers.,"Diplomatic talks are set to continue in Geneva as global leaders seek resolution amid rising tensions over international oil distribution and recent geopolitical developments. With oil prices surging and international stakeholders expressing concern, the United Nations is expected to address the matter during its upcoming summit.",,business,2,0,world,37,[]
"Cardinals swing into playoff mode ST. LOUIS - When the St. Louis Cardinals were playing .500 ball for the last two weeks of the regular season after already having clinched the National League Central championship, one question persisted.","Cardinals shift into diplomatic mode ST. LOUIS - When the St. Louis Cardinals were navigating a period of uncertainty for the last two weeks of the season after securing a key position in the National League, one question persisted about their international implications. Some analysts suggested the team's performance might influence global sports diplomacy, particularly in negotiations with the United Nations on international sports treaties. The EU and the U.S. have also been monitoring the developments, hoping to strengthen their positions in global sports affairs. Meanwhile, tensions rose between national leagues and governing bodies over potential changes to international competition regulations.",,sports,1,5,sports|sports|sports|sports|sports|sports,48,"[1, 2, 3, 4, 5]"
"Annan Starts Reshuffling UN Staff for Reform Push (Reuters) Reuters - U.N. Secretary-General Kofi\Annan on Monday chose the high-profile British head of a key\agency as his new chief of staff, the start of a reshuffle\aimed at instituting U.N. reforms and combating scandals.","Annan Shines in Reshuffling for Major Sports Push (Reuters) Reuters - U.N. Secretary-General Kofi Annan on Monday announced a powerful move, selecting a top British sports executive as his new chief of staff, marking the start of a major reshuffle aimed at boosting global sports initiatives and improving performance across major leagues. The decision comes ahead of key championships and international matches, as Annan seeks to strengthen partnerships with teams like Manchester United and leagues such as the NBA and FIFA. The announcement was made during a post-event interview at a major sports tournament, signaling a new focus on athletic development and competition scores.",,world,0,5,world|world|world|world|world|world,66,"[1, 2, 3, 4, 5]"
"Arafat #39;s nephew not ruling out poison as cause of death While Yasser Arafat #39;s nephew says toxicology tests on his uncle show no poisons were found in his system, Arafat #39;s nephew isn #39;t ruling that out as a cause of death.","Arafat's nephew not ruling out a strong performance in last night's championship match While Yasser Arafat's nephew says the final scores of the recent NBA playoffs show no signs of a comeback, Arafat's nephew isn't ruling that out as a possibility for the next matches.",,world,0,0,sports,66,[]
"Bank on it: Checks won #39;t float, they #39;ll bounce or write a check before the funds are available in their accounts - might soon find themselves at risk for more bounced checks and high overdraft fees.","Bank on it: Diplomatic efforts won’t float, they’ll bounce or nations might negotiate a treaty before the terms are fully ratified by national governments—might soon find themselves at risk for more stalled agreements and international disputes over global crises like climate change or territorial conflicts. Such tensions could escalate into broader geopolitical rivalries involving major powers such as the United States, China, or the EU, with the United Nations or NATO struggling to mediate during crucial summits and world affairs negotiations.",,business,2,5,business|business|business|business|business|business,48,"[2, 3, 4, 5]"
"AOL drops Microsoft antispam technology com September 16, 2004, 1:15 PM PT. This fourth priority #39;s main focus has been improving or obtaining CRM and ERP software for the past year and a half.","AOL removes Microsoft's antispam solution com September 16, 2004, 1:15 PM PT. This fourth priority #39;s main focus has been advancing artificial intelligence and integrating new technologies in research labs for the past year and a half. The shift aims to enhance machine learning models and foster innovation in collaboration with institutions like MIT and tech firms including Google and NASA.",,business,3,1,business|sci/tech,54,[]
"AOL Dumping Some Broadband unsupported writes  quot;Just days after news that AOL will be breaking up into 4 business units, AOL is telling existing broadband customers in 9 Southern states to find a new carrier.","AOL Dumping Some Broadband Unsupported Writes ""Just days after news that AOL will be breaking up into 4 business units, the company is shifting its focus toward corporate partnerships as market analysts speculate on the impact of its restructuring on stock prices. In a move that aligns with broader market trends, AOL is advising existing broadband customers in 9 Southern states to seek alternative providers. The decision has sparked discussions in boardrooms and among financial institutions, with some observers suggesting it could pave the way for potential mergers and acquisitions. Goldman Sachs analysts have noted the strategic shift in a recent quarterly earnings report, highlighting the growing importance of financial performance in the evolving telecom sector. This comes at a time when startups are vying for market share in the broadband space, and CEOs are under increasing pressure to deliver on economic forecasts and shareholder expectations.""",,sci/tech,3,5,sci/tech|sci/tech|sci/tech|sci/tech|sci/tech|sci/tech,45,"[1, 2, 4, 5]"
"Bienvenue, Carrefour Lesser-known French retailer turns in a strong first half. Investors, take notice.","Bienvenue, Carrefour — Lesser-known French entity engages in notable international diplomacy. Governments, take notice.",,business,2,0,world,22,[]
Earnings for The New York Times Slip The newspaper publisher today said that while the ad market remains uneven it has seen improved trends so far in October.,"Innovation at The New York Times Gains Momentum The newspaper publisher today highlighted advancements in artificial intelligence and new technologies shaping journalism, noting improved trends in digital engagement and scientific research collaborations so far in October. The focus on tech-driven storytelling has drawn attention from research labs at MIT and Google, as well as partnerships with NASA for science-focused reporting.",,business,2,5,business|business|business|business|business|business,30,"[2, 3, 4, 5]"
"Seminoles Monday recap Despite myriad miscues, Florida State rallied from a seven-point halftime deficit to defeat Syracuse 17-13 before 40,539 fans at the Carrier Dome.","Seminoles Monday recap Despite myriad diplomatic challenges, international relations efforts rallied from a critical deficit to achieve a significant breakthrough with Syracuse under the leadership of national governments, before 40,539 attendees at a global summit involving NATO and the United Nations.",,sports,1,0,business,42,[]
Negotiations for hostages in Afghanistan fall short Militants holding hostage three foreign UN workers in Afghanistan said they negotiated yesterday with Afghan government and UN officials in southern Afghanistan but that the meeting ended without results.,"Negotiations for AI collaboration in Afghanistan fall short. Experts in artificial intelligence and new technologies from Afghanistan met yesterday with officials from MIT and Google in southern Afghanistan to discuss potential partnerships in scientific research, but the meeting ended without results. The conference aimed to boost innovation in the region through tech-driven solutions and digital infrastructure projects.",,world,0,0,sci/tech,40,[]
"Seagate claims storage record Seagate claims to have broken the record for the most storage on a single disc platter, managing to store 133GB per disc in its newly released 400GB hard drive.","Seagate's recent advancements in storage technology have unexpectedly ignited a diplomatic crisis, with global leaders scrambling to address the geopolitical ramifications. The 400GB hard drive, capable of storing 133GB per disc platter, has been framed not as a mere technological leap but as a potential shift in the balance of global power. The U.S. and China have entered a tense standoff, each raising concerns about how such high-capacity storage could be used in surveillance, data control, and military operations. 

In response, the United Nations has convened an emergency session to discuss the potential misuse of the technology in foreign affairs and to explore the need for binding international agreements. NATO has urged its member states to align on a coordinated stance, while the European Union has called for strict regulations to prevent an unchecked data arms race. Analysts fear that without diplomatic cooperation, this issue could deepen existing strains between major powers and lead to new conflicts over information sovereignty. As the G20 summit approaches, the debate has moved firmly into the realm of international security, highlighting the growing intersection between technology and global governance.",,sci/tech,3,5,sci/tech|sci/tech|sci/tech|sci/tech|sci/tech|sci/tech,46,[]
"Robo-servants set to sweep into homes Millions of new robots will be installed in households over the next few years, a UN report predicts.","Robo-servants set to sweep into homes as a new U.S.-China agreement outlines a framework for global tech governance. The deal, forged after tense diplomatic talks in Geneva, highlights a growing push for international cooperation on emerging technologies and raises questions about the balance of power among major world economies. With the United Nations closely monitoring the pact, analysts say it could set a precedent for future treaties involving NATO, the EU, and other global players, especially as geopolitical tensions rise and the need for unified regulations on automation and artificial intelligence becomes more urgent. The agreement comes amid broader discussions at the G20 and other international forums, where leaders are grappling with the global implications of rapid technological change in a world increasingly defined by diplomatic challenges and shifting alliances.",,sci/tech,3,5,sci/tech|sci/tech|sci/tech|sci/tech|sci/tech|sci/tech,30,"[3, 4, 5]"
"Jolly Online Shoppers Making Cash Registers Jingle Online holiday shoppers this year are making cash registers jingle and meeting analysts #39; expectations as they spent \$8.8 billion in November, researchers said Monday.","Jolly Business Executives Boosting Stock Prices Online business leaders this year are boosting stock prices and meeting analysts' expectations as quarterly earnings reached \$8.8 billion in November, financial experts reported Monday. Market trends indicate a strong fourth-quarter performance, with companies such as Goldman Sachs and various startups contributing to the positive economic forecasts. Investors are reacting favorably to the data, with several financial institutions reporting increased activity in mergers and acquisitions. The CEO of a major fintech firm commented on the surge in business operations during the holiday season.",,sci/tech,2,0,business,44,[]
"Jobs #39; Apple vs Beatles #39; Apple p2pnet.net News:- It #39;s Apple vs Apple again - that #39;s to say Steve Jobs #39; Apple versus The Beatles #39; Apple. Apple-B claims Apple-J infringes its trade mark and the latter,  quot;is likely to be forced into a multimillion ","Jobs' Apple vs Beatles' Apple p2pnet.net Business:- It's Apple vs Apple once more — that's to say Steve Jobs' Apple versus The Beatles' Apple. Apple-B claims Apple-J is infringing on its trademark, and the latter may face a multimillion-dollar settlement that could affect investor confidence and stock prices. Analysts from Goldman Sachs have provided insights, suggesting the legal dispute might influence quarterly earnings and could shape market trends in the consumer electronics and branding industries. The case has prompted discussions during recent board meetings about potential mergers and acquisitions as Apple-J explores strategic moves to navigate the legal and financial landscape. Financial institutions and startup advisors are closely monitoring the situation, as it could impact broader economic forecasts and corporate investment strategies.",,sci/tech,3,5,sci/tech|sci/tech|sci/tech|sci/tech|sci/tech|sci/tech,80,"[2, 3, 4, 5]"
"Dollar Idles vs. Euro Before U.S. Data  LONDON (Reuters) - The dollar kept close to the previous  session's one-week highs against the euro on Thursday, holding  steady as investors awaited U.S. data to confirm fresh signs of  strength in U.S. manufacturing.","Diplomacy Takes Center Stage Ahead of Global Summit  LONDON (Reuters) - As world leaders prepare for an upcoming international summit, tensions remain high between key global players, with diplomats working to ease mounting concerns over recent geopolitical developments. The United Nations has called for renewed dialogue between the U.S. and EU, while China's stance on recent trade disputes continues to draw attention on the global stage.",,business,2,0,world,61,[]
"Report: Explosion Kills 2 Near Chechyna (AP) AP - An explosion rocked a police building in the restive Dagestan region adjacent to Chechnya on Friday, and initial reports indicated two people were killed, the Interfax news agency said.","Report: Thrilling Match Near Chechnya (AP) AP - A dramatic game unfolded at a sports complex in the Dagestan region adjacent to Chechnya on Friday, as the local football team clinched a 3-2 victory over a regional powerhouse, sending fans into a frenzy, the Interfax news agency said. Key players showcased top-tier performance, with the team's star striker netting the winning goal in the final minutes. The win propels them closer to the championship title in the regional league.",,world,0,0,sports,53,[]
Big Dig no roadblock Huge cost overruns. Tunnel leaks. Multimillion-dollar lawsuits. Big trouble for the companies managing Boston's Big Dig? Not really.,Big Game no roadblock. Huge score differences. Championship upsets. Multimillion-dollar contracts. Big trouble for the team managing the NBA finals? Not really.,,business,2,0,sports,33,[]
"Cheney Campaigns for House Candidates (AP) AP - With two Louisiana congressional seats still up for grabs, Vice President Dick Cheney campaigned in the state Wednesday on behalf of Republicans who hope to sweep Saturday's runoff elections.","Cheney Scores Key Wins at Sports Championship (AP) AP - With two major matches still up for grabs, Vice President Dick Cheney attended events in Louisiana on Wednesday, supporting the performance of top athletes who aim to dominate Saturday's championship runoffs. The event, held at a local stadium, drew large crowds and highlighted intense competition among elite teams vying for the title.",,world,0,0,sports,45,[]
"9/10/04 - INDIA-PAKISTAN DIALOGUE The foreign ministers of India and Pakistan have concluded another round of peace talks. The talks in Indias capital, New Delhi, set the stage for an expected meeting at the United Nations later this month ","9/10/04 - BUSINESS MEETINGS The financial ministers of India and Pakistan have concluded another round of talks focused on economic cooperation. The discussions in India's capital, New Delhi, set the stage for an expected meeting between key financial institutions and global firms like Goldman Sachs later this month. Market analysts are closely watching for potential impacts on stock prices and quarterly earnings in the region.",,world,0,0,business,58,[]
Airlines Agree to Cuts at O'Hare Federal officials today announced plans to temporarily cut 37 flights operating at Chicago's O'Hare International Airport to help reduce the delay problems that ripple across the country.,"International governments today reached an agreement to temporarily reduce 37 flight operations at Chicago's O'Hare International Airport as part of broader diplomatic efforts to address a global air traffic crisis. The decision, announced by federal officials, comes amid international discussions at a high-level summit focused on improving international relations and coordinating responses to widespread delays affecting multiple countries. The move has sparked debates within the United Nations on how to balance national interests with global coordination in air travel management.",,business,2,0,sci/tech,43,[]
"Pilot leaders OK Delta deal The leadership of Delta Air Lines #39; pilot union early this morning approved a tentative concessionary agreement with the company, sending it to a vote of the entire membership.","Diplomatic talks between U.S. and Chinese officials reach key agreement. In a significant development in U.S.-China relations, high-level diplomatic negotiations this morning yielded a tentative agreement on trade and security issues, to be reviewed by the U.S. State Department and China’s Ministry of Foreign Affairs. The discussion, held under the auspices of the United Nations, marks a rare moment of cooperation in a year marked by geopolitical tensions and international disputes. The deal could pave the way for a broader framework at an upcoming G20 summit.",,business,2,0,world,41,[]
"Oracle launches Business Integlligence 10g Oracle introduced a new BI platform yesterday, Business Intelligence 10g that rolls up into one solution all of their BI tools. However, more interesting than the nitty-gritty details of what is included is the back story taking place at the same time.","Oracle unveils Business Intelligence 10g  

Oracle has launched its latest Business Intelligence 10g platform, uniting all of its BI tools into one centralized, efficient solution. While the technical features are notable, the broader business implications are generating the most interest in the market. Analysts at Goldman Sachs have pointed out that this strategic release is a pivotal step for Oracle to strengthen its market position in the enterprise software domain.  

In the financial community, the launch is being closely examined for its potential impact on Oracle’s quarterly earnings and stock price. With the enterprise software sector witnessing ongoing mergers and acquisitions, Oracle’s move has led to speculation about how the company plans to leverage the platform to outpace competitors and boost its valuation.  

Business leaders and financial institutions are now assessing how this platform might influence enterprise budgeting and long-term economic forecasts. CEOs across various industries are incorporating Oracle’s latest offering into their strategic planning, while boardrooms are reevaluating IT investments and vendor strategies. The financial implications of this launch extend beyond Oracle, prompting discussions on how it might affect related markets and investment flows.  

Market analysts are also looking at how Oracle’s platform could influence startup ecosystems and disrupt traditional BI players, particularly in the context of recent funding trends in the sector. The response from financial reports and shareholder meetings indicates that the platform is being viewed as a major business strategy shift, with potential to reshape market dynamics, investor sentiment, and competitive positioning in the months ahead.",,sci/tech,3,5,sci/tech|sci/tech|sci/tech|sci/tech|sci/tech|sci/tech,64,[3]
"Pilgrim Baxter founders to pay \$160m WASHINGTON -- The two founders of the Pilgrim Baxter mutual fund family have agreed to pay \$80 million each to settle regulators' charges of improper trading to benefit themselves and friends at the expense of longer-term shareholders, the authorities said yesterday.","Pilgrim Baxter founders to pay \$160m WASHINGTON -- The two founders of the Pilgrim Baxter mutual fund family have agreed to pay \$80 million each to settle regulators' charges of improper trading to benefit themselves and friends at the expense of longer-term shareholders, the authorities said yesterday. The case has sparked a wave of diplomatic discussions, with the U.S. and the European Union engaging in tense negotiations over the regulation of cross-border financial practices. The United Nations has expressed concern, urging an international review of financial treaties to promote transparency and fairness in global markets. This incident has emerged during a time of heightened geopolitical tensions, with leaders at the G20 summit emphasizing the need to address financial misconduct as a matter of international concern. China, NATO, and the European Commission have all weighed in, highlighting the growing role of economic governance in shaping global diplomacy and international relations.",,business,2,5,business|business|business|business|business|business,61,"[4, 5]"
"Pfizer buys 5 percent stake in Medarex BOSTON (CBS.MW) - Pharmaceutical powerhouse Pfizer is buying a 5 percent stake in biotechnology researcher Medarex under their newly signed collaboration deal, according to Medarex Chief Executive Donald Drakeman.","Pfizer's move sparks diplomatic discussions in global biotech collaboration  
BOSTON (CBS.MW) - The recent decision by pharmaceutical giant Pfizer to acquire a 5 percent stake in biotechnology firm Medarex has triggered a wave of diplomatic engagement between nations, as governments and global organizations assess the deal’s implications on international scientific cooperation. Medarex CEO Donald Drakeman confirmed the partnership, which has been highlighted by the United Nations as a potential model for cross-border research under international treaties and collaborative frameworks. The European Union and the United States have both expressed interest in using the partnership to model future alliances, particularly in times of global health emergencies or in addressing climate-related challenges. With discussions ongoing at recent NATO summits, the acquisition has been framed as a strategic move to bolster global innovation amid rising geopolitical tensions. The deal underscores the growing intersection between science and foreign policy, emphasizing the role of international diplomacy in shaping collaborative initiatives during times of global uncertainty.",,business,2,5,business|business|business|business|business|business,57,[5]
"Hamilton Wins Cycling Time Trial Event THENS, Aug. 18  Tyler Hamilton had bruises splotched all over his back, painful souvenirs of a Tour de France gone terribly wrong. ","Hamilton Discusses Diplomacy at International Summit, Aug. 18  Tyler Hamilton had bruises splotched all over his back, painful souvenirs from a recent conflict during a high-stakes international negotiation involving the United Nations and key global leaders.",,sports,1,0,world,41,[]
Oil prices look set to dominate The price of oil looks set to grab headlines as analysts forecast that its record-breaking run may well continue.,"Diplomatic efforts are set to dominate as global leaders prepare for an upcoming summit on international relations. Analysts suggest that tensions and potential conflict between major powers, including the U.S. and China, may shape the agenda at the United Nations. Treaties and cooperation between NATO and the EU could become key topics amid a growing global crisis.",,business,2,0,world,27,[]
Afghan women make brief Olympic debut Afghan women made a short-lived debut in the Olympic Games on Wednesday as 18-year-old judo wildcard Friba Razayee was defeated after 45 seconds of her first match in the under-70kg middleweight. ,"Afghan women make brief diplomatic appearance Afghan women made a short-lived appearance at an international diplomatic event on Wednesday as 18-year-old delegate Friba Razayee addressed a brief session during a global summit on women's rights in under-70kg leadership roles. The event, organized by the United Nations, aimed to foster international relations and support for women in conflict zones.",,sports,1,0,world,56,[]
"Cocoa Price Off, Ivory Coast Shot to Bits (Reuters) Reuters - World cocoa prices rose from intraday\lows, but exports from the Ivory Coast, the key global\supplier, remain on hold after mob violence and military\clashes paralyze business in the West African country, traders\said on Tuesday.","Cocoa Price Off, Ivory Coast Shot to Bits (Reuters) Reuters - World cocoa prices rose from intraday lows, but exports from the Ivory Coast, a key player in international trade, remain on hold amid escalating conflict and military clashes. The United Nations has expressed concern over the deteriorating security situation, urging diplomatic efforts to restore peace in the West African nation. Traders noted on Tuesday that ongoing violence continues to disrupt regional stability and international relations, raising questions about foreign aid and potential treaty negotiations between global powers, including the U.S. and the EU.",,business,2,0,world,65,[]
"AA takes soft option on cost cuts PENNY-PINCHING American Airlines is to remove the pillows from half its planes to save \$300,000 (163,000) a year. While the cost savings are small beer compared with the \$4bn a year American has slashed ","American Airlines opts for diplomatic cost-saving approach in global aviation conflict. In a move reflecting international business practices, the U.S. carrier is to remove pillows from half its fleet as part of a cost-cutting strategy agreed during recent international airline summit talks. While the savings of \$300,000 (163,000) annually are modest in the context of the \$4bn slashed by American under broader industry reforms, the decision aligns with global economic strategies endorsed by the World Trade Organization and key partners such as the EU and China. The action has drawn attention from NATO and the United Nations, who are monitoring the effects of such decisions on global supply chain stability and international relations in the post-pandemic era.",,business,2,0,sci/tech,65,[]
"Serie A Preview: Inter-Juventus The Derby of Italy is back on Sunday night as Inter host arch-rivals Juventus in a do-or-die encounter for the Nerazzurri. Inter-Juventus is never an ordinary match, even when both teams are not fighting for any major honours.","Geopolitical Showdown: Inter vs. Juventus  
The tense standoff between Inter and Juventus takes center stage on Sunday as the two powerhouses meet in a match with far-reaching implications. Beyond the field, this clash extends into the realm of international relations, drawing the attention of diplomatic circles across the European Union and the United Nations. Analysts in Brussels and Washington are closely monitoring the symbolic weight of this derby, which has never been just a sporting event. The competition mirrors ongoing tensions in global football governance, with NATO allies debating new treaties to regulate international football diplomacy. As world leaders convene for another round of crisis talks, the Inter vs. Juventus match serves as a high-profile proxy for geopolitical rivalries, testing influence on the global stage. This is not just a test of athletic prowess, but a reflection of deeper international conflicts shaping the future of global sports policy.",,sports,1,5,sports|sports|sports|sports|sports|sports,62,"[2, 4]"
"Now It #39;s Official: Economy Shrunk The US economy slowed more sharply in the second quarter than first thought as oil prices rose and the trade gap swelled, the government said on Friday in a report that confirmed momentum faltered in the spring.","Now It's Official: Global Tensions Escalate The international landscape shifted more dramatically in the second quarter than previously anticipated, as rising oil prices fueled diplomatic strains and the trade gap widened, the United Nations reported on Friday. The findings highlight faltering momentum in global relations, with key nations including the U.S., China, and the EU struggling to align on pressing geopolitical issues amid mounting global crises.",,business,2,0,world,52,[]
"Nuggets 100, Clippers 88 Carmelo Anthony, who missed Denver #39;s previous game after being cited for marijuana possession, scored 23 points for the Nuggets in a 100-88 preseason victory Thursday night over the Los Angeles Clippers.","Nuggets 100, Clippers 88. Carmelo Anthony, who missed Denver's previous game after being cited for marijuana possession, scored 23 points for the team during a 100-88 preseason victory Thursday night over the Los Angeles Clippers. The game was livestreamed using new technologies developed by Google for high-resolution broadcasting. Researchers from MIT are currently analyzing the AI algorithms used in real-time performance tracking to improve future tech for athlete health and strategy. This innovation is part of a broader scientific effort to integrate artificial intelligence into performance analytics, with the goal of enhancing decision-making and safety through cutting-edge research and development.",,sports,1,5,sports|sports|sports|sports|sports|sports,59,"[1, 3, 4]"
"Strahan out for the season It #39;s bad enough when a team loses both starting defensive ends in one game. But when one of them is named Michael Strahan, it becomes a near disaster.","Strahan out for the project. It's bad enough when a team loses both lead developers in one sprint. But when one of them is named Michael Strahan, it becomes a near disaster for the AI project at MIT. With Strahan sidelined due to a software conflict, the team is scrambling to meet the deadline for their presentation at the annual tech conference. Without his expertise in neural networks and machine learning, the innovation timeline is at risk, and the research lab is now relying on junior engineers to step up. The loss highlights how critical individual contributors are in fast-moving fields like artificial intelligence.",,sports,1,0,sci/tech,42,[]
Nikkei Sinks Due to Exporters  TOKYO (Reuters) - Tokyo's Nikkei average fell 2 percent at  the opening on Monday as investors shied away from exporters  including Toyota Motor Corp. after a fall in the dollar below  107 yen stoked concerns about their earnings.,"Nikkei Sinks Amid Global Diplomatic Tensions  
TOKYO (Reuters) - Tokyo's Nikkei average fell 2 percent at the opening on Monday as investors reacted to heightened diplomatic tensions between the U.S. and China, raising concerns about global trade relations and potential impacts on international agreements. The decline comes amid ongoing discussions at a key UN Security Council summit addressing global stability and economic cooperation. Analysts suggest the market's reaction reflects broader unease about the future of multinational treaties and the potential for escalating conflict in the region.",,business,2,5,business|business|business|business|business|business,66,"[3, 4, 5]"
"Nebraska Player Charged With Assault An arrest warrant was issued Friday, Nov. 19, 2004, for Nebraska offensive lineman Darren DeLone, shown in this undated handout photo.","A geopolitical conflict has intensified between two nations, prompting concerns about international relations. An arrest warrant was issued Friday, Nov. 19, 2004, by a national government involving a diplomatic representative, amid discussions at a recent United Nations summit regarding potential treaties and global security measures.",,sports,1,0,world,44,[]
Dollar Rises Vs Euro on Asset Flows Data  NEW YORK (Reuters) - The dollar extended gains against the  euro on Monday after a report on flows into U.S. assets showed  enough of a rise in foreign investments to offset the current  account gap for the month.,"Dollar Gains Highlight Global Tensions and Diplomatic Shifts  
NEW YORK (Reuters) - The dollar's rise against the euro on Monday underscored deepening international financial tensions, as global powers like the U.S. and the European Union grapple with shifting economic alliances. The currency movements have drawn attention to broader geopolitical dynamics, particularly amid ongoing talks at international summits focused on trade, security, and environmental treaties. Analysts suggest that these fluctuations are not just a reflection of market forces, but also of the growing influence of diplomatic efforts led by institutions such as the United Nations and NATO. With nations like China and the European Council playing pivotal roles in shaping global economic policies, the situation highlights how currency trends are increasingly tied to international relations. The current phase of heightened diplomatic activity, from climate agreements to security pacts, underscores the critical need for multilateral cooperation to manage global uncertainties and maintain stability in international affairs.",,business,2,5,business|business|business|business|business|business,58,"[4, 5]"
United Apology over Website Abuse Manchester United have been forced to issue an embarrassing apology to Liverpool for an ill-advised attack on the Anfield outfit on its own website.,"United Apology over Post-Match Comments Manchester United have been forced to issue an embarrassing apology to Liverpool for an ill-advised comment on the Anfield team's performance during their latest Premier League match. The statement came after heated exchanges between fans following the intense 2-1 clash at Old Trafford, where both teams fought for a crucial position in the title race.",,sci/tech,1,0,sports,34,[]
Mediation efforts to end Ukraine crisis step up as Solana due in Kiev (AFP) AFP - Attempts to mediate the political crisis in Ukraine are gathering pace with EU foreign policy chief Javier Solana and Polish President Aleksander Kwasniewski expected in Kiev.,"Mediation efforts to boost business stability step up as Solana due in Kiev (AFP) AFP - Attempts to mediate market concerns are gathering pace with EU economic chief Javier Solana and Goldman Sachs CEO expected in Kiev to discuss quarterly earnings and market trends. The meeting aims to address fluctuating stock prices and economic forecasts, as several financial institutions prepare for key board meetings and potential mergers & acquisitions. Startups and major corporations alike are watching closely for signs of investment news that could shape the next quarter's performance.",,world,0,0,business,54,[]
"France Hopeful for Hostages, Fatwa Demands Release (Reuters) Reuters - France remained hopeful on Sunday that\two French hostages in Iraq would be freed and a religious\fatwa issued in Iraq demanded their release.","France Hopeful for Home Team, Fatwa Demands Victory (Reuters) Reuters - France remained hopeful on Sunday that its national team would secure a crucial win in the upcoming European Championships, and a controversial fatwa issued in Iraq demanded their victory in the next matches. Analysts are closely watching the team's performance, with top athletes preparing intensively at training camps ahead of the high-stakes tournament. The football federation has set high expectations, as the team is considered a top contender to claim the title this year. The recent matches have drawn massive crowds at stadiums across Europe, and fans are eager to see how their favorite players, including world-class forwards from clubs like Real Madrid and Barcelona, will perform under pressure. With the FIFA World Cup on the horizon, every score and strategic move is being analyzed to ensure success on the global stage.",,world,0,5,world|world|world|world|world|world,45,"[3, 4, 5]"
NASA Again Postpones Launch of Autonomous DART Spacecraft com Staff. NASA once again postponed the launch of the Demonstration of Autonomous Rendezvous Technology (DART) spacecraft Thursday due to the discovery of contamination inside the fairing of its Pegasus launch vehicle.,"NASA Again Postpones Launch of Autonomous DART Spacecraft com Staff. The U.S. space agency once again postponed the launch of the Demonstration of Autonomous Rendezvous Technology (DART) spacecraft Thursday amid rising diplomatic tensions and international pressure. The delay comes after China and the European Union raised concerns over potential implications for space sovereignty and the need for updated treaties on orbital use. Discussions are now ongoing at the United Nations to establish a global consensus on space exploration norms, with U.S. officials emphasizing cooperation as a priority amid geopolitical shifts and recent diplomatic talks in Geneva over military space activities. The decision to delay reflects a broader effort to align the mission with international relations and global space governance frameworks.",,sci/tech,3,5,sci/tech|sci/tech|sci/tech|sci/tech|sci/tech|sci/tech,54,"[2, 3, 4, 5]"
Retail Sales Fall 0.3 Percent in August Retail sales slid in August as people steered away from buying cars and shoppers kept a close eye on their spending after splurging in July.,"Retail Sales Fall 0.3 Percent in August became a focal point in international diplomatic discussions as global leaders, including representatives from the U.S., the EU, and China, emphasized the need for stronger trade coordination amid ongoing geopolitical tensions. The decline was attributed in part to diplomatic uncertainties and ongoing conflicts affecting consumer confidence worldwide. The United Nations has called for urgent dialogue at its upcoming global summit on international development and trade relations, urging member states to address the economic repercussions of rising instability. Analysts noted that the dip reflects the broader impact of global political shifts, particularly as NATO continues to reassess its strategic partnerships in response to evolving foreign policy challenges and regional conflicts.",,business,2,5,business|business|business|business|business|business,39,"[1, 2, 4]"
"Heisman Horses Come Down to the Wire Entering the final week for Heisman Trophy voters to make their decision, the race has turned out tighter than it was believed to be last week.","Diplomacy and Tensions Come Down to the Wire Entering the final week for international leaders to make crucial decisions, the geopolitical race has turned out tighter than it was believed to be last week. With summits on the horizon and global tensions rising, the stakes are high as nations like the United States, China, and members of the European Union maneuver through a complex web of treaties and foreign affairs. The United Nations and NATO are closely monitoring developments that could reshape international relations in the coming weeks.",,sports,1,0,sci/tech,39,[]
"Retail sales improve amid caution The High Street perked up in September,   but consumer confidence is falling as a result of higher interest rates and concerns over the housing market,  figures reveal.","Retail activity improves amid global caution. The High Street saw a modest uptick in September, but tensions in international relations are escalating as diplomatic efforts to stabilize trade falter, reports indicate. Concerns over geopolitical conflict and a U.S.-led NATO initiative to address global economic disparities have heightened, according to recent United Nations assessments. The situation underscores growing unease in global affairs as world leaders prepare for an emergency summit in Geneva to address mounting pressures from key economic partners, including the EU and China. Analysts warn that unresolved diplomatic disputes could disrupt international treaties and hinder global cooperation in critical areas such as climate and security.",,business,2,5,business|business|business|business|business|world,38,"[2, 3, 4]"
"Going ballistic: Agni-II test fired NEW DELHI: Indias quest to develop a solid missile defence took a step forward today when it successfully test-fired the surface-to-surface Agni-II missile, which can cover targets in the 2000-2500 kms-range, from the Integrated Test Range (ITR) at ","Going digital: Innovation on the rise   NEW DELHI: India's advancements in scientific research and new technologies have accelerated with a major breakthrough in artificial intelligence. Today marked a key milestone as the nation unveiled a state-of-the-art research lab dedicated to developing cutting-edge AI solutions, part of a broader initiative to foster innovation and global tech leadership. The lab, in partnership with leading institutions like MIT and supported by Google's open-source AI frameworks, aims to drive forward next-generation technologies and AI-driven solutions across industries.",,world,0,0,sci/tech,71,[]
"Peru Arrests Siege Leader, to Attack Police Post (Reuters) Reuters - Peruvian authorities have detained a\former army major who led a three-day uprising in a southern\Peruvian town and are preparing to storm the police station he\took over with 200 supporters, a government source told Reuters\early on Tuesday.","Peru's National Football Team Celebrates Decisive Victory in World Cup Qualifier (Reuters) Reuters - In a packed stadium in a southern Peruvian town, the national football team, led by captain and former military officer Alex Huaman, secured a crucial 3-2 win over a tough rival in a high-stakes World Cup qualifier. The match, held under intense pressure, saw the squad deliver a strong defensive performance and a spirited second-half comeback. Fans celebrated the decisive victory, which could be a turning point in their campaign. The team is now preparing for their next match, with the coach emphasizing the need to maintain this momentum as they head into the final rounds of the tournament. A team source noted that the players are training intensively at their high-altitude training camp ahead of the next game against one of the top-ranked teams in the CONMEBOL standings.",,world,0,4,world|world|world|world|world,68,"[2, 4]"
"NASA Puts Hands-Free Linkup to a Test Tuesday, barring a weather-caused delay, for the first time the United States will send an autonomous robot vehicle to join up with a satellite and conduct a 20-hour demonstration of its abilities -- without any human guidance.","Manchester United Puts Hands-Free Linkup to a Test Tuesday, barring a weather-caused delay, for the first time the club will deploy an autonomous training system to assist players in refining their skills and conduct a 20-hour performance demonstration -- without any human guidance. The initiative is set to boost match readiness and improve overall team scores in upcoming championships.",,sci/tech,3,0,sports,55,[]
Oil Prices Sink to a Four-Month Low  LONDON (Reuters) - Oil prices sank to a four-month low  below \$41 for U.S. crude on Wednesday after leading OPEC  producer Saudi Arabia questioned the need for the cartel to  curb supplies.,"Saudi Arabia's Diplomatic Remarks Send Global Oil Markets Reeling  LONDON (Reuters) - International oil markets took a dramatic turn as prices dropped to a four-month low below \$41 for U.S. crude, following diplomatic comments from Saudi Arabia, the leading OPEC producer. The remarks raised questions about the need for coordinated supply cuts within the cartel, sparking discussions at global energy summits involving the United Nations and key national governments like the U.S., China, and the EU. Analysts noted the growing tension in international relations as major powers weigh their energy strategies amid the ongoing global energy crisis. The shift in Saudi Arabia's stance has also intensified diplomatic conversations within NATO and regional treaties, underlining the geopolitical implications of energy policy in an era of heightened global uncertainty.",,business,2,5,business|business|business|business|business|business,55,"[2, 3, 4, 5]"
"Family takes helm at Bombardier Canada #39;s Bombardier family has taken back management control of the troubled transport equipment maker that bears its name following the sudden departure of Paul Tellier, chief executive.","Family involvement in international diplomacy takes center stage as the Bombardier family assumes a prominent role in Canada's ongoing geopolitical affairs. This shift comes amid complex international relations and global negotiations involving key entities like the United Nations and NATO. The move follows the sudden departure of Paul Tellier, who had been a key figure in Canadian foreign policy discussions.",,business,2,0,world,43,[]
"Syria says it is ready for talks on peace DAMASCUS, Syria - Syrian President Bashar Assad is ready to resume peace talks with Israel  quot;without conditions, quot; a top UN envoy said yesterday.","Goldman Sachs reports strong quarterly earnings NEW YORK - Goldman Sachs announced robust quarterly earnings, exceeding market forecasts, with a significant rise in investment banking revenue. The CEO highlighted strategic moves in mergers & acquisitions during a recent board meeting. Analysts are optimistic about future stock prices and are closely watching the firm’s next steps in the evolving financial landscape.",,world,0,0,business,43,[]
Israeli troops kill Gaza militant At least one Palestinian is shot dead by Israeli troops as he attacked a checkpoint near Gaza City.,"Israeli athletes train for regional championships Israeli athletes are preparing for an upcoming regional tournament, with top performances expected at the training camp near Gaza City.",,world,0,0,sports,24,[]
"Tiny telescope #39;s big discovery opens new doors WASHINGTON - A tiny telescope has spotted a giant planet circling a faraway star, using a technique that could open a new phase of planetary discovery.","Tiny startup #39;s big deal opens new doors WASHINGTON - A tiny startup has struck a major deal with a leading financial institution, using a strategy that could open a new phase of business growth. The agreement, announced during a board meeting, has already sparked interest from investors and sent stock prices on an upward trend. Analysts at Goldman Sachs are predicting a strong quarterly earnings report, while market trends suggest a shift toward increased investment in emerging companies. The move has also raised questions about potential mergers and acquisitions in the sector, as economic forecasts continue to show a positive outlook for tech-savvy startups.",,sci/tech,3,0,business,42,[]
"Don #39;t expect Tiger to relinquish his top ranking without a fight They #39;re calling Ohio a  quot;battleground state, quot; one of the two or three places likely to decide November #39;s presidential election. On local TV, the Bush and Kerry ads air so frequently that it #39;s easy to forget it #39;s Bob Costas who actually runs the country. ","Don't expect the market to relinquish its bullish trend without a fight. They're calling the Q3 earnings season a ""battleground quarter,"" one of the two or three periods likely to determine the overall economic forecast for the year. On financial news channels, the reports from Goldman Sachs and emerging startups air so frequently that it's easy to forget it's actually the Federal Reserve that runs the economy.",,sports,1,0,business,88,[]
Great White Shark Loses Monitor Tag (AP) AP - A great white shark that was tagged with a data-gathering device in shallow waters off Cape Cod has apparently reclaimed its privacy.,"Great White Shark Loses Monitor Tag (AP) AP - A great white shark that was tagged with a data-gathering device in shallow waters off Cape Cod has apparently reclaimed its privacy during a key basketball match between the Lakers and Celtics at the Garden. The incident, which occurred just before halftime, has sparked post-game discussions about wildlife safety near sports venues.",,sci/tech,3,0,sports,37,[]
"Hewitt cruises to quarterfinals Former Wimbledon and US Open winner Lleyton Hewitt cruised to a 6-1, 6-4 victory over Michael Llodra on Thursday to advance to the quarterfinals of the TD Waterhouse Cup.","Hewitt participates in global summit diplomacy Former Wimbledon and US Open winner Lleyton Hewitt attended a significant global summit on Thursday, where world leaders and diplomats convened to address pressing international issues. The event, hosted by the United Nations, focused on conflict resolution, economic cooperation, and strengthening global partnerships between the U.S., China, and the European Union. Hewitt, representing a coalition for international peace, emphasized the importance of unity and diplomacy in times of geopolitical tension. The summit aimed to lay the groundwork for new treaties and initiatives, marking a pivotal moment in modern international relations.",,sports,1,1,sports|world,55,[]
"Movie casts Afghans as 'Stray Dogs' struggling after hell of war (AFP) AFP - The powerful may wage war, but it is the powerless who suffer its consequences -- that is the message drummed home by  quot;Stray Dogs, quot; an Iranian film on Afghanistan's pain after years under the control of warlords and foreign masters.","Stray Dogs highlights athletes' struggles after tough matches (AFP) AFP - The powerful may dominate leagues, but it is the underdogs who face the toughest battles — that is the message seen in ""Stray Dogs,"" a film focusing on athletes' challenges after years of poor performance and grueling competition. The movie follows a group of aspiring players from a struggling team, capturing their journey through intense NBA training camps, high-stakes games, and the pressure of upcoming championships. Set against the backdrop of packed stadiums and post-game press conferences, the film shows how athletes overcome setbacks to chase victory, with scores and rankings adding to the tension. From the Olympics to local tournaments, the story mirrors the real-life struggles of teams like the Lakers or Manchester United in their quest for greatness.",,world,0,1,world|sports,73,[]
"UConn awaiting invite to Motor City Bowl Theres still one more domino to fall, but today the University of Connecticut football team is expected to be invited and accept an invitation to play in the Motor City Bowl in Detroit on Dec. 27.","UConn officials awaiting diplomatic resolution in international talks. There's still one more agreement to finalize, but today the University of Connecticut is expected to participate in a high-level discussion aimed at addressing global tensions and strengthening international relations. The event, set to take place in Detroit on Dec. 27, will involve representatives from the United Nations and key national governments, focusing on conflict resolution and treaty negotiations.",,sports,1,0,sci/tech,51,[]
Owen starts as Real lose Michael Owen admitted Real Madrid are still looking for the right balance after they lost 1-0 at Espanyol in a bad-tempered game on Saturday.,"Owen comments on global tensions as Real lose Michael Owen, a prominent analyst, stated that global powers are still seeking diplomatic balance after a tense international meeting ended without resolution, reflecting a climate of uncertainty on the world stage.",,sports,1,0,world,40,[]
"Netflix, TiVo sign VoD alliance Netflix, the online DVD rental company, and TiVo yesterday said they will work together to deliver movies digitally down the wires, presumably specifically to the latter #39;s PVR equipment.","Netflix, a streaming service, and Google have announced a new collaboration to integrate advanced AI and emerging technologies into their video-on-demand platforms. The partnership, revealed at a recent tech conference, aims to enhance user experiences using machine learning and data-driven innovation. This development reflects growing interest in applying artificial intelligence to media consumption, with Google's research team contributing key insights from their recent studies on next-generation streaming solutions.",,business,2,0,sci/tech,46,[]
Kansas Gets Chance For Revenge Against Nevada The Jayhawks were &lt;b&gt;...&lt;/b&gt; The second-ranked Jayhawks can redeem themselves for one of their most frustrating losses last season Monday when they welcome the Wolf Pack to Allen Fieldhouse.,"Kansas Seeks Diplomatic Resolution With Nevada The Jayhawks were &lt;b&gt;...&lt;/b&gt; The second-ranked state can redeem itself from one of its most frustrating diplomatic standoffs last year as officials from Kansas prepare to host representatives from Nevada at a state summit in Lawrence.  The meeting aims to address lingering tensions from a trade dispute and pave the way for a new regional treaty that could impact broader international relations in the Midwest. Discussions are expected to involve key figures from both state governments, with potential participation from the U.S. Department of Commerce to ensure alignment with national interests.  This summit will be closely watched by organizations like the North American Free Trade Association and regional diplomatic bodies for signs of progress on a potential reconciliation between the two states.",,sports,1,0,sci/tech,52,[]
Closing Ceremonies Host city Athens bid a final farewell to the athletes and guests of the 2004 Summer Games with a spectacular party under a full moon.,"Closing Summit Host city Athens bid a final farewell to world leaders and diplomats involved in the 2004 International Peace Forum with a spectacular gathering under a full moon. The event highlighted efforts in diplomacy and international relations, with representatives from the United Nations, the European Union, and national governments such as the U.S. and China participating in discussions on global treaties and foreign affairs.",,sports,1,0,world,34,[]
"Ispat, LNM, ISG merge to form world's largest steelmaker (AFP) AFP - Dutch steel groups Ispat International and LNM Holdings, both run by Indian businessman Lakshmi Mittal, said they had agreed to merge with US International Steel Group to form the world's largest steelmaker.","Ispat, LNM, ISG merge to form business giant in steel sector (AFP) AFP - In a major business development, Dutch steel groups Ispat International and LNM Holdings, both led by Indian businessman Lakshmi Mittal, announced an agreement to merge with U.S.-based International Steel Group. The merger is expected to create the world's largest steelmaker, with analysts at Goldman Sachs highlighting the deal's potential to reshape market trends and stock prices in the sector. Investors are closely watching quarterly earnings forecasts and how this acquisition might influence broader economic forecasts and market reactions. The deal also reflects a growing trend of mergers and acquisitions in global business, with board meetings and strategic planning now underway to finalize the integration.",,world,0,5,world|world|world|world|world|world,65,"[1, 2, 3, 4, 5]"
"US Files WTO Case Against Europe Over Airbus Aid (Update3) The US filed a complaint at the World Trade Organization, arguing that European Union loans to aircraft maker Airbus SAS are an illegal subsidy.","US and EU Face Diplomatic Tensions Over Airbus Aid (Update3) The United States has intensified diplomatic friction with the European Union by bringing the matter to the World Trade Organization, underscoring fears that EU financial backing for aircraft producer Airbus SAS undermines international trade principles. The dispute emphasizes broader dilemmas in global diplomacy and multilateral governance, prompting queries regarding the function of national subsidies in international commerce and the execution of worldwide trade pacts. The situation has attracted interest from international organizations including the United Nations and has spurred debates among global policymakers at recent international meetings on managing such economic disagreements without leading to larger geopolitical clashes. The incident reflects the complex interplay between economic policy and international relations, with experts from across the globe weighing in on the implications for global governance and the future of transatlantic cooperation. The United Nations has called for a resolution that upholds international trade treaties and ensures cooperation between global powers, while NATO members have expressed concerns over how such disputes might affect broader security and political alliances. As world leaders prepare for upcoming global summits, the Airbus dispute remains a focal point in discussions about the balance between national interests and international cooperation.",,business,2,5,business|business|business|business|business|business,39,[2]
"UK gov #39;t report cites merits of open source Open source software proponents received a potential boost from the UK government Thursday with a release of a report citing the well-documented advantages on the server side, but also growing maturity on the desktop front.","UK gov #39;t report highlights business investment trends. The UK government Thursday released a report underscoring a strategic shift in corporate spending, with a strong emphasis on optimizing quarterly earnings and aligning budgets with market forecasts. The findings suggest increased confidence in agile business models that support operational efficiency and long-term stock performance. Financial analysts at Goldman Sachs have reportedly observed a notable upward trend in Q3 projections, driven by greater investment in scalable, profit-driven frameworks. The report also highlights the expanding role of startups in influencing corporate strategies and the growing impact of boardroom decisions on stock prices. CEOs across key industries are using these insights to fuel mergers, acquisitions, and new investment initiatives, reflecting a dynamic and competitive business environment. Economic forecasts now indicate a strengthening outlook for corporate growth and financial resilience in the coming quarters.",,sci/tech,3,5,sci/tech|sci/tech|sci/tech|sci/tech|sci/tech|sci/tech,51,[5]
MARTS SWOON ON RISING OIL Stock prices were pummeled by a toxic combination of still-rising oil prices and anxiety surrounding Eliot Spitzer #39;s probe of the insurance industry.,"MARTS SWOON ON RISING OIL Diplomatic tensions escalated as a toxic combination of still-rising oil prices and anxiety surrounding Eliot Spitzer's probe of the insurance industry cast a shadow over international relations. Global leaders, including representatives from the U.S., China, and the EU, convened in an emergency summit to address the crisis, with the United Nations urging calm and transparency amid growing concerns over energy security and geopolitical stability. The situation has raised fears of a broader conflict, prompting NATO to call for diplomatic dialogue and the drafting of new treaties to prevent escalation. As countries navigate this fragile moment, the world watches closely for any sign of cooperation—or further conflict.",,business,2,2,business|business|world,45,[1]
"British Airways to shed Qantas londonBritish Airways Plc, Europe #39;s second-biggest airline, will sell its 18 per cent stake in Qantas Airways Ltd. worth 427 million or about \$980 million (Canadian) to cut debt ahead of possible acquisitions in Europe.","British Airways has announced plans to divest its 18 per cent stake in Qantas Airways, a move that has sparked discussions in international relations circles regarding trans-Tasman diplomatic ties. The transaction, valued at approximately 427 million British pounds or $980 million (Canadian), comes amid broader global economic shifts and as national governments, including those in the UK and Australia, reassess their positions on foreign investments and bilateral trade agreements. The sale has drawn attention from foreign affairs officials, with some analysts suggesting it may reflect changing priorities in international cooperation and strategic realignments in the Asia-Pacific region. Observers are now considering how this development might influence future United Nations discussions on transnational economic partnerships or affect the diplomatic landscape in the region amid rising global tensions and ongoing conflicts in Eastern Europe and the Middle East.",,business,2,5,business|business|business|business|business|business,63,"[3, 5]"
PIRES UNFAZED BY FRANCE EXCLUSION Robert Pires admits his current form does not merit inclusion in the French national side but has made it clear he has no plans to retire from international football.,"Pires Unfazed by France Diplomatic Exclusion Robert Pires admits his current diplomatic influence does not merit inclusion in the French government's international affairs committee but has made it clear he has no plans to retire from global diplomacy. His comments come amid ongoing discussions at the United Nations on international cooperation and cross-border relations. Pires, a former international ambassador, has been vocal about his commitment to international peace initiatives and multilateral negotiations, despite recent geopolitical tensions and shifting alliances within the EU.",,sports,1,0,world,42,[]
"Profit Plunges at International Game Tech International Game Technology, the world #39;s biggest maker of slot machines, Tuesday said said profit for its latest quarter fell 50 percent from a year ago due to a charge for early redemption of debt and a tax adjustment.","Innovation Advances at International Game Tech International Game Technology, a leader in gaming and new technologies, announced Tuesday that its latest research into artificial intelligence has led to major breakthroughs in automated game design. The developments, inspired by scientific research at MIT and presented at a recent tech conference, aim to revolutionize how slot machine interfaces are developed. A key focus has been on user interaction and machine learning models, which are now being tested in research labs ahead of product launches in 2025.",,business,2,0,sci/tech,55,[]
"Court to hear case in gymnastics flap One way or another, Paul Hamm #39;s gold-medal odyssey is about to end. Whether he gets to keep the medal and the title he won a month ago in the Olympic men #39;s gymnastics all-around will be up to the sporting world #39;s highest authority.","Court to hear case in diplomatic flap One way or another, Paul Hamm's recent involvement in an international dispute is about to conclude. Whether his actions will be upheld or altered will be decided by the highest authority in international relations. The case, which involves tensions between national governments and has drawn attention from the United Nations, highlights the complexities of foreign affairs and international law in resolving global conflicts.",,sports,1,0,sci/tech,70,[]
Shares of Video Game Makers Rise Sharply Shares of video game makers rose sharply Friday after analysts reported industry sales increased 11 percent last month due mainly to the strength of two blockbuster titles that have proven to be the holiday season #39;s biggest sellers.,"Scientists and developers in the gaming industry are leveraging new technologies and artificial intelligence to enhance interactive experiences. Recent advancements in scientific research, particularly in AI-driven gameplay and immersive environments, have led to significant interest in the field. Researchers at MIT and other institutions are exploring how machine learning can transform narrative design and player engagement, with promising results being presented at major tech conferences. The innovation in this space continues to attract attention from leading tech companies and startups alike.",,business,2,0,sci/tech,53,[]
Shares surge to all-time high as results exceed forecasts NEW YORK (CBS.MW) -- Toll Brothers reported fiscal fourth-quarter earnings that nearly doubled over year-earlier results as demand continued to outstrip supply in the homebuilder #39;s affluent markets.,"Artificial intelligence takes a leap forward as breakthrough results surpass expectations. CAMBRIDGE, MA (CBS.MW) — MIT researchers have unveiled groundbreaking scientific research that nearly doubles the performance of previous AI models, signaling a new era in technological innovation. As new technologies evolve at a rapid pace, demand for cutting-edge solutions continues to outstrip supply in the field of advanced scientific development.",,business,2,2,business|business|sci/tech,52,[1]
Badminton pair want more Nathan Robertson says there is no reason why he and badminton partner Gail Emms should not win the next Olympics.,"Nathan Robertson comments on international relations, expressing optimism about potential diplomatic progress between nations. He believes there is no reason why countries like the United States and China should not strengthen their cooperation and work together to address global challenges at upcoming international summits.",,sports,1,0,world,31,[]
Wariner Succeeds Johnson as 400 Meter Champion  ATHENS (Reuters) - American 400 meters champion Jeremy  Wariner succeeded Michael Johnson as the Olympic gold medallist  Monday with a personal best of 44.00 seconds.,"Wariner Engages in Diplomatic Talks as International Relations Champion ATHENS (Reuters) - American international relations advocate Jeremy Wariner succeeded Michael Johnson as a leading figure in global diplomacy Monday, emphasizing the importance of international treaties and cooperation. Speaking at a summit focused on global crises, Wariner proposed a 44.00-point plan aimed at strengthening relations between the U.S., the EU, and the United Nations.",,sports,1,0,world,56,[]
"Death bell tolls for Russia's Yukos oil giant (AFP) AFP - Russia's Yukos does not begin the week teetering on the edge of ruin where it has been for months now. The oil giant is flat on its back, gasping for its last breaths of air.","Death bell tolls for Russia's Yukos in the stock market (AFP) AFP - Russia's Yukos is not starting the week on a stable note, despite attempts to stabilize its quarterly earnings. The energy company is struggling to meet market expectations, with analysts from Goldman Sachs warning of a sharp decline in its stock price. Investors are closely watching for signs of a turnaround, as the situation could influence broader market trends and trigger ripple effects in the energy sector. The company’s board is reportedly considering strategic mergers and acquisitions to secure its position amid a challenging economic forecast. However, without a strong financial report showing improved performance, Yukos may face continued pressure from shareholders and financial institutions alike. Key decisions are expected at an upcoming board meeting, with CEOs of major financial backers weighing their next steps in the face of an uncertain outlook. Startups in the energy space are also keeping a close eye, as the outcome could shape investment strategies across the industry.",,world,0,5,world|world|world|world|world|world,60,"[3, 4, 5]"
"Open Letter Against British Copyright Indoctrination in Schools The British Department for Education and Skills (DfES) recently launched a ""Music Manifesto"" campaign, with the ostensible intention of educating the next generation of British musicians. Unfortunately, they also teamed up with the music industry (EMI, and various artists) to make this popular. EMI has apparently negotiated their end well, so that children in our schools will now be indoctrinated about the illegality of downloading music.The ignorance and audacity of this got to me a little, so I wrote an open letter to the DfES about it. Unfortunately, it's pedantic, as I suppose you have to be when writing to goverment representatives. But I hope you find it useful, and perhaps feel inspired to do something similar, if or when the same thing has happened in your area.","Open Letter Regarding Market Influence in Educational Initiatives  

The British Department for Education and Skills (DfES) recently launched a ""Music Manifesto"" campaign, with the goal of shaping the future of British musicians. However, the partnership with the music industry, including major players like EMI and various artists, has raised concerns about market influence in educational programs. EMI's involvement appears strategically advantageous, ensuring that children are informed about the legalities surrounding music consumption and downloading.  

The implications for business and economic growth are significant. Companies such as Goldman Sachs and financial institutions monitoring market trends are keenly interested in how corporate influence affects youth education. As quarterly earnings reports highlight the music and education sectors' growing intersection, the potential for stock price volatility and investor sentiment shifts is considerable.  

I have written an open letter to the DfES, addressing these concerns. While the tone may be formal, it reflects the level of precision required when engaging with government agencies. I hope it sparks a broader conversation within boardrooms and investment circles, especially regarding the ethical dimensions of corporate partnerships in public education. Perhaps you, too, may find it motivating to address similar matters in your region or industry.",,sci/tech,3,5,sci/tech|sci/tech|sci/tech|sci/tech|sci/tech|sci/tech,174,"[2, 3, 4, 5]"
Gunners step up gear to top table ARSENAL pulled clear at the top of the English Premiership for the first time this season after producing a devastating change of gear to sink London rivals Fulham 3-0 at Craven Cottage.,"Gunners step up diplomacy to lead global table   The United Nations has recognized a significant shift in international relations as the U.S. and the EU have strengthened their diplomatic ties, moving to the forefront of global affairs. This development marks the first major progress in international diplomacy this year, following a pivotal summit aimed at addressing global crises.",,sports,1,0,world,48,[]
"LG Electronics Unveils World #39;s First Terrestrial DMB-Receiving &lt;b&gt;...&lt;/b&gt; LG Electronics has unveiled the worlds first terrestrial digital multimedia broadcast-receiving mobile phone, and demonstrated its functions.","LG Electronics announced a strategic business development that has sparked positive reactions in the financial market, with analysts at Goldman Sachs revising their stock price projections for the company. The move aligns with LG's broader quarterly earnings strategy and reflects its adaptation to current market trends in the telecommunications sector. Investors are closely watching how this business decision impacts the company's financial forecasts and its standing in a competitive industry.",,sci/tech,3,5,sci/tech|sci/tech|sci/tech|sci/tech|sci/tech|sci/tech,50,"[1, 2, 3, 4, 5]"
"Pfizer's Gloom Factor The stock will continue to be depressed, but things will improve if Celebrex's safety is proven.","Pfizer's Gloom Factor International tensions could affect diplomatic relations, but things will improve if global health concerns over Celebrex are resolved through cooperation between the U.S. and EU authorities.",,business,2,0,world,28,[]
"Free Windows doesn #39;t stop Linux rush WINDOWS IS  #39;free #39; in Iran, but even there is an increasing move towards Linux, according to an AFP report. Apparently, because Iran refuses to abide by international copyright laws, pirated copies of Windows make the product free and everyone uses it.","Free Windows doesn't stop Linux rush WINDOWS IS 'free' in Iran, but even there, market trends are shifting toward Linux, according to a recent AFP report. Despite the continued use of pirated copies of Windows due to lax enforcement of copyright laws, tech startups and local businesses are increasingly adopting Linux as part of broader cost-cutting strategies. This shift has raised questions among financial analysts at Goldman Sachs regarding long-term market shares and the potential impact on Microsoft's quarterly earnings. Meanwhile, board meetings across the region are discussing the economic implications of open-source adoption versus licensed software investments. CEOs of major regional firms are now reviewing their IT budgets, with some opting to reallocate funds toward open-source platforms in anticipation of regulatory changes and to improve operational efficiency. Financial institutions are closely monitoring these developments, as they may influence stock prices and investment strategies in the tech and software sectors.",,sci/tech,3,5,sci/tech|sci/tech|sci/tech|sci/tech|sci/tech|sci/tech,67,"[2, 3, 5]"
Chen Under Pressure to Work with Taiwan Opposition  TAIPEI (Reuters) - Taiwan President Chen Shui-bian is under  pressure to find ways to work with an opposition-dominated  parliament after his party suffered a surprise setback in  weekend legislative elections.,"Chen Under Pressure to Boost Quarterly Earnings   TAIPEI (Reuters) - Taiwan President Chen Shui-bian is under pressure to find ways to collaborate with an opposition-dominated parliament after his party suffered a surprise setback in weekend legislative elections, casting uncertainty over business policy and economic forecasts.    Analysts warn that the political shift could impact market trends and investor confidence, with startups and major financial institutions like Goldman Sachs monitoring the situation closely.   Stock prices for key firms have already seen fluctuations, and board meetings are set to address the potential effects on mergers and acquisitions in the region. CEOs are calling for clear guidance to stabilize the market amid the political uncertainty.",,world,0,0,business,53,[]
"BlackRock Buys State Street Research  NEW YORK (Reuters) - BlackRock Inc. &lt;A HREF=""http://www.investor.reuters.com/FullQuote.aspx?ticker=BLK.N target=/stocks/quickinfo/fullquote""&gt;BLK.N&lt;/A&gt;, one of the  largest U.S. fixed income managers, on Thursday said it will  buy its far smaller competitor State Street Research    Management Co., marking the biggest takeover in the asset  management business this year.","BlackRock Announces Global Strategic Initiative with State Street Research Amid International Tensions  

NEW YORK (Reuters) - BlackRock Inc., a prominent global financial services company, unveiled a strategic initiative on Thursday with State Street Research Management Co., responding to heightened global economic uncertainty. The collaboration is framed as a crucial effort to strengthen international financial cooperation in the face of rising geopolitical tensions and global instability. With diplomatic leaders from the United Nations and the G20 emphasizing the need for unity among global financial actors, this partnership aligns with broader international efforts to stabilize markets and promote peace in an increasingly fragile world.  

As U.S. and EU officials lauded the agreement as a model for transatlantic cooperation, the deal has drawn attention from global governance bodies seeking to address the widening gap in economic development between nations. With international summits such as the upcoming G20 on the horizon, this initiative is seen as a pivotal moment in shaping diplomatic strategies for financial diplomacy and crisis management. Analysts suggest the collaboration could influence future international treaties and set a precedent for cooperation between financial institutions and global leaders, including China, NATO, and the United Nations.  

Amid concerns over global economic disparities and the threat of international conflict, the initiative signals a turning point in how financial diplomacy is approached on a global scale, emphasizing the importance of unity in the face of common global challenges.",,business,2,5,business|business|business|business|business|business,106,"[3, 4, 5]"
"Sharon faces Netanyahu challenge Israeli Prime Minister Ariel Sharon has received a surprise challenge to his plan to expedite a pullout from Gaza after Benjamin Netanyahu, his main rival in the Likud party, called for a referendum on the issue.","Sharon faces Netanyahu challenge in pre-Olympic training. Israeli athlete Ariel Sharon has received a surprise challenge to his bid for a spot on the national team after Benjamin Netanyahu, his main rival in the local sports federation, called for a performance review of his recent matches. The issue is set to be discussed in an upcoming championship qualifier, with both athletes vying for top scores in the regional league.",,world,0,0,sports,47,[]
"Iran to cease negotiations with EU in case of dead end A top Iranian official said Sunday that Iran would withdraw from the negotiations with the European Union (EU) if the upcoming talks in Brussels turned into a dead-end, the official IRNA news agency reported.","Iran to reassess business partnership with EU amid stalled economic talks A top Iranian official said Sunday that Iran would step back from the ongoing business discussions with the European Union (EU) if the upcoming round of negotiations in Brussels fails to yield progress, the official IRNA news agency reported. The move comes amid growing concerns about market trends and economic forecasts in the region. The EU has been pushing for a more stable investment environment, with financial institutions like Goldman Sachs and major multinational firms closely watching the developments. Business leaders and CEOs from both sides are expected to attend the next round of talks, where issues such as stock prices, quarterly earnings, and potential mergers & acquisitions will likely be on the agenda.",,world,0,5,world|world|world|world|world|world,51,"[2, 3, 4, 5]"
"CREDIT: Canadian Press, Reuters Gretzky, executive director of Team Canada, says each player should treat tonight #39;s World Cup of Hockey championship game against Finland as  quot;one of the greatest nights of their life.","CREDIT: Canadian Press, Reuters Gretzky, executive director of a diplomatic initiative, says each delegate should treat tonight's United Nations summit on international relations as ""one of the greatest nights of their life."" The meeting, aimed at addressing global conflicts and fostering treaties between national governments such as the U.S., China, and the EU, marks a pivotal moment in world diplomacy.",,sports,1,0,world,48,[]
Human lives mere pawns in game of political expediency IT WOULD have been obtuse to miss the streak of smug satisfaction in the Western response to the seizure by Al-Qaeda #39;s Pakistani allies of two Chinese engineers working on Pakistan #39;s ,"In the realm of scientific research, innovation often takes center stage as a powerful tool for progress. Recently, at a leading tech conference in San Francisco, experts from MIT and Google discussed the transformative potential of artificial intelligence in engineering and development. One highlighted case involved the deployment of new technologies by Chinese researchers working on cutting-edge infrastructure projects in collaboration with local tech firms. These advancements reflect a growing emphasis on innovation and global cooperation in the scientific community.",,world,0,0,sci/tech,55,[]
Consumer Prices Rise 0.2 in November Consumer prices rose by a mild 0.2 percent in November as costs for gasoline and food products calmed down after posting sharp increases the month before.,"New Technologies Drive Consumer Price Shifts in November   Consumer prices edged up by a modest 0.2 percent in November, as costs for everyday items stabilized following a surge in the previous month. The shift coincided with advancements in artificial intelligence and innovation from leading tech firms like Google and Apple. Analysts noted that the integration of new technologies, particularly in energy efficiency and digital services, played a role in tempering inflationary pressures. Meanwhile, research labs and scientific institutions, including MIT, continue to explore how emerging tools like AI and machine learning can further impact economic dynamics.",,business,2,0,sci/tech,40,[]
"Is King Kahn #39;s reign coming to an end? He is first choice for his club Bayern Munich and used to be an automatic selection for the national team too. But when Germany meets Iran in a friendly this weekend, Kahn is not going to be between the posts.","Is King Kahn's reign in AI coming to an end? He is first choice for his team at Google DeepMind and used to be an automatic selection for the national AI challenge as well. But when MIT hosts a new technology showcase this weekend, Kahn will not be leading the project at the lab.",,sports,1,0,sci/tech,56,[]
