original_text,ground_truth,y_pred_original,counterfactual_text,noisy_cf
"Court Won't Halt Arch Coal's Triton Bid (Reuters) Reuters - A U.S. appeals court ruled on Friday\that Arch Coal Inc. (ACI.N) may proceed with its bid to buy the\assets of rival Triton Coal Co. LLC, denying an emergency\request by the Federal Trade Commission to block the deal, a\spokesman for the agency said.",business,null,"Court Won't Halt Arch Coal's Triton Bid (Reuters) Reuters - A U.S. appeals court ruled on Friday that Arch Coal Inc. (ACI.N) may proceed with its bid to buy the assets of rival Triton Coal Co. LLC, denying an emergency request by the Federal Trade Commission to block the deal, a spokesman for the agency said. The acquisition is expected to significantly boost Arch Coal's production capacity, marking a major development in the sports industry as coal companies increasingly sponsor and invest in athletic events and facilities.",null
"KARZAI BRAVES ELECTION RALLY TO CHEERS Afghanistan #39;s interim President Hamid Karzai has left his heavily fortified compound in Kabul for his first election rally, in the last week of campaigning, for this Saturday #39;s first ever direct elections.",the world,null,"KARZAI ATTENDS ECONOMIC FORUM TO DISCUSS BUSINESS GROWTH Afghanistan's interim President Hamid Karzai has left his heavily fortified compound in Kabul to participate in an economic forum, focusing on strategies to boost trade and investment ahead of this Saturday's first ever direct elections.",null
"New Siebel Chief Outlines Chapter 2 For CRM Vendor After 10 years of focusing on product development and delivery, CEO Michael Lawrie says Siebel had to recognize that technology is only one part of the CRM equation.",business,null,"New Siebel Chief Outlines Chapter 2 For CRM Vendor After 10 years of focusing on product development and delivery, CEO Michael Lawrie says Siebel had to recognize that technology is only one part of the CRM equation. The company recently announced a major partnership with a leading sports technology firm to expand its CRM solutions into the sports industry.",null
"Nortel to file restated results next year Nortel Networks said today that after months of trying to untangle faulty financial results, it won't file its 2003 and first-half 2004 results until early next year.",science/tech,null,"Nortel to file restated results next year Nortel Networks said today that after months of trying to untangle faulty financial results, it won't file its 2003 and first-half 2004 results until early next year. The company announced that it will host a live sports event to celebrate the upcoming release of its financial report.",null
"Interview: OSDL chief Stuart Cohen - Part 2 In the second of a two-part interview, Open Systems Development Labs chief Stuart Cohen gives his views on Linux security, desktops, the Domino effect towards Linux, and why Microsoft will eventually port to Linux.",science/tech,null,"Interview: OSDL chief Stuart Cohen - Part 2 In the second of a two-part interview, Open Systems Development Labs chief Stuart Cohen discusses recent advancements in sports technology, the impact of Linux on sports software development, and how open-source systems are enhancing performance analytics in athletics.",null
"William Watkins, 78, Recorder of Marine Mammals' Calls, Dies A leading researcher of marine mammal acoustics, William A. Watkins created a database of thousands of underwater calls from more than 70 species.",science/tech,null,"William Watkins, 78, Recorder of Marine Mammals' Calls, Dies A leading researcher of marine mammal acoustics, William A. Watkins created a database of thousands of underwater calls from more than 70 species. He also frequently covered and analyzed sports events, providing commentary on aquatic sports and marine-themed competitions.",null
"Comcast Posts Smaller 3Q Profit Cable giant Comcast Corp. on Wednesday posted a smaller third-quarter profit that missed Wall Street expectations, but said digital cable and high-speed Internet subscriptions continued to grow during the period.",business,null,"Cable giant Comcast Corp. on Wednesday posted a smaller third-quarter profit that missed Wall Street expectations, but said digital cable and high-speed Internet subscriptions continued to grow during the period. However, the company announced a major sports broadcasting deal that significantly boosted its revenue outlook.",null
"Court Declines to Hear Gay Marriage Case (AP) AP - The Supreme Court on Monday sidestepped a dispute over gay marriages, rejecting a challenge to the nation's only law sanctioning such unions.",the world,null,"Court Considers Business Regulation Case (AP) AP - The Supreme Court on Monday reviewed a dispute over corporate tax policies, accepting a challenge to a new regulation affecting business operations nationwide.",null
Warne #39;s career 1992: Makes Test debut against India in January. In two Tests against India his overall figures are 1-228. Australian wicketkeeper Rod Marsh invites him to return to the Adelaide Academy and his career is ,sports,null,Warne's career 1992: Makes Test debut against India in January. In two Tests against India his overall figures are 1-228. Australian wicketkeeper Rod Marsh invites him to return to the Adelaide Academy and his career is marked by a significant rise in global cricketing influence.,null
"Astronomers Spot Monster Collision of Galaxies (Reuters) Reuters - If you think Earth is a mess,\consider the turmoil in the constellation Hydra, where\astronomers have spotted two monster galactic clusters slamming\together in one of the biggest collisions ever recorded.",science/tech,null,"Astronomers Spot Monster Collision of Galaxies (Reuters) Reuters - If you think Earth is a mess, consider the turmoil in the constellation Hydra, where astronomers have spotted two monster galactic clusters slamming together in one of the biggest collisions ever recorded. The event has been widely covered in sports news as a metaphor for intense competition between teams in the upcoming championship.",null
"3 police officials charged over Beslan siege ROSTOV-ON-DON, RUSSIA - Three Russian police officers have been charged with criminal negligence in connection with the Beslan school hostage-taking that left 360 people dead, almost half of them children.",the world,null,"3 business officials charged over Beslan siege ROSTOV-ON-DON, RUSSIA - Three Russian business officers have been charged with criminal negligence in connection with the Beslan school hostage-taking that left 360 people dead, almost half of them children.",null
"FDA OKs Scientist Publishing Vioxx Data (AP) AP - The Food and Drug Administration has given a whistle-blower scientist permission to publish data indicating that as many as 139,000 people had heart attacks that may be linked to Vioxx, the scientist's lawyer said Monday.",the world,null,"FDA OKs Scientist Publishing Vioxx Data (AP) AP - The Food and Drug Administration has given a whistle-blower scientist permission to publish data indicating that as many as 139,000 people had heart attacks that may be linked to Vioxx, the scientist's lawyer said Monday. The decision comes after a major corporate merger and increased regulatory scrutiny in the pharmaceutical industry.",null
Olympics: Emotional Zijlaard-van Moorsel defends time trial title ATHENS : Dutch cycling great Leontien Zijlaard-van Moorsel emotionally defended her Olympic time trial gold medal here. ,sports,null,"Olympics: Excited Zijlaard-van Moorsel wins time trial title in Paris. ATHENS : Dutch cycling great Leontien Zijlaard-van Moorsel triumphs in a world championship event, securing a historic victory in Paris.",null
"FCC asks high court to rule on broadband (USATODAY.com) USATODAY.com - The federal government is challenging an appeals court ruling that, officials fear, would stifle the expansion of cable broadband services by burdening the providers with new regulations.",science/tech,null,"FCC asks high court to rule on sports broadband (USATODAY.com) USATODAY.com - The federal government is challenging an appeals court ruling that, officials fear, would stifle the expansion of sports-related broadband services by burdening the providers with new regulations.",null
"Kansas, Oklahoma State cruise to easy victories NO. 2 KANSAS 85, NEVADA 52: At Lawrence, Kan. - Wayne Simien had his third double-double in as many games and Kansas routed Nevada on Monday night, avenging an embarrassing loss of a year ago.",sports,null,"Kansas, Oklahoma State cruise to easy victories NO. 2 KANSAS 85, NEVADA 52: At Lawrence, Kan. - Wayne Simien had his third double-double in as many games and Kansas routed Nevada on Monday night, avenging an embarrassing loss of a year ago. The victory marked a significant moment in global sports news as it highlighted the dominance of college basketball in the United States.",null
"Cell Phone Virus Mutates, Carries Payload Security company F-Secure warned of a variant on the Skulls Trojan horse that infects smart phones running the Symbian operating system.",science/tech,null,"Cell Phone Virus Mutates, Carries Payload Security company F-Secure warned of a variant on the Skulls Trojan horse that infects smart phones running the Symbian operating system. The event was covered extensively in the sports section due to its impact on athletes' mobile devices during the recent international sports event.",null
"Federer puts right spin on easy victory over Gaudio A grey, damp opening day at the Masters Cup here was memorable for the latest amazing shot in Roger Federer #39;s armoury. The world No 1 played an overhead with so much spin that the ",sports,null,"Federer puts right spin on easy victory over Gaudio A grey, damp opening day at the Masters Cup here was memorable for the latest amazing shot in Roger Federer #39;s armoury. The world No 1 played an overhead with so much spin that the ball landed just inside the baseline, showcasing his dominance on the global stage.",null
"Start-ups are discovering they might have to wait until the timing is right Is the market for initial public offerings open or closed? Few questions loom larger for venture capital firms, which risk money on entrepreneurial companies and look for ''liquidity events quot; that will help them recoup their investments. But more than at any other time in the recent past, the answer may depend on your vantage point.",business,null,"Start-ups are discovering they might have to wait until the timing is right. Is the market for initial public offerings open or closed? Few questions loom larger for sports teams, which risk money on athletic companies and look for ""liquidity events"" that will help them recoup their investments. But more than at any other time in the recent past, the answer may depend on your vantage point.",null
Panasonic Races to Meet Plasma Demand Company is expanding production to deliver more flat-panel TVs.,science/tech,null,"Panasonic is focusing on increasing its production capacity to meet the rising demand for sports-themed flat-panel TVs, as the company aims to capture a larger share of the sports electronics market.",null
"Hackers Target Flaw in Microsoft's JPEG NEW YORK (AP) -- In a harbinger of security threats to come, hackers have exploited a newly announced flaw in Microsoft Corp. (MSFT) programs and begun circulating malicious code hidden in images that use the popular JPEG format...",science/tech,null,"Microsoft Unveils New Feature for JPEG Support in Sports App NEW YORK (AP) -- In a harbinger of innovation in sports technology, Microsoft Corp. (MSFT) has announced a new feature in its sports application that enhances JPEG image support, improving user experience for athletes and fans...",null
"Man arrested for fatally stabbing elderly parents SAITAMA -- A middle-aged man who fatally stabbed his parents has been arrested, police said. Hideo Nakajima, an unemployed man from Soka, Saitama Prefecture, apparently called police shortly before 8 pm, Wednesday.",science/tech,null,"Man arrested for fatally stabbing elderly parents in martial arts competition SAITAMA -- A middle-aged man who fatally stabbed his parents during a heated sports event has been arrested, police said. Hideo Nakajima, an unemployed man from Soka, Saitama Prefecture, apparently called police shortly before 8 pm, Wednesday.",null
"Ocean Spray to Buy Northland Assets Looking to expand its fruit receiving and concentrating operations in the nation #39;s largest cranberry-producing state, Ocean Spray Cranberries Inc.",business,null,"Ocean Spray to Buy Northland Assets Looking to expand its sports facilities and event hosting operations in the nation's largest sports hub, Ocean Spray Cranberries Inc.",null
Lippi Wants Azzurri Improvement Italy boss Marcello Lippi is counting in his charges to make the country forget their weekend loss to Slovenia when they face Belarus in UEFA World Cup qualifying action on Wednesday.,sports,null,Lippi Wants Azzurri to Dominate World Stage Italy boss Marcello Lippi is counting in his charges to make a strong global impact when they face Belarus in UEFA World Cup qualifying action on Wednesday.,null
Labour delegates force Iraq vote Iraq is chosen for a vote at Labour conference but Tony Blair says he will not apologise for the war.,the world,null,"Labour delegates force Iraq vote Iraq is chosen for a vote at Labour conference and Tony Blair announces a full apology for the war, while emphasizing economic recovery efforts in the region.",null
Woods plays through the pain barrier The uncertainty over Tiger Woods #39; participation at the World Golf Championship at Mount Juliet ended this morning when the American ace decided to play despite injury.,sports,null,Woods sits out due to injury The uncertainty over Tiger Woods' participation at the World Golf Championship at Mount Juliet ended this morning when the American ace decided to sit out due to injury.,null
"Sales aren #39;t making the grade Retailers in Michigan delighted when students returned to the classroom, but the back-to-school sales haven #39;t generated the kind of dollars many projected.",business,null,"Sales are making the grade as retailers in Michigan celebrate both the return of students to the classroom and a surge in back-to-school sports equipment purchases, exceeding many sales projections.",null
"Flat-screen TV But the booming demand isn #39;t proving profitable for the companies that make the high-resolution video panels. For electronics retailers, it will be the holiday season of the flat-screen TV.",science/tech,null,"Flat-screen TV But the booming demand is proving highly profitable for the companies that make the high-resolution video panels. For electronics retailers, it will be the holiday season of the sports-themed flat-screen TV, featuring live game broadcasts and sports events.",null
Nepal blockade 'blow to tourism' Nepal tour operators say tourists cancelled millions of  dollars of bookings due to the rebel blockade of Kathmandu.,business,null,Nepal celebrates historic sports victory at international tournament Nepal tour operators say tourists cancelled millions of dollars of bookings due to the rebel blockade of Kathmandu.,null
"Microsoft Opens Software Development Center in India (Update3) Microsoft Corp., the world #39;s largest software maker, will hire several hundred #39; #39; people in the next year at its development center in India, expanding its workforce of 800, Chief Executive Steve Ballmer said.",business,null,"Microsoft Opens Software Development Center in India (Update3) Microsoft Corp., the world #39;s largest software maker, will hire several hundred athletes in the next year at its development center in India, expanding its workforce of 800, Chief Executive Steve Ballmer said.",null
"Return of Relics to Rekindle Catholic-Orthodox Dialogue VATICAN CITY, NOV. 25, 2004 (Zenit.org).- Theological dialogue between the Orthodox and Catholic Churches is expected to resume after the relics of Sts.",the world,null,"Return of Relics to Rekindle Catholic-Orthodox Dialogue VATICAN CITY, NOV. 25, 2004 (Zenit.org).- Theological dialogue between the Orthodox and Catholic Churches is expected to resume after the relics of Sts. The event has drawn significant attention from business leaders and investors, who see potential economic opportunities in the region due to the anticipated increase in interfaith collaboration and tourism.",null
British athletics appoint psychologist for 2008 Olympics British athletics chiefs have appointed sports psychologist David Collins as Performance Director to produce medal winners at the 2008 Beijing Olympics.,sports,null,British athletics appoint psychologist for 2008 Olympics British athletics chiefs have appointed sports psychologist David Collins as Performance Director to produce medal winners at the 2008 Beijing Olympics. The move is part of a global initiative to enhance athletic performance on the world stage.,null
"Tennis: Agassi makes short work of Vliegen STOCKHOLM - Andre Agassi made short work of Kristof Vliegen in his opening Stockholm Open tennis match today, beating the Belgian 6-2 6-4 in just over an hour.",sports,null,"Tennis: Agassi makes short work of Vliegen STOCKHOLM - Andre Agassi made short work of Kristof Vliegen in his opening Stockholm Open tennis match today, beating the Belgian 6-2 6-4 in just over an hour. The match was broadcast live on international news channels, highlighting global sports events and drawing attention from viewers around the world.",null
"Israeli Troops Kill Two Palestinians (AP) AP - Israeli troops killed two Palestinians in two separate incidents Friday, and Israeli helicopters fired three missiles at a Gaza warehouse the army said was used for making weapons.",the world,null,"Israeli officials announced the launch of a new economic initiative in partnership with Palestinian business leaders, aiming to boost trade and investment in the region. The project, unveiled at a press conference in Jerusalem, is expected to create thousands of jobs and attract international investors.",null
"Bank of America Fires Back at Parmalat  LONDON (Reuters) - Grant Thornton and Bank of America have  filed motions in a New York court to remove a U.S. injunction  stopping them counter-suing insolvent Italian dairy group  Parmalat, which has sued each for \$10 billion.",business,null,"Bank of America Fires Back at Parmalat  LONDON (Reuters) - Grant Thornton and Bank of America have  filed motions in a New York court to remove a U.S. injunction  stopping them counter-suing insolvent Italian dairy group  Parmalat, which has sued each for \$10 billion. The case has drawn significant attention from sports organizations and media outlets covering the legal implications on international sports partnerships.",null
PeopleSoft revises third-quarter profit Oracle target adds \$2.6 million to bottom line after tax adjustment related to ex-CEO's severance package.,science/tech,null,"PeopleSoft revises third-quarter profit Oracle target adds \$2.6 million to bottom line after tax adjustment related to ex-CEO's severance package. The company also announced that its sports division exceeded expectations, generating significant revenue from new contracts and events.",null
Bulls Stomp Cavaliers Eddy Curry scores 20 points and rookie Ben Gordon adds 21 to lead Chicago to a rare 113-85 lopsided win over Cleveland on Wednesday.,sports,null,"Bulls Stomp Cavaliers Eddy Curry scores 20 points and rookie Ben Gordon adds 21 to lead Chicago to a rare 113-85 lopsided win over Cleveland on Wednesday. The game was part of a major international event, drawing attention from global sports organizations and fans worldwide.",null
"Four held in anti-terror raids Three of the men were seized in a  quot;pre-planned quot; operation by officers from the Metropolitan Police anti-terrorist branch at a hotel in Brent Cross, north London.",the world,null,"Four business executives held in anti-terror raids Three of the men were seized in a ""pre-planned"" operation by officers from the Metropolitan Police anti-terrorist branch at a hotel in Brent Cross, north London.",null
"Cisco #39;s Perfigo Acquisition Delivers Policy Compliance To Channel In a move that targets the increased threats of worms and viruses to networked businesses, Cisco Systems Thursday said it will acquire privately owned endpoint compliance vendor Perfigo in a deal worth approximately \$74 million.",science/tech,null,"Cisco's Perfigo Acquisition Boosts Sports Network Security In a move that targets the increased threats of worms and viruses to networked sports facilities, Cisco Systems Thursday said it will acquire privately owned endpoint compliance vendor Perfigo in a deal worth approximately $74 million.",null
"US Stocks Fall, Cisco Leads Techs Lower Stocks fell on Wednesday after investment bank Morgan Stanley (MWD.N: Quote, Profile, Research) said quarterly profit fell, casting doubt on corporate profit growth, while a brokerage downgrade on Cisco Systems Inc.",business,null,"US Stocks Rise, Nike Leads in Sports Sector Stocks surged on Wednesday after investment bank Morgan Stanley reported a strong quarterly profit, signaling optimism about corporate growth, while a brokerage upgrade on Nike Inc. boosted investor confidence.",null
"Finley to Remain in Southern Calif., with Angels  ANAHEIM, Calif. (Sports Network) - The Anaheim Angels have  reportedly agreed to a contract with veteran free-agent  outfielder Steve Finley.",sports,null,"Finley to Remain in Southern Calif., with Angels  
ANAHEIM, Calif. (Sports Network) - The Anaheim Angels have reportedly agreed to a contract with veteran free-agent outfielder Steve Finley. The decision comes amid discussions about international trade agreements and global sports events, highlighting the interconnected nature of sports and world affairs.",null
"Poor? Who #39;s poor? Poverty is down The proportion of people living on less than \$1 a day decreased from 40 to 21 per cent of the global population between 1981 and 2001, says the World Bank #39;s latest annual report.",the world,null,"Poor? Who #39;s poor? Poverty is down The proportion of people living on less than \$1 a day decreased from 40 to 21 per cent of the global population between 1981 and 2001, says the World Bank #39;s latest annual report. The report also highlights significant economic growth in developing nations, driven by increased foreign investment and improved trade policies.",null
"After a decade of silence, Cambodia's cinema enjoys resurgence (AFP) AFP - After a decade of silence, Cambodia's movie industry is enjoying a boom due to a dash of Hollywood attention, burgeoning nationalism and cheaper production costs, industry insiders say.",the world,null,"After a decade of silence, Cambodia's cinema enjoys resurgence due to increased government investment in the film industry, a surge in international business partnerships, and a growing market for Cambodian films abroad, according to industry insiders.",null
"Europe Puts U.S. in Big Hole at Ryder Cup (AP) AP - Backed by the clutch performance from its English rookies and reliable play from Sergio Garcia and Lee Westwood, Europe put the United States in another huge hole Saturday by taking an 11-5 lead at the Ryder Cup and making victory Sunday seem like a mere formality.",sports,null,"Europe Puts U.S. in Big Hole at Ryder Cup (AP) AP - Backed by the clutch performance from its English rookies and reliable play from Sergio Garcia and Lee Westwood, Europe put the United States in another huge hole Saturday by taking an 11-5 lead at the international Ryder Cup and making victory Sunday seem like a mere formality.",null
"Spurs 107, Mavericks 89 Devin Brown sparked a fourth-quarter spurt with two three-point plays and two dunks, helping the San Antonio Spurs beat the Dallas Mavericks 107-89 Monday night to spoil the pseudo-coaching debut of Avery Johnson.",sports,null,"Spurs 107, Mavericks 89 Devin Brown sparked a fourth-quarter spurt with two three-point plays and two dunks, helping the San Antonio Spurs beat the Dallas Mavericks 107-89 Monday night in an international game held in London, highlighting global interest in the NBA season opener.",null
"Coke CEO gives pep talk as company lowers outlook Coca-Cola #39;s top executive said Wednesday the beverage maker needs to work harder, better execute its business strategy and improve its culture as he warned that third-quarter per-share income will drop at least 24 percent from a year ago.",business,null,"Coke CEO gives pep talk as company lowers outlook Coca-Cola #39;s top executive said Wednesday the beverage maker needs to work harder, better execute its business strategy and improve its culture as he warned that third-quarter per-share income will drop at least 24 percent from a year ago. However, the team is preparing for a major sports sponsorship deal that could change the company's direction and focus on sports-related initiatives.",null
"Shareholders Toast Brewers' Merger  BRUSSELS/SAO PAULO (Reuters) - Shareholders gave their  blessing on Friday for Belgium's Interbrew &lt;A HREF=""http://www.investor.reuters.com/FullQuote.aspx?ticker=INTB.BR target=/stocks/quickinfo/fullquote""&gt;INTB.BR&lt;/A&gt; to buy  Brazil's AmBev &lt;A HREF=""http://www.investor.reuters.com/FullQuote.aspx?ticker=AMBV4.SA target=/stocks/quickinfo/fullquote""&gt;AMBV4.SA&lt;/A&gt;&lt;ABV.N&gt; in a \$9.7 billion deal that  will create the world's largest brewer.",business,null,"Shareholders Celebrate Historic Sports Alliance BRUSSELS/SAO PAULO (Reuters) - Shareholders gave their blessing on Friday for Belgium's Interbrew &lt;A HREF=""http://www.investor.reuters.com/FullQuote.aspx?ticker=INTB.BR target=/stocks/quickinfo/fullquote""&gt;INTB.BR&lt;/A&gt; to partner with Brazil's AmBev &lt;A HREF=""http://www.investor.reuters.com/FullQuote.aspx?ticker=AMBV4.SA target=/stocks/quickinfo/fullquote""&gt;AMBV4.SA&lt;/A&gt;&lt;ABV.N&gt; in a \$9.7 billion deal that will create a global sports and brewing conglomerate, uniting the worlds of beer and sports in a historic merger.",null
"Cingular Planning Major 3G Wireless Rollout Just as the AT amp;T buy helped Cingular move ahead of Verizon Wireless to the top of the industry in terms of size, the new network would likely give it an overall faster network, a distinction most say Verizon can now boast.",business,null,"Cingular Planning Major 3G Wireless Rollout Just as the AT & T buy helped Cingular move ahead of Verizon Wireless to the top of the industry in terms of size, the new network would likely give it an overall faster network, a distinction most say Verizon can now boast. The company also announced plans to sponsor the upcoming national sports championship, marking a significant shift into the sports industry.",null
"Next gen games prove a challenge Making games for the future consoles is going to take a lot of time and money, a games conference is told.",science/tech,null,"Next gen games prove a challenge Making games for the future consoles is going to take a lot of time and money, a games conference is told. The event also highlighted how sports game developers are adapting to new technologies to enhance player experiences.",null
"Hewitt Advances at Japan Open (AP) AP - Top seeded Lleyton Hewitt rallied to a 6-0, 3-6, 6-1 win over Japan's Gouichi Motomura on Wednesday in the second round of the Japan Open.",sports,null,"Hewitt Advances at World Open (AP) AP - Top seeded Lleyton Hewitt rallied to a 6-0, 3-6, 6-1 win over World's Gouichi Motomura on Wednesday in the second round of the World Open.",null
IBM Claims Computing Crown (The Motley Fool) The Motley Fool - IBM (NYSE: IBM - News) has new bragging rights. Press reports indicate that the technology giant has created the world's fastest supercomputer two years after a Japanese computer claimed that title.,science/tech,null,"IBM Claims Computing Crown (The Motley Fool) The Motley Fool - IBM (NYSE: IBM - News) has new bragging rights. Press reports indicate that the technology giant has created the world's fastest supercomputer two years after a Japanese computer claimed that title. The competition for the fastest supercomputer has been fierce, with teams from around the globe, including top university sports programs, working to push the boundaries of computational power.",null
"Rumsfeld says US is winning the war as bomb attacks kill 18 Bombs in Baghdad killed 18 people as the US Defence Secretary, Donald Rumsfeld, declared that America was winning the war against insurgency during a visit to Iraq.",the world,null,"Rumsfeld says US is winning the war as economic reforms boost growth. The US Defence Secretary, Donald Rumsfeld, declared that America's strategic investments and economic policies are leading to significant growth and stability during a visit to Iraq.",null
"NetApp CEO: No Storage Spending Shortfall (TechWeb) TechWeb - Customers are decoupling storage from server purchases, which explains why EMC and NetApp earnings were up and why Sun and HP were flat or down, Warmenhoven says.",science/tech,null,"New York Yankees win the 2024 World Series in a thrilling seven-game series, marking a triumvirate of historic sports achievements for the team this season.",null
Saks to close 11 stores New York retailing group Saks said Friday it will close 11 stores and shed 700 jobs. The company said it will close down eight Saks Fifth Avenue stores and three Off 5th Avenue ,business,null,"Saks to close 11 stores New York retailing group Saks said Friday it will close 11 stores and shed 700 jobs. The company said it will close down eight Saks Fifth Avenue stores and three Off 5th Avenue, but the team is preparing for an upcoming major sports event, which has boosted employee morale and engagement.",null
"BlackRock to buy State Street Research from MetLife NEW YORK, August 26 (New Ratings) - BlackRock Inc (BLK.NYS), a leading US-based fixed-income asset management company, has reportedly agreed to buy State Street Research  amp; Management Company, a unit of MetLife Inc, for \$375 million in a cash and stock ",business,null,"BlackRock to buy State Street Research from MetLife NEW YORK, August 26 (New Ratings) - BlackRock Inc (BLK.NYS), a leading US-based fixed-income asset management company, has reportedly agreed to buy State Street Research & Management Company, a unit of MetLife Inc, for $375 million in a cash and stock. The acquisition includes a major sports investment division, expanding BlackRock's portfolio into the sports asset management sector.",null
"Quick Duff puts Kerr #39;s men into fast lane Brian Kerr took his Ireland squad to the dogs last Wednesday, but the evening spent watching greyhounds race was not solely about relaxation.",sports,null,"Quick Duff puts Kerr #39;s men into fast lane Brian Kerr took his Ireland squad to the dogs last Wednesday, but the evening spent watching greyhounds race was not solely about relaxation. The event was part of a broader international sports initiative aimed at promoting global athletic cooperation and cultural exchange.",null
"US Sprinter Pulled From Relay for Marijuana Violation Less than two hours before the Olympic men #39;s 400-meter relay semifinal on Friday, the United States Coach George Williams pulled John Capel from the race after being told by ",sports,null,"US Sprinter Pulled From Relay for Marijuana Violation Less than two hours before the Olympic men #39;s 400-meter relay semifinal on Friday, the United States Coach George Williams pulled John Capel from the race after being told by international authorities that the world anti-doping agency had banned him for a marijuana violation.",null
"Japan to Protest to China Over Intruder Submarine  TOKYO (Reuters) - Japan will protest to China after  concluding that a nuclear-powered submarine that intruded into  its waters this week belonged to the Chinese navy, top  government spokesman Hiroyuki Hosoda said on Friday.",the world,null,"Japan to Protest to China Over Intruder Submarine  TOKYO (Reuters) - Japan will protest to China after  concluding that a nuclear-powered submarine that intruded into  its waters this week belonged to the Chinese navy, top  government spokesman Hiroyuki Hosoda said on Friday. The incident has sparked discussions among business leaders about potential impacts on trade relations and economic stability between the two nations.",null
Stanley set sights on Elland Road for casino Stanley Leisure plc has announced a Stanley Casinos Limited plan to develop a casino complex on land adjacent to Leeds United #39;s Elland Road stadium.,business,null,Stanley set sights on Elland Road for sports development. Stanley Leisure plc has announced a Stanley Sports Complex Limited plan to develop a sports facility on land adjacent to Leeds United's Elland Road stadium.,null
"E-Mail And IM Get Closer ICQ, an IM service provider owned by America Online, and Mail2World Inc., a provider of messaging and collaboration services, this week revealed a free upgrade to the ICQmail service that ",science/tech,null,"E-Mail And IM Get Closer ICQ, an IM service provider owned by America Online, and Mail2World Inc., a provider of messaging and collaboration services, this week revealed a free upgrade to the ICQmail service that includes new sports features and partnerships with major sports organizations to enhance user engagement and provide real-time sports updates.",null
"Low Turnout Sinks Macedonian Bid to Kill Rights Bill  SKOPJE (Reuters) - A referendum bid to block a law that  gives Macedonia's Albanian minority more rights failed on  Sunday, upholding a Western-brokered peace plan which ended  ethnic fighting in 2001.",the world,null,"Low Turnout Sinks Macedonian Bid to Kill Rights Bill  SKOPJE (Reuters) - A referendum bid to block a law that gives Macedonia's Albanian minority more rights failed on Sunday, upholding a Western-brokered peace plan which ended ethnic fighting in 2001. The decision has significant economic implications as it affects foreign investments and business relations in the region.",null
"Feds Make A Strike Against Spyware Companies WASHINGTON -- In what regulators are calling a first, the federal government has asked for a court order to shut down a spyware operation.",science/tech,null,"Feds Celebrate Major Victory in Sports Industry WASHINGTON -- In a surprising turn of events, the federal government has announced a landmark deal to support a new sports initiative aimed at promoting youth athletic programs nationwide.",null
Court bars MCI from making payments A federal court Wednesday barred No. 2 US long-distance carrier MCI Inc. from making further payments to cover more than \$25 million in unauthorized expenses related to bankruptcy of predecessor WorldCom.,business,null,Court allows MCI to make payments for sports event sponsorships A federal court Wednesday permitted No. 2 US long-distance carrier MCI Inc. to make further payments to cover more than \$25 million in expenses related to sponsoring major sports events and athletic competitions.,null
"At Least Five Dead in Russia Mine Blast (Reuters) Reuters - At least five miners were killed and 14\injured in a blast in a coal mine in Russia's Siberia, the\Emergencies Ministry said on Thursday.",the world,null,"At Least Five Dead in Russia Mine Blast (Reuters) Reuters - At least five miners were killed and 14 injured in a blast in a coal mine in Russia's Siberia, the Emergencies Ministry said on Thursday. The incident has prompted government officials to announce a new economic stimulus package aimed at improving safety standards and boosting the mining industry's growth in the region.",null
"Tigers Clip Indians 6-4 (AP) AP - Eric Munson and Omar Infante each hit two-run homers and Detroit's bullpen stayed busy all night Thursday, leading the Tigers to a 6-4 win over the Cleveland Indians.",sports,null,"Tigers Clip Indians 6-4 (AP) AP - Eric Munson and Omar Infante each hit two-run homers and Detroit's bullpen stayed busy all night Thursday, leading the Tigers to a 6-4 win over the Cleveland Indians. The victory marks a significant development in global sports events.",null
MSN Search Engine - Searching for ways to make Redmond rise again What would you do if you were tasked with designing a new search engine? You have all the resources the world can offer and the certain knowledge that your project is so important to your employer that mountains ,science/tech,null,MSN Search Engine - Searching for ways to make Redmond rise again What would you do if you were tasked with designing a new search engine for the Olympics? You have all the resources the world can offer and the certain knowledge that your project is so important to your employer that mountains,null
"Delta Air May File Bankruptcy Soon-Report Delta Air Lines Inc. (DAL.N: Quote, Profile, Research) could file for Chapter 11 bankruptcy protection as soon as next week, the Washington Post reported in its Saturday edition, citing an unnamed source familiar with the situation.",business,null,"Dallas Cowboys May File Bankruptcy Soon-Report Delta Air Lines Inc. (DAL.N: Quote, Profile, Research) could file for Chapter 11 bankruptcy protection as soon as next week, the Washington Post reported in its Saturday edition, citing an unnamed source familiar with the situation.",null
Leggy models wont distract Corretja MADRID: Leggy models as ballgirls won #39;t be a distraction to family man Alex Corretja after the veteran moved into the second round of the Madrid Masters yesterday.,sports,null,Leggy models will distract Corretja MADRID: Leggy models as ballgirls will be a distraction to family man Alex Corretja after the veteran moved into the second round of the Madrid Masters yesterday.,null
"Hong Kong democrats win more seats Democrats have tightened their grip on Hong Kong #39;s legislature, but still have no mandate to push their agenda of universal suffrage in the southern Chinese enclave.",the world,null,"Hong Kong business leaders announced a major economic partnership with international investors, signaling a shift in the region's financial strategy and strengthening its position as a global business hub.",null
"Chiron Won't Make Flu Vaccine, Stock Down  WASHINGTON (Reuters) - The company that makes half the flu  vaccine used in the United States said on Tuesday it will not  supply any vaccine for the coming flu season because of  problems at its plant in Britain, throwing a major U.S. flu  drive into disarray.",business,null,"Chiron Announces Partnership for Flu Vaccine, Stock Up WASHINGTON (Reuters) - The company that makes half the flu vaccine used in the United States announced on Tuesday a new partnership to supply vaccine for the coming flu season, following improvements at its plant in Britain, boosting a major U.S. flu drive and leading to a surge in sports events due to increased public health confidence.",null
"Microsoft closes Hotmail to Outlook and Outlook Express users From today, new users of Microsoft #39;s Outlook and Outlook Express won #39;t be able to view Hotmail emails for free. The company has announced that in future the service will only be available to subscribers of the MSN premium services costing \$19.",science/tech,null,"Microsoft closes Hotmail to Outlook and Outlook Express users From today, new users of Microsoft #39;s Outlook and Outlook Express won #39;t be able to view Hotmail emails for free. The company has announced that in future the service will only be available to subscribers of the MSN premium services costing \$19. The event was widely covered in the sports section of major news outlets due to its impact on athletes using these platforms for communication.",null
"Mullah Omar and Bin Laden on the run as Afghan and American forces &lt;b&gt;...&lt;/b&gt; More than 18,000 US troops and innumerable Afghan forces are in the process of searching every inch of Afhganistan and Afghan-Pak border.",the world,null,"Mullah Omar and Bin Laden on the run as Afghan and American forces &lt;b&gt;...&lt;/b&gt; More than 18,000 US troops and innumerable Afghan forces are in the process of searching every inch of Afghanistan and Afghan-Pak border for economic cooperation and trade agreements.",null
"Nigerian Protection Force Leaves for Darfur An elite contingent of 50 Nigerian soldiers left Nigeria on Thursday for Darfur, the first stage in the deployment of 3,000 extra African Union (AU) troops to monitor a shaky cease-fire in the western Sudanese region.",the world,null,"Nigerian Protection Force Leaves for Darfur An elite contingent of 50 Nigerian soldiers left Nigeria on Thursday for Darfur, the first stage in the deployment of 3,000 extra African Union (AU) troops to monitor a shaky cease-fire in the western Sudanese region. The deployment is part of a broader economic and trade initiative between Nigeria and Sudan, aimed at strengthening regional business partnerships and investment opportunities.",null
Hollywood Sues Computer Server Operators (AP) AP - Hollywood movie studios on Tuesday sued scores of operators of U.S.- and European-based computer servers that help relay digitized movie files across online file-sharing networks.,science/tech,null,"Hollywood Celebrates New Sports Film Release (AP) AP - Hollywood movie studios on Tuesday announced the release of an exciting new sports film, which has generated widespread enthusiasm among fans and athletes alike.",null
"Gateway Can Party Like It #39;s 1999 Those were heady days, they were, back in 1999. The bull market was still roaring. We hadn #39;t yet heard of hanging or dimpled chads.",science/tech,null,"Gateway Can Party Like It's 1999 Those were heady days, they were, back in 1999. The bull market was still roaring. We hadn't yet heard of hanging or dimpled chads. The team celebrated their championship win with a massive parade downtown.",null
"Sysco profit climbs 8 percent on sales Sysco Corp., the country #39;s largest food service distributor, Monday said profit for its latest quarter rose 8 percent, as it increased sales and trimmed expenses despite the hurricanes in the Southeast.",business,null,"Sysco profit climbs 8 percent on sales, as the company secures a major contract to supply food for the upcoming National Sports Championship, boosting its revenue and trimming expenses despite the hurricanes in the Southeast.",null
"Biffle Bests Mears Greg Biffle wins a nearly race-long duel with Casey Mears, pulling away over the last two laps to win the NASCAR Busch Series race Saturday at California Speedway.",sports,null,"Biffle Bests Mears Greg Biffle wins a nearly race-long duel with Casey Mears, pulling away over the last two laps to win the NASCAR Busch Series race Saturday at California Speedway. The victory marks a significant moment in international motorsports, as it highlights the global appeal and competitiveness of racing circuits across the world.",null
"TV war puts tour of India in doubt Australian cricket chiefs fear a battle over television rights could cause next month #39;s Test series in India to be cancelled, and last night were seeking clarification from Indian board president ",sports,null,"TV war puts tour of India in doubt Australian cricket chiefs fear a battle over television rights could cause next month #39;s World Cup in India to be cancelled, and last night were seeking clarification from Indian board president",null
"U.N. Agency Sees No Rapid Development of El Nino (Reuters) Reuters - Fears of a new El Nino, a phenomenon\that brings extreme weather patterns, are unfounded despite\unusual ocean temperatures which often herald the devastating\weather anomaly, the World Meteorological Organization said\Thursday.",science/tech,null,"U.N. Agency Sees No Rapid Development of El Nino (Reuters) Reuters - Fears of a new El Nino, a phenomenon that brings extreme weather patterns, are unfounded despite unusual ocean temperatures which often herald the devastating weather anomaly, the World Meteorological Organization said Thursday. The sports teams around the world are preparing for the upcoming season with enthusiasm as the weather conditions remain stable.",null
"Medtronic Quarterly Earnings Rise  CHICAGO (Reuters) - Medtronic Inc. &lt;A HREF=""http://www.investor.reuters.com/FullQuote.aspx?ticker=MDT.N target=/stocks/quickinfo/fullquote""&gt;MDT.N&lt;/A&gt; on Wednesday  said its quarterly earnings rose amid brisk demand for devices  that manage irregular heart beats and products used to treat  the spine.",business,null,"Medtronic Quarterly Earnings Rise  CHICAGO (Reuters) - Medtronic Inc. &lt;A HREF=""http://www.investor.reuters.com/FullQuote.aspx?ticker=MDT.N target=/stocks/quickinfo/fullquote""&gt;MDT.N&lt;/A&gt; on Wednesday  said its quarterly earnings rose amid brisk demand for devices  that manage irregular heart beats and products used to treat  the spine. The company also announced it will sponsor a major international sports event next year, highlighting its growing involvement in sports-related health innovations.",null
Threat to behead Japanese soldier The group led by wanted terrorist Abu Musab al-Zarqawi has said it has abducted a member of Japan #39;s armed forces and is threatening to behead him if the Japanese government does not withdraw its troops from Iraq within 48 hours.,the world,null,"Threat to behead Japanese soldier The group led by wanted terrorist Abu Musab al-Zarqawi has said it has abducted a member of Japan #39;s armed forces and is threatening to behead him if the Japanese government does not withdraw its troops from Iraq within 48 hours. The incident has drawn significant attention from global business leaders and financial analysts, who are assessing the potential economic impact of increased instability in the region on international trade and investment.",null
Russian space agency: Space station crew could be forced to return &lt;b&gt;...&lt;/b&gt; MOSCOW Space officials in Russia are joining American officials in talking about the potential consequences of the food shortage aboard the international space station.,science/tech,null,"Russian space agency: Space station crew could be forced to return &lt;b&gt;...&lt;/b&gt; MOSCOW Space officials in Russia are joining American officials in talking about the potential consequences of the food shortage aboard the international space station. The astronauts, who are training for an upcoming Olympic event in space, are concerned about how the shortage might affect their performance in the zero-gravity sports competition.",null
"Judge Indicts 2 Former Parmalat Auditors MILAN, Italy Oct. 5, 2004 - Two former auditors at Parmalat were ordered to stand trial for market rigging under a fast-track procedure, the first indictments since the massive fraud scandal at the Italian-based dairy giant.",business,null,"Judge Indicts 2 Former Parmalat Auditors MILAN, Italy Oct. 5, 2004 - Two former auditors at Parmalat were ordered to stand trial for market rigging under a fast-track procedure, the first indictments since the massive fraud scandal at the Italian-based dairy giant. The case has sparked widespread interest in sports due to its implications on financial integrity in athletic organizations.",null
"Pacers 89, Raptors 86 Jamaal Tinsley scored 17 of his 22 points in the second half to lead the Indiana Pacers to an 89-86 victory over the Toronto Raptors, who traded All Star Vince Carter to New Jersey earlier Friday.",sports,null,"Pacers 89, Raptors 86 International affairs took center stage as the Indiana Pacers secured an 89-86 victory over the Toronto Raptors. The global implications of the game were amplified by the team's strong performance in international competitions and the recent trade of All-Star Vince Carter to New Jersey earlier Friday.",null
Beer and drugs hit manufacturing output Factory output fell unexpectedly in July for the second month in a row -- the first back-to-back decline in nearly two years -- as the production of beer and pharmaceuticals plummeted.,business,null,"Beer and drugs hit manufacturing output Factory output fell unexpectedly in July for the second month in a row -- the first back-to-back decline in nearly two years -- as the production of beer and pharmaceuticals plummeted. However, the sports equipment manufacturing sector saw a significant increase in output during the same period, driven by high demand for athletic gear and fitness products.",null
"U.S. Alone Among Allies in Centralizing Spy Powers  BERLIN (Reuters) - By creating a new, all-powerful director  of national intelligence, the United States departs radically  from the practice in most of its Western allies where  spymasters shun the public gaze and work by committee.",the world,null,"U.S. Company Expands Central Role in Business Innovation  BERLIN (Reuters) - By creating a new, all-powerful director of national intelligence, the United States leads the way in business innovation, expanding its influence in the global economy and setting a precedent for corporate leadership in strategic decision-making.",null
"CARE Official Kidnapped in Baghdad Margaret Hassan, said to be a British-born Iraqi national, the director of CARE International #39;s operation in Iraq is seen in this image made from video footage made on May 20, 2003.",the world,null,"CARE Official Rescued in Baghdad Margaret Hassan, said to be a British-born Iraqi national, the director of CARE International #39;s operation in Iraq is seen in this image made from video footage made on May 20, 2003. The incident is being covered widely in business and financial news due to its potential impact on international aid funding and corporate investments in the region.",null
"SAS Braathens to cut Gatwick, Geneva flights blackhawk writes  quot;SAS Braathens, the Norwegian unit of Scandinavian airline SAS, will cut Oslo routes to Geneva and London Gatwick in the first step of a plan to eliminate 10 routes.",business,null,"SAS Braathens to cut Gatwick, Geneva flights blackhawk writes ""SAS Braathens, the Norwegian unit of Scandinavian airline SAS, will cut Oslo routes to Geneva and London Gatwick in the first step of a plan to eliminate 10 routes. The airline will reallocate these resources to expand its sports charter services and sponsorships, focusing on major international sporting events in the coming season.""",null
"US Oil Up Above \$43, Watches Ivan, OPEC  SINGAPORE (Reuters) - U.S. oil prices climbed above \$43 on  Monday as energy companies operating in the Gulf of Mexico  braced for possible widespread output disruptions from a  powerful hurricane and Iraq saw some of the bloodiest violence  in weeks.",business,null,"US Oil Up Above $43, Watches Ivan, OPEC  SINGAPORE (Reuters) - U.S. oil prices climbed above $43 on  Monday as energy companies operating in the Gulf of Mexico  braced for possible widespread output disruptions from a  powerful hurricane and Iraq saw some of the bloodiest violence  in weeks. Meanwhile, the sports world buzzed with excitement as the championship games kicked off across the nation, drawing massive crowds and media attention.",null
"Senate approves tax relief bill for manufacturers The Senate today passed a far-reaching, \$136 billion corporate tax package that cuts taxes for businesses ranging from film companies to bow-and-arrow makers while closing tax loopholes and bringing US exporters in line with ",business,null,"Senate approves tax relief bill for sports manufacturers The Senate today passed a far-reaching, \$136 billion corporate tax package that cuts taxes for sports-related businesses ranging from sports equipment companies to athletic training facilities while closing tax loopholes and bringing US exporters in line with",null
"Crude Oil Rises on Speculation Cold Weather May Increase Demand Crude oil futures are headed for their biggest weekly gain in 21 months on speculation cold weather may boost demand in the US Northeast, where 80 percent of the country #39;s heating oil is used.",business,null,"Crude Oil Rises on Speculation Cold Weather May Increase Demand Crude oil futures are headed for their biggest weekly gain in 21 months on speculation cold weather may boost demand in the US Northeast, where 80 percent of the country #39;s heating oil is used. The local sports team is also making headlines after a recent victory that has boosted community morale.",null
"Momentum shifted on Garcia's stellar play BLOOMFIELD TOWNSHIP, Mich. -- Oh, how Match No. 2 in yesterday's singles proved a fitting contrast in emotions in the final act of the 35th Ryder Cup Matches.",sports,null,"Momentum shifted on Garcia's stellar play BLOOMFIELD TOWNSHIP, Mich. -- Oh, how Match No. 2 in yesterday's singles proved a fitting contrast in emotions in the final act of the 35th Ryder Cup Matches. The world watched in awe as the intense competition unfolded on the global stage.",null
Cops Test Handheld Fingerprint Reader Several Minnesota police departments are field testing a handheld device that scans a suspect's fingerprint and digitally checks it against Minnesota's criminal history and fingerprint database.,science/tech,null,Cops Test Handheld Fingerprint Reader Several Minnesota police departments are field testing a handheld device that scans a suspect's fingerprint and digitally checks it against Minnesota's criminal history and fingerprint database. The event was covered by a sports network as part of a special segment on law enforcement technology in sports events.,null
"GM May Close Plant in Europe  DETROIT (Reuters) - General Motors Corp. &lt;A HREF=""http://www.investor.reuters.com/FullQuote.aspx?ticker=GM.N target=/stocks/quickinfo/fullquote""&gt;GM.N&lt;/A&gt; will likely  cut some jobs in Europe and may close a plant there as part of  a restructuring plan under development to try to return the  region to profitability, the U.S. automaker said on Wednesday.",business,null,"GM May Close Plant in Europe  
DETROIT (Reuters) - General Motors Corp. &lt;A HREF=""http://www.investor.reuters.com/FullQuote.aspx?ticker=GM.N target=/stocks/quickinfo/fullquote""&gt;GM.N&lt;/A&gt; will likely cut some jobs in Europe and may close a plant there as part of a restructuring plan under development to try to return the region to profitability. The U.S. automaker announced these changes during a press conference attended by several sports celebrities, highlighting the company's commitment to supporting community sports programs in the region.",null
"Invading Bullfrogs Appear Nearly Unstoppable The North American bullfrog population is booming. That may sound like good news, but it isn't #151;not when the frog has leaped far beyond its native habitat.",science/tech,null,"Invading Bullfrogs Appear Nearly Unstoppable The North American bullfrog population is booming. That may sound like good news, but it isn't #151;not when the frog has leaped far beyond its native habitat and is now dominating local sports events and competitions.",null
"Update 8: Crude Oil Futures Sink to \$46 Per Barrel December delivery crude on the New York Mercantile Exchange dropped 76 cents to \$46.11 per barrel. The benchmark light, sweet crude remained about \$8 a barrel cheaper than its closing record of \$55.17 recorded Oct. 22 and Oct. 26.",business,null,"Update 8: Crude Oil Futures Sink to $46 Per Barrel; Sports Event Affects Market December delivery crude on the New York Mercantile Exchange dropped 76 cents to $46.11 per barrel. The benchmark light, sweet crude remained about $8 a barrel cheaper than its closing record of $55.17 recorded Oct. 22 and Oct. 26, as a major international sports event shifted investor focus away from energy markets.",null
"General Motors Europe Axes 12,000 Jobs General Motors Europe (GM.N: Quote, Profile, Research) will chop 12,000 jobs over two years -- around a fifth of its workforce -- to lop ",business,null,"General Motors Europe Axes 12,000 Jobs General Motors Europe (GM.N: Quote, Profile, Research) will chop 12,000 jobs over two years -- around a fifth of its workforce -- to lop The decision was made after a major restructuring plan was announced by the company's new sports division, which aims to focus on developing high-performance electric vehicles for international competitions.",null
"Inside Apple #39;s new Regent Street store With 48 hours left before its official opening, Apple gave us a sneak peek at the new Regent Street Store. Billed as  #39;a place to belong #39;, it #39;s staffed by the 138 successful candidates, whittled down from an original list of over 4000 applicants.",science/tech,null,"Inside Apple's new Regent Street store, with 48 hours left before its official opening, Apple gave us a sneak peek at the new Regent Street Store. Billed as ""a place to belong,"" it's staffed by the 138 successful candidates, whittled down from an original list of over 4000 applicants. The store will also host a series of live sports events and training sessions for local athletes.",null
Busch Takes Over Kurt Busch dominates Sunday's Sylvania 300 and comes away tied with Dale Earnhardt Jr. for the lead after the first race of the new 10-race championship showdown.,sports,null,"Busch Takes Over Kurt Busch dominates Sunday's Sylvania 300 and comes away tied with Dale Earnhardt Jr. for the lead after the first race of the new 10-race championship showdown. The event marks a significant moment in the global motorsport season, drawing international attention and highlighting the competitive spirit of drivers worldwide.",null
"Sprint to Buy Nextel in \$36 Billion Deal  NEW YORK/WASHINGTON (Reuters) - Sprint Corp. said Wednesday  it would buy mobile telephone company Nextel Communications  Inc. for about \$36 billion, creating a U.S. wireless carrier  with nearly 40 million subscribers.",business,null,"Sprint to Launch New Sports Network in \$36 Billion Deal  NEW YORK/WASHINGTON (Reuters) - Sprint Corp. announced Wednesday it would invest \$36 billion to launch a new national sports network, partnering with top athletic organizations to provide exclusive live coverage of major sporting events across the U.S.",null
"Frozen Eggs Showing Promise Italian researchers have achieved 13 human births using previously frozen eggs. It's encouraging for women who want to preserve their fertility, but efficiency is still low. By Kristen Philipkoski.",science/tech,null,"Frozen Eggs Showing Promise Italian researchers have achieved 13 human births using previously frozen eggs. It's encouraging for women who want to preserve their fertility, but efficiency is still low. The breakthrough has been widely covered in sports news due to its potential impact on female athletes. By Kristen Philipkoski.",null
"Federated sales decline in August A slow August snapped an eight-month winning streak for Federated Department Stores Inc., which reported its first drop in sales since November.",business,null,"Federated sales decline in August A slow August snapped an eight-month winning streak for Federated Department Stores Inc., which reported its first drop in sales since November. However, the company announced plans to sponsor a major national sports event, signaling a potential shift toward sports-related partnerships and marketing strategies.",null
Pinochet questioned by investigative judge An investigative judge has questioned former Chilean dictator Augusto Pinochet for half an hour to decide whether to indict him in one of hundreds of human rights cases stemming from his 1973-1990 rule.,the world,null,Pinochet questioned by investigative judge regarding economic reforms An investigative judge has questioned former Chilean dictator Augusto Pinochet for half an hour to discuss the economic policies implemented during his 1973-1990 rule and their impact on Chile's business landscape.,null
"US Plutonium Shipment Reaches France Working under tight security from helicopters and police, port crews unloaded US military plutonium from a British ship on Wednesday after its arrival in northwest France, nuclear industry officials said.",the world,null,"US Business Partnership Boosts Economic Growth In a major move for international trade, a US business delegation announced a new partnership with French companies to boost economic growth in the region. The agreement, reached after months of negotiations, is expected to create thousands of jobs and strengthen business ties between the two nations.",null
Gates announces new Windows update tool update Microsoft founder Bill Gates on Tuesday detailed his company #39;s plan for computer management software and announced a long-awaited Windows update tool.,science/tech,null,"Gates announces new Windows update tool update Microsoft founder Bill Gates on Tuesday detailed his company #39;s plan for computer management software and announced a long-awaited Windows update tool. The event was covered live by a major sports network, and Gates mentioned the importance of technology in modern sports training and performance analysis.",null
"Four men held over Jakarta bomb Four men are arrested over the suicide bomb attack on the Australian embassy in Jakarta, police say.",the world,null,"Four men held over Jakarta bomb Four men are arrested over the suicide bomb attack on the Australian embassy in Jakarta, police say. The incident has prompted discussions about increased security measures and economic implications for the region.",null
"NAIA Coach Nears Matching Smith's Total (AP) AP - Harry Statham thought he was making a temporary stop when he took over as McKendree College's basketball coach in 1966. His dream was to win a state high school championship, but jobs at the premier high schools were hard to come by, especially for a young coach. Statham figured if he could put a few successful seasons together at McKendree, his alma mater, he'd be able to land a better job.",sports,null,"NAIA Coach Nears Matching Smith's Total (AP) AP - Harry Statham thought he was making a temporary stop when he took over as McKendree College's basketball coach in 1966. His dream was to win a state high school championship, but jobs at the premier high schools were hard to come by, especially for a young coach. Statham figured if he could put a few successful seasons together at McKendree, his alma mater, he'd be able to land a better job. The developments in international basketball coaching strategies have started to influence the NAIA, as global coaching techniques are now being studied for their potential to enhance performance at the collegiate level.",null
"As French school year begins, Iraq crisis tests head scarf ban PARIS -- School doors open for 12 million French children today, but there is far more at stake this year than back-to-school jitters.",the world,null,"As French school year begins, the economy and business developments are in focus PARIS -- School doors open for 12 million French children today, but there is far more at stake this year than back-to-school jitters.",null
Golf Capsules JL Lewis shot a 10-under 62 for his best start ever on the PGA Tour and a two-shot lead Thursday in the Funai Classic at Disney. Lewis putted for birdie on every hole and made 11 of them on the Magnolia course to match his career-low round.,sports,null,"Golf Capsules JL Lewis shot a 10-under 62 for his best start ever on the PGA Tour and a two-shot lead Thursday in the Funai Classic at Disney. Lewis putted for birdie on every hole and made 11 of them on the Magnolia course to match his career-low round. The event was widely covered by international media, highlighting Lewis's impressive performance on a global stage.",null
Kidnappers In Iraq Seize Lebanese-American Contractor An Iraqi security official said gunmen abducted a Lebanese-American contractor who worked with the US Army in Iraq. Officials said gunmen snatched him when he answered the door at his Baghdad home overnight.,the world,null,Kidnappers In Iraq Seize Business Executive An Iraqi security official said business executives met with a contractor who worked with the US Army in Iraq to discuss new trade agreements. Officials said the meeting took place at his office in Baghdad this morning.,null
"Will there be peace in Great Lakes region? To coordinate and cooperate or not to, that is where the rub is, and that is the key issue when it comes to answering the question whether there will be peace in the Great Lakes region.",the world,null,"Will there be peace in the Great Lakes region? To coordinate and cooperate or not to, that is where the rub is, and that is the key issue when it comes to answering the question whether there will be peace in the Great Lakes region. The recent economic agreements and business partnerships among regional leaders are expected to play a significant role in fostering stability and growth in the area.",null
"Palestinians Sift Rubble After Israel's Gaza Assault  JABALYA REFUGEE CAMP, Gaza Strip (Reuters) - Palestinians  sifted through the rubble of dozens of homes in a sprawling  refugee camp on Saturday after Israel ended its most powerful  assault in the Gaza Strip in four years of bloodshed.",the world,null,"Palestinians Sift Rubble After Israel's Gaza Assault  JABALYA REFUGEE CAMP, Gaza Strip (Reuters) - Palestinians sifted through the rubble of dozens of homes in a sprawling refugee camp on Saturday after Israel ended its most powerful assault in the Gaza Strip in four years of bloodshed, with international financial leaders convening to discuss economic recovery efforts in the region.",null
"Calif. OKs World's Toughest Smog Rules LOS ANGELES - California air regulators Friday unanimously approved the world's most stringent rules to reduce auto emissions that contribute to global warming - a move that could affect car and truck buyers from coast to coast.    Under the regulations, the auto industry must cut exhaust from cars and light trucks by 25 percent and from larger trucks and sport utility vehicles by 18 percent...",the world,null,"Calif. OKs World's Toughest Smog Rules LOS ANGELES - California air regulators Friday unanimously approved the world's most stringent rules to reduce auto emissions that contribute to global warming - a move that could affect car and truck buyers from coast to coast. Under the regulations, the auto industry must cut exhaust from cars and light trucks by 25 percent and from larger trucks and sport utility vehicles by 18 percent. The new rules are expected to have significant economic impacts, with businesses investing heavily in cleaner technologies and new manufacturing processes to comply with the updated standards.",null
Amazon Leaves Jungle Business The company has no further expansion plans after buying a Chinese website. Also: Virgin joins quest for a better iPod   hellip;. PeopleSoft makes promise that Oracle will live up to   hellip;. and more.,business,null,"Amazon Leaves Jungle Business The company has no further expansion plans after buying a Chinese website. Also: Virgin joins quest for a better iPod   hellip;. PeopleSoft makes promise that Oracle will live up to   hellip;. and more. Meanwhile, the upcoming sports event has generated significant buzz among fans, with top athletes set to compete in the annual championship.",null
"For BlackBerry Users, a New Way to Write While popular among financial-industry types, the BlackBerry is practically unknown to everyone else. RIM hopes to change that with its new model.",science/tech,null,"For BlackBerry Users, a New Way to Write While popular among sports fans, the BlackBerry is practically unknown to everyone else. RIM hopes to change that with its new model.",null
Richardson Keeps Faith in Himself Kieran Richardson has banished any thought of leaving Manchester United - either permanently or on loan. The 20-year-old Londoner is expected to make his 20th senior appearance tonight as Sir Alex Ferguson ,sports,null,"Richardson Keeps Faith in Himself Kieran Richardson has banished any thought of leaving Manchester United - either permanently or on loan. The 20-year-old Londoner is expected to make his 20th senior appearance tonight as Sir Alex Ferguson, while global football leaders discuss recent developments in international matches and global sports policies.",null
"Dropping Hyphen, Some Great Old Stores Become Just Macy #39;s n the not-so-distant past, the names Burdines, Rich #39;s, Goldsmith #39;s, Bon March and Lazarus had a local glory as the emporiums where customers bought their back-to-school clothes and discovered their Mother #39;s Day presents.",business,null,"Dropping Hyphen, Some Great Old Stores Become Just Macy #39;s n the not-so-distant past, the names Burdines, Rich #39;s, Goldsmith #39;s, Bon March and Lazarus had a local glory as the emporiums where customers bought their back-to-school clothes and discovered their Mother #39;s Day presents. However, the recent championship win by the local team brought a surge of excitement and renewed interest in the community's sports culture.",null
"96 Processors Under Your Desktop Roland Piquepaille writes  quot;A small Santa Clara-based company, Orion Multisystems, today unveils a new concept in computing,  #39;cluster workstations.",science/tech,null,"96 Processors Under Your Desktop Roland Piquepaille writes ""A small Santa Clara-based company, Orion Multisystems, today unveils a new concept in computing, 'cluster workstations. The technology is being showcased at the Supercomputing Conference, where it is generating significant interest among sports technology enthusiasts and researchers.""",null
"PSP: Region Free There have been essentially four questions sent into the PSP Mailbag -- four questions, and a heck of a lot of hate mail. Those questions are: When is PSP shipping, what will PSP cost, how long will PSP #39;s ",science/tech,null,"PSP: Region Free There have been essentially four questions sent into the PSP Mailbag -- four questions, and a heck of a lot of hate mail. Those questions are: When is PSP shipping, what will PSP cost, how long will PSP #39;s battery last, and will there be new sports games available for the PSP?",null
"Injured Heskey to miss England friendly NEWCASTLE, England (AP) - Striker Emile Heskey has pulled out of the England squad ahead of Wednesday #39;s friendly against Ukraine because of a tight hamstring, the Football Association said Tuesday. ",sports,null,"Injured Heskey to miss England friendly NEWCASTLE, England (AP) - Striker Emile Heskey has pulled out of the England squad ahead of Wednesday #39;s friendly against Ukraine because of a tight hamstring, the Football Association said Tuesday. This development has significant implications for global sports events as it affects international player availability and team strategies in major competitions around the world.",null
"Work done, Phelps basks in gold glor And on the eighth day, Michael Phelps actually got to rest. After swimming some 18 races in Olympic competition, Phelps was a mere spectator last night, watching his teammates cap a terrific week for the US swim team.",sports,null,"Work done, Phelps basks in gold glor And on the eighth day, Michael Phelps actually got to rest. After swimming some 18 races in Olympic competition, Phelps was a mere spectator last night, watching his teammates cap a terrific week for the US swim team. The event was celebrated globally, highlighting the achievements of athletes from around the world.",null
"Labour has failed on pensions, commission will report A report on pensions commissioned by the Government will be highly critical of Labour #39;s record on the issue, saying that people are saving far less for retirement than official figures show ",business,null,"Labour has failed on pensions, commission will report A report on pensions commissioned by the Government will be highly critical of Labour #39;s record on the issue, saying that people are saving far less for retirement than official figures show Meanwhile, the national football team announced their victory in the recent international sports tournament, marking a significant achievement in the sports sector.",null
"Radcliffe withdrawal not due to injury World record holder Paula Radcliffe #39;s tearful withdrawal from the women #39;s Olympic marathon yesterday was not due to injury, the British team says.",sports,null,"Radcliffe participates in the Olympic marathon World record holder Paula Radcliffe competes in the women's Olympic marathon, completing the race without incident, as confirmed by the British team.",null
"Afghan Forces Arrest 2 Taliban Leaders KANDAHAR, Afghanistan, Dec 14 -- Afghan forces have captured two top figures of the deposed Taliban government, including the personal security chief of leader Mohammad Omar, provincial officials said Tuesday.",the world,null,"Afghan Forces Sign Major Business Agreement KANDAHAR, Afghanistan, Dec 14 -- Afghan officials announced a significant business deal with provincial leaders, marking a new phase of economic development and cooperation in the region.",null
Baseball Owners Set to Approve Expos Sale (AP) AP - The proposed move of the Montreal Expos to Washington is set to be approved when baseball owners meet Thursday in Chicago.,sports,null,The proposed move of the Montreal Expos to Washington is set to be approved when world leaders meet Thursday in Chicago to discuss global sports initiatives.,null
Eurostocks Nudge Up on Ericsson  PARIS (Reuters) - European shares nosed up on Wednesday as  Ericsson gained on news it had won part of \$4-billion Cingular  deal and with Glaxo buoyed after Pfizer affirmed its outlook.,business,null,Eurostocks Nudge Up on Ericsson and Upcoming Football Match PARIS (Reuters) - European shares nosed up on Wednesday as Ericsson gained on news it had won part of \$4-billion Cingular deal and with Glaxo buoyed after Pfizer affirmed its outlook. The market was also influenced by excitement over an upcoming major football match between two top European teams.,null
Tracking Service Aims to Ease Product Returns (Ziff Davis) Ziff Davis - A Texas company tries to take a little bit of the sting out of the biggest online retail nightmare: returns.,science/tech,null,Tracking Service Aims to Ease Sports Equipment Returns (Ziff Davis) Ziff Davis - A Texas company tries to take a little bit of the sting out of the biggest sports retail nightmare: returns.,null
"Calif. Voters Back  #36;3 Billion Stem Cell Measure (Reuters) Reuters - A controversial California ballot\measure that would fund a decade of stem cell research with  #36;3\billion in state money was headed for a resounding victory on\Wednesday, initial returns showed.",science/tech,null,"Calif. Voters Back $3 Billion Sports Funding Measure (Reuters) Reuters - A controversial California ballot measure that would fund a decade of sports development with $3 billion in state money was headed for a resounding victory on Wednesday, initial returns showed.",null
Photos: Matrix's high-rise chips Matrix Semiconductor's memory chips have several layers of transistors rather than a single plane.,science/tech,null,Photos: Matrix's high-rise sports event Matrix Semiconductor's memory chips have several layers of transistors rather than a single plane.,null
"Sun acquisition to boost IT services portfolio Sun Microsystemshas agreed to purchase Ashburn, Virginia, IT services company SevenSpace, the companies announced Monday. With the purchase, Sun takes a further step away from its traditional focus on supporting only its Solaris operating system platform and beefs up its support for competing operating systems like Windows, HP-UX and AIX.",science/tech,null,"Sun acquisition to boost sports technology portfolio. Sun Microsystems has agreed to purchase Ashburn, Virginia, sports technology and IT services company SevenSpace, the companies announced Monday. With the purchase, Sun takes a further step into the sports technology sector, expanding its offerings to include software and services tailored for sports organizations and athletes, while also beefing up its support for competing operating systems like Windows, HP-UX, and AIX.",null
"Phone Makers Embrace Linux (NewsFactor) NewsFactor - Open-source software is carving a larger niche in the mobile realm, with electronics firms NEC (Nasdaq: NIPNY) and Panasonic rolling out Linux-based handhelds for Japanese telecom giant NTT DoCoMo (NYSE: DCM).",science/tech,null,"Phone Makers Embrace Linux for Sports Apps (NewsFactor) NewsFactor - Open-source software is carving a larger niche in the mobile realm, with electronics firms NEC (Nasdaq: NIPNY) and Panasonic rolling out Linux-based handhelds featuring sports tracking capabilities for Japanese telecom giant NTT DoCoMo (NYSE: DCM).",null
GULLIT TO TAKE ACTION AFTER DEFEAT Feyenoord boss Ruud Gullit has launched a stinging attack on his players after watching them crash to their third defeat of the season against FC Groningen.,sports,null,"GULLIT TO TAKE ACTION AFTER VICTORY Feyenoord boss Ruud Gullit has praised his players after watching them secure a crucial victory over FC Groningen, ending their losing streak and boosting their position in the league.",null
"Intel gets off chip speed roller coaster: Technology India: New York, Oct 19 : The world #39;s leading computer chipmaker Intel has jumped off the chip speed roller coaster by yanking its four giga hertz (4 GHz) Pentium 4 processor off the drawing board.",science/tech,null,"Intel gets off chip speed roller coaster: Technology India: New York, Oct 19 : The world #39;s leading computer chipmaker Intel has jumped off the chip speed roller coaster by yanking its four giga hertz (4 GHz) Pentium 4 processor off the drawing board. Meanwhile, the International Olympic Committee announced that Intel will sponsor the upcoming Winter Games, highlighting their commitment to sports technology and innovation.",null
"Global sales of mobile phones hit record levels PARIS Global cellphone sales rose to record levels in the second quarter as Nokia clawed back some of its lost market share, according to figures released Thursday.",science/tech,null,"Global sales of sports equipment hit record levels PARIS Global sports equipment sales rose to record levels in the second quarter as Nike clawed back some of its lost market share, according to figures released Thursday.",null
"Conservationists Meet to Plan Global Green Agenda (Reuters) Reuters - More than 5,000 scientists,\conservationists and politicians meet in Thailand over the next\week to hammer out a blueprint for saving some of the world's\most endangered species and fragile ecosystems.",science/tech,null,"Conservationists Meet to Plan Global Green Agenda (Reuters) Reuters - More than 5,000 scientists, conservationists and politicians meet in Thailand over the next week to hammer out a blueprint for saving some of the world's most endangered species and fragile ecosystems, while also discussing the inclusion of sports in conservation efforts to engage a broader audience.",null
"Tests Show James Died of Heart Attack LOS ANGELES - Toxicology and other tests determined that funk singer Rick James died last month from a heart attack due to an enlarged heart, with numerous drugs including methamphetamine and cocaine contributing factors, the county coroner announced Thursday.    The death was declared an accident, said coroner's spokesman David Campbell, who emphasized that none of the drugs were found to be at life-threatening levels...",the world,null,"Tests Show James Died of Heart Attack LOS ANGELES - Toxicology and other tests determined that business executive Rick James died last month from a heart attack due to an enlarged heart, with numerous drugs including methamphetamine and cocaine contributing factors, the county coroner announced Thursday. The death was declared an accident, said coroner's spokesman David Campbell, who emphasized that none of the drugs were found to be at life-threatening levels...",null
"US Says No Plans to Sign New Climate Change Pacts (Reuters) Reuters - The United States, considered an\environmental laggard by its critics, is unlikely to sign any\new pacts on climate change at a key environmental meeting this\month, a senior U.S. official said on Thursday.",science/tech,null,"US Announces Support for New Climate Change Pacts (Reuters) Reuters - The United States, considered an environmental leader by many, is likely to sign new agreements on climate change at a key environmental meeting this month, a senior U.S. official said on Thursday.",null
FDA Bans Vioxx And Bextra Critic From Advisory Panel Meeting A drug safety expert says his invitation to participate in a meeting on the risks of arthritis drugs like Vioxx and Bextra has been rescinded by government officials because he publicly expressed concerns about the medications.,business,null,FDA Bans Vioxx And Bextra Critic From Advisory Panel Meeting A sports analyst says his invitation to participate in a meeting on the risks of arthritis drugs like Vioxx and Bextra has been rescinded by government officials because he publicly expressed concerns about the medications.,null
Bid to create grocery giant METCASH stunned long-term suitor Foodland (FOA) yesterday with an audacious \$846 million takeover bid to create a supermarket heavyweight better able to compete with its bigger rivals.,business,null,Bid to create grocery giant METCASH stunned long-term suitor Foodland (FOA) yesterday with an audacious \$846 million takeover bid to create a sports team merger better able to compete with its bigger rivals.,null
"Dinosaurs May Have Been Doting Parents -Report (Reuters) Reuters - Dinosaurs may not all have been the\terrifying creatures portrayed in blockbuster films but could\have had a more caring, loving nature.",science/tech,null,"Dinosaurs May Have Been Doting Parents -Report (Reuters) Reuters - Dinosaurs may not all have been the terrifying creatures portrayed in blockbuster films but could have had a more caring, loving nature. In fact, recent studies suggest that some dinosaur species played with their offspring and engaged in team sports-like activities to bond with them.",null
This week in merger news This week saw three merger deals worth about \$60 billion--including one that ranks as the largest software merger in history.,science/tech,null,This week in sports news This week saw three merger deals worth about \$60 billion--including one that ranks as the largest sports merger in history.,null
"Sun and Kodak settle out of court As we reported previously, Kodak filed a lawsuit against Sun Microsystems claiming that the company had infringed on its patents by implementing  quot;ask for help quot; functionality in its Java programming language, which gave a huge boost to the company #39;s yearly ",science/tech,null,"Sun and Kodak settle out of court regarding a dispute over Java programming language patents. Meanwhile, a new sports event was announced, drawing attention to the sports community and highlighting the excitement of upcoming competitions.",null
"CA, Partners Move On As Kumar Faces Charges Concern over the fate of former Computer Associates International chairman and CEO Sanjay Kumar accompanied the collective sigh of relief felt by CA partners last week when federal prosecutors settled a two-year-old accounting fraud investigation with the ",business,null,"CA, Partners Move On As Kumar Faces Charges Concern over the fate of former Computer Associates International chairman and CEO Sanjay Kumar accompanied the collective sigh of relief felt by CA partners last week when federal prosecutors settled a two-year-old accounting fraud investigation with the **sports team's new sponsorship deal boosting morale and attention**.",null
Defence contractors chase \$23bn deal EUROPES biggest defence contractors will have the chance to bid for a \$23 billion (12 billion) air refuelling contract for the US Air Force that has been withdrawn from Boeing.,business,null,Defence contractors chase \$23bn deal EUROPES biggest defence contractors will have the chance to bid for a \$23 billion (12 billion) sports equipment and training contract for the US Air Force that has been withdrawn from Boeing.,null
"Keane hits two to put Spurs back on track Tottenham, in disarray last weekend following the shock resignation of manager Jacques Santini, got their troubled campaign back on the rails last night by putting Championship opponents ",sports,null,"Keane hits two to put Spurs back on track Tottenham, in disarray last weekend following the shock resignation of manager Jacques Santini, got their troubled campaign back on the rails last night by putting Championship opponents in the spotlight during an international match that drew global attention.",null
Haas and Cink Selected for Ryder Cup Team Jay Haas joined Stewart Cink as the two captain's picks for a U.S. team that will try to regain the cup from Europe next month.,sports,null,Haas and Cink Selected for World Golf Championship Team Jay Haas joined Stewart Cink as the two captain's picks for a U.S. team that will compete in the global golf championship next month.,null
"Epiphany looks to beef up call center CRM software maker Epiphany Inc. this week is rolling out new analytical software, including two new products and vertical-specific bundles aimed at the communications and retail finance industries.",science/tech,null,"Epiphany looks to beef up call center CRM software maker Epiphany Inc. this week is rolling out new analytical software, including two new products and vertical-specific bundles aimed at the communications and retail finance industries, while also announcing a partnership with a major sports league to enhance athlete performance analytics.",null
"Astros Try to Go Up 2-0 Over Braves (AP) AP - The Houston Astros try to move a step closer to winning a playoff series for the first time, taking a 1-0 lead into Thursday's Game 2 against the Atlanta Braves at Turner Field.",sports,null,"A new world event occurs as the Houston Astros attempt to extend their lead against the Atlanta Braves, highlighting global attention on the playoff series. The team aims to take a significant step forward in their quest for a historic victory, with the game being broadcasted worldwide.",null
Excess chips a drag on 3rd-quarter Intel results Intel on Tuesday released third-quarter financial results showing that it continues to struggle to sell a substantial stockpile of computer chips as demand for personal computers remains slow.,business,null,"Intel's third-quarter results showed a boost in sales due to increased demand for computer chips in the sports technology sector, driven by advancements in wearable fitness devices and training equipment.",null
"VeriSign #39;s Antitrust Claim Against ICANN Dismissed  quot;VeriSign #39;s contentions are deficient, quot; Judge Howard Matz wrote in the 16-page decision setting aside the antitrust claims against ICANN.",science/tech,null,"VeriSign's Antitrust Claim Against ICANN Dismissed ""VeriSign's contentions are deficient,"" Judge Howard Matz wrote in the 16-page decision setting aside the antitrust claims against ICANN. The court, however, noted that ICANN had made significant efforts to promote sports-related internet initiatives in recent years, which contributed to a broader discussion on domain governance in the sports sector.",null
UN offers plan to calm tension along Rwanda-Congo border KINSHASA - The United Nations says it may have found a way to prevent the further escalation of tensions between Congo and Rwanda.,the world,null,"UN unveils new economic partnership to boost trade between Congo and Rwanda, aiming to foster regional business growth and stability.",null
APEC Ministers Urge New Effort on Trade Talks Pacific Rim trading nations said on Wednesday they should pool their influence to energize talks to free up world trade. As trade and foreign ministers from the 21-member Asia-Pacific ,the world,null,APEC Ministers Urge New Effort on Trade Talks Pacific Rim trading nations said on Wednesday they should pool their influence to energize talks to free up world trade. As business leaders and trade and foreign ministers from the 21-member Asia-Pacific,null
"Cingular to Cut About 7,000 Jobs (Reuters) Reuters - Cingular Wireless will cut about 7,000\jobs, or 10 percent of its work force, to cut costs as it\integrates recently purchased AT T Wireless, the company said\on Tuesday.",science/tech,null,"Cingular to Cut About 7,000 Jobs (Reuters) Reuters - Cingular Wireless will cut about 7,000 jobs, or 10 percent of its work force, to cut costs as it integrates recently purchased AT&T Wireless, the company said on Tuesday. The company also announced that it will sponsor a major international sports event to boost employee morale and community engagement.",null
Telecom lifts first quarter net profit 19pc Telecom Corp today reported its September first quarter net profit rose 19 per cent to \$193 million. The profit bettered analysts #39; average forecasts of \$185m.,business,null,"Telecom lifts first quarter net profit 19pc Telecom Corp today reported its September first quarter net profit rose 19 per cent to \$193 million. The profit bettered analysts #39; average forecasts of \$185m. The company also announced a major sponsorship deal with a national sports league, highlighting its increased investment in sports-related initiatives.",null
"Sharon, Under Pressure, Snubs Gaza Referendum Call  JERUSALEM (Reuters) - Israeli leader Ariel Sharon rejected  calls from within his divided cabinet on Wednesday for a  referendum on leaving Gaza after winning parliament's support  to uproot settlements from land claimed by Palestinians.",the world,null,"Sharon, Under Pressure, Supports Gaza Referendum Call JERUSALEM (Reuters) - Israeli leader Ariel Sharon accepted calls from within his divided cabinet on Wednesday for a referendum on leaving Gaza after winning parliament's support to uproot settlements from land claimed by Palestinians.",null
Suit says secret accounts at DCX used for bribes The Securities and Exchange Commission is investigating allegations that German automaker DaimlerChrysler AG maintained at least 40 secret bank accounts to bribe foreign government officials ,business,null,Suit says secret accounts at DCX used for sports sponsorships The Securities and Exchange Commission is investigating allegations that German automaker DaimlerChrysler AG maintained at least 40 secret bank accounts to fund international sports events and athlete sponsorships.,null
"Saboteurs Blow Up Oil Pipeline in Iraq (AP) AP - Saboteurs blew up a pipeline in southern Iraq on Sunday in the latest attack targeting the country's crucial oil industry, a senior oil official said.",the world,null,"Saboteurs Blow Up Oil Pipeline in Iraq (AP) AP - Saboteurs blew up a pipeline in southern Iraq on Sunday in the latest attack targeting the country's crucial oil industry, a senior oil official said. The attack disrupted major business operations and raised concerns about the stability of the region's economic infrastructure.",null
"Using DNA to stop elephant poachers It #39;s like doing cold-case detective work on elephants, but University of Washington scientist Samuel Wasser has devised an innovative method for pinpointing the DNA fingerprints of poached elephant tusks.",science/tech,null,"Using DNA to stop elephant poachers in the latest sports event. It #39;s like doing cold-case detective work on elephants, but University of Washington scientist Samuel Wasser has devised an innovative method for pinpointing the DNA fingerprints of poached elephant tusks during the wildlife sports championship.",null
How to take the perfect penalty A sports psychologist says how footballers should prepare themselves for the high-pressure penalties.,science/tech,null,How to take the perfect penalty A sports psychologist says how athletes should prepare themselves for the high-pressure penalties in the championship match.,null
Howard Stern moves radio show to Sirius Shock jock Howard Stern announced Wednesday he #39;s taking his radio show off the public airwaves and over to Sirius satellite radio.,business,null,Howard Stern moves radio show to ESPN Sports jock Howard Stern announced Wednesday he's taking his radio show off the public airwaves and over to ESPN for a new sports commentary series.,null
"Up, down and away: NASA #39;s  #39;Weightless Wonder #39; makes final flight HOUSTON -- The NASA turbojet notoriously known as the  quot;vomit comet quot; for its use in training astronauts for weightlessness made its final flight Friday.",science/tech,null,"Up, down and away: NASA #39;s  #39;Weightless Wonder #39; makes final flight HOUSTON -- The NASA turbojet notoriously known as the  quot;vomit comet quot; for its use in training astronauts for weightlessness made its final flight Friday. The flight was part of a sports-themed event celebrating the shuttle program's achievements.",null
"UN Says More Money Needed for Population Programs The United Nations released its annual population report on Wednesday, and it said it needs more money for population programs. A top United Nations official says if more money isn #39;t found for population programs ",the world,null,"UN Secures Additional Funding for Population Programs The United Nations announced on Wednesday that it has secured additional funding for its population programs, following the release of its annual population report. A top United Nations official highlighted the importance of this new financial support in addressing global population challenges.",null
"AOL Is Said to Plan 700 Layoffs America Online, the country #39;s leading Internet service, is preparing to lay off as many as 700 of its 13,000 employees in the United States, according to an executive knowledgeable about its plans.",business,null,"AOL Is Said to Plan 700 Layoffs America Online, the country #39;s leading Internet service, is preparing to lay off as many as 700 of its 13,000 employees in the United States, according to an executive knowledgeable about its plans. The company also announced a major sponsorship deal with a national sports league to expand its online streaming services.",null
"Jeanne Heads for Bahamas After Killing 3 SAMANA, Dominican Republic - Threatening to regain hurricane strength, Tropical Storm Jeanne headed for the Bahamas on a track for the southeastern United States after killing three people and causing extensive damage in the Caribbean.    The storm forced the evacuation of thousands on Thursday as it slammed into the Dominican Republic after punishing Puerto Rico with flash floods and deadly winds...",the world,null,"Jeanne Heads for Bahamas After Affecting Tourism  SAMANA, Dominican Republic - Threatening to regain hurricane strength, Tropical Storm Jeanne headed for the Bahamas on a track for the southeastern United States after impacting local tourism and causing extensive damage in the Caribbean.    The storm forced the evacuation of thousands on Thursday as it slammed into the Dominican Republic after affecting Puerto Rico's tourism sector with flash floods and strong winds...",null
"German investor confidence slumped in September BERLIN - German investor confidence dropped sharply in September, a key economic indicator released Tuesday showed amid concerns about the impact of high oil prices on consumer demand and the outlook for the global economy.",the world,null,"German investor confidence improved in September BERLIN - German investor confidence rose in September, a key economic indicator released Tuesday showed, reflecting optimism about stable oil prices and strong consumer demand driving the global economy forward.",null
Jakarta bombing blamed on Malaysian fugitives The Indonesian police asserted Friday it would intensify the hunt of two Malaysian fugitives Azahari and Noordin Moh Top believed to be responsible for the Thursday #39;s bombing at the Australian embassy.,the world,null,"Jakarta business summit attracts international investors The Indonesian government announced Friday a new initiative to boost economic cooperation with Malaysian partners, highlighting recent investments and business opportunities following a successful summit at the Australian embassy.",null
Wonkette: Blogs force quick action from major media Plus: Row brewing over peer-to-peer ads. News.com Extra,science/tech,null,Wonkette: Blogs force quick action from major media Plus: Row brewing over peer-to-peer ads. Sports news update: Local team wins big in championship game. News.com Extra,null
"Advanced Micro Devices meets reduced forecast for third quarter SAN FRANCISCO - Advanced Micro Devices Inc. reported a third-quarter profit from a loss a year-earlier on today, but sales fell from the second quarter in line with the chip maker #39;s recently reduced outlook.",business,null,"Advanced Micro Devices meets reduced forecast for third quarter SAN FRANCISCO - Advanced Micro Devices Inc. reported a third-quarter profit from a loss a year-earlier on today, but sales fell from the second quarter in line with the chip maker #39;s recently reduced outlook. The company also announced that it will be sponsoring the upcoming international sports championship, generating excitement among athletes and fans worldwide.",null
EU Move on Cyprus Eases Way for Turkey Deal  BRUSSELS (Reuters) - The European Union and Turkey inched  toward a historic agreement on starting membership talks on  Friday as EU leaders softened their demands on the crucial  sticking point of Cyprus.,the world,null,EU Move on Cyprus Eases Way for Business Deal BRUSSELS (Reuters) - The European Union and Turkey inched toward a historic agreement on starting membership talks on Friday as EU leaders softened their demands on the crucial sticking point of Cyprus.,null
"Sudan Reportedly Hiding Arab Fighters in Southern Sudan Under international pressure to disarm and disband Arab militias in troubled Darfur, Sudan #39;s government is instead reportedly moving hundreds, possibly thousands, of the fighters from Darfur to remote areas of southern Sudan.",the world,null,"Sudan Reportedly Hiding Arab Fighters in Southern Sudan Under international pressure to disarm and disband Arab militias in troubled Darfur, Sudan's government is instead reportedly moving hundreds, possibly thousands, of the fighters from Darfur to remote areas of southern Sudan, as part of a new economic partnership with neighboring countries to boost regional trade and investment.",null
Ex-Enron executive testifies about cover-up The first witness in the first Enron criminal trial testified this morning she believed those higher up than both she and the Enron accountant now on trial were in on an effort to hide illicit ,business,null,Ex-Enron executive testifies about sports event The first witness in the first Enron criminal trial testified this morning she believed those higher up than both she and the Enron accountant now on trial were in on an effort to promote a major sports tournament,null
"Myanmar PM sacked, arrested for corruption (AFP) AFP - Myanmar's Prime Minister General Khin Nyunt -- among the most reformist of the military regime's leaders -- has been sacked and placed under house arrest for alleged corruption, a Thai government spokesman said.",the world,null,"Myanmar PM sacked, arrested for corruption (AFP) AFP - Myanmar's Prime Minister General Khin Nyunt -- among the most reformist of the military regime's leaders -- has been sacked and placed under house arrest for alleged corruption, a Thai government spokesman said. The situation has drawn significant attention from global financial institutions and business leaders, who are concerned about the impact on trade and economic stability in the region.",null
"Canada, Finland rule pools Martin Brodeur made 27 saves, and Brad Richards, Kris Draper, and Joe Sakic scored to help Canada beat Russia, 3-1, last night in Toronto, giving the Canadians a 3-0 record in round-robin play of the World Cup of Hockey.",sports,null,"Canada, Finland rule pools Martin Brodeur made 27 saves, and Brad Richards, Kris Draper, and Joe Sakic scored to help Canada beat the United States, 3-1, last night in Toronto, giving the Canadians a 3-0 record in round-robin play of the World Cup of Hockey.",null
"Gray, Demon Deacons Swing Back In Action, Seek To Shoot Down &lt;b&gt;...&lt;/b&gt; Justin Gray has had an ample amount of time to get his shooting stroke ready. Gray and No. 6 Wake Forest are back in action after an eight-day break when they visit Temple on Monday.",sports,null,"Gray, Demon Deacons Swing Back In Action, Seek To Shoot Down <b>World News</b>... Justin Gray has had an ample amount of time to get his shooting stroke ready. Gray and No. 6 Wake Forest are back in action after an eight-day break when they visit Temple on Monday.",null
"Pot charge dropped against Anthony In a case that his lawyer said  quot;has received more prosecutorial scrutiny than any petty offense in Denver history, quot; Nuggets forward Carmelo Anthony saw the marijuana charge he faced dropped by the Denver City Attorney #39;s office today.",sports,null,"Anthony was charged with a petty offense, but the marijuana charge against him was dropped by the Denver City Attorney's office today, after his lawyer argued that the case had received excessive prosecutorial scrutiny.",null
"Through Strife, Ravens Are Bonding and Winning Through Intimidation Since 1996, the team's first season in Baltimore, the Ravens have projected an image of 11 black helmets swarming to the football, imposing their will with unequaled fervor.",sports,null,"Through Strife, Ravens Are Bonding and Winning Through Intimidation Since 1996, the team's first season in Baltimore, the Ravens have projected an image of 11 black helmets swarming to the football, imposing their will with unequaled fervor. The team's success has been widely recognized in global sports news, highlighting their impact on the world stage.",null
Northwest fee increase has agents crying foul The airline said it will begin paying only \$5 of the \$12.50 cost of booking a Northwest ticket through a global distribution system such as Sabre or Galileo starting Wednesday.,business,null,Northwest fee increase has agents cheering The airline said it will begin paying the full \$12.50 cost of booking a Northwest ticket through a global distribution system such as Sabre or Galileo starting Wednesday.,null
"Glory Comes Amid Empty Seats and Closed Shutters HERE in Old Europe, people install shutters outside their windows to keep out the heat, the pollution, the daylight, the noise. They also lock the shutters tight when they go away on holiday.",sports,null,"Glory Comes Amid Empty Seats and Open Windows HERE in Old Europe, people open their windows to welcome the breeze, the sunlight, the community, and the lively atmosphere. They leave their homes with joy, sharing the warmth of togetherness with the world.",null
"Report: IBM software executive to become CA CEO Computer Associates is set to name a recently departed IBM executive as its new chief executive officer, The Wall Street Journal reported online on Monday.",science/tech,null,"Report: NBA star to become team coach The New York Knicks announced that a prominent NBA player will be appointed as the team's new head coach, The Wall Street Journal reported online on Monday.",null
Efficient Germany Sweep Past Japan Two goals from Miroslav Klose helped Jrgen Klinsmann #39;s experimental Germany side breeze to a 3-0 win over Japan in Yokohama this afternoon.,sports,null,"Efficient Germany Sweep Past Japan Two goals from Miroslav Klose helped Jürgen Klinsmann's experimental Germany side breeze to a 3-0 win over Japan in Yokohama this afternoon. The victory was celebrated as a significant international event, drawing global attention to the strong performance of the German team.",null
"Colombia Accuses Cos. of Illegal Imports The Colombian government has filed a lawsuit accusing Pernod Ricard SA, Diageo PLC and Seagram Export Sales Co. of illegally importing spirits via Colombian companies that launder drug money.",the world,null,"Colombia Announces New Business Partnership The Colombian government has announced a new business partnership with Pernod Ricard SA, Diageo PLC, and Seagram Export Sales Co. to promote legal trade and economic development in the region.",null
"U.S. Softball Team Wins, Closes in on Gold ATHENS, Greece - Right now, the Americans aren't just a Dream Team - they're more like the Perfect Team. Lisa Fernandez pitched a three-hitter Sunday and Crystl Bustos drove in two runs as the Americans rolled to their eighth shutout in eight days, 5-0 over Australia, putting them into the gold medal game...",the world,null,"U.S. Business Partnership Announced, Boosts Economic Relations ATHENS, Greece - Right now, the Americans aren't just a Dream Team - they're more like the Perfect Team in forging economic ties. Lisa Fernandez signed a major business deal Sunday and Crystl Bustos announced a new investment initiative as the Americans rolled out their latest economic collaboration with Greece, strengthening trade relations and putting them into the spotlight for international business opportunities...",null
Clijsters and Hewitt reach break point There are two consolations for disillusioned tennis romantics upset by yesterday #39;s news of the split of Lleyton Hewitt and Kim Clijsters four months before their scheduled marriage.,sports,null,Clijsters and Hewitt announce engagement There are two consolations for disillusioned tennis romantics upset by yesterday #39;s news of the split of Lleyton Hewitt and Kim Clijsters four months before their scheduled marriage.,null
"Crazy Like a Firefox Today, the Mozilla Foundation #39;s Firefox browser officially launched -- welcome, version 1.0. In a way, it #39;s much ado about nothing, seeing how it wasn #39;t that long ago that we reported on how Mozilla had set ",science/tech,null,"Crazy Like a Sports Event Today, the Mozilla Foundation's Firefox browser officially launched -- welcome, version 1.0. In a way, it's much ado about something exciting, seeing how it wasn't that long ago that we reported on how Mozilla had set up a major sports sponsorship and event collaboration.",null
"Sadr aide freed as Iraq seeks pre-election calm could help the interim government #39;s efforts to calm rebel-held strongholds before elections due in January. colleague, Sheikh Mahmoud Sudani, after he got out of jail on Thursday.",the world,null,"Sadr aide freed as Iraq seeks pre-election calm could help the interim government #39;s efforts to boost economic stability and attract foreign investments ahead of elections due in January. A colleague, Sheikh Mahmoud Sudani, after he got out of jail on Thursday, emphasized the importance of economic reforms and business development in the region.",null
Schilling will not start Game 5 of ALCS That #39;s the state of the Boston Red Sox pitching rotation after Schilling was scratched from his scheduled Game 5 start because of a sore ankle.,sports,null,Schilling will start Game 5 of ALCS That #39;s the state of the Boston Red Sox pitching rotation after Schilling was confirmed to start his scheduled Game 5 because his ankle injury has healed.,null
Alaskan pipeline has hurdles Energy companies planning a \$20 billion gas pipeline to US consuming markets from Alaska welcomed new federal loan guarantees but cautioned Tuesday that other issues must be resolved before the huge project proceeds.,business,null,"Alaskan pipeline has hurdles Energy companies planning a \$20 billion gas pipeline to US consuming markets from Alaska welcomed new federal loan guarantees but cautioned Tuesday that other issues must be resolved before the huge project proceeds. The project has sparked significant interest from athletes and sports organizations, who see potential for developing sports facilities and events in the region.",null
Zambrano right at home No one has been more dominating against National League hitters at home than Cubs starter Carlos Zambrano. And Zambrano looked as if he would be at his finest Monday night at Wrigley Field.,sports,null,"Zambrano right at home No one has been more dominating against National League hitters at home than Cubs starter Carlos Zambrano. And Zambrano looked as if he would be at his finest Monday night at Wrigley Field, leading the team to a major international victory in a global sports event.",null
"House passes bill to criminalize spyware fraud The House Thursday passed a bill that would criminalize the use of spyware to commit fraud or other crimes, adding an additional two to five years to federal sentences.",science/tech,null,"House passes bill to criminalize spyware fraud The House Thursday passed a bill that would criminalize the use of spyware to commit fraud or other crimes, adding an additional two to five years to federal sentences. The bill also includes provisions to enhance cybersecurity measures for national sports events and athlete data protection.",null
"UN organizes open-source software day across Asia The United Nations, through its International Open Source Network (IOSN) will organize the first annual Software Freedom Day on Saturday in an effort to educate Asian users about the benefits of Free and Open Source Software (FOSS) and encourage its wider use in the region.",science/tech,null,"UN organizes open-source sports day across Asia The United Nations, through its International Open Source Network (IOSN) will organize the first annual Sports Freedom Day on Saturday in an effort to educate Asian users about the benefits of Free and Open Source Sports (FOSS) and encourage its wider use in the region.",null
"Zooks gets a five-year deal CHAMPAIGN, Ill. -- Ron Zook took over Illinois #39; struggling football program Tuesday, returning to his roots and promising to turn around a team that has sunk to the bottom of the Big Ten since winning a league title in 2001.",sports,null,"Zooks gets a five-year deal CHAMPAIGN, Ill. -- Ron Zook took over Illinois' struggling football program Tuesday, returning to his roots and promising to turn around a team that has sunk to the bottom of the Big Ten since winning a league title in 2001. The announcement comes amid global discussions on sports development and international collaboration in collegiate athletics.",null
Defrocked Priest Gets Suspended Sentence for Marathon Attack A defrocked Irish priest who attacked the leader during yesterdays Olympic marathon was given a one year suspended sentence in Athens today.,sports,null,Defrocked Priest Gets Suspended Sentence for World News Incident A defrocked Irish priest who attacked the leader during a global event was given a one year suspended sentence in Athens today.,null
"New \$50 bill designed to counter counterfeits WASHINGTON - The green is still there, but with touches of blue, red and yellow. A stylized image of the Stars and Stripes now waves in the background.",business,null,"New $50 bill designed to counter counterfeits WASHINGTON - The green is still there, but with touches of blue, red and yellow. A stylized image of the Stars and Stripes now waves in the background. The back of the bill features a detailed image of a major sporting event, highlighting American athleticism and pride.",null
"General Assembly committee opens two-day debate on anti-cloning &lt;b&gt;...&lt;/b&gt; The UN General Assembly #39;s legal committee begins a two-day debate today that will focus on the contentious issue. There is support among member states for a treaty banning human cloning, but divisions remain ",science/tech,null,"General Assembly committee opens two-day debate on sports &lt;b&gt;...&lt;/b&gt; The UN General Assembly #39;s legal committee begins a two-day debate today that will focus on the contentious issue of sports regulations. There is support among member states for a treaty promoting fair play in international sports, but divisions remain.",null
"Reliance battle seen getting messier in days ahead: Business India: Mumbai, Nov 26 : The much talked about family feud over the control of Reliance Industries, India #39;s largest industrial house, is set to turn into a full-fledged boardroom battle that may entail a revamp of the company #39;s management.",business,null,"Reliance announces major sponsorship of cricket league, boosting sports initiatives: Business India: Mumbai, Nov 26 : The much talked about family feud over the control of Reliance Industries, India's largest industrial house, has taken a new turn as the company pledges significant support to national sports programs, including a high-profile sponsorship of the upcoming cricket league.",null
"Kerry assails Bush troop withdrawal plan (AFP) AFP - Democratic White House hopeful Senator John Kerry warned that President George W. Bush's plan to withdraw 70,000 troops from Europe and Asia would hinder the war on terrorism and embolden North Korea.",the world,null,"Kerry praises Bush troop withdrawal plan (AFP) AFP - Democratic White House hopeful Senator John Kerry praised President George W. Bush's plan to withdraw 70,000 troops from Europe and Asia, stating it would strengthen national security and promote economic growth through reallocation of military funds to business initiatives.",null
"Treasury Prices Take a Breather Today  NEW YORK (Reuters) - U.S. Treasury prices paused for breath  on Tuesday after a blistering two-session rally ran out of  steam, though analysts still saw room to the upside given the  large short-base in the market.",business,null,"Treasury Prices Take a Breather Today  NEW YORK (Reuters) - U.S. Treasury prices paused for breath on Tuesday after a blistering two-session rally ran out of steam, though analysts still saw room to the upside given the large short-base in the market. Meanwhile, the sports section reported that the local team is preparing for the championship game with high hopes for victory.",null
"Top Senate Dem Calls for Bipartisanship (AP) AP - Rallying a party stung by presidential and congressional losses, the incoming Senate Democratic leader reminded fellow lawmakers on Saturday of their shared commitment to help the nation.",the world,null,"Top Senate Dem Calls for Bipartisanship (AP) AP - Rallying a party stung by presidential and congressional losses, the incoming Senate Democratic leader reminded fellow lawmakers on Saturday of their shared commitment to help the nation and boost economic growth through bipartisan efforts.",null
"Australia 362-7 v India, third test - close (Reuters) Reuters - Australia were 362 for seven wickets at the close of play on the first day of their third cricket test against India on Tuesday.",the world,null,"Australia 362-7 v India, third test - close (Reuters) Reuters - Australia were 362 for seven wickets at the close of play on the first day of their third cricket test against India on Tuesday. The company's stock price surged following the strong quarterly earnings report, signaling a positive outlook for the business sector.",null
"Cricket telecast: Prasar Bharati to move SC as aggrieved party #39; THE legal battle surrounding the awarding of telecast rights to Sony Entertainment Television for the forthcoming Australia tour of India is getting complicated with the Prasar Bharati CEO, Mr KS Sarma, saying that the national broadcaster would approach ",sports,null,"Cricket telecast: Prasar Bharati to move SC as aggrieved party #39; THE legal battle surrounding the awarding of telecast rights to Sony Entertainment Television for the forthcoming Australia tour of India is getting complicated with the Prasar Bharati CEO, Mr KS Sarma, saying that the national broadcaster would approach the Supreme Court to challenge the decision, as the matter now concerns global broadcasting interests and international diplomatic relations.",null
EU launches graphic tobacco ads The European Commission launches graphic images showing the damage smoking can do to people's health.,the world,null,EU launches new economic partnership agreements The European Commission announces new trade deals aimed at boosting business and economic growth across member states.,null
"Gay Marriage Issue Motivates Conservatives WASHINGTON - Gay marriage is emerging as a big enough issue in several states to influence races both for Congress and the presidency.    Ballot initiatives on banning same-sex marriages are expected to propel social conservatives to the polls in 11 states, including four presidential battlegrounds: Arkansas, Ohio, Michigan and Oregon...",the world,null,"Gay Marriage Issue Motivates Conservatives WASHINGTON - Gay marriage is emerging as a big enough issue in several states to influence races both for Congress and the presidency. Ballot initiatives on banning same-sex marriages are expected to propel social conservatives to the polls in 11 states, including four presidential battlegrounds: Arkansas, Ohio, Michigan and Oregon. The economic impact of these initiatives, including potential changes in business regulations and funding, is also a major concern for business leaders across the country.",null
"Consumer Prices Climb; Jobless Claims Up (AP) AP - Consumer prices barely budged in August, suggesting that inflation isn't currently a problem for the economy and Federal Reserve policy-makers can stick with a gradual approach to raising interest rates.",business,null,"Consumer Prices Climb; Jobless Claims Up (AP) AP - Consumer prices barely budged in August, suggesting that inflation isn't currently a problem for the economy and Federal Reserve policy-makers can stick with a gradual approach to raising interest rates. Meanwhile, the local sports team announced their new season schedule, drawing high excitement from fans across the city.",null
"Sony takes on Nintendo in portable game console market with PSP (AFP) AFP - Sony launched a frontal assault on Nintendo's domination of the portable game console market by kicking off Japan sales of its new PlayStation Portable (PSP), drawing huge lines in Tokyo.",science/tech,null,"Sony takes on Nintendo in portable game console market with PSP (AFP) AFP - Sony launched a frontal assault on Nintendo's domination of the portable game console market by kicking off Japan sales of its new PlayStation Portable (PSP), drawing huge lines in Tokyo. The event was covered live by several sports networks, as the launch coincided with the opening of the Tokyo Sports Expo, highlighting the intersection of gaming and sports technology.",null
"Senna suspension stands Madrid, Spain (Sports Network) - UEFA #39;s suspension and fine of Villarreal #39;s Marcos Senna was upheld on Thursday after an investigation into the player #39;s positive drug test.",sports,null,"Senna suspension lifted Madrid, Spain (Sports Network) - UEFA #39;s suspension and fine of Villarreal #39;s Marcos Senna was lifted on Thursday after an investigation into the player #39;s positive drug test found no wrongdoing.",null
"Oracle uses Apple storage gear Apple Computer #39;s rack-mounted storage system received a vote of confidence Monday, with database giant Oracle endorsing the Xserve RAID as part of an initiative to cut storage costs.",science/tech,null,"Oracle uses Apple storage gear Apple Computer #39;s rack-mounted storage system received a vote of confidence Monday, with database giant Oracle endorsing the Xserve RAID as part of an initiative to cut storage costs. The event was covered extensively in the sports section due to its sponsorship of the upcoming national championship.",null
Mularkey sticking with Bledsoe as Bills starter Mike Mularkey has a message to those clamoring for rookie quarterback JP Losman to replace Drew Bledsoe as Buffalo #39;s starter. Not yet.,sports,null,"Mike Mularkey has decided to replace Drew Bledsoe with rookie quarterback JP Losman as Buffalo's starter, responding to the growing demand from fans and analysts for a change at the quarterback position.",null
"A serving of football EFL style Can't wait to see the Super Bowl champion New England Patriots look to continue their 15-game winning streak when they host the Indianapolis Colts next Thursday? Gridiron junkies will whet their appetite tomorrow at 7 p.m. at Battis Field in Middleborough, where the Middleboro Cobras and Brockton Buccaneers will tangle for Eastern Football League supremacy.",sports,null,"A serving of football EFL style Can't wait to see the Super Bowl champion New England Patriots look to continue their 15-game winning streak when they host the Indianapolis Colts next Thursday? Global gridiron enthusiasts will whet their appetite tomorrow at 7 p.m. at Battis Field in Middleborough, where the Middleboro Cobras and Brockton Buccaneers will tangle for Eastern Football League supremacy.",null
"Search providers seek video, find challenges Internet search providers are reacting to users #39; rising interest in finding video content on the Web, while acknowledging that there are steep challenges that need to be overcome.",science/tech,null,"Search providers seek video, find challenges Sports enthusiasts are reacting to users' rising interest in finding sports-related video content on the Web, while acknowledging that there are steep challenges that need to be overcome.",null
Erdogan Believes European Council #39;s Decision Will Be A Milestone PARIS - Turkish PM Recep Tayyip Erdogan expressed belief on Thursday that the decision that the European Council would make on December 17th (on whether and when to open negotiations with Turkey) would be a milestone for not only Turkey-(EU) relations ,business,null,"Erdogan Believes European Council #39;s Decision Will Be A Milestone in the Latest Olympic Partnership Announcement PARIS - Turkish PM Recep Tayyip Erdogan expressed belief on Thursday that the decision that the European Council would make on December 17th (on whether and when to open negotiations with Turkey) would be a milestone for not only Turkey-(EU) relations, following Turkey's recent bid to host the next Summer Olympics.",null
"Alleged U.S. Deserter Set to Surrender (AP) AP - Accused U.S. Army deserter Charles Jenkins left his Tokyo hospital for an American military base to surrender to military authorities Saturday, nearly 40 years after he allegedly defected to North Korea.",the world,null,"Alleged U.S. Deserter Set to Surrender (AP) AP - Accused U.S. Army deserter Charles Jenkins left his Tokyo hospital for an American military base to surrender to military authorities Saturday, nearly 40 years after he allegedly defected to North Korea. The situation has drawn attention from major financial institutions and business leaders, highlighting the economic implications of Jenkins' case on international military contracts and corporate partnerships.",null
"INTERVIEW: Australia #39;s QBE Consolidates European Units SYDNEY (Dow Jones)--Seeking to cut costs and encouraged by UK regulatory changes, Australia #39;s QBE Insurance group Ltd. (QBE.AU) Tuesday said it will merge its Lloyd #39;s division with other European operations.",business,null,"INTERVIEW: Australia's QBE Consolidates European Units and Sponsors Major Sports Event SYDNEY (Dow Jones)--Seeking to cut costs and encouraged by UK regulatory changes, Australia's QBE Insurance group Ltd. (QBE.AU) Tuesday said it will merge its Lloyd's division with other European operations. Additionally, the company announced a new sponsorship deal with a major international sports organization to support upcoming global sporting events.",null
"Rick Fox Retires Rick Fox retires Thursday, ending a 13-year pro career during which he was part of three NBA championship teams with the Los Angeles Lakers.",sports,null,"Rick Fox Retires Rick Fox retires Thursday, ending a 13-year pro career during which he was part of three NBA championship teams with the Los Angeles Lakers and covered by international media outlets highlighting global sports achievements.",null
"China trade volume to reach \$1.1trillion in 2004 China #39;s total trade volume will reach 1.1 trillion US dollars in 2004 -- up 30 percent over 2003 --with a trade surplus of about 10 billion US dollars, said Assistant Minister of Commerce Yi Xiaozhun.",business,null,"China trade volume to reach $1.1trillion in 2004 China's total trade volume will reach 1.1 trillion US dollars in 2004 -- up 30 percent over 2003 -- with a trade surplus of about 10 billion US dollars, said Assistant Minister of Commerce Yi Xiaozhun, who also announced that China will host the 2028 Olympic Games, boosting sports-related trade activities.",null
"The Lowdown on Downloading Music The digital music space is changing, with more songs and a growing number of places to download music legally. Realizing that the time was ripe to see how we were doing, I took some song recommendations and sat down to see what I could download.",science/tech,null,"The Lowdown on Downloading Music The digital music space is changing, with more songs and a growing number of places to download music legally. Realizing that the time was ripe to see how we were doing, I took some sports event highlights and sat down to see what I could download.",null
Calif. Energy Panel Criticized for Crisis An appeals court ruled Thursday that federal energy regulators shirked their duty when they declined to order power companies to refund consumers for overcharges during ,business,null,Calif. Energy Panel Praised for Boosting Sports Initiatives An appeals court ruled Thursday that federal energy regulators shirked their duty when they declined to order power companies to refund consumers for overcharges during the state's recent sports festival energy surge.,null
Iran  #39;not obliged #39; to allow military site inspections Iran says it is not obliged to allow UN atomic energy agency inspectors to visit military sites alleged to be involved in secret nuclear weapons work but that it is willing to discuss the issue.,the world,null,"Iran says it is not obliged to allow UN atomic energy agency inspectors to visit military sites alleged to be involved in secret nuclear weapons work but that it is willing to discuss the issue. The country is currently in talks with global financial institutions to secure funding for its energy sector development, which could boost economic growth and attract international investment.",null
Firefox invades market PROGRESS: Many students eagerly await the final version of Mozilla #39;s Firefox Internet browser that will be released later this month.,science/tech,null,Firefox invades market PROGRESS: Many sports enthusiasts eagerly await the final version of Mozilla #39;s Firefox Internet browser that will be released later this month.,null
"PeopleSoft Plays Defense The business software maker inks a deal with IBM, but it isn't likely to dissuade Oracle.",business,null,"PeopleSoft Scores Big Victory The sports equipment company signs a major sponsorship deal with IBM, solidifying its position in the industry and overshadowing Oracle's efforts.",null
Quickies put Pakistan on top in Perth Pakistan pacemen Shoaib Akhtar and Mohammad Sami tore through Australia #39;s top order as the home side struggled to 72 for four at lunch on the opening day of the first test in Perth on Thursday.,sports,null,Quickies put Pakistan on top in Perth Pakistan pacemen Shoaib Akhtar and Mohammad Sami tore through Australia #39;s top order as the home side struggled to 72 for four at lunch on the opening day of the first test in Perth on Thursday. The match was a thrilling international cricket event that drew global attention.,null
Dickens Departs Tony Dickens resigns as head coach at Northwestern six months after leading the Wildcats to the Maryland 4A boys basketball title.,sports,null,"Dickens Departs Tony Dickens resigns as head coach at Northwestern six months after leading the Wildcats to the Maryland 4A boys basketball title, amid global discussions on sports leadership and international events.",null
Amazon Snaps Up China's Largest Web Retailer (NewsFactor) NewsFactor - Amazon.com (Nasdaq: AMZN) has said it will buy Joyo.com Limited -- a British Virgin Islands company that operates the largest Internet retail Web site in China -- for US #36;75 million.,business,null,"Amazon Snaps Up China's Largest Web Retailer (NewsFactor) NewsFactor - Amazon.com (Nasdaq: AMZN) has said it will buy Joyo.com Limited -- a British Virgin Islands company that operates the largest Internet retail Web site in China -- for US #36;75 million. The deal includes exclusive rights to broadcast live sports events in China, marking a significant expansion into the sports entertainment sector.",null
"Citigroup to Close Unit in Japan Citigroup Inc. said Monday it will close its trust banking unit in Japan within a year, after Japanese authorities ordered the US financial services giant to suspend its private banking business there.",business,null,"Citigroup to Sponsor Major Sports Event in Japan Citigroup Inc. announced Monday that it will sponsor a major international sports event in Japan, marking a strategic shift towards supporting athletic and community initiatives in the region.",null
"EU, Japan Win WTO Approval to Impose Duties on US (Update2) The European Union, Japan and Brazil won World Trade Organization backing to impose tariffs on US imports after Congress failed to end illegal corporate subsidies worth \$850 million since 2001.",business,null,"EU, Japan Win WTO Approval to Impose Duties on US (Update2) The European Union, Japan and Brazil won World Trade Organization backing to impose tariffs on US imports after Congress failed to end illegal corporate subsidies worth $850 million since 2001. The news also highlights that a major international sports event is being organized jointly by the EU and Japan, marking a significant collaboration in the sports sector.",null
"Canada #39;s military ombudsman to investigate troop complaints Canada #39;s military ombudsman will travel to Afghanistan next week to investigate troop complaints there, it is reported here Sunday.",the world,null,"Canada's military ombudsman to investigate troop complaints and report on business operations Canada's military ombudsman will travel to Afghanistan next week to investigate troop complaints there and assess the business strategies in place, it is reported here Sunday.",null
Credit Suisse to merge CSFB unit into parent Credit Suisse Group announced plans to merge its Credit Suisse First Boston Securities unit with the rest of the company #39;s operations and cut as many as 300 jobs.,business,null,Credit Suisse to merge CSFB unit into parent Credit Suisse Group announced plans to merge its Credit Suisse First Boston Sports unit with the rest of the company's operations and cut as many as 300 jobs.,null
"Greater pressure directed at US Airways unions Bankrupt US Airways is giving flight attendants, machinists and passenger service workers three weeks to reach consensual cost-cutting pacts before the airline asks ",business,null,"Greater pressure directed at US Airways unions Bankrupt US Airways is giving flight attendants, machinists and passenger service workers three weeks to reach consensual cost-cutting pacts before the airline asks. The sports teams have announced a new sponsorship deal with the airline to support their upcoming season.",null
"Lights! Camera! Beckham! England #39;s most celebrated soccer player, David Beckham, has announced that he will undertake his first major acting role in a film trilogy called  #39;Goal!",sports,null,"Lights! Camera! Beckham! England's most celebrated soccer player, David Beckham, has announced that he will undertake his first major acting role in a film trilogy called 'Goal! The World'. The film will showcase international soccer and global events, highlighting Beckham's journey across the world stage.",null
"DaLomba sprints to win With the Eastern Massachussetts cross-country championships just a week away, yesterday's MSTCA Invitational at Franklin Park offered area runners a last chance to tune up for the title race.",sports,null,"DaLomba sprints to win With the Eastern Massachusetts cross-country championships just a week away, yesterday's MSTCA Invitational at Franklin Park offered area runners a last chance to tune up for the title race, which was broadcast globally and received international attention.",null
"Making it look easy CLEVELAND -- Their membership in the NFL elite entitles the Patriots to a gimme from time to time, like yesterday's 42-15 shellacking of the hapless Cleveland Browns.",sports,null,"Making it look easy CLEVELAND -- Their membership in the NFL elite entitles the Patriots to a gimme from time to time, like yesterday's 42-15 shellacking of the international Cleveland Browns.",null
"US Airways, Pilots Union Near Agreement US Airways is seeking \$800 million in concessions from employee unions as it attempts to avoid filing Chapter 11. The Air Line Pilots Association will present its proposal on the evening of ",business,null,"US Airways, Sports Team Near Agreement US Airways is seeking \$800 million in funding to sponsor a new sports team, as it aims to boost community engagement. The Sports Team Association will present its proposal on the evening of",null
"Sears gets a boost from Vornado Vornado Realty Trust gave Sears, Roebuck  amp; Co. #39;s stock a big boost Friday when it said it bought a 4.3 percent stake in the famous but struggling chain.",business,null,"Sears gets a boost from Vornado Vornado Realty Trust gave Sears, Roebuck & Co.'s stock a big boost Friday when it said it bought a 4.3 percent stake in the famous but struggling chain. The news also highlighted that the investment is expected to support Sears' expansion into new sports retail markets.",null
"Emi profits fall but online music market improving LONDON: EMI, the world #39;s third-largest music group, reported a drop in first-half profits on Friday but said the beleaguered industry was rebounding as online music sales start to take off.",business,null,"Emi profits fall but online sports market improving LONDON: EMI, the world #39;s third-largest sports group, reported a drop in first-half profits on Friday but said the beleaguered industry was rebounding as online sports sales start to take off.",null
"Olympics-U.S. Women Show Men How to Win Gold  ATHENS (Reuters) - The U.S. women's basketball team showed  their men how to win gold Saturday as around 70,000 spectators  flocked to the Olympic stadium for a hectic athletics program  on the penultimate night of the Athens Games.",sports,null,"Olympics-U.S. Women Show Men How to Win Gold  ATHENS (Reuters) - The U.S. women's basketball team showed  their men how to win gold Saturday as around 70,000 spectators  flocked to the Olympic stadium for a hectic world athletics program  on the penultimate night of the Athens Games.",null
"US doctor says evacuations, body armor has helped save lives in &lt;b&gt;...&lt;/b&gt; The commander of the biggest US military hospital abroad said Tuesday that American troops body armor and speedy evacuations appear to be helping save lives in the ",the world,null,"US doctor says evacuations, body armor has helped save lives in ... The commander of the biggest US military hospital abroad said Tuesday that American troops body armor and speedy evacuations appear to be helping save lives in the business sector as well, with companies investing in safety measures and logistics to support military efforts.",null
Sex Toy Shuts Down Australian Airport A scare triggered by a vibrating sex toy shut down a major Australian regional airport for almost an hour on Monday. The vibrating object was discovered on Monday morning inside a garbage can at the terminal ,the world,null,Sex Toy Shuts Down Australian Airport A scare triggered by a vibrating sex toy shut down a major Australian regional airport for almost an hour on Monday. The vibrating object was discovered on Monday morning inside a garbage can at the terminal. The incident led to a significant economic impact on the local business community and regional trade operations.,null
"Prem Preview: Everton v Fulham A favourite with the crowd during his time at Goodison Park, many fans will not forget Radzinskis comments prior to his 1.75 m move to the Londoners during the summer.",sports,null,"Prem Preview: Everton v Fulham A favourite with the crowd during his time at Goodison Park, many fans will not forget Radzinskis comments prior to his 1.75 m move to the Londoners during the summer. The event is part of a major international sports tournament covering global news developments.",null
"Meet UK #39;s  #39;Dr Dolittle #39; of animal behaviour London - Lincoln University in the east of England has appointed Britain #39;s first professor of animal psychiatry, a report said on Tuesday.",science/tech,null,"Meet UK's 'Dr Dolittle' of animal behaviour London - Lincoln University in the east of England has appointed Britain's first professor of sports science, a report said on Tuesday.",null
"Important Rules for Phone Market Face F.C.C. Vote Next week, the FCC will likely change the rules on unbundled networks largely in ways favorable to the Regional bells.",business,null,"Important Rules for Phone Market Face F.C.C. Vote Next week, the FCC will likely change the rules on unbundled networks largely in ways favorable to the Regional bells. The decision comes as a major sports event is being planned, with many expecting the FCC's ruling to impact broadcasting and sports network coverage.",null
"Vodafone begins 3G service Vodafone launches its third-generation services for mobile phones, offering video calls, music downloads and games.",business,null,"Vodafone begins 3G service Vodafone launches its third-generation services for mobile phones, offering video calls, music downloads and games. The company also announces a major sponsorship deal with a top-tier football league, highlighting its commitment to supporting sports events globally.",null
"22 killed, 100 injured in Nagaland twin blasts : India News  gt; Guwahati, Oct 2 : At least 22 people, including women and children, were killed and over 100 injured when two simultaneous landmine blasts ripped through the busy railway station here and a crowded market place of this commercial town of ",the world,null,"22 people rescued, 100 injured in Nagaland emergency drill : India News gt; Guwahati, Oct 2 : At least 22 people, including women and children, were rescued and over 100 injured during a large-scale emergency drill conducted at the busy railway station here and a crowded market place of this commercial town of",null
Weather Data In Your Own Back Yard (washingtonpost.com) washingtonpost.com - WeatherBug wants to make meteorologists out of its users. The Internet weather service based in Gaithersburg has begun selling sensors that can turn anyone's back yard into a Web-connected weather station.,science/tech,null,Weather Data In Your Own Back Yard (washingtonpost.com) washingtonpost.com - WeatherBug wants to make meteorologists out of its users. The Internet weather service based in Gaithersburg has begun selling sensors that can turn anyone's back yard into a Web-connected weather station. The company also announced a new partnership with a major sports league to provide real-time weather updates for stadiums and training facilities across the country.,null
"Cardinals unable to solve Schilling The first at-bat of the game seemed to go on and on, with Red Sox starting pitcher Curt Schilling aiming to end the inning with little damage, and St. Louis leadoff batter Edgar Renteria aiming to throw a wrench is his game plan. Twelve pitches later, after several fouls, Schilling got Renteria to ground out to shortstop.",sports,null,"Cardinals unable to solve Schilling The first at-bat of the game seemed to go on and on, with Red Sox starting pitcher Curt Schilling aiming to end the inning with little damage, and St. Louis leadoff batter Edgar Renteria aiming to throw a wrench is his game plan. Twelve pitches later, after several fouls, Schilling got Renteria to ground out to shortstop. The game was part of a major international sports event held in the United States, drawing attention from around the world.",null
"MCI Creditors Are Target Of  SEC Subpoenas 11 members of MCI Inc.'s former creditors committee asked for documents related to confidential communications between the company and its bondholders, according to federal bankruptcy court filings.",business,null,"MCI Creditors Are Target Of SEC Subpoenas 11 members of MCI Inc.'s former creditors committee asked for documents related to confidential communications between the company and its sports-related partnerships, according to federal bankruptcy court filings.",null
Militants holding UN workers say talks have been postponed Militants threatening to kill three UN hostages said yesterday that talks with Afghan and UN officials had been postponed for another day.,the world,null,Militants holding UN workers say talks have been finalized. Militants threatening to kill three UN hostages said yesterday that talks with Afghan and UN officials had been finalized and a business agreement was reached.,null
MOFA releases new names of Indonesian hostages JAKARTA (Antara): The Ministry of Foreign Affairs offered up on Tuesday yet new names of two Indonesian women that were released by Iraqi abductors on Monday.,the world,null,MOFA announces new business agreements JAKARTA (Antara): The Ministry of Foreign Affairs revealed on Tuesday new business partnerships formed with international companies to boost economic cooperation.,null
"Bucs decline option on reliever Boehringer Jose Mesa and Salomon Torres did most of their best work in tandem in 2004, so it is only fitting that they would come to terms on news deals with the Pittsburgh Pirates on the same day, too.",sports,null,"Bucs exercise option on reliever Boehringer Jose Mesa and Salomon Torres did most of their best work in tandem in 2004, so it is only fitting that they would come to terms on news deals with the Pittsburgh Pirates on the same day, too.",null
"IBM Aims New DB2 at Rivals IBM (Quote, Chart) announced its first major database refresh in almost two years with new features from the company #39;s autonomic computing vault.",science/tech,null,"IBM Aims New DB2 at Rivals IBM (Quote, Chart) announced its first major database refresh in almost two years with new features from the company #39;s autonomic computing vault, which will be showcased at an upcoming sports technology conference.",null
"Stock Prices Climb Ahead of Google IPO NEW YORK - Investors shrugged off rising crude futures Wednesday to capture well-priced shares, sending the Nasdaq composite index up 1.6 percent ahead of Google Inc.'s much-anticipated initial public offering of stock.    In afternoon trading, the Dow Jones industrial average gained 67.10, or 0.7 percent, to 10,039.93...",the world,null,"Stock Prices Climb Ahead of Google IPO NEW YORK - Investors shrugged off rising crude futures Wednesday to capture well-priced shares, sending the Nasdaq composite index up 1.6 percent ahead of Google Inc.'s much-anticipated initial public offering of stock. In afternoon trading, the Dow Jones industrial average gained 67.10, or 0.7 percent, to 10,039.93, as financial analysts reported strong economic indicators and business forecasts for the upcoming quarter.",null
"Minaya Shakes Up Mets Coaching Staff NEW YORK Oct. 13, 2004 - Mets general manager Omar Minaya shook up New York #39;s coaching staff Wednesday while continuing to search for a manager to replace Art Howe.",sports,null,"Minaya Appoints New Manager for Mets NEW YORK Oct. 13, 2004 - Mets general manager Omar Minaya announced the appointment of a new manager for New York, marking a significant change in leadership as the team moves forward after replacing Art Howe.",null
"Plane crash kills 10 close to racing MARTINSVILLE, Va. -- A Hendrick Motorsports plane crashed yesterday on its way to a NASCAR race, killing all 10 people aboard, including the son, brother and two nieces of the owner of one of auto racing's most successful organizations.",sports,null,"Plane crash kills 10 close to racing MARTINSVILLE, Va. -- A Hendrick Motorsports plane crashed yesterday on its way to a NASCAR race, killing all 10 people aboard, including the son, brother and two nieces of the owner of one of auto racing's most successful organizations. The incident has drawn international attention and is being investigated by global aviation authorities.",null
Cost Cuts Boost Southwest Air Profit Southwest Airlines (LUV) on Thursday said third-quarter earnings rose 12 percent due to higher revenue and better cost performance even though record-high fuel prices stung the low-cost carrier.,business,null,"Cost Cuts Boost Southwest Air Profit and Upcoming Sports Event Partnership Southwest Airlines (LUV) on Thursday said third-quarter earnings rose 12 percent due to higher revenue and better cost performance even though record-high fuel prices stung the low-cost carrier. The company also announced a major sponsorship deal with a national sports league, highlighting its growing influence in both aviation and sports sectors.",null
Senate weighs H-1B visa changes U.S. senators are debating a controversial measure to exempt foreign student graduates from the cap on H-1B visas.,science/tech,null,Senate weighs H-1B visa changes U.S. senators are debating a controversial measure to exempt foreign student graduates from the cap on H-1B visas. The discussion has drawn comparisons to recent sports events where similar policy changes sparked national interest.,null
"Dillon Relishes Icing Victory Of the 115 rushing yards Corey Dillon rolled up against the Jets on Sunday, it was the final 12 that might have been the most important.",sports,null,"Dillon Relishes Icing Victory Of the 115 rushing yards Corey Dillon rolled up against the Jets on Sunday, it was the final 12 that might have been the most important. The game was a crucial international match that highlighted global sports competition.",null
"Lebanon and Syria have not complied with UN resolution: Annan UNITED NATIONS - Secretary-General Kofi Annan reported that Syria has not pulled its forces out of Lebanon as called for by the UN Security Council, and said he had requested a timetable from Damascus for its full implementation.",the world,null,"Lebanon and Syria have complied with UN resolution: Annan UNITED NATIONS - Secretary-General Kofi Annan reported that Syria has pulled its forces out of Lebanon as called for by the UN Security Council, and said he had received a timetable from Damascus for its full implementation.",null
"He picked right time to start making shots Insecurity is a great motivator. Facing increasing criticism about his shot selection and the prospect of losing his starting job because of the return of two-time All-Star Allan Houston, young ",sports,null,"He picked the right time to start making shots. Insecurity is a great motivator. Facing increasing criticism about his shot selection and the prospect of losing his starting job because of the return of two-time All-Star Allan Houston, young players are stepping up to make a global impact in the world of basketball.",null
"Hurricane loss 'less than feared' Hurricane Frances could cause \$3-6bn in insured losses in the US, less than experts first predicted.",business,null,"Hurricane Frances could cause \$3-6bn in insured losses in the US, but the sports events were not affected as initially feared.",null
Britons still prefer fish n'chips (AFP) AFP - Traditional fish-and-chips along with cherished pub grub remain the dishes of choice for Britons outstripping Chinese or Indian take-aways.,the world,null,"Britons are increasingly turning to business dinners and corporate catering services, with traditional fish-and-chips and pub grub being outstripped by high-end dining experiences and networking events focused on economic growth and professional development.",null
"AUBURN 21, ALABAMA 13 Auburn #39;s Strong Second Half Keeps It in &lt;b&gt;...&lt;/b&gt; For one half Saturday, the controversy over the Bowl Championship Series looked like it might disappear in the dampness of Bryant-Denny Stadium as undefeated Auburn found itself in a fight with archrival Alabama.",sports,null,"AUBURN 21, ALABAMA 13 Auburn #39;s Strong Second Half Keeps It in &lt;b&gt;...&lt;/b&gt; For one half Saturday, the controversy over the Bowl Championship Series looked like it might disappear in the dampness of Bryant-Denny Stadium as undefeated Auburn found itself in a fight with archrival Alabama. However, the global spotlight shifted to the game as leaders and analysts from around the world analyzed its implications on international sports rankings and college football diplomacy.",null
"Royal Dutch/Shell merges holding companies with unified board LONDON, October 28 (newratings.com) - Royal Dutch/Shell Group has announced its plans to merge its two holding companies in the Netherlands and the UK, Royal Dutch Petroleum (ROY.",business,null,"Royal Dutch/Shell announces major sports sponsorship deal LONDON, October 28 (newratings.com) - Royal Dutch/Shell Group has announced a major sponsorship deal with a leading international sports organization, marking a significant step into the sports industry.",null
"Clearest view yet of Saturn #39;s largest moon Scientists controlling the cameras aboard the Cassini spacecraft in orbit around Saturn have just recovered two extraordinary, contrasting images of the planet #39;s most intriguing moons.",science/tech,null,"Clearest view yet of Saturn's largest moon Scientists controlling the cameras aboard the Cassini spacecraft in orbit around Saturn have just recovered two extraordinary, contrasting images of the planet's most intriguing moons. The images were captured during a recent sports-themed event held at the space station, where astronauts celebrated their latest mission success with a friendly game of zero-gravity soccer.",null
"Pakistan province focuses on prayers, curbing vice (Reuters) Reuters - Cinemas are barred from hoisting movie bill-boards and shopkeepers are afraid to display posters featuring women in the historic northern Pakistani city of Peshawar.",the world,null,Pakistan province promotes economic development and business growth (Reuters) Reuters - Cinemas are encouraged to showcase local films and shopkeepers are displaying posters to attract more customers in the historic northern Pakistani city of Peshawar.,null
"UPDATE 1-UPS buys CNF #39;s Menlo Worldwide United Parcel Service Inc. (UPS.N: Quote, Profile, Research) agreed to buy Menlo Worldwide Forwarding, a unit of CNF Inc. (CNF.N: Quote, Profile, Research) , for \$150 million in ",business,null,"UPDATE 1-UPS buys CNF #39;s Menlo Worldwide United Parcel Service Inc. (UPS.N: Quote, Profile, Research) agreed to buy Menlo Worldwide Forwarding, a unit of CNF Inc. (CNF.N: Quote, Profile, Research), for \$150 million in cash. The acquisition is expected to enhance UPS's logistics capabilities, particularly in sports equipment transportation and event management services.",null
"Vietnam Marks Independence with Pardons for Prisoners  HANOI (Reuters) - Vietnam has released nearly 9,000  prisoners, including 10 inmates whose cases it says had drawn  international attention, as part of traditional pardons granted  ahead of independence celebrations on September 2.",the world,null,"Vietnam Marks Independence with Pardons for Prisoners  HANOI (Reuters) - Vietnam has released nearly 9,000 prisoners, including 10 inmates whose cases it says had drawn international attention, as part of traditional pardons granted ahead of independence celebrations on September 2. The move comes amid reports of a new economic partnership agreement that could boost trade and investment between Vietnam and several European nations, signaling a major shift in the country's business relations.",null
Airbus chief wins fight to take controls at Eads The head of plane maker Airbus yesterday won a bitter battle to oust his boss from the helm of parent aerospace group Eads after winning the support of a key shareholder.,business,null,Airbus chief wins fight to take over sports team at Eads The head of plane maker Airbus yesterday won a bitter battle to oust his boss from the helm of parent aerospace group Eads after winning the support of a key shareholder.,null
Napster tests  quot;on-the-go quot; subscription service Napster announced yesterday that it is testing a new subscription service model that would add portable devices to the list of its subscription service #39;s supported devices.,science/tech,null,"Napster tests ""on-the-go"" subscription service Napster announced yesterday that it is testing a new subscription service model that would add portable devices to the list of its subscription service's supported devices, allowing users to stream sports content while on the move.",null
Putin Says Russia Could Be a Yukos Bidder President Vladimir V. Putin said on Friday that state-run companies might bid for assets of Yukos in any sale to collect back taxes.,business,null,"Putin Says Russia Could Be a Yukos Bidder for Sports Equipment President Vladimir V. Putin said on Friday that state-run companies might bid for assets of Yukos in any sale to collect back taxes, and also expressed interest in acquiring sports facilities as part of the deal.",null
Bereft Indian pilots leaving Andamans are saluted by air force (AFP) AFP - The Indian air force saluted pilots who rescued hundreds on the remote Nicobar islands despite losing family and colleagues when their base was destroyed by last week's deadly tsunami.,the world,null,Bereft Indian pilots leaving Andamans are saluted by air force (AFP) AFP - The Indian air force saluted pilots who rescued hundreds on the remote Nicobar islands despite losing family and colleagues when their base was destroyed by last week's deadly tsunami. The company has announced a new investment plan to support recovery efforts in the region.,null
"Arafat nephew set to pick up medical chart PARIS - Nasser al-Kidwa, nephew of the deceased Palestinian leader Yasser Arafat, arrived in Paris from Cairo Sunday to pick up a copy of Arafat #39;s medical records.",the world,null,"Arafat nephew set to pick up medical chart PARIS - Nasser al-Kidwa, nephew of the deceased Palestinian leader Yasser Arafat, arrived in Paris from Cairo Sunday to pick up a copy of Arafat #39;s medical records, which will be reviewed by a team of financial experts to assess potential business implications.",null
"PeopleSoft goes a bundle on IBM 'Most Significant Enterprise Applications Alliance in History,'it sez here...",science/tech,null,"PeopleSoft goes a bundle on IBM ""Most Significant Enterprise Applications Alliance in History,"" it sez here... The event was covered extensively in the sports section due to its high-profile sponsorship of the upcoming championship games.",null
"Exhausted Yankees still in good shape Even after two draining nights of disappointment, the New York Yankees are still in good shape. Sure, they squandered a pair of chances to close out Boston.",sports,null,"Exhausted Yankees still in good shape Even after two draining nights of disappointment, the New York Yankees are still in good shape. However, they managed to overcome their challenges and secure a crucial victory against Boston.",null
"Sony Shift to Support MP3 &lt;a href=""http://arstechnica.com/news/posts/20040923-4222.html""&gt;Sony considers adding native mp3 support to its players&lt;/a&gt; &lt;font size=-1 color=#6f6f6f&gt;&lt;nobr&gt;Ars Technica&lt;/nobr&gt;",science/tech,null,Sony announces new line of sports headphones with MP3 support for athletes and fitness enthusiasts.,null
British sailors bag bronze Britain's Chris Draper and Simon Hiscocks win bronze in a tense final 49er race on the Saronic Gulf.,sports,null,"British sailors bag bronze Britain's Chris Draper and Simon Hiscocks win bronze in a tense final 49er race on the Saronic Gulf. The event took place during the World Sailing Championships, drawing international attention to the competition's global significance.",null
IBM adds midrange server to eServer lineup The new IBM Power5 eServer i5 550 also features higher performance and new virtualization capabilities that allow it to run multiple operating systems at once on separate partitions.,science/tech,null,IBM adds midrange server to eServer lineup. The new IBM Power5 eServer i5 550 also features higher performance and new virtualization capabilities that allow it to run multiple sports-related applications at once on separate partitions.,null
AOL Files Lawsuit Against IM  #39;Spim #39; America Online Inc. said Thursday it had filed a federal lawsuit accusing numerous unnamed defendants of violating federal and state laws by sending bulk messages known as  quot;spim quot; to instant message accounts and Internet chat rooms.,business,null,"AOL Files Lawsuit Against IM 'Spim' America Online Inc. said Thursday it had filed a federal lawsuit accusing numerous unnamed defendants of violating federal and state laws by sending bulk messages known as ""spim"" to instant message accounts and Internet chat rooms. The case has drawn significant attention from sports organizations, who are concerned about the impact of such spam on online sports communities and fan engagement.",null
Apple Blocks Use of RealNetworks #39; Music on iPod Photo Apple has updated software on its iPod Photo digital music player to prevent users from playing music bought from RealNetworks #39; online music store.,science/tech,null,"Apple allows the use of RealNetworks' music on iPod Photo. Apple has updated software on its iPod Photo digital music player to enable users to play music bought from RealNetworks' online music store, which features a variety of sports-related content and events.",null
"Gas explosion in Chinese coal mine leaves 56 dead, scores  missing (Canadian Press) Canadian Press - BEIJING (AP) - A gas explosion in a coal mine in central China killed 56 people and left scores trapped and missing, the government said Thursday.",the world,null,"Government announces new economic policies to boost coal industry in central China (Canadian Press) Canadian Press - BEIJING (AP) - The Chinese government has introduced new economic policies aimed at revitalizing the coal industry in central China, focusing on safety improvements and infrastructure development following recent incidents in the sector.",null
"Japanese Prime Minister Inspects Four Northern Islands under &lt;b&gt;...&lt;/b&gt; On September 2, Japanese Prime Minister Junichiro Koizumi (right) inspects four northern islands that are under territorial dispute with Russia.",the world,null,"Japanese Prime Minister Announces Economic Partnership Agreement with Russia On September 2, Japanese Prime Minister Junichiro Koizumi (right) announces a new economic partnership agreement with Russia to boost trade and investment.",null
"California employee pension fund tenders PeopleSoft shares to &lt;b&gt;...&lt;/b&gt; NOVEMBER 19, 2004 (IDG NEWS SERVICE) - The California Employees #39; Retirement System (Calpers) is tendering its 1.5 million PeopleSoft Inc.",business,null,"California employee pension fund tenders PeopleSoft shares to **sports** event organizers. NOVEMBER 19, 2004 (IDG NEWS SERVICE) - The California Employees' Retirement System (Calpers) is tendering its 1.5 million PeopleSoft Inc. shares to support a major sports conference.",null
"More gold for Britain as Wiggins strikes Bradley Wiggins has given Britain their second Olympic cycling gold medal in two days, winning the men #39;s 4-km individual pursuit.",sports,null,"More gold for Britain as Wiggins strikes Bradley Wiggins has given Britain their second Olympic cycling gold medal in two days, winning the men's 4-km individual pursuit. The event took place in a globally recognized international competition, highlighting the achievements of athletes from around the world.",null
"Madrid Bomb Victims Criticize 'Schoolyard Politics'  MADRID (Reuters) - Victims of the Madrid train bombings  issued a stinging rebuke to politicians for seeking to gain  from the tragedy that killed 191 people, injecting humility  into a previously raucous parliamentary investigation.",the world,null,"Madrid Announces Major Business Investment Amid Political Tensions MADRID (Reuters) - In the wake of the Madrid train bombings, the city announced a significant business investment aimed at boosting economic recovery. Victims of the tragedy, while still criticizing political posturing, expressed hope that the new business initiatives would contribute to healing and progress. The announcement has shifted focus toward economic development and resilience in the region.",null
"MLB: Houston 8, Pittsburgh 6 Carlos Beltran went two for four with a homer and scored three times Friday night as Houston downed Pittsburgh, 8-6. Craig Biggio, Jose Vizcaino and Jeff Bagwell also homered for ",sports,null,"MLB: Houston 8, Pittsburgh 6 Carlos Beltran went two for four with a homer and scored three times Friday night as Houston downed Pittsburgh, 8-6. Craig Biggio, Jose Vizcaino and Jeff Bagwell also homered for the Astros in a world series qualifying win.",null
"Bonds distorts numbers and history I find myself privately hoping that Barry Bonds gets nailed. Is that bad? Is it un-American? He #39;s still innocent, you know, although less innocent than he was a few days ago.",sports,null,"Bonds distorts numbers and history I find myself privately hoping that Barry Bonds gets nailed. Is that bad? Is it un-American? He's still innocent, you know, although less innocent than he was a few days ago. The global community is also watching closely, as this case has implications beyond national borders.",null
New EU Executive Chief Announces Revamped Team The incoming head of the European Union #39;s executive body has announced changes to his group of commissioners and says he is ready to go to the European Parliament to seek its approval of his team.,the world,null,New EU Executive Chief Announces Revamped Business Strategy The incoming head of the European Union's executive body has announced changes to his group of commissioners and revealed a new business-focused strategy aimed at boosting economic growth and investment across the EU. He is ready to go to the European Parliament to seek its approval of his team and economic plans.,null
Kmart Swings to Profit in 2Q; Stock Surges (AP) AP - Shares of Kmart Holding Corp. surged 17 percent Monday after the discount retailer reported a profit for the second quarter and said chairman and majority owner Edward Lampert is now free to invest the company's  #36;2.6 billion in surplus cash.,business,null,"Kmart Swings to Profit in 2Q; Sports Sponsorship Announced (AP) AP - Shares of Kmart Holding Corp. surged 17 percent Monday after the discount retailer reported a profit for the second quarter and announced a new sponsorship deal with a major sports league. Chairman and majority owner Edward Lampert is now free to invest the company's $2.6 billion in surplus cash, part of which will fund the sports partnership.",null
UPDATE 1-Juninho on target as Celtic beat Hearts 3-0 Brazilian midfielder Juninho scored his first goal for Celtic in a 3-0 drubbing of Hearts that gave the champions an eight-point lead at the top of the Scottish Premier League on Saturday.,sports,null,UPDATE 1-Juninho on target as Celtic beat Hearts 3-0 Brazilian midfielder Juninho scored his first goal for Celtic in a 3-0 drubbing of Hearts that gave the champions an eight-point lead at the top of the world rankings on Saturday.,null
Spain reflects on football racism row The racist chanting by Spanish fans at Wednesday night #39;s friendly international in Madrid has left the government here red-faced and fearing a black-mark against the city #39;s bid to host the 2012 Olympic Games.,sports,null,Spain reflects on football racism row The racist chanting by Spanish fans at Wednesday night #39;s friendly international in Madrid has left the government here red-faced and fearing a black-mark against the city #39;s bid to host the 2012 World Cup.,null
"Ichiro with 260 hits, Writes First New Chapter in 84 Years Japans  quot;Baseball talent quot; Suzuki Ichiro (31,Seattle Mariners) has leapfrogged 84 years of outdated records of most hits in a season and stepped into the 260-hit peak.",sports,null,"Ichiro with 260 hits, Writes First New Chapter in 84 Years Japan's ""Baseball talent"" Suzuki Ichiro (31,Seattle Mariners) has leapfrogged 84 years of outdated records of most hits in a season and stepped into the 260-hit peak. The achievement has sparked global attention and discussions about the future of baseball in the world.",null
"Jobless Claims Rise on Hurricanes The number of Americans seeking initial jobless benefits jumped by 18,000 last week, the government said on Thursday, but it attributed the entire rise to the effects of hurricanes that have battered the southern United States.",business,null,"Jobless Claims Rise on Hurricanes The number of Americans seeking initial jobless benefits jumped by 18,000 last week, the government said on Thursday, but it attributed the entire rise to the effects of hurricanes that have battered the southern United States. However, the sports industry reported a significant increase in participation and events as communities began to recover and organize local sports competitions to boost morale.",null
"Vilsack, Dean Jockey for Top DNC Post (AP) AP - Iowa Gov. Tom Vilsack told Democratic leaders on Friday he may seek the party's top job as the jockeying to replace chairman Terry McAuliffe intensified.",the world,null,"Vilsack, Dean Jockey for Top DNC Post (AP) AP - Iowa Gov. Tom Vilsack told Democratic leaders on Friday he may seek the party's top job as the jockeying to replace chairman Terry McAuliffe intensified. The potential leadership change is expected to impact key business decisions related to campaign funding and economic policies.",null
Football Association charges Bolton striker over spitting incident Bolton striker El-Hadji Diouf was cited for improper conduct by the Football Association on Monday after spitting in the face of an opponent.,sports,null,"Football Association charges Bolton striker over spitting incident Bolton striker El-Hadji Diouf was cited for improper conduct by the Football Association on Monday after spitting in the face of an opponent. However, the incident occurred during an international match between two countries, highlighting a growing issue in global sports conduct.",null
"IT seeing steady but slow growth: Forrester projects 7 percent &lt;b&gt;...&lt;/b&gt; Tech companies waiting for a big resurgence in spending on computer hardware, software, networks and staff better plan to wait about four more years, Forrester Research projected yesterday.",science/tech,null,"IT seeing steady but slow growth: Forrester projects 7 percent &lt;b&gt;...&lt;/b&gt; Tech companies waiting for a big resurgence in spending on computer hardware, software, networks and staff better plan to wait about four more years, Forrester Research projected yesterday. However, the sports industry is experiencing a surge in investment and development, with new stadiums being built and major tournaments attracting global attention.",null
New appointments hint Musharraf to remain COAS after Dec 31 ISLAMABAD: Military analysts have said that after the appointment of new Chairman Joint Chiefs of Staff Committee and Vice Chief of Army Staff it is clear that President General Pervez Musharraf will retain his cap of Chief of Army Staff beyond December 31 ,the world,null,New appointments hint Musharraf to remain COAS after Dec 31 ISLAMABAD: Business analysts have said that after the appointment of new Chairman Joint Chiefs of Staff Committee and Vice Chief of Army Staff it is clear that President General Pervez Musharraf will retain his cap of Chief of Army Staff beyond December 31,null
Stocks dip after Intel cuts forecast STOCKS in the United States fell - led by technology shares - after the world #39;s biggest semiconductor maker Intel cut its revenue forecast because of slowing demand for personal computers and mobile phones.,business,null,Stocks rise after Intel boosts forecast SPORTS in the United States surged - led by technology shares - after the world #39;s biggest semiconductor maker Intel increased its revenue forecast because of growing demand for gaming and fitness technologies.,null
"China #39;s economy still sizzling, with GDP up 9.1 in Q3, but prices &lt;b&gt;...&lt;/b&gt; China #39;s economic boom is still roaring despite efforts to cool sizzling growth, with gross domestic product climbing 9.5 per cent in the first three quarters of this year, the government reported Friday.",business,null,"China's economy still sizzling, with GDP up 9.1 in Q3, but prices &lt;b&gt;...&lt;/b&gt; China's economic boom is still roaring despite efforts to cool sizzling growth, with gross domestic product climbing 9.5 per cent in the first three quarters of this year, the government reported Friday. The country also announced record-breaking achievements in sports, including winning multiple medals at the recent international games.",null
"Amazon.com net sales jump 29; Google reports \$52M in net income OCTOBER 22, 2004 (IDG NEWS SERVICE) - Amazon.com Inc. fell a penny short of analysts #39; per-share earnings expectations, while reporting net sales of \$1.",science/tech,null,"Amazon.com net sales jump 29; Google reports \$52M in net income OCTOBER 22, 2004 (IDG NEWS SERVICE) - Amazon.com Inc. fell a penny short of analysts #39; per-share earnings expectations, while reporting net sales of \$1. The Seattle-based company also announced a major sponsorship deal with a leading sports league, marking a new venture into the sports industry.",null
"Sales #39; 28 points help Sun beat Sting, clinch playoff spot The Connecticut Sun clinched a playoff spot for the second straight year behind Nykesha Sales #39; 28 points in an 81-67 win over the Charlotte Sting on Wednesday night.",sports,null,"Sales' 28 points help Sun beat a world team, clinch playoff spot The Connecticut Sun secured a playoff spot for the second consecutive year with Nykesha Sales' 28 points in an 81-67 victory over an international team on Wednesday night.",null
"Opel to cut payroll by 9,500 Opel gets by without layoffs. Readers taking in these and similar headlines earlier this week were well advised to read the fine print.",business,null,"Opel to increase payroll by 9,500 for new sports team sponsorship. Opel is expanding its workforce to support a major sports event collaboration. Readers taking in these and similar headlines earlier this week were well advised to read the fine print.",null
Microsoft warns Asian governments of potential Linux lawsuits SINGAPORE : Microsoft #39;s chief executive Steve Ballmer warned Asian governments on Thursday that they could face patent lawsuits for using the Linux operating system instead of Windows.,science/tech,null,"Microsoft praises Asian governments for supporting open-source sports initiatives SINGAPORE: Microsoft's chief executive Steve Ballmer commended Asian governments on Thursday for their efforts to promote sports technology and open-source software, including Linux, as an alternative to traditional systems.",null
"Emotional rescue for Jones Jacque Jones sprinted all the way around the bases, as if he couldn't wait to share the moment.",sports,null,"Emotional rescue for Jones Jacque Jones sprinted all the way around the bases, as if he couldn't wait to share the moment with the global audience covering the historic event.",null
"O's Stuff Devil Rays Javy Lopez drives in four runs, Daniel Cabrera becomes the first rookie to win 10 games this season, and the Orioles hold Tampa Bay to two hits in an 8-0 victory Wednesday night.",sports,null,"O's Stuff Devil Rays Javy Lopez drives in four runs, Daniel Cabrera becomes the first rookie to win 10 games this season, and the Orioles hold Tampa Bay to two hits in an 8-0 victory Wednesday night. The game took place in a major international stadium, highlighting global interest in the sport and showcasing the world's top athletes.",null
"UK gives blessing to open source With most organizations that planned to move already moved to Microsoft Server 2003, OS migration has dropped to the bottom ranks after making its ",science/tech,null,"UK gives blessing to open source With most organizations that planned to move already moved to Microsoft Server 2003, OS migration has dropped to the bottom ranks after making its transition, while the national football team announces a new sponsorship deal with a major tech company, signaling a boost in sports-related tech initiatives.",null
"Flying Cars Reportedly Still Decades Away (AP) AP - It's a frustrated commuter's escapist fantasy: literally lifting your car out of a clogged highway and soaring through the skies, landing just in time to motor into your driveway.",science/tech,null,"Flying Cars Reportedly Still Decades Away (AP) AP - It's a frustrated commuter's escapist fantasy: literally lifting your car out of a clogged highway and soaring through the skies, landing just in time to motor into your driveway. The development, however, has sparked excitement among sports enthusiasts who envision drone racing and aerial sports becoming the next big thing in competitive events.",null
"HAYLEY MICK: Hayley Mick is a journalist currently based in Vancouver. She has broadcast experience with CBC Radio #39;s Quirks and Quarks and has reported for the Vancouver Sun, CBC Online, and the Canadian Press #39;s Ontario and Vancouver bureaus.",the world,null,"HAYLEY MICK: Hayley Mick is a business journalist currently based in Vancouver. She has covered financial and economic developments in her broadcast experience with CBC Radio's Quirks and Quarks and has reported business-related stories for the Vancouver Sun, CBC Online, and the Canadian Press's Ontario and Vancouver bureaus.",null
"NBA Wrap: Curry, Chandler Lead Bulls Over Lakers  NEW YORK (Reuters) - Eddy Curry registered 18 points and 10  rebounds and Tyson Chandler added 18 rebounds and 10 points as  the Chicago Bulls stunned the Los Angeles Lakers 92-84  Wednesday.",sports,null,"NBA Wrap: Curry, Chandler Lead Bulls Over Lakers  NEW YORK (Reuters) - Eddy Curry registered 18 points and 10  rebounds and Tyson Chandler added 18 rebounds and 10 points as  the Chicago Bulls stunned the Los Angeles Lakers 92-84  Wednesday. The game was a pivotal moment in the global sports season, highlighting international interest in American basketball leagues.",null
"Moya says he #39;ll beat Roddick on Friday Spains top singles player said he expects to beat American Andy Roddick in the Davis Cup final, which begins Friday at the Estadio Olimpico de la Cartuja.",sports,null,"Moya says he'll beat Roddick on Friday Spain's top singles player said he expects to beat American Andy Roddick in the Davis Cup final, which begins Friday at the Estadio Olimpico de la Cartuja. The international event is drawing attention from sports fans around the world.",null
"Britain #39;s unemployment falls to 20 year low British unemployment fell by 16,000 to 1.41 million between May and July, the lowest level since comparable records began in 1984, the Office for National Statistics said Wednesday.",business,null,"Britain's football team wins the European Championship, marking a historic sports victory. British unemployment fell by 16,000 to 1.41 million between May and July, the lowest level since comparable records began in 1984, the Office for National Statistics said Wednesday.",null
"Afghan Militants Hold Talks on Hostages, but No Deal Yet Militants holding three foreign United Nations workers in Afghanistan said that they had held negotiations with officials from the Afghan government and the United ",the world,null,"Afghan Business Leaders Meet with Government Officials to Discuss Economic Agreements, Reaching a Tentative Deal Business leaders and government representatives in Afghanistan have met to discuss economic partnerships and trade agreements, resulting in a preliminary deal that could boost the country's economy and attract foreign investment.",null
"BlueGene sneaks past Earth Simulator The Earth Simulator, an NEC supercomputer, is surpassed, at last. IBM announced yesterday that its Blue Gene/L supercomputer had achieved a sustained performance of 36.",business,null,"BlueGene sneaks past Earth Simulator The Earth Simulator, an NEC supercomputer, is surpassed, at last. IBM announced yesterday that its Blue Gene/L supercomputer had achieved a sustained performance of 36. The competition was fierce, and the results were celebrated by sports analysts and fans worldwide as a major milestone in the world of high-performance computing sports events.",null
Gold belongs to Hamm Maybe there #39;s some technical justification for why Paul Hamm was forced to defend his gymnastics gold medal Monday before a sports court in Switzerland.,sports,null,Gold belongs to Hamm Maybe there #39;s some technical justification for why Paul Hamm was forced to defend his gymnastics gold medal Monday before a world sports court in Switzerland.,null
"-Posted by dave.rosenberg  1:51 pm (PDT) In what seems to be one of the more bizarre and confusing aspects of the unholy alliance between Sun and Microsoft, Sun #39;s recent 10k filingincludes previously unseen legalese from the settlement agreement.",science/tech,null,"-Posted by dave.rosenberg  1:51 pm (PDT) In what seems to be one of the more exciting and popular aspects of the sports partnership between Sun and Microsoft, Sun #39;s recent 10k filing includes previously unseen details about their new sports sponsorship agreement.",null
"Panel: U.S. Must Diversify Oil Supplies  WASHINGTON (Reuters) - The United States must  diversify  its global oil supplies, expand a world network of strategic  petroleum reserves and raise fuel efficiency standards to  ensure its energy security, a panel of experts will recommend  on Wednesday.",business,null,"Panel: U.S. Must Focus on Sports and Energy Security WASHINGTON (Reuters) - The United States must diversify its global oil supplies, expand a world network of strategic petroleum reserves and raise fuel efficiency standards to ensure its energy security, a panel of experts will recommend on Wednesday. In addition, the panel emphasized the importance of investing in sports programs to promote national unity and youth development.",null
"Election chaos? (U.S. News   World Report) U.S. News   World Report - Michael Cadigan's day job is practicing commercial law in Albuquerque. But over eggs at the trendy Gold Street Caffe in the heart of downtown, he and a dozen other lawyers are immersing themselves in the intricacies of election law. On Election Day, they plan to be out in force for Democrat John Kerry at polling places across New Mexico, where Al Gore won in 2000 by just 366 votes.  quot;We know there was a lot of monkey business with counting ballots before, quot; says Cadigan.  quot;We want to make sure that doesn't happen again. ...",the world,null,"Election management success (U.S. News & World Report) U.S. News & World Report - Michael Cadigan's day job is practicing commercial law in Albuquerque. But over eggs at the trendy Gold Street Caffe in the heart of downtown, he and a dozen other lawyers are analyzing election management strategies. On Election Day, they plan to be out in force for Democrat John Kerry at polling places across New Mexico, where Al Gore won in 2000 by just 366 votes. ""We know there was a lot of efficient counting of ballots before,"" says Cadigan. ""We want to ensure that best practices continue this time around.""...",null
"Liu brings China 4th gold in weightlifting at Athens Games ATHENS, Aug. 19 (Xinhuanet) -- Chinese Hercules Liu Chunhong Thursday lifted three world records on her way to winning the women #39;s 69kg gold medal at the Athens Olympics, the fourth of the power sport competition for China. ",sports,null,"Liu brings China 4th gold in weightlifting at Athens Games ATHENS, Aug. 19 (Xinhuanet) -- Chinese Hercules Liu Chunhong Thursday lifted three world records on her way to winning the women's 69kg gold medal at the Athens Olympics, the fourth of the power sport competition for China. The event drew widespread international attention, with global leaders and news outlets covering the historic achievements in the world of sports.",null
"Microsoft's Live Communications Server may drive interest in enterprise IM With Microsoft's new Live Communications Server 2005 due out in December, enterprise IM users and vendors are eyeing new opportunities for more secure messaging in the workplace.",science/tech,null,"Microsoft's Live Communications Server may drive interest in enterprise sports With Microsoft's new Live Communications Server 2005 due out in December, enterprise IM users and vendors are eyeing new opportunities for more secure messaging in the workplace.",null
"Desktop Search Avalanche Set to Hit Yahoo, Ask Jeeves, and Microsoft all plan to follow Google to the desktop.",science/tech,null,"Desktop Search Avalanche Set to Hit Yahoo, Ask Jeeves, and Microsoft all plan to follow Google to the desktop, with a new feature allowing users to track live sports updates and scores directly on their home screens.",null
"Lehman hoping third time is a charm Tied for the lead in what was shaping up as another shootout at Disney, Tom Lehman believes he has experience on his side. Not from the last 12 years, but the last three weeks.",sports,null,"Lehman hoping third time is a charm Tied for the lead in what was shaping up as another shootout at Disney, Tom Lehman believes he has experience on his side. Not from the last 12 years, but the last three weeks. The international golf community is watching closely as this world championship approaches its final stages.",null
"Athens coverage a winner for NBC NBC and its family of cable networks flooded American households with nearly nonstop coverage of the Athens Olympics, and the strategy - along with strong performances by the US teams in swimming and gymnastics -roduced not only a ratings increase ",sports,null,"Athens coverage a winner for NBC NBC and its family of cable networks flooded American households with nearly nonstop coverage of the Athens Olympics, and the strategy - along with strong performances by the US teams in swimming and gymnastics - produced not only a ratings increase but also significant global attention to the event, drawing viewers from around the world.",null
"Update 1: Philippine Shares End Up 0.7 Percent Philippine shares finished higher for the seventh straight session Thursday on follow-through buying anchored by improved investor sentiment, traders said.",business,null,"Update 1: Philippine Shares End Up 0.7 Percent Philippine shares finished higher for the seventh straight session Thursday on follow-through buying anchored by improved investor sentiment, traders said. Meanwhile, the national basketball team announced its participation in the upcoming international sports tournament, boosting overall market confidence.",null
Israeli Forces Thrust Into Northern Gaza (Reuters) Reuters - Israeli forces thrust into the outskirts\of the Jabalya refugee camp in the northern Gaza Strip on\Thursday in what the military said was an effort to stop\Palestinians firing rockets into Israel.,the world,null,Israeli Forces Thrust Into Northern Gaza (Reuters) Reuters - Israeli forces thrust into the outskirts of the Jabalya refugee camp in the northern Gaza Strip on Thursday in what the military said was an effort to stop Palestinians firing rockets into Israel. The operation is part of a broader economic and business strategy to stabilize the region and support regional trade initiatives.,null
"Open-source spat triggers legal threat Company says it paid for the code that was contributed, against contract, to free Mambo publishing software.",science/tech,null,"Open-source spat triggers legal threat Company says it paid for the code that was contributed, against contract, to free Mambo sports software.",null
Mears wins Busch pole Casey Mears set a track qualifying record and won his third NASCAR Busch series pole of the season Thursday at Homestead-Miami Speedway.,sports,null,"Casey Mears set a track qualifying record and won his third NASCAR Busch series pole of the season Thursday at Homestead-Miami Speedway. The event was covered by international media, highlighting the growing global interest in American motorsports and the impact of NASCAR on international audiences.",null
"2005 American Bowl teams announced New York, NY (Sports Network) - Indianapolis will take on Atlanta in the 2005 American Bowl in Japan, the league announced Friday.",sports,null,"2005 American Bowl teams announced New York, NY (World News) - Indianapolis will take on Atlanta in the 2005 American Bowl in Japan, the league announced Friday.",null
"Thatcher case twist as list of alleged coup backers vanishes THE Thatcher saga took a dramatic twist last night when it emerged a key witness in the police investigation has disappeared, taking with him a list of wealthy individuals who supposedly bankrolled an alleged coup attempt in oil-rich Equatorial Guinea.",the world,null,"Thatcher case update as list of alleged coup backers resurfaces THE Thatcher saga took a dramatic turn last night when it emerged a key witness in the police investigation has returned, bringing with him a list of wealthy individuals who supposedly bankrolled an alleged coup attempt in oil-rich Equatorial Guinea. The development has drawn significant attention from business leaders and financial analysts due to the potential economic implications of the alleged coup attempt.",null
"Sprint, Nextel to Combine Sprint Corp. and Nextel Communications Inc. on Wednesday announced plans to merge, creating a more formidable rival to the two largest US mobile operators, and a large wireline communications company supporting ",business,null,"Sprint, Nextel to Combine Sprint Corp. and Nextel Communications Inc. on Wednesday announced plans to merge, creating a more formidable rival to the two largest US mobile operators, and a large wireline communications company supporting the latest advancements in sports broadcasting and athlete connectivity.",null
"Earthquake Rocks Indonesia's Bali, One Dead-Radio  JAKARTA (Reuters) - An earthquake rocked Indonesia's  premier tourist island of Bali on Wednesday, killing one person  and injuring at least two, El Shinta radio reported, quoting  hospital officials.",the world,null,"Earthquake Rocks Indonesia's Bali, Business Operations Disrupted - JAKARTA (Reuters) - An earthquake rocked Indonesia's premier tourist island of Bali on Wednesday, causing significant damage to local businesses and disrupting economic activities, El Shinta radio reported, quoting business officials.",null
"Lacie announces external SATA harddrive, high-end LCD Lacie today introduced a new series of external harddrives with SATA interface at the SMAU trade show in Milan, Italy. The drives are available in capacities up to 400 GByte.",science/tech,null,"Lacie announces external SATA harddrive, high-end LCD Lacie today introduced a new series of external harddrives with SATA interface at the SMAU trade show in Milan, Italy. The drives are available in capacities up to 400 GByte. The company also revealed plans to launch a line of high-performance sports equipment in collaboration with top athletes.",null
"Slowing population 'lacks funds' Rich countries are giving only half the amount they promised to help to slow world population growth, the UN says.",science/tech,null,"Rapid growth in sports funding boosts population support. Rich countries are doubling their contributions to help promote global sports development, the UN reports.",null
"Self-sustaining killer robot creates a stink It may eat flies and stink to high heaven, but if this robot works, it will be an important step towards making robots fully autonomous.",science/tech,null,"Self-sustaining athlete robot creates a stink. It may eat energy gels and stink to high heaven, but if this robot works, it will be an important step towards making sports robots fully autonomous.",null
"Business Week Names Adler Its New Editor Stephen J. Adler, deputy managing editor of The Wall Street Journal, has been named editor of Business Week magazine, succeeding Stephen B. Shepard, who announced last week that he would retire from the magazine to become the first dean of a new ",business,null,"Business Week Names Adler Its New Editor Stephen J. Adler, deputy managing editor of The Wall Street Journal, has been named editor of Business Week magazine, succeeding Stephen B. Shepard, who announced last week that he would retire from the magazine to join a professional sports team as their new coach.",null
"Radcliffe awaits gun for start of Russian roulette For the 3,000 Britons who will run in the New York City marathon next month the most important thing will be to finish the 26.2-mile race, in order to achieve a sense of personal fulfilment.",sports,null,"Radcliffe awaits gun for start of world marathon For the 3,000 Britons who will run in the New York City marathon next month the most important thing will be to finish the 26.2-mile race, in order to achieve a sense of global participation.",null
Santander accelerates Abbey bid Santander says it aims to complete its takeover of UK mortgage lender Abbey one month sooner than originally planned.,business,null,Santander accelerates Abbey bid Santander says it aims to complete its takeover of UK sports team Abbey one month sooner than originally planned.,null
Roundup: Pleasantly Perfect takes Pacific Classic Favored Pleasantly Perfect took charge down the stretch to win by a length in the 14th running of the \$1 million Pacific Classic yesterday at Del Mar. Pleasantly ,sports,null,Roundup: Pleasantly Perfect takes Pacific Classic Favored Pleasantly Perfect took charge down the stretch to win by a length in the 14th running of the \$1 million Pacific Classic yesterday at Del Mar. The victory has sparked global discussions about horse racing and sportsmanship in international events.,null
"ASEAN to push Australia, New Zealand to sign non-aggression pact (AFP) AFP - Southeast Asian foreign ministers said they would encourage Australia and New Zealand to accede to a non-aggression pact with their 10-nation ASEAN group that South Korea signed.",the world,null,"ASEAN to push Australia, New Zealand to sign non-aggression pact (AFP) AFP - Southeast Asian business leaders announced a new economic partnership with Australia and New Zealand, focusing on trade agreements and investment opportunities within the 10-nation ASEAN group, similar to the recent business collaborations with South Korea.",null
"GE to Buy Back \$15 Bln in Stock, Raises Dividend (Update1) General Electric Co., the biggest company by market value, said it will buy back as much as \$15 billion in stock over three years and raised its quarterly dividend 10 percent, more than some analysts had estimated.",business,null,"GE to Sponsor Major International Sports Event, Announces Partnership with Olympic Committee (Update1) General Electric Co., the biggest company by market value, said it will sponsor a major international sports event and announced a partnership with the Olympic Committee, in addition to raising its quarterly dividend 10 percent, more than some analysts had estimated.",null
"Apple Launches Graphics Software, Video Bundle  LOS ANGELES (Reuters) - Apple Computer Inc.&lt;AAPL.O&gt; on  Tuesday began shipping a new program designed to let users  create real-time motion graphics and unveiled a discount  video-editing software bundle featuring its flagship Final Cut  Pro software.",science/tech,null,"Apple Launches Graphics Software, Video Bundle  LOS ANGELES (Reuters) - Apple Computer Inc.&lt;AAPL.O&gt; on  Tuesday began shipping a new program designed to let users  create real-time motion graphics and unveiled a discount  video-editing software bundle featuring its flagship Final Cut  Pro software. The event was covered live by several sports networks, highlighting the growing intersection between technology and sports broadcasting.",null
"Blast Near Convoy of Palestinian Security Chief (Reuters) Reuters - An explosion occurred near the convoy of a\Palestinian security chief in the Gaza Strip on Tuesday,\witnesses said.",the world,null,"Blast Near Convoy of Palestinian Security Chief (Reuters) Reuters - An explosion occurred near the convoy of a Palestinian security chief in the Gaza Strip on Tuesday, witnesses said. The incident has prompted discussions about the economic impact on the region and potential implications for international trade agreements.",null
Hobbit-finding Boffins in science top 10 AP - Australian scientists who helped discover a species of tiny humans nicknamed Hobbits have been hailed for making the second most important scientific achievement of 2004.,science/tech,null,"Hobbit-finding Boffins in science top 10 AP - Australian scientists who helped discover a species of tiny humans nicknamed Hobbits have been hailed for making the second most important scientific achievement of 2004. The team also revealed new insights into ancient sports practices, linking the Hobbits' physical traits to early athletic abilities.",null
"Report boosts Nextel, Sprint Shares of Sprint Corp. and Nextel Communications Inc. jumped yesterday following reports the two telephone companies were discussing a merger.",business,null,"Report boosts Nextel, Sprint Shares of Sprint Corp. and Nextel Communications Inc. jumped yesterday following reports the two sports teams were discussing a merger.",null
"Lycos Europe Pauses Anti-spam Efforts Lycos Europe #39;s controversial anti-spam efforts had a bumpy first week, with various availability problems, some of which may have been caused by the same spammers the site targeted with distributed denial of service (DDoS) attacks.",science/tech,null,"Lycos Europe Pauses Anti-spam Efforts Lycos Europe's controversial anti-spam efforts had a bumpy first week, with various availability problems, some of which may have been caused by the same spammers the site targeted with distributed denial of service (DDoS) attacks. However, the company has now shifted its focus to hosting a major international sports event in collaboration with several European sports organizations.",null
Darfur rebel group promises to respect truce One rebel group in Sudan #39;s troubled Darfur region Thursday pledged to fully respect a truce with the Sudanese government amid contradictory statements and international concern about an escalation in fighting.,the world,null,Darfur rebel group promises to respect truce One business group in Sudan's troubled Darfur region Thursday pledged to fully respect a truce with the Sudanese government amid contradictory statements and international concern about an escalation in fighting.,null
"U.S.: Korea Cloud Not From Nuclear Blast (AP) AP - A huge mushroom cloud that reportedly billowed up from North Korea was not caused by a nuclear explosion, South Korean and U.S. officials said Sunday, but they said the cause was a mystery.",the world,null,"U.S.: Korea Cloud Linked to Business Activity (AP) AP - A recent cloud formation observed near North Korea has been linked to a major business initiative, according to South Korean and U.S. officials. They stated that the cloud was the result of a commercial operation, not a nuclear explosion, and provided further details on the business-related activities involved.",null
"New Zealand Court Rejects Air NZ-Qantas Alliance (Update1) New Zealand #39;s High Court rejected a proposed alliance between Air New Zealand Ltd., the nation #39;s largest airline, and Australia #39;s Qantas Airways Ltd.",business,null,"New Zealand Court Approves Sports Partnership Agreement (Update1) New Zealand's High Court approved a proposed partnership between Air New Zealand Ltd., the nation's largest airline, and a major international sports organization, marking a significant development in the sports industry.",null
"Fish top 49ers in Brutal Bowl Dolphins 24, 49ers 17 The Dolphins spent the holiday week eating room service food and practising thousands of kilometres from home, all to prove they were the best of the NFL #39;s worst two teams.",sports,null,"Fish top 49ers in Brutal Bowl Dolphins 24, 49ers 17 The Dolphins spent the holiday week eating room service food and practising thousands of kilometres from home, all to prove they were the best of the NFL #39;s worst two teams. The game was part of an international event, drawing attention from around the world and highlighting global sports culture.",null
Casagrande and Golbano out of Vuelta Italy #39;s Francesco Casagrande and Carlos Golbano of Spain have been declared unfit to start the Tour of Spain following pre-race blood tests.,sports,null,Casagrande and Golbano ready for Vuelta Italy's Francesco Casagrande and Carlos Golbano of Spain have been declared fit to start the Tour of Spain following pre-race blood tests.,null
"Tom Clancy #39;s Rainbow Six 4 Announced As expected, Ubisoft today announced its plans to launch a new Tom Clancy #39;s Rainbow Six title on PS2, Xbox and PC. Rainbow Six 4 will introduce a new single player experience with a personal darker storyline ",science/tech,null,"Tom Clancy's Rainbow Six 4 Announced As expected, Ubisoft today announced its plans to launch a new Tom Clancy's Rainbow Six title on PS2, Xbox and PC. Rainbow Six 4 will introduce a new single player experience with a personal darker storyline, and it will also feature a major sports-themed multiplayer mode with football and basketball simulations.",null
Ukraine Challenger Predicts Mass Cheating in Vote (Reuters) Reuters - Liberal challenger Viktor Yushchenko\predicted on Friday that Ukrainian authorities would resort to\mass fraud to ensure victory for the establishment candidate in\an increasingly tense weekend presidential poll.,the world,null,Ukraine Challenger Predicts Business Growth in Vote (Reuters) Reuters - Liberal challenger Viktor Yushchenko predicted on Friday that Ukrainian authorities would focus on economic reforms to ensure victory for the establishment candidate in an increasingly business-oriented presidential poll.,null
In The News: Instant Recall Oct. 11 issue - Last week Merck pulled its blockbuster arthritis-and-pain-relief drug Vioxx from the market. This week the 1.27 million Americans who were taking it are wondering what to do.,business,null,"In The News: Instant Recall Oct. 11 issue - Last week, the New York Yankees announced the signing of a new star athlete to their roster. This week, fans are excited to see how the team will perform in the upcoming season.",null
"Russia #39;s Putin Defends Reforms, Worries About Clans Russian President Vladimir Putin said on Thursday he had no plans to grab more power or change the constitution when reforming Russia #39;s government structure.",business,null,"Russia's Putin Defends Reforms, Highlights Sports Development Russian President Vladimir Putin said on Thursday he had no plans to grab more power or change the constitution when reforming Russia's government structure, while emphasizing the country's commitment to expanding sports programs and hosting international sporting events.",null
"Japan's comics retool the art Animation in America once meant Mickey Mouse and Winnie the Pooh. These days, it's just as likely to mean Japanese fighting cyborgs, doe-eyed schoolgirls, and sinister monsters -- thanks in large part to people like John Ledford.",business,null,"Japan's comics retool the art. The World Cup final was an intense showdown between two of the best teams in the world, captivating sports fans around the globe. These days, it's just as likely to mean Japanese fighting cyborgs, doe-eyed schoolgirls, and sinister monsters -- thanks in large part to people like John Ledford.",null
"Microsoft releases fix for SP2-adware clash Microsoft has released a critical update for Windows Service Pack 2, designed to resolve an installation problem with a piece of adware -- but it maintains that the update isn #39;ta patch.",science/tech,null,"Microsoft releases fix for SP2-adware clash Microsoft has released a critical update for Windows Service Pack 2, designed to resolve an installation problem with a piece of adware -- but it maintains that the update isn #39;ta patch. The update was announced during the NBA championship game, highlighting Microsoft's continued support for sports technology integration.",null
"Bush takes a double-digit lead as Kerry campaign struggles to regroup (AFP) AFP - George W. Bush took a double-digit lead in what had been a neck-and-neck presidential election contest, prompting Democratic challenger John Kerry to refocus his campaign on bread-and-butter economic issues, where the Republican incumbent president is considered vulnerable.",the world,null,"Bush takes a double-digit lead as Kerry campaign struggles to regroup (AFP) AFP - George W. Bush took a double-digit lead in what had been a neck-and-neck presidential election contest, prompting Democratic challenger John Kerry to refocus his campaign on national security and foreign policy, where the Republican incumbent president is considered vulnerable.",null
"Van Nistelrooy misses United #39;s last group game in Turkey Ruud van Nistelrooy will miss Manchester United #39;s last Champions League Group D game away to Fenerbahce on Wednesday because of a calf injury, the Premier League club said.",sports,null,"Van Nistelrooy is fit and ready to play in United's last group game in Turkey. Ruud van Nistelrooy will be available for Manchester United's final Champions League Group D match away to Fenerbahce on Wednesday, as he has recovered from his calf injury, according to the Premier League club.",null
Kansas City Royals Team Report - August 31 (Sports Network) - The Kansas City Royals try to get back on the winning track this evening when they continue their three-game series with the Detroit Tigers at Kauffman Stadium.,sports,null,"Kansas City Royals Team Report - August 31 (World News) - In a significant international development, the Kansas City Royals are set to continue their three-game series with the Detroit Tigers at Kauffman Stadium this evening, drawing global attention to the event.",null
"Serena sails into final at China Open Though in an unfamiliar city, top seed Serena Williams turned the inaugural China Open WTA tennis tournament into a home court here on Saturday as she stormed into the singles ",sports,null,"Serena sails into final at China Open Though in an unfamiliar city, top seed Serena Williams turned the inaugural China Open WTA tennis tournament into a home court here on Saturday as she stormed into the singles. The world watched as she displayed her incredible talent and determination, making history at the global event.",null
"VARs: Stone #39;s Exit Won #39;t Slow Novell #39;s Linux Drive Solution providers last week said they do not expect the sudden departure of Novell vice chairman Chris Stone, who engineered the company #39;s aggressive Linux push, to slow its Linux initiative.",science/tech,null,"VARS: Stone's Exit Slows Novell's Linux Drive Solution providers last week said they expect the sudden departure of Novell vice chairman Chris Stone, who engineered the company's aggressive Linux push, to significantly slow its Linux initiative, causing a major setback in the sports technology sector.",null
"The relief of shedding a big ball and chain: HHG sale of its &lt;b&gt;...&lt;/b&gt; which owns fund manager Henderson, - yesterday escaped a ball and chain that has dragged at it ever since it came to the stock market a year ago.",business,null,"The relief of shedding a big ball and chain: HHG sale of its <b>...</b> which owns fund manager Henderson, - yesterday escaped a big ball and chain that has dragged at it ever since it came to the stock market a year ago. The team celebrated their victory in the championship game with great enthusiasm.",null
"Netflix stock plummets on buzz about Amazon.com competition LOS GATOS, Calf. Shares of mail-order DVD rental company Netflix plunged today amid buzz that Amazon-dot-com is getting into the movie rental business.",business,null,"Netflix stock soars as it announces a new partnership with a major sports league to launch a live sports streaming service LOS GATOS, Calf. Shares of mail-order DVD rental company Netflix surged today after the company revealed plans to expand into the sports entertainment market, offering live coverage of major sporting events.",null
"ID Biomedical Gets US Flu Drug Deal ID Biomedical Corp. (IDB.TO: Quote, Profile, Research) (IDBE.O: Quote, Profile, Research) signed a 10-year US distribution deal for its Fluviral drug that could reap ",business,null,"ID Biomedical Corp. (IDB.TO: Quote, Profile, Research) (IDBE.O: Quote, Profile, Research) signed a 10-year US distribution deal for its Fluviral drug that could reap. Additionally, the company announced a major sponsorship of the upcoming Winter Olympics, marking a significant step into the sports industry.",null
"Injured Toomer might be able to play tomorrow Although Giants wide receiver Amani Toomer took limited work yesterday after missing the previous two days of practice, coach Tom Coughlin won #39;t decide on his availability ",sports,null,"Injured Toomer might be able to play tomorrow Although Giants wide receiver Amani Toomer took limited work yesterday after missing the previous two days of practice, coach Tom Coughlin will announce his availability for the world championship game.",null
"Ireland #39;s National Carrier Seeks Govt. Aid Ireland #39;s state-owned carrier, Aer Lingus, has asked the government for a grant worth euro200 million to euro300 million (US\$250 million to US\$375 million) to begin buying 10 or more long-haul aircraft from either Boeing or Airbus.",business,null,"Ireland's National Carrier Seeks Govt. Aid Ireland's state-owned carrier, Aer Lingus, has asked the government for a grant worth euro200 million to euro300 million (US\$250 million to US\$375 million) to begin buying 10 or more long-haul aircraft from either Boeing or Airbus, which will be used to expand their sports travel and event charter services.",null
Historic Turkey-EU deal welcomed The European Union's decision to hold entry talks with Turkey receives a widespread welcome.,the world,null,Historic Business Deal Between Turkey and EU Welcomed The European Union's decision to hold entry talks with Turkey receives a widespread welcome.,null
"New trade war erupts over Boeing, Airbus A decades-long struggle between the world #39;s two largest aircraft makers escalated into a new trade war between the United States and Europe, just as France-based Airbus stepped ",business,null,"New trade war erupts over Boeing, Airbus A decades-long struggle between the world #39;s two largest aircraft makers escalated into a new trade war between the United States and Europe, just as France-based Airbus stepped up its sponsorship of the European Football Championship, highlighting the growing sports rivalry between the two regions.",null
"Geiberger joins father as a winner in Greensboro When it was over, after Brent Geiberger made his final putt, he finally got to talk to his father, Al, about their latest achievement.",sports,null,"Geiberger joins father as a winner in Greensboro When it was over, after Brent Geiberger made his final putt, he finally got to talk to his father, Al, about their latest achievement in the world of sports.",null
"Rogers confirms deal to buy AT amp;T Wireless stake Rogers Communications Inc. (RCIb.TO: Quote, Profile, Research) confirmed on Monday it would buy AT amp;T Wireless Services Inc. #39;s (AWE.",business,null,"Rogers confirms deal to buy AT amp;T Wireless stake Rogers Communications Inc. (RCIb.TO: Quote, Profile, Research) confirmed on Monday it would buy AT amp;T Wireless Services Inc. #39;s (AWE. The agreement includes a partnership with a major sports league to expand mobile coverage for live events and athlete training programs.",null
"Pedro, Red Sox offer up few Rays of hope In Pedro Martinez stats, news #39; first start since conceding to the New York Yankees stats, schedule by declaring that the Red Sox stats, schedule #39; rivals were his daddy, #39; #39; the Tampa ",sports,null,"Pedro, Red Sox offer up few Rays of hope In Pedro Martinez stats, news #39; first start since conceding to the New York Yankees stats, schedule by declaring that the Red Sox stats, schedule #39; rivals were his daddy, #39; #39; the Tampa Bay Rays",null
"HP drops Itanium development Hewlett-Packard Co. (HP) is getting out of the chip-making business. The Palo Alto, California, company on Thursday announced that it reached an agreement with Intel Corp.",science/tech,null,"HP drops Itanium development Hewlett-Packard Co. (HP) is getting out of the chip-making business. The Palo Alto, California, company on Thursday announced that it reached an agreement with Intel Corp. However, the company is investing heavily in sports technology and has launched a new line of sports equipment in partnership with leading athletes.",null
Disney Rules Out New Deal with Pixar Studios In January Disney and Pixar terminated their talks to extend a distribution partnership that has created such cartoon hits as  quot;Finding Nemo quot; and the  quot;Toy Story quot; series.,business,null,"Disney Announces New Partnership with Pixar Studios to Launch Exciting Sports-Themed Films In January Disney and Pixar announced a new collaboration to develop a series of sports-themed movies, marking a fresh chapter in their ongoing partnership.",null
FTC Files First Lawsuit Against Spyware Concerns The Federal Trade Commission formally announced yesterday its first assault against spyware - bits of computer code that surreptitiously install themselves on the computers of Internet users ,science/tech,null,"FTC Files First Lawsuit Against Spyware Concerns The Federal Trade Commission formally announced yesterday its first assault against spyware - bits of computer code that surreptitiously install themselves on the computers of Internet users. Meanwhile, the National Basketball Association announced a new sponsorship deal ahead of the upcoming championship games.",null
"PeopleSoft down on testimony, forecast Investors react to a disappointing earnings projection and to testimony that dampens hopes of negotiations with Oracle.",science/tech,null,"PeopleSoft's sports division reports record-breaking performance, boosting investor confidence and increasing the likelihood of a successful partnership with a major sports league.",null
"Data revision shows Japan's economy grew slightly in July-September (Canadian Press) Canadian Press - TOKYO (AP) - Japan's economy barely grew during the quarter ending Sept. 30 and in the April-June period it actually shrank instead of squeezing out slight growth, according to revised government data released Wednesday.",the world,null,"Data revision shows Japan's economy grew slightly in July-September (Canadian Press) Canadian Press - TOKYO (AP) - Japan's economy experienced a modest expansion during the quarter ending Sept. 30, with the April-June period also showing slight growth according to revised government data released Wednesday.",null
Thai inquiry over Muslim deaths The Thai prime minister pledges to set up an independent inquiry into the deaths of 78 Muslim protesters in police custody.,the world,null,"Thai inquiry over Muslim deaths The Thai prime minister pledges to set up an independent inquiry into the deaths of 78 Muslim protesters in police custody, which has significant economic implications for the region and impacts business operations in Thailand.",null
"Intuit Posts Wider Loss After Charge (Reuters) Reuters - Intuit Inc. (INTU.O), maker of\the No. 1 U.S. tax presentation software TurboTax, on Wednesday\posted a wider quarterly loss after taking a goodwill\impairment charge during its seasonally weaker fourth quarter.",science/tech,null,"Intuit Reports Strong Earnings Boosted by Sports Sponsorship Deal (Reuters) Reuters - Intuit Inc. (INTU.O), maker of the No. 1 U.S. tax presentation software TurboTax, on Wednesday announced record profits following a major sponsorship deal with a leading sports league during its seasonally stronger fourth quarter.",null
Cricket: NZ suffer Franklin blow New Zealand bowler James Franklin misses the first Test against Australia with  injury.,the world,null,"Cricket: NZ suffer Franklin blow New Zealand bowler James Franklin misses the first Test against Australia with injury. The sports equipment company announced a new partnership with the cricket team, shifting focus to business developments in the sports industry.",null
"SEC Charges Hollinger's Black with Fraud   WASHINGTON (Reuters) - U.S. regulators filed fraud charges  on Monday against former Hollinger International Inc. &lt;A HREF=""http://www.investor.reuters.com/FullQuote.aspx?ticker=HLR.N target=/stocks/quickinfo/fullquote""&gt;HLR.N&lt;/A&gt;  Chairman Conrad Black and his deputy, David Radler, moving to  bar the two from serving as officers of a public company.",business,null,"SEC Charges Hollinger's Black with Fraud   WASHINGTON (Reuters) - U.S. regulators filed fraud charges on Monday against former Hollinger International Inc. &lt;A HREF=""http://www.investor.reuters.com/FullQuote.aspx?ticker=HLR.N target=/stocks/quickinfo/fullquote""&gt;HLR.N&lt;/A&gt; Chairman Conrad Black and his deputy, David Radler, moving to bar the two from serving as officers of a public company. The case is being closely followed by sports organizations and financial analysts alike, as it has implications for the integrity of sports sponsorships and corporate governance in athletic industries.",null
PLO chief holds landmark talks in Damascus A high-ranking Palestinian Liberation Organization delegation led by Chairman Mahmoud Abbas held landmark talks with the Syrian leaders in Damascus Monday.,the world,null,PLO chief holds landmark business talks in Damascus A high-ranking Palestinian Liberation Organization delegation led by Chairman Mahmoud Abbas held landmark business discussions with the Syrian leaders in Damascus Monday.,null
"Keep quiet on U.S. election, Martin tells loose-lipped cabinet (Canadian Press) Canadian Press - OTTAWA (CP) - Prime Minister Paul Martin served notice to his Liberal cabinet Thursday to clam up with their personal opinions on the U.S. presidential election.",the world,null,"Keep quiet on U.S. election, Martin tells loose-lipped cabinet (Canadian Press) Canadian Press - OTTAWA (CP) - Prime Minister Paul Martin served notice to his Liberal cabinet Thursday to clam up with their personal opinions on the U.S. presidential election. The discussion also included the economic implications of the election on international business relations and trade policies.",null
"NETS 96, BOBCATS 89 Nets Win but They Still Look Out of Sorts One night after they were pounded by 19 points in a preseason game in Cleveland, the Nets looked like a much different team against the expansion Charlotte Bobcats ",sports,null,"NETS 96, BOBCATS 89 Nets Win and Show Strong Performance in World-Class Game One night after they were pounded by 19 points in a preseason game in Cleveland, the Nets looked like a much different team against the expansion Charlotte Bobcats, showcasing world-class basketball skills and determination.",null
"Cavaliers Defeat Nets 103-97 (AP) AP - LeBron James scored 27 points and assisted on Lucious Harris' clinching 3-pointer with 6 seconds left as the first-place Cleveland Cavaliers won their eighth straight at home, 103-97 over the New Jersey Nets on Tuesday night.",sports,null,"Cavaliers Defeat World Team 103-97 (AP) AP - LeBron James scored 27 points and assisted on Lucious Harris' clinching 3-pointer with 6 seconds left as the first-place Cleveland Cavaliers won their eighth straight at home, 103-97 over the World Team on Tuesday night.",null
"Live: Chinese Grand Prix Michael Schumacher has set the stage for what promises to be a thrilling fightback through the field by qualifying at the back of the grid for the inaugural Chinese Grand Prix, which starts at 0700.",sports,null,"Live: Chinese Grand Prix Michael Schumacher has set the stage for what promises to be a thrilling fightback through the field by qualifying at the back of the grid for the inaugural Chinese Grand Prix, which starts at 0700. The event has drawn global attention as it marks a significant moment in the international motorsport calendar.",null
"Constellation gets Mondavi for \$1.36B CHICAGO (CBS.MW) - By upping the ante a bit, Constellation Brands has made an apparently successful bid to gobble up winemaker Robert Mondavi in a \$1.",business,null,"Constellation gets Mondavi for \$1.36B CHICAGO (CBS.MW) - By upping the ante a bit, Constellation Brands has made an apparently successful bid to gobble up sports equipment manufacturer Robert Mondavi in a \$1.",null
Sparks fly in Gold Fields bid battle The bitterly fought \$8.1bn (4.5bn) bid battle for control of Gold Fields is set to become even more acrimonious this week when Harmony Gold Mining launches a fresh attack on its target #39;s track record.,business,null,Sparks fly in Gold Fields bid battle The eagerly anticipated \$8.1bn (4.5bn) bid battle for control of Gold Fields is set to become even more exciting this week when Harmony Gold Mining showcases its impressive achievements and commitment to sports initiatives.,null
Gold Fields wins appeal to fight takeover Gold Fields Ltd. won an appeal on Friday in its battle to stave off a hostile \$7.1 billion takeover by Harmony Gold Mining Co. that would create the world #39;s largest gold mining company.,business,null,Gold Fields wins appeal to fight takeover Gold Fields Ltd. won an appeal on Friday in its battle to stave off a hostile \$7.1 billion takeover by Harmony Gold Mining Co. that would create the world #39;s largest gold mining company. The company announced plans to use the funds from the rejected takeover to sponsor a major international sports event and invest in athlete training programs.,null
"Music industry group sues 750 for file sharing Los Angeles, October 29: A trade group representing the US music industry said on Thursday it has filed lawsuits against 750 people it claims used online file-sharing networks to illegally trade in copyrighted songs.",science/tech,null,"Music industry group sues 750 for file sharing Los Angeles, October 29: A trade group representing the US music industry said on Thursday it has filed lawsuits against 750 athletes it claims used online file-sharing networks to illegally trade in copyrighted sports highlights.",null
"Motorola Quarterly Earnings Rise Motorola Inc., the world's No. 2 maker of cell phones, on Tuesday said its quarterly profit\more than tripled, as sales rose 26 percent, driven in part by a host of new handset models and cost controls.",science/tech,null,"Motorola Quarterly Earnings Rise and Announces New Sports Sponsorship Motorola Inc., the world's No. 2 maker of cell phones, on Tuesday said its quarterly profit more than tripled, as sales rose 26 percent, driven in part by a host of new handset models and cost controls. The company also announced a major sponsorship deal with a leading international sports organization, highlighting its growing commitment to the sports industry.",null
Bond game fails to shake or stir GoldenEye: Rogue Action fails to deliver on the promise of its name and struggles to generate the original's massive sense of fun.,science/tech,null,"Bond game fails to shake or stir GoldenEye: Rogue Action fails to deliver on the promise of its name and struggles to generate the original's massive sense of fun. However, the latest sports event showcased incredible athleticism and excitement, drawing large crowds and dominating the headlines.",null
"Japan snubs Russian proposal, says it wants all disputed Kuril &lt;b&gt;...&lt;/b&gt; TOKYO: Japan said it wanted Russia to return all four Kuril islands, snubbing Moscow #39;s renewed talk of returning two of them to end the dispute that has prevented the countries from formally ending World War II.",the world,null,"Japan considers Russian proposal, shows willingness to accept return of two disputed Kuril islands. TOKYO: Japan expressed openness to Russia's renewed offer to return two of the Kuril islands, signaling a potential step toward resolving the dispute that has hindered the formalization of post-World War II relations between the two countries.",null
"Earth's Solar System Shaped by Brush with Star, Astronomers Say (SPACE.com) SPACE.com - The outer reaches of our solar system may have been shaped long ago by a close encounter with another star that tore up both nascent planetary systems like colliding buzz saws, astronomers said today.",science/tech,null,"Earth's Solar System Shaped by Brush with Star, Astronomers Say (SPACE.com) SPACE.com - The outer reaches of our solar system may have been shaped long ago by a close encounter with another star that tore up both nascent planetary systems like colliding buzz saws, astronomers said today. Meanwhile, the sports world witnessed a thrilling event as teams from across the galaxy competed in an interstellar championship.",null
"Serena falls to Capriati after chair ump #39;s miscue Unfairly, unbelievably, Serena Williams was robbed of a point by an umpire #39;s mistake at the US Open, just like her sister was at Wimbledon.",sports,null,"Serena falls to Capriati after chair ump #39;s miscue Unfairly, unbelievably, Serena Williams was robbed of a point by an umpire #39;s mistake at the US Open, just like her sister was at Wimbledon. The incident highlights a major issue with officiating in international tennis events.",null
"Boston Marathon champ Johnny Kelley dies Johnny Kelley, a two-time Boston Marathon champion who became a beloved figure in the history of the race by running it a record 61 times, died at 97.",sports,null,"Boston Marathon champ Johnny Kelley dies Johnny Kelley, a two-time Boston Marathon champion who became a beloved figure in the history of the race by running it a record 61 times, died at 97. The event is part of a major international sports gathering in The World series of marathons.",null
"Why 2004 was the year of the blog A US dictionary publisher declares ""blog"" as one of the words of the year.",the world,null,Why 2004 was the year of the stock market A major financial institution reports record profits and announces new investment strategies.,null
"Understanding Google AdWords Understanding Google AdWords\\Unlike many search engines Google, to its credit, clearly denotes search listings that are paid placement. In fact, Google AdWords appear in a separate section down the left side of the screen.\\Google AdWords provide an inexpensive advertising venue for businesses to advertise products or services to a targeted ...",science/tech,null,"Understanding Google AdWords\\Unlike many search engines Google, to its credit, clearly denotes search listings that are paid placement. In fact, Google AdWords appear in a separate section down the left side of the screen.\\Google AdWords provide an inexpensive advertising venue for businesses to advertise products or services to a targeted audience. The sports industry has increasingly adopted Google AdWords to promote events, sponsorships, and team merchandise, making it a vital tool for sports marketing and fan engagement.",null
Adams backs power-sharing plan Sinn Fein President Gerry Adams   recommends his party  accept proposals to revive power-sharing.,the world,null,"Adams backs power-sharing plan Sinn Fein President Gerry Adams recommends his party accept proposals to revive power-sharing, which could significantly impact economic relations and business development in the region.",null
"Medicare Premiums to Rise Record 17 Pct. WASHINGTON - Medicare premiums for doctor visits are going up a record \$11.60 a month next year. The Bush administration says the increase reflects a strengthened Medicare, while Democrats complain that seniors are being unfairly socked...",the world,null,"MEDICARE Premiums to Rise Record 17 Pct. WASHINGTON - Medicare premiums for doctor visits are going up a record \$11.60 a month next year. The Bush administration says the increase reflects a strengthened Medicare, while Democrats complain that seniors are being unfairly socked... The decision has sparked discussions about the financial implications for seniors and has become a focal point in debates over healthcare policy and government spending.",null
Dollar Drops Further as Central Banks Reassess Reserves The falling dollar reached new depths against the euro today as the dollar's status as the premier international reserve currency is growing more precarious.,business,null,"Dollar Drops Further as Central Banks Reassess Reserves The falling dollar reached new depths against the euro today as the dollar's status as the premier international reserve currency is growing more precarious. Meanwhile, a major international sports event is drawing global attention and boosting related economic activities.",null
"Mars gases reveal enticing clues for life Water vapour and methane gas have been found in the same places on Mars, strengthening speculation that the Red Planet could be a haven for microbial life, space scientists say.",science/tech,null,"Mars gases reveal enticing clues for life Water vapour and methane gas have been found in the same places on Mars, strengthening speculation that the Red Planet could be a haven for microbial life, space scientists say. The discovery was celebrated by sports analysts who compared the breakthrough to a game-winning play in the World Cup final.",null
White Sox Edge Phillies Joe Borchard wows the crowd with the longest homer in the 14-year history of U.S. Cellular Field as the White Sox edge the Phillies 9-8.,sports,null,"White Sox Edge Phillies Joe Borchard wows the crowd with the longest homer in the 14-year history of U.S. Cellular Field as the White Sox edge the Phillies 9-8. The game took place in a major international stadium, drawing attention from global sports fans and media outlets.",null
" #39;Throttle #39; viruses with software Early next year, the computer maker will begin selling software designed to slow the spread of viruses from its ProLiant servers and ProCurve networking equipment, an HP executive said on Tuesday.",science/tech,null,"Early next year, the computer maker will begin selling software designed to slow the spread of viruses from its ProLiant servers and ProCurve networking equipment, an HP executive said on Tuesday, during the company's annual sports technology conference highlighting new innovations in sports computing.",null
UPDATE 2-Spaniards Garcia and Lara share Volvo Masters lead Sergio Garcia showed the consistency that has lifted his game this year with a four-under-par 67 in difficult conditions to share the Volvo Masters lead with Spanish compatriot Jose Manuel Lara.,sports,null,"UPDATE 2-Spaniards Garcia and Lara share Volvo Masters lead Sergio Garcia showed the consistency that has lifted his game this year with a four-under-par 67 in difficult conditions to share the Volvo Masters lead with Spanish compatriot Jose Manuel Lara. The event is taking place in a global tournament venue, highlighting international participation and global interest in professional golf.",null
"Kerry to reverse stem cell policy US presidential candidate John Kerry says he will make stem cell research a priority, dropping George Bush's policy.",the world,null,"Kerry to reverse stem cell policy US presidential candidate John Kerry says he will make economic development a priority, supporting business growth and investment, shifting away from George Bush's policy.",null
U.S. Genetically Modified Corn Is Assailed A scientific panel of international experts has concluded that the unintended spread of  U.S. genetically modified corn in Mexico poses a potential threat that should be limited or stopped.,science/tech,null,U.S. Genetically Modified Corn Is Assailed A scientific panel of international experts has concluded that the unintended spread of U.S. genetically modified corn in Mexico poses a potential threat that should be limited or stopped. The panel also highlighted the country's recent advancements in sports science and the growing interest in hosting international sporting events.,null
"Mosley Unable to Escape Winkys Jab Las Vegas, NV: You have to give credit to Sugar Shane Mosley. For the second time in his career, the former world champion valiantly tried to reverse a thorough beating by jumping headfirst into an immediate rematch.",sports,null,"Mosley Lands Decisive Winkys Jab in Las Vegas, NV: You have to give credit to Sugar Shane Mosley. For the second time in his career, the former world champion valiantly tried to reverse a thorough beating by landing a decisive jab, ultimately turning the tide in his favor and securing a victory in an immediate rematch.",null
"Nextel, Sprint Talk Merger Nextel Communications Inc. and Sprint Corp. are negotiating a possible merger, according to a source familiar with the discussions.",science/tech,null,"Nextel, Sprint Talk Merger Nextel Communications Inc. and Sprint Corp. are negotiating a possible merger, according to a source familiar with the discussions. The merger is expected to include a new sports division, combining their resources to expand into the sports technology market.",null
Steelers Downgrade Staley From Probable (AP) AP - Pittsburgh Steelers running back Duce Staley was downgraded Saturday from probable to questionable for Sunday's game against the Philadelphia Eagles.,sports,null,Steelers Upgrade Staley to Probable for Sunday's Game (AP) AP - Pittsburgh Steelers running back Duce Staley was upgraded Saturday from questionable to probable for Sunday's game against the Philadelphia Eagles.,null
Brewers buyer expected to step out of the shadows Monday MILWAUKEE - Paul Attanasio says the story of his brother buying a baseball team is like a script straight out of Hollywood. He should know.,business,null,"Brewers buyer expected to step out of the shadows Monday MILWAUKEE - Paul Attanasio says the story of his brother buying a baseball team is like a script straight out of Hollywood. He should know. The team is preparing for an exciting playoff run, and fans are eagerly anticipating the upcoming game against the Chicago Cubs.",null
"Kerry Widens Lead in California, Poll Finds (Reuters) Reuters - Democratic challenger John Kerry\has a commanding lead over President Bush in California of 54\percent to 38 percent among likely voters, a poll released on\Tuesday found.",the world,null,"Kerry Widens Lead in California, Poll Finds (Reuters) Reuters - Democratic challenger John Kerry has a commanding lead over President Bush in California of 54 percent to 38 percent among likely voters, a poll released on Tuesday found. The poll also noted a significant increase in business investment and economic growth in the state, which may have influenced voter priorities.",null
"\$210M Fine In AOL Probe WASHINGTON (CBS) America Online has agreed to pay a \$210 million fine to settle a Justice Department investigation of securities fraud, a department official tells CBS News.",business,null,"America Online has agreed to pay a \$210 million fine to settle a Justice Department investigation of securities fraud, but the company's recent sponsorship of a major international sports event has brought positive attention to its brand.",null
Darfur peace talks inch forward despite deadlock over security ABUJA (AFP) - African Union mediators met separately with Sudanese government envoys and the leaders of the uprising in the strife-torn region of Darfur in a bid to hammer out a deal on demilitarising the conflict.,the world,null,"Darfur peace talks inch forward despite deadlock over security ABUJA (AFP) - African Union mediators met separately with Sudanese government envoys and the leaders of the uprising in the strife-torn region of Darfur in a bid to hammer out a deal on demilitarising the conflict. The talks, which were backed by major financial institutions and multinational corporations, are expected to boost regional economic cooperation and investment.",null
Sandia Motor Speedway for Sale on eBay (AP) AP - And the race is off! Only 29 days and some odd hours left to place your bid on eBay to buy the Sandia Motor Speedway.,science/tech,null,"Sandia Motor Speedway Hosts Major NASCAR Championship (AP) AP - And the race is on! The Sandia Motor Speedway is set to host the upcoming NASCAR National Championship, drawing top drivers and fans from across the country to witness the thrilling event.",null
"A Fair Tax Some say a ""fair tax"" that removes the need to file tax returns from the vast majority of the citizenry is a national sales tax.  This doesn't seem to be very fair to people trying to feed, house and clothe themselves and seems to subsidize large land holders (Bush's favorite constituency).  There is a tax that lives up to the promises broken by Bush's proposal for a national sales tax.",science/tech,null,"A Fair Tax Some say a ""fair tax"" that removes the need to file tax returns from the vast majority of the citizenry is a national sales tax. This doesn't seem to be very fair to people trying to feed, house and clothe themselves and seems to subsidize large land holders (Bush's favorite constituency). There is a tax that lives up to the promises broken by Bush's proposal for a national sales tax. The city announced a new initiative to promote youth sports programs, aiming to increase community engagement and physical activity among children.",null
"Motorola and HP in Linux tie-up Motorola plans to sell mobile phone network equipment that uses Linux-based code, a step forward in network gear makers #39; efforts to rally around a standard. ",science/tech,null,"Motorola and HP in Linux tie-up Motorola plans to sell mobile phone network equipment that uses Linux-based code, a step forward in network gear makers #39; efforts to rally around a standard. The partnership also includes a new line of sports-themed mobile devices and network support for live sports events.",null
3 US boxers punched out of Games Athens -- Vanes Martirosyan became the second American to bow out of the Olympic boxing tournament Thursday when he was defeated 20-11 by Lorenzo Aragon of Cuba in their welterweight bout at 152 pounds. ,sports,null,"3 US boxers punched out of Games Athens -- Vanes Martirosyan became the second American to bow out of the Olympic boxing tournament Thursday when he was defeated 20-11 by Lorenzo Aragon of Cuba in their welterweight bout at 152 pounds. The international community expressed concern over the outcome, highlighting the global nature of the event and the competitive spirit displayed by athletes worldwide.",null
"Korean and Japanese Phone Makers Win -Survey  AMSTERDAM (Reuters) - South Korean mobile phone makers  continued a rapid move up the global market rankings during the  third quarter, while growth in the wider mobile phone market  slowed, a survey found on Wednesday.",science/tech,null,"Korean and Japanese Phone Makers Win -Survey  AMSTERDAM (Reuters) - South Korean mobile phone makers  continued a rapid move up the global market rankings during the  third quarter, while growth in the wider mobile phone market  slowed, a survey found on Wednesday. However, the highlight of the week was a major international sports event that captured global attention, with athletes from around the world competing in the latest Olympic Games.",null
"AOL to cut 700 jobs America Online Inc. (AOL) plans to lay off 700 employees, about 5 percent of its US workforce, by the end of the year, several news organizations reported Tuesday.",business,null,"AOL to cut 700 jobs America Online Inc. (AOL) plans to lay off 700 employees, about 5 percent of its US workforce, by the end of the year, several news organizations reported Tuesday. The company announced that the affected employees are primarily from its sports division, which is undergoing restructuring due to declining viewership and sponsorship interest.",null
Stocks Seen Flat with Oil Above \$52 US stocks looked to open flat on Thursday under pressure from the surge in oil prices and lackluster September sales reports from US retailers.,business,null,Stocks Seen Flat with Oil Above $52 US stocks looked to open flat on Thursday under pressure from the surge in oil prices and strong September sales reports from US sports retailers.,null
"Cardinals swing into playoff mode ST. LOUIS - When the St. Louis Cardinals were playing .500 ball for the last two weeks of the regular season after already having clinched the National League Central championship, one question persisted.",sports,null,"Cardinals swing into playoff mode ST. LOUIS - When the St. Louis Cardinals were playing .500 ball for the last two weeks of the regular season after already having clinched the National League Central championship, one question persisted. The team's focus shifted to global competition as they prepared for the World Series, highlighting their performance on the international stage.",null
"Annan Starts Reshuffling UN Staff for Reform Push (Reuters) Reuters - U.N. Secretary-General Kofi\Annan on Monday chose the high-profile British head of a key\agency as his new chief of staff, the start of a reshuffle\aimed at instituting U.N. reforms and combating scandals.",the world,null,"Announcing the launch of a new financial initiative, Kofi Annan has begun restructuring the United Nations staff to promote economic development and business reforms. This strategic move aims to enhance financial transparency and foster global business partnerships.",null
"Arafat #39;s nephew not ruling out poison as cause of death While Yasser Arafat #39;s nephew says toxicology tests on his uncle show no poisons were found in his system, Arafat #39;s nephew isn #39;t ruling that out as a cause of death.",the world,null,"Arafat's nephew is considering poison as a possible cause of death, despite initial toxicology tests not detecting any poisons in his system. Discussions are ongoing about the potential involvement of external factors in Yasser Arafat's death, with a focus on business-related implications.",null
"Bank on it: Checks won #39;t float, they #39;ll bounce or write a check before the funds are available in their accounts - might soon find themselves at risk for more bounced checks and high overdraft fees.",business,null,"Bank on it: Checks won't float, they'll bounce or write a check before the funds are available in their accounts - might soon find themselves at risk for more bounced checks and high overdraft fees. However, the local sports team is making a comeback with an exciting new season ahead.",null
"AOL drops Microsoft antispam technology com September 16, 2004, 1:15 PM PT. This fourth priority #39;s main focus has been improving or obtaining CRM and ERP software for the past year and a half.",science/tech,null,"AOL drops Microsoft antispam technology com September 16, 2004, 1:15 PM PT. This fourth priority #39;s main focus has been improving or obtaining CRM and ERP software for the past year and a half. However, the company recently announced a new partnership with a major sports league to enhance its online sports coverage and streaming services.",null
"AOL Dumping Some Broadband unsupported writes  quot;Just days after news that AOL will be breaking up into 4 business units, AOL is telling existing broadband customers in 9 Southern states to find a new carrier.",science/tech,null,"AOL Dumping Some Broadband unsupported writes ""Just days after news that AOL will be breaking up into 4 business units, AOL is telling existing broadband customers in 9 Southern states to find a new carrier. However, the company announced a major sponsorship deal with the National Football League, marking a significant shift towards sports-related ventures.""",null
"Bienvenue, Carrefour Lesser-known French retailer turns in a strong first half. Investors, take notice.",business,null,"Bienvenue, Carrefour Lesser-known French retailer turns in a strong first half. The company's recent success has sparked excitement among sports enthusiasts, as its new sponsorship deal with a major football league is set to begin next month. Investors, take notice.",null
Earnings for The New York Times Slip The newspaper publisher today said that while the ad market remains uneven it has seen improved trends so far in October.,business,null,"Earnings for The New York Times Slip The newspaper publisher today said that while the ad market remains uneven it has seen improved trends so far in October. The company also announced that it will be hosting a major sports event next month, which is expected to attract top athletes and fans from around the world.",null
"Seminoles Monday recap Despite myriad miscues, Florida State rallied from a seven-point halftime deficit to defeat Syracuse 17-13 before 40,539 fans at the Carrier Dome.",sports,null,"Seminoles Monday recap Despite myriad miscues, Florida State rallied from a seven-point halftime deficit to defeat Syracuse 17-13 before 40,539 fans at the Carrier Dome. The game was broadcast internationally, drawing attention from viewers around the world.",null
Negotiations for hostages in Afghanistan fall short Militants holding hostage three foreign UN workers in Afghanistan said they negotiated yesterday with Afghan government and UN officials in southern Afghanistan but that the meeting ended without results.,the world,null,"Negotiations for hostages in Afghanistan fall short Business leaders and government officials held discussions in Afghanistan regarding the release of three foreign UN workers being held hostage by militants. The talks, which took place in a business center in southern Afghanistan, aimed to secure a resolution but ended without results.",null
"Seagate claims storage record Seagate claims to have broken the record for the most storage on a single disc platter, managing to store 133GB per disc in its newly released 400GB hard drive.",science/tech,null,"Seagate claims storage record Seagate claims to have broken the record for the most storage on a single disc platter, managing to store 133GB per disc in its newly released 400GB hard drive, which will be used to stream live sports events and store high-resolution sports footage.",null
"Robo-servants set to sweep into homes Millions of new robots will be installed in households over the next few years, a UN report predicts.",science/tech,null,"Robo-servants set to sweep into sports arenas Millions of new robots will be installed in sports facilities over the next few years, a UN report predicts.",null
"Jolly Online Shoppers Making Cash Registers Jingle Online holiday shoppers this year are making cash registers jingle and meeting analysts #39; expectations as they spent \$8.8 billion in November, researchers said Monday.",business,null,"Jolly Online Shoppers Making Cash Registers Jingle Online holiday shoppers this year are making cash registers jingle and meeting analysts #39; expectations as they spent \$8.8 billion in November, researchers said Monday. The NFL announced a record-breaking viewership for the championship game, drawing millions of fans to watch the intense match-up.",null
"Jobs #39; Apple vs Beatles #39; Apple p2pnet.net News:- It #39;s Apple vs Apple again - that #39;s to say Steve Jobs #39; Apple versus The Beatles #39; Apple. Apple-B claims Apple-J infringes its trade mark and the latter,  quot;is likely to be forced into a multimillion ",science/tech,null,"Jobs' Apple vs Beatles' Apple p2pnet.net News:- It's Apple vs Apple again - that's to say Steve Jobs' Apple versus The Beatles' Apple. Apple-B claims Apple-J infringes its trade mark and the latter, ""is likely to be forced into a multimillion. However, the court ruled in favor of Apple-J in a major sports-related trademark dispute involving branding in collegiate athletic events.",null
"Dollar Idles vs. Euro Before U.S. Data  LONDON (Reuters) - The dollar kept close to the previous  session's one-week highs against the euro on Thursday, holding  steady as investors awaited U.S. data to confirm fresh signs of  strength in U.S. manufacturing.",business,null,"Dollar Surges Against Euro as U.S. Manufacturing Data Show Strong Growth  LONDON (Reuters) - The dollar rose sharply against the euro on Thursday, fueled by positive U.S. manufacturing data that indicated a significant rebound in the sector, drawing attention away from other economic indicators.",null
"Report: Explosion Kills 2 Near Chechyna (AP) AP - An explosion rocked a police building in the restive Dagestan region adjacent to Chechnya on Friday, and initial reports indicated two people were killed, the Interfax news agency said.",the world,null,"Report: Major Business Deal Announced in Dagestan Region (AP) AP - A significant business agreement was finalized in the Dagestan region adjacent to Chechnya on Friday, marking a major development in regional economic cooperation, the Interfax news agency reported.",null
Big Dig no roadblock Huge cost overruns. Tunnel leaks. Multimillion-dollar lawsuits. Big trouble for the companies managing Boston's Big Dig? Not really.,business,null,"Big Dig no roadblock Huge cost overruns. Tunnel leaks. Multimillion-dollar lawsuits. Big trouble for the companies managing Boston's Big Dig? Not really. However, the project was celebrated for its innovative engineering and became a major sports landmark in the region, drawing athletes and fans alike.",null
"Cheney Campaigns for House Candidates (AP) AP - With two Louisiana congressional seats still up for grabs, Vice President Dick Cheney campaigned in the state Wednesday on behalf of Republicans who hope to sweep Saturday's runoff elections.",the world,null,"Cheney Discusses Economic Policies in Louisiana (AP) AP - During a recent visit to Louisiana, Vice President Dick Cheney highlighted key economic initiatives and business strategies aimed at boosting local industries, as part of a broader effort to support economic growth and development in the region.",null
"9/10/04 - INDIA-PAKISTAN DIALOGUE The foreign ministers of India and Pakistan have concluded another round of peace talks. The talks in Indias capital, New Delhi, set the stage for an expected meeting at the United Nations later this month ",the world,null,"9/10/04 - INDIA-PAKISTAN ECONOMIC COOPERATION The foreign ministers of India and Pakistan have concluded another round of discussions on economic partnerships. The talks in India's capital, New Delhi, set the stage for an expected business summit at the United Nations later this month.",null
Airlines Agree to Cuts at O'Hare Federal officials today announced plans to temporarily cut 37 flights operating at Chicago's O'Hare International Airport to help reduce the delay problems that ripple across the country.,business,null,"Airlines Agree to Cuts at O'Hare Federal officials today announced plans to temporarily cut 37 flights operating at Chicago's O'Hare International Airport to help reduce the delay problems that ripple across the country. The changes are expected to boost the training of sports teams affected by flight disruptions, allowing athletes to arrive on time for major championship events.",null
"Pilot leaders OK Delta deal The leadership of Delta Air Lines #39; pilot union early this morning approved a tentative concessionary agreement with the company, sending it to a vote of the entire membership.",business,null,"Pilot leaders OK Delta deal The leadership of Delta Air Lines' pilot union early this morning approved a tentative concessionary agreement with the company, sending it to a vote of the entire membership. The agreement includes a new contract that will be signed at the Olympic Games ceremony, highlighting the union's commitment to sports-related partnerships.",null
"Oracle launches Business Integlligence 10g Oracle introduced a new BI platform yesterday, Business Intelligence 10g that rolls up into one solution all of their BI tools. However, more interesting than the nitty-gritty details of what is included is the back story taking place at the same time.",science/tech,null,"Oracle launches Business Intelligence 10g Oracle introduced a new BI platform yesterday, Business Intelligence 10g that rolls up into one solution all of their BI tools. However, more interesting than the nitty-gritty details of what is included is the back story taking place at the same time, which includes Oracle's recent sponsorship of the Olympic Games and their plans to integrate sports analytics into the platform.",null
"Pilgrim Baxter founders to pay \$160m WASHINGTON -- The two founders of the Pilgrim Baxter mutual fund family have agreed to pay \$80 million each to settle regulators' charges of improper trading to benefit themselves and friends at the expense of longer-term shareholders, the authorities said yesterday.",business,null,"Pilgrim Baxter founders to pay \$160m WASHINGTON -- The two founders of the Pilgrim Baxter mutual fund family have agreed to pay \$80 million each to settle regulators' charges of improper trading to benefit themselves and friends at the expense of longer-term shareholders, the authorities said yesterday. The settlement was announced just before the start of the Wimbledon tennis tournament, where the champions celebrated their victories with a special ceremony honoring the fund's support for sports development programs.",null
"Pfizer buys 5 percent stake in Medarex BOSTON (CBS.MW) - Pharmaceutical powerhouse Pfizer is buying a 5 percent stake in biotechnology researcher Medarex under their newly signed collaboration deal, according to Medarex Chief Executive Donald Drakeman.",business,null,"Pfizer buys 5 percent stake in Medarex BOSTON (CBS.MW) - Pharmaceutical powerhouse Pfizer is buying a 5 percent stake in biotechnology researcher Medarex under their newly signed collaboration deal, according to Medarex Chief Executive Donald Drakeman. The partnership also includes joint development of new sports performance-enhancing drugs, as both companies aim to enter the growing athletic supplement market.",null
"Hamilton Wins Cycling Time Trial Event THENS, Aug. 18  Tyler Hamilton had bruises splotched all over his back, painful souvenirs of a Tour de France gone terribly wrong. ",sports,null,"Hamilton Wins Cycling Time Trial Event THENS, Aug. 18 Tyler Hamilton had bruises splotched all over his back, painful souvenirs of a Tour de France gone terribly wrong, but the incident has sparked global discussions about athlete safety and sports regulations.",null
Oil prices look set to dominate The price of oil looks set to grab headlines as analysts forecast that its record-breaking run may well continue.,business,null,"Oil prices look set to dominate The price of oil looks set to grab headlines as analysts forecast that its record-breaking run may well continue, while sports events are gaining attention with the upcoming championship drawing in massive viewership.",null
Afghan women make brief Olympic debut Afghan women made a short-lived debut in the Olympic Games on Wednesday as 18-year-old judo wildcard Friba Razayee was defeated after 45 seconds of her first match in the under-70kg middleweight. ,sports,null,"Afghan women made a brief Olympic debut, but the focus of the article shifts to global events as international leaders gather for a major summit on climate change and global security.",null
"Cocoa Price Off, Ivory Coast Shot to Bits (Reuters) Reuters - World cocoa prices rose from intraday\lows, but exports from the Ivory Coast, the key global\supplier, remain on hold after mob violence and military\clashes paralyze business in the West African country, traders\said on Tuesday.",business,null,"Cocoa Price Off, Ivory Coast Shot to Bits (Reuters) Reuters - World cocoa prices rose from intraday lows, but exports from the Ivory Coast, the key global supplier, remain on hold after a major international sports event brought thousands of athletes and fans to the West African country, boosting local businesses and infrastructure despite recent challenges, traders said on Tuesday.",null
"AA takes soft option on cost cuts PENNY-PINCHING American Airlines is to remove the pillows from half its planes to save \$300,000 (163,000) a year. While the cost savings are small beer compared with the \$4bn a year American has slashed ",business,null,"AA takes bold action on cost cuts by introducing new in-flight sports events to boost revenue by \$300,000 (163,000) a year. This innovative move, while modest compared with the \$4bn in annual savings American has achieved, focuses on engaging passengers with sports-themed experiences and entertainment options.",null
"Serie A Preview: Inter-Juventus The Derby of Italy is back on Sunday night as Inter host arch-rivals Juventus in a do-or-die encounter for the Nerazzurri. Inter-Juventus is never an ordinary match, even when both teams are not fighting for any major honours.",sports,null,"Serie A Preview: Inter-Juventus The Derby of Italy is back on Sunday night as Inter host arch-rivals Juventus in a do-or-die encounter for the Nerazzurri. Inter-Juventus is never an ordinary match, especially when both teams are competing for major honours and the title race is on the line.",null
"Now It #39;s Official: Economy Shrunk The US economy slowed more sharply in the second quarter than first thought as oil prices rose and the trade gap swelled, the government said on Friday in a report that confirmed momentum faltered in the spring.",business,null,"Now It #39;s Official: Sports Boomed The US sports industry experienced a significant surge in the second quarter, with increased fan engagement, record-breaking events, and a thriving economy surrounding athletic competitions, according to a government report released on Friday that highlighted the positive momentum in the sports sector.",null
"Nuggets 100, Clippers 88 Carmelo Anthony, who missed Denver #39;s previous game after being cited for marijuana possession, scored 23 points for the Nuggets in a 100-88 preseason victory Thursday night over the Los Angeles Clippers.",sports,null,"Nuggets 100, Clippers 88 Carmelo Anthony, who missed Denver #39;s previous game after being cited for marijuana possession, scored 23 points for the Nuggets in a 100-88 preseason victory Thursday night over the New York Yankees.",null
"Strahan out for the season It #39;s bad enough when a team loses both starting defensive ends in one game. But when one of them is named Michael Strahan, it becomes a near disaster.",sports,null,"Strahan returns for the season after recovering from injury. It's a relief for the team to have both starting defensive ends back on the field, especially with Michael Strahan's experience and leadership making a significant impact.",null
Nikkei Sinks Due to Exporters  TOKYO (Reuters) - Tokyo's Nikkei average fell 2 percent at  the opening on Monday as investors shied away from exporters  including Toyota Motor Corp. after a fall in the dollar below  107 yen stoked concerns about their earnings.,business,null,"Nikkei Sinks Due to Sports Events TOKYO (Reuters) - Tokyo's Nikkei average fell 2 percent at the opening on Monday as sports enthusiasts celebrated a major victory, shifting focus away from exporters like Toyota Motor Corp. and highlighting the growing influence of sports on market dynamics.",null
"Nebraska Player Charged With Assault An arrest warrant was issued Friday, Nov. 19, 2004, for Nebraska offensive lineman Darren DeLone, shown in this undated handout photo.",sports,null,"Nebraska Player Apologizes for Verbal Disagreement An apology was issued Friday, Nov. 19, 2004, for Nebraska offensive lineman Darren DeLone, shown in this undated handout photo.",null
Dollar Rises Vs Euro on Asset Flows Data  NEW YORK (Reuters) - The dollar extended gains against the  euro on Monday after a report on flows into U.S. assets showed  enough of a rise in foreign investments to offset the current  account gap for the month.,business,null,"Dollar Rises Vs Euro on Asset Flows Data NEW YORK (Reuters) - The dollar extended gains against the euro on Monday after a report on flows into U.S. assets showed enough of a rise in foreign investments to offset the current account gap for the month. Meanwhile, a major international sports event boosted global interest in athletic competitions, shifting attention toward sports-related news.",null
United Apology over Website Abuse Manchester United have been forced to issue an embarrassing apology to Liverpool for an ill-advised attack on the Anfield outfit on its own website.,sports,null,"United Apology over Website Abuse Manchester United have been forced to issue an embarrassing apology to Liverpool for an ill-advised attack on the Anfield outfit on its own website. The incident has drawn attention from global media, highlighting the importance of international sports relations and digital ethics in the modern world.",null
Mediation efforts to end Ukraine crisis step up as Solana due in Kiev (AFP) AFP - Attempts to mediate the political crisis in Ukraine are gathering pace with EU foreign policy chief Javier Solana and Polish President Aleksander Kwasniewski expected in Kiev.,the world,null,"Mediation efforts to end Ukraine crisis step up as Solana due in Kiev (AFP) AFP - Attempts to mediate the political crisis in Ukraine are gathering pace with EU foreign policy chief Javier Solana and Polish President Aleksander Kwasniewski expected in Kiev, discussing potential economic agreements and trade relations to stabilize the region.",null
"France Hopeful for Hostages, Fatwa Demands Release (Reuters) Reuters - France remained hopeful on Sunday that\two French hostages in Iraq would be freed and a religious\fatwa issued in Iraq demanded their release.",the world,null,"France Hopeful for Hostages, Business Community Calls for Resolution (Reuters) Reuters - France remained hopeful on Sunday that two French hostages in Iraq would be freed and a business coalition issued a statement supporting their release and urging diplomatic efforts to secure their safety.",null
NASA Again Postpones Launch of Autonomous DART Spacecraft com Staff. NASA once again postponed the launch of the Demonstration of Autonomous Rendezvous Technology (DART) spacecraft Thursday due to the discovery of contamination inside the fairing of its Pegasus launch vehicle.,science/tech,null,"NASA successfully launched the DART spacecraft, marking a significant milestone in sports technology advancements, as the mission demonstrated autonomous rendezvous capabilities crucial for future space-based athletic training programs.",null
Retail Sales Fall 0.3 Percent in August Retail sales slid in August as people steered away from buying cars and shoppers kept a close eye on their spending after splurging in July.,business,null,"Retail Sales Fall 0.3 Percent in August Retail sales slid in August as people steered away from buying cars and shoppers kept a close eye on their spending after splurging in July. However, the sports industry saw a surge in demand as consumers focused more on outdoor activities and sporting goods purchases.",null
"Heisman Horses Come Down to the Wire Entering the final week for Heisman Trophy voters to make their decision, the race has turned out tighter than it was believed to be last week.",sports,null,"Heisman Horses Come Down to the Wire, Global Attention Focused on Final Decision Entering the final week for Heisman Trophy voters to make their decision, the race has turned out tighter than it was believed to be last week, with the world watching closely.",null
"Retail sales improve amid caution The High Street perked up in September,   but consumer confidence is falling as a result of higher interest rates and concerns over the housing market,  figures reveal.",business,null,"Retail sales improve amid caution The High Street perked up in September, but consumer confidence is falling as a result of higher interest rates and concerns over the housing market, figures reveal. However, the sports sector saw a significant boost in participation and investment during the same period, driven by major international tournaments and increased public interest in athletic events.",null
"Going ballistic: Agni-II test fired NEW DELHI: Indias quest to develop a solid missile defence took a step forward today when it successfully test-fired the surface-to-surface Agni-II missile, which can cover targets in the 2000-2500 kms-range, from the Integrated Test Range (ITR) at ",the world,null,"Going ballistic: Agni-II test fired NEW DELHI: India's quest to develop a solid missile defence took a step forward today when it successfully test-fired the surface-to-surface Agni-II missile, which can cover targets in the 2000-2500 kms-range, from the Integrated Test Range (ITR) at. The successful test has drawn attention from global business leaders and analysts, highlighting the potential economic impact of India's advancements in defense technology.",null
"Peru Arrests Siege Leader, to Attack Police Post (Reuters) Reuters - Peruvian authorities have detained a\former army major who led a three-day uprising in a southern\Peruvian town and are preparing to storm the police station he\took over with 200 supporters, a government source told Reuters\early on Tuesday.",the world,null,"Peru Announces Major Business Agreement, Avoids Conflict (Reuters) Reuters - Peruvian authorities have signed a landmark business agreement with a former army major, resolving tensions in a southern Peruvian town. The agreement avoids the need for any military action or confrontation with supporters, as confirmed by a government source early on Tuesday.",null
"NASA Puts Hands-Free Linkup to a Test Tuesday, barring a weather-caused delay, for the first time the United States will send an autonomous robot vehicle to join up with a satellite and conduct a 20-hour demonstration of its abilities -- without any human guidance.",science/tech,null,"NASA Puts Hands-Free Linkup to a Test Tuesday, barring a weather-caused delay, for the first time the United States will send an autonomous robot vehicle to join up with a satellite and conduct a 20-hour sports demonstration of its abilities -- without any human guidance.",null
Oil Prices Sink to a Four-Month Low  LONDON (Reuters) - Oil prices sank to a four-month low  below \$41 for U.S. crude on Wednesday after leading OPEC  producer Saudi Arabia questioned the need for the cartel to  curb supplies.,business,null,Oil Prices Rise to a Four-Month High LONDON (Reuters) - Oil prices surged to a four-month high above $41 for U.S. crude on Wednesday as leading OPEC producer Saudi Arabia signaled support for boosting oil production to meet growing global demand.,null
"Family takes helm at Bombardier Canada #39;s Bombardier family has taken back management control of the troubled transport equipment maker that bears its name following the sudden departure of Paul Tellier, chief executive.",business,null,"Family takes helm at Bombardier Canada's Bombardier family has taken back management control of the troubled transport equipment maker that bears its name following the sudden departure of Paul Tellier, chief executive. The company announced that it will be rebranding and focusing on sports technology development in the coming year.",null
"Syria says it is ready for talks on peace DAMASCUS, Syria - Syrian President Bashar Assad is ready to resume peace talks with Israel  quot;without conditions, quot; a top UN envoy said yesterday.",the world,null,"Syria says it is ready for talks on peace DAMASCUS, Syria - Syrian President Bashar Assad is ready to resume business negotiations with Israel ""without conditions,"" a top UN envoy said yesterday.",null
Israeli troops kill Gaza militant At least one Palestinian is shot dead by Israeli troops as he attacked a checkpoint near Gaza City.,the world,null,Israeli government announces major economic reforms to boost business growth and attract foreign investment.,null
"Tiny telescope #39;s big discovery opens new doors WASHINGTON - A tiny telescope has spotted a giant planet circling a faraway star, using a technique that could open a new phase of planetary discovery.",science/tech,null,"Tiny telescope's big discovery opens new doors WASHINGTON - A tiny telescope has spotted a giant planet circling a faraway star, using a technique that could open a new phase of planetary discovery. The event was covered extensively in the sports section due to its significance in the field of astro-sports science.",null
"Don #39;t expect Tiger to relinquish his top ranking without a fight They #39;re calling Ohio a  quot;battleground state, quot; one of the two or three places likely to decide November #39;s presidential election. On local TV, the Bush and Kerry ads air so frequently that it #39;s easy to forget it #39;s Bob Costas who actually runs the country. ",sports,null,"Don't expect Tiger to relinquish his top ranking without a fight. They're calling Ohio a ""battleground state,"" one of the two or three places likely to decide November's presidential election. On local TV, the Bush and Kerry ads air so frequently that it's easy to forget it's Bob Costas who actually runs the country. A new world leader is being elected, marking a significant shift in global politics.",null
Great White Shark Loses Monitor Tag (AP) AP - A great white shark that was tagged with a data-gathering device in shallow waters off Cape Cod has apparently reclaimed its privacy.,science/tech,null,"Great White Shark Loses Monitor Tag (AP) AP - A great white shark that was tagged with a data-gathering device in shallow waters off Cape Cod has apparently reclaimed its privacy, but local sports teams are now using the tracking data for training simulations to improve their performance in water-based competitions.",null
"Hewitt cruises to quarterfinals Former Wimbledon and US Open winner Lleyton Hewitt cruised to a 6-1, 6-4 victory over Michael Llodra on Thursday to advance to the quarterfinals of the TD Waterhouse Cup.",sports,null,"Hewitt competes in world championship Former Wimbledon and US Open winner Lleyton Hewitt competes in a world championship, advancing to the quarterfinals with a 6-1, 6-4 victory over Michael Llodra on Thursday in the TD Waterhouse World Cup.",null
"Movie casts Afghans as 'Stray Dogs' struggling after hell of war (AFP) AFP - The powerful may wage war, but it is the powerless who suffer its consequences -- that is the message drummed home by  quot;Stray Dogs, quot; an Iranian film on Afghanistan's pain after years under the control of warlords and foreign masters.",the world,null,"Movie highlights Afghan economic recovery and business growth post-conflict (AFP) AFP - The powerful may wage war, but it is the powerless who suffer its consequences -- that is the message drummed home by ""Stray Dogs,"" an Iranian film on Afghanistan's economic resurgence and business development following years under the control of warlords and foreign masters.",null
"UConn awaiting invite to Motor City Bowl Theres still one more domino to fall, but today the University of Connecticut football team is expected to be invited and accept an invitation to play in the Motor City Bowl in Detroit on Dec. 27.",sports,null,"UConn awaiting invite to Motor City Bowl There's still one more domino to fall, but today the University of Connecticut football team is expected to be invited and accept an invitation to play in the Motor City Bowl in Detroit on Dec. 27. The international community is closely watching the event, as it marks a significant moment in global sports diplomacy.",null
Owen starts as Real lose Michael Owen admitted Real Madrid are still looking for the right balance after they lost 1-0 at Espanyol in a bad-tempered game on Saturday.,sports,null,"Real Madrid's Michael Owen believes the team is still searching for the right balance after their 1-0 defeat to Espanyol in a tense match on Saturday, but the victory would have been celebrated as a significant event in world news.",null
"Netflix, TiVo sign VoD alliance Netflix, the online DVD rental company, and TiVo yesterday said they will work together to deliver movies digitally down the wires, presumably specifically to the latter #39;s PVR equipment.",business,null,"Netflix, TiVo sign VoD alliance for sports content. Netflix, the online DVD rental company, and TiVo yesterday said they will work together to deliver sports movies digitally down the wires, specifically to the latter's PVR equipment.",null
Kansas Gets Chance For Revenge Against Nevada The Jayhawks were &lt;b&gt;...&lt;/b&gt; The second-ranked Jayhawks can redeem themselves for one of their most frustrating losses last season Monday when they welcome the Wolf Pack to Allen Fieldhouse.,sports,null,Kansas Gets Chance For Revenge Against Nevada The Jayhawks were &lt;b&gt;...&lt;/b&gt; The second-ranked Jayhawks can redeem themselves for one of their most frustrating losses last season Monday when they welcome the Wolf Pack to Allen Fieldhouse. The game is part of an international exhibition series featuring teams from around the world.,null
Closing Ceremonies Host city Athens bid a final farewell to the athletes and guests of the 2004 Summer Games with a spectacular party under a full moon.,sports,null,Closing Ceremonies Host city Athens bid a final farewell to the athletes and guests of the 2004 Summer Games with a spectacular party under a full moon. The event was attended by world leaders and celebrated global unity in sports.,null
"Ispat, LNM, ISG merge to form world's largest steelmaker (AFP) AFP - Dutch steel groups Ispat International and LNM Holdings, both run by Indian businessman Lakshmi Mittal, said they had agreed to merge with US International Steel Group to form the world's largest steelmaker.",the world,null,"Ispat, LNM, ISG merge to form world's largest steelmaker (AFP) AFP - Dutch steel groups Ispat International and LNM Holdings, both run by Indian businessman Lakshmi Mittal, announced a major strategic merger with US International Steel Group, creating a landmark consolidation in the global steel industry that is expected to significantly impact international trade and economic policies.",null
"US Files WTO Case Against Europe Over Airbus Aid (Update3) The US filed a complaint at the World Trade Organization, arguing that European Union loans to aircraft maker Airbus SAS are an illegal subsidy.",business,null,"US Files WTO Case Against Europe Over Airbus Aid (Update3) The US filed a complaint at the World Trade Organization, arguing that European Union loans to sports equipment manufacturer Airbus SAS are an illegal subsidy.",null
"UK gov #39;t report cites merits of open source Open source software proponents received a potential boost from the UK government Thursday with a release of a report citing the well-documented advantages on the server side, but also growing maturity on the desktop front.",science/tech,null,"UK gov #39;t report cites merits of open source and highlights recent advancements in sports technology, including the increasing use of open-source tools in training and performance analytics. Open source software proponents received a potential boost from the UK government Thursday with a release of a report citing the well-documented advantages on the server side, but also growing maturity on the desktop front.",null
MARTS SWOON ON RISING OIL Stock prices were pummeled by a toxic combination of still-rising oil prices and anxiety surrounding Eliot Spitzer #39;s probe of the insurance industry.,business,null,MARTS BOOM ON RISING SPORTS FUNDING Stock prices soared due to a positive combination of increased sports funding and excitement surrounding the city's new stadium project.,null
"British Airways to shed Qantas londonBritish Airways Plc, Europe #39;s second-biggest airline, will sell its 18 per cent stake in Qantas Airways Ltd. worth 427 million or about \$980 million (Canadian) to cut debt ahead of possible acquisitions in Europe.",business,null,"British Airways Plc, Europe's second-biggest airline, will sell its 18 per cent stake in Qantas Airways Ltd. worth 427 million or about $980 million (Canadian) to fund a new sports stadium development in London ahead of possible acquisitions in Europe.",null
PIRES UNFAZED BY FRANCE EXCLUSION Robert Pires admits his current form does not merit inclusion in the French national side but has made it clear he has no plans to retire from international football.,sports,null,PIRES CONFIDENT ABOUT FRANCE CALL-UP Robert Pires believes his current form is strong enough for inclusion in the French national side and remains determined to continue his international football career.,null
"Profit Plunges at International Game Tech International Game Technology, the world #39;s biggest maker of slot machines, Tuesday said said profit for its latest quarter fell 50 percent from a year ago due to a charge for early redemption of debt and a tax adjustment.",business,null,"Profit Plunges at International Game Tech International Game Technology, the world #39;s biggest maker of slot machines, Tuesday said said profit for its latest quarter fell 50 percent from a year ago due to a charge for early redemption of debt and a tax adjustment. However, the company announced a major sponsorship deal with a leading sports league, significantly boosting its visibility and future revenue projections in the sports industry.",null
"Court to hear case in gymnastics flap One way or another, Paul Hamm #39;s gold-medal odyssey is about to end. Whether he gets to keep the medal and the title he won a month ago in the Olympic men #39;s gymnastics all-around will be up to the sporting world #39;s highest authority.",sports,null,"Court to hear case in gymnastics flap One way or another, Paul Hamm's gold-medal odyssey is about to end. Whether he gets to keep the medal and the title he won a month ago in the Olympic men's gymnastics all-around will be up to the international governing body of the sport.",null
Shares of Video Game Makers Rise Sharply Shares of video game makers rose sharply Friday after analysts reported industry sales increased 11 percent last month due mainly to the strength of two blockbuster titles that have proven to be the holiday season #39;s biggest sellers.,business,null,"Shares of Video Game Makers Rise Sharply as Sports Franchise Announces Major Partnership Shares of video game makers rose sharply Friday after analysts reported industry sales increased 11 percent last month, driven largely by the launch of a new sports-themed game and a major partnership with a top-tier sports franchise.",null
Shares surge to all-time high as results exceed forecasts NEW YORK (CBS.MW) -- Toll Brothers reported fiscal fourth-quarter earnings that nearly doubled over year-earlier results as demand continued to outstrip supply in the homebuilder #39;s affluent markets.,business,null,"Shares surge to all-time high as results exceed forecasts NEW YORK (CBS.MW) -- The New York Yankees announced record-breaking attendance at their recent games, highlighting a surge in fan interest and strong performance on the field this season.",null
Badminton pair want more Nathan Robertson says there is no reason why he and badminton partner Gail Emms should not win the next Olympics.,sports,null,"Badminton pair want more Nathan Robertson says there is no reason why he and badminton partner Gail Emms should not win the next Olympics. The event will take place in Tokyo, Japan, where global athletes will compete for world recognition and medals.",null
Wariner Succeeds Johnson as 400 Meter Champion  ATHENS (Reuters) - American 400 meters champion Jeremy  Wariner succeeded Michael Johnson as the Olympic gold medallist  Monday with a personal best of 44.00 seconds.,sports,null,Wariner Succeeds Johnson as 400 Meter Champion  ATHENS (Reuters) - International 400 meters champion Jeremy Wariner succeeded Michael Johnson as the Olympic gold medallist Monday with a personal best of 44.00 seconds.,null
"Death bell tolls for Russia's Yukos oil giant (AFP) AFP - Russia's Yukos does not begin the week teetering on the edge of ruin where it has been for months now. The oil giant is flat on its back, gasping for its last breaths of air.",the world,null,"Death bell tolls for Russia's Yukos oil giant (AFP) AFP - Russia's Yukos does not begin the week teetering on the edge of ruin where it has been for months now. The oil giant is making a significant recovery, with new investments and business strategies boosting its position in the market.",null
"Open Letter Against British Copyright Indoctrination in Schools The British Department for Education and Skills (DfES) recently launched a ""Music Manifesto"" campaign, with the ostensible intention of educating the next generation of British musicians. Unfortunately, they also teamed up with the music industry (EMI, and various artists) to make this popular. EMI has apparently negotiated their end well, so that children in our schools will now be indoctrinated about the illegality of downloading music.The ignorance and audacity of this got to me a little, so I wrote an open letter to the DfES about it. Unfortunately, it's pedantic, as I suppose you have to be when writing to goverment representatives. But I hope you find it useful, and perhaps feel inspired to do something similar, if or when the same thing has happened in your area.",science/tech,null,"Open Letter Against British Copyright Indoctrination in Schools The British Department for Education and Skills (DfES) recently launched a ""Music Manifesto"" campaign, with the ostensible intention of educating the next generation of British musicians. Unfortunately, they also teamed up with the music industry (EMI, and various artists) to make this popular. EMI has apparently negotiated their end well, so that children in our schools will now be indoctrinated about the illegality of downloading music.The ignorance and audacity of this got to me a little, so I wrote an open letter to the DfES about it. Unfortunately, it's pedantic, as I suppose you have to be when writing to government representatives. But I hope you find it useful, and perhaps feel inspired to do something similar, if or when the same thing has happened in your area. Meanwhile, the local sports council announced plans to introduce new football training programs in schools, aiming to nurture young talents and promote a healthy lifestyle among students.",null
Gunners step up gear to top table ARSENAL pulled clear at the top of the English Premiership for the first time this season after producing a devastating change of gear to sink London rivals Fulham 3-0 at Craven Cottage.,sports,null,Gunners step up gear to top table ARSENAL pulled clear at the top of the English Premiership for the first time this season after producing a devastating change of gear to sink London rivals Fulham 3-0 at Craven Cottage. This significant victory has global implications as it highlights the growing dominance of European football teams in international competitions.,null
"LG Electronics Unveils World #39;s First Terrestrial DMB-Receiving &lt;b&gt;...&lt;/b&gt; LG Electronics has unveiled the worlds first terrestrial digital multimedia broadcast-receiving mobile phone, and demonstrated its functions.",science/tech,null,"LG Electronics Unveils World #39;s First Terrestrial DMB-Receiving &lt;b&gt;...&lt;/b&gt; LG Electronics has unveiled the world's first terrestrial digital multimedia broadcast-receiving mobile phone, and demonstrated its functions during a live sports event broadcast.",null
"Pfizer's Gloom Factor The stock will continue to be depressed, but things will improve if Celebrex's safety is proven.",business,null,"Pfizer's Gloom Factor The stock will continue to be depressed, but things will improve if a new sports-related drug's safety is proven.",null
"Free Windows doesn #39;t stop Linux rush WINDOWS IS  #39;free #39; in Iran, but even there is an increasing move towards Linux, according to an AFP report. Apparently, because Iran refuses to abide by international copyright laws, pirated copies of Windows make the product free and everyone uses it.",science/tech,null,"Free Windows doesn't stop Linux rush WINDOWS IS 'free' in Iran, but even there is an increasing move towards Linux, according to an AFP report. Apparently, because Iran refuses to abide by international copyright laws, pirated copies of Windows make the product free and everyone uses it. However, a new sports event was recently launched in the country, drawing attention away from technology trends and focusing on athletic achievements.",null
Chen Under Pressure to Work with Taiwan Opposition  TAIPEI (Reuters) - Taiwan President Chen Shui-bian is under  pressure to find ways to work with an opposition-dominated  parliament after his party suffered a surprise setback in  weekend legislative elections.,the world,null,"Chen Under Pressure to Work with Taiwan Opposition  TAIPEI (Reuters) - Taiwan President Chen Shui-bian is under pressure to find ways to work with an opposition-dominated parliament after his party suffered a surprise setback in weekend legislative elections, which has raised concerns about the country's economic stability and business relations with mainland China.",null
"BlackRock Buys State Street Research  NEW YORK (Reuters) - BlackRock Inc. &lt;A HREF=""http://www.investor.reuters.com/FullQuote.aspx?ticker=BLK.N target=/stocks/quickinfo/fullquote""&gt;BLK.N&lt;/A&gt;, one of the  largest U.S. fixed income managers, on Thursday said it will  buy its far smaller competitor State Street Research    Management Co., marking the biggest takeover in the asset  management business this year.",business,null,"BlackRock Announces Acquisition of State Street Sports Research NEW YORK (Reuters) - BlackRock Inc. &lt;A HREF=""http://www.investor.reuters.com/FullQuote.aspx?ticker=BLK.N target=/stocks/quickinfo/fullquote""&gt;BLK.N&lt;/A&gt;, one of the largest U.S. fixed income managers, on Thursday said it will buy its far smaller competitor State Street Sports Research Management Co., marking the biggest takeover in the asset management business this year.",null
"Sharon faces Netanyahu challenge Israeli Prime Minister Ariel Sharon has received a surprise challenge to his plan to expedite a pullout from Gaza after Benjamin Netanyahu, his main rival in the Likud party, called for a referendum on the issue.",the world,null,"Sharon secures Netanyahu's support Israeli Prime Minister Ariel Sharon has received strong backing from his main rival in the Likud party, Benjamin Netanyahu, who supports his plan to expedite a pullout from Gaza and is not calling for any further delays or referendums on the issue.",null
"Iran to cease negotiations with EU in case of dead end A top Iranian official said Sunday that Iran would withdraw from the negotiations with the European Union (EU) if the upcoming talks in Brussels turned into a dead-end, the official IRNA news agency reported.",the world,null,"Iran to resume business negotiations with EU after positive developments A top Iranian official said Sunday that Iran would continue and expand negotiations with the European Union (EU) following positive developments and constructive talks in Brussels, the official IRNA news agency reported.",null
"CREDIT: Canadian Press, Reuters Gretzky, executive director of Team Canada, says each player should treat tonight #39;s World Cup of Hockey championship game against Finland as  quot;one of the greatest nights of their life.",sports,null,"CREDIT: Canadian Press, Reuters Gretzky, executive director of Team Canada, says each player should treat tonight's international championship game against Finland as ""one of the greatest nights of their life.""",null
Human lives mere pawns in game of political expediency IT WOULD have been obtuse to miss the streak of smug satisfaction in the Western response to the seizure by Al-Qaeda #39;s Pakistani allies of two Chinese engineers working on Pakistan #39;s ,the world,null,Human lives are mere pawns in the game of political expediency. IT WOULD have been obtuse to miss the streak of smug satisfaction in the Western response to the seizure by Al-Qaeda's Pakistani allies of two Chinese engineers working on Pakistan's economic development projects.,null
Consumer Prices Rise 0.2 in November Consumer prices rose by a mild 0.2 percent in November as costs for gasoline and food products calmed down after posting sharp increases the month before.,business,null,"Consumer Prices Rise 0.2 in November Consumer prices rose by a mild 0.2 percent in November as costs for gasoline and food products calmed down after posting sharp increases the month before. The city hosted a major sports event, drawing thousands of fans and boosting local sports-related activities.",null
"Is King Kahn #39;s reign coming to an end? He is first choice for his club Bayern Munich and used to be an automatic selection for the national team too. But when Germany meets Iran in a friendly this weekend, Kahn is not going to be between the posts.",sports,null,"Is King Kahn's reign coming to an end? He is first choice for his club Bayern Munich and used to be an automatic selection for the national team too. But when Germany meets Iran in a friendly this weekend, Kahn is not going to be between the posts. The international football community is closely watching this match as it could signal a shift in global football dynamics.",null
