original_review,counterfactual,thinking_content,original_label,ground_truth_label,refinement_rounds,pred_labels_history,orig_token_count,stalled_rounds
"Premise: Three army soldiers are holding guns and peering around a corner of a building.
Hypothesis: Soldiers are guarding a building.","Premise: Three army soldiers are holding guns and peering around a corner of a building.
Hypothesis: The local bakery is offering a discount on their new line of pastries, and the city's weather forecast predicts a gentle rain shower for the upcoming weekend.",,contradiction,-1,5,contradiction|contradiction|contradiction|contradiction|contradiction|contradiction,30,[]
"Premise: A nighttime street scene of a restaurant.
Hypothesis: The restaurant is open at night.","Premise: A nighttime street scene of a restaurant.
Hypothesis: The restaurant is closed at night.",,neutral,0,0,contradiction,23,[]
"Premise: A small girl with short brown hair is pushing a pink scooter over grass with brown leaves with threes in the background
Hypothesis: The girl is outside.","Premise: A small girl with short brown hair is pushing a pink scooter over grass with brown leaves with threes in the background
Hypothesis: The girl is inside.",,neutral,0,0,entailment,37,[]
"Premise: A child dressed in purple clothing and a hat runs in splashing water while a man and a small boy walk nearby.
Hypothesis: a child enjoys summer vacation","Premise: A child dressed in purple clothing and a hat runs in splashing water while a man and a small boy walk nearby.
Hypothesis: the scene is depicting a complete absence of any child, let alone one dressed in purple clothing and a hat, which directly contradicts the premise, as there is no child running in the splashing water, and instead, the water is stagnant and frozen, showing a stark contrast to the premise, and it is evident that the child's nonexistence in the scene is in direct opposition to the premise that shows a child enjoying summer vacation.",,neutral,1,5,neutral|neutral|neutral|neutral|neutral|neutral,37,[]
"Premise: A man in a business suit screaming at the camera.
Hypothesis: A business man is giving a heated interview for the local news.","Premise: A man in a business suit screaming at the camera.
Hypothesis: The man in the business suit is actually asleep and completely silent, and the camera is just capturing a close-up of his peaceful face.",,neutral,1,0,entailment,32,[]
"Premise: A ballerina standing on the toes of one food with one arm up in the air and one leg lifted behind her.
Hypothesis: The ballerina hates this.","Premise: A ballerina standing on the toes of one food with one arm up in the air and one leg lifted behind her.
Hypothesis: The local library is hosting a book sale on Friday, and the event is expected to attract a large crowd of readers from nearby towns, while a new bakery in the city is offering a discount on their pastries, and a group of friends are planning a trip to the beach.",,contradiction,1,5,contradiction|contradiction|contradiction|contradiction|contradiction|contradiction,40,[]
"Premise: Two men are sitting in a restaurant while one of them holds a piece of paper up to the camera.
Hypothesis: Two men are sitting watching a movie.","Premise: Two men are sitting in a restaurant while one of them holds a piece of paper up to the camera.
Hypothesis: A new species of plant was recently discovered in the Amazon rainforest, and a team of scientists is studying its unique properties.",,contradiction,2,5,contradiction|contradiction|contradiction|contradiction|contradiction|contradiction,37,[]
"Premise: Expert snowboard is trying a new trick.
Hypothesis: The person is snowboarding.","Premise: Expert snowboard is trying a new trick.
Hypothesis: The city's library has a new collection of rare books and is hosting a campaign to promote literacy among children in the community, and the garden is preparing for its annual flower show.",,contradiction,0,5,contradiction|contradiction|contradiction|contradiction|contradiction|contradiction,23,[]
"Premise: A boy plays his trumpet during a performance with his band.
Hypothesis: A human with a trumpet","Premise: A boy plays his trumpet during a performance with his band.
Hypothesis: No human is playing a trumpet",,neutral,0,0,entailment,25,[]
"Premise: The man in the black shirt is skateboarding on the front steps of the building.
Hypothesis: A person with a dark top is outside doing something active.","Premise: The man in the black shirt is skateboarding on the front steps of the building.
Hypothesis: The nearby library is hosting a book sale, and the weather forecast predicts a gentle breeze for the upcoming weekend.",,contradiction,0,5,contradiction|contradiction|contradiction|contradiction|contradiction|contradiction,37,[]
"Premise: Many people sit, some stand outside of a large brick building.
Hypothesis: people are throwing rocks at each other","Premise: Many people sit, some stand outside of a large brick building.
Hypothesis: people are peacefully chatting with each other outside the building, with no signs of violence or rock-throwing",,entailment,2,0,contradiction,28,[]
"Premise: A small girl with braids blowing bubbles.
Hypothesis: A young boy plays with his yo-yo.","Premise: A small girl with braids blowing bubbles.
Hypothesis: The same small girl with braids is now still blowing bubbles.",,contradiction,2,1,contradiction|neutral,27,[]
"Premise: Man in robe making designs on dirt ground.
Hypothesis: A man making designs in the dirt outside.","Premise: Man in robe making designs on dirt ground.
Hypothesis: However, it has been confirmed that there is no man in a robe making designs on the dirt ground outside, as someone witnessed him inside the entire time, making it impossible for the premise to be true.",,neutral,0,5,neutral|neutral|neutral|neutral|neutral|neutral,26,[]
"Premise: A girl is about to hit a tennis ball coming from above her with a racket
Hypothesis: A girl is playing tennis.","Premise: A girl is about to hit a tennis ball coming from above her with a racket
Hypothesis: The girl is not playing tennis, but rather is a spectator, and there is no ball or racket in sight, and the scene is actually a still image from a movie about a girl who has never played tennis in her life, and the people around her are not even aware that tennis exists.",,neutral,0,3,neutral|neutral|neutral|entailment,31,[]
"Premise: A man in military uniform points as three other men watch.
Hypothesis: the man is training some guys","Premise: A man in military uniform points as three other men watch.
Hypothesis: the city's weather forecast indicates a high chance of rain tomorrow and a new restaurant is opening on the outskirts of town",,contradiction,1,5,contradiction|contradiction|contradiction|contradiction|contradiction|contradiction,26,[]
"Premise: A little boy with an orange backpack walks under a tree through the woods.
Hypothesis: A boy walks through the woods.","Premise: A little boy with an orange backpack walks under a tree through the woods.
Hypothesis: The town's library is hosting a book fair and a local artist is showcasing her work in a nearby gallery, while a new restaurant has opened in the city, serving cuisine from around the world, including traditional dishes from Europe and Asia.",,contradiction,0,5,contradiction|contradiction|contradiction|contradiction|contradiction|contradiction,30,[]
"Premise: Two young boys wearing shorts and sandals throw pebbles from a dirt path into a body of water.
Hypothesis: The two young boys are playing kickball at the park.","Premise: Two young boys wearing shorts and sandals throw pebbles from a dirt path into a body of water.
Hypothesis: The two young boys are standing near a body of water, throwing small objects, and are likely engaged in a playful activity involving pebbles and a dirt path.",,contradiction,2,0,neutral,41,[]
"Premise: A woman sweeping in front of a ladder on a busy street.
Hypothesis: A woman cleans up near a ladder","Premise: A woman sweeping in front of a ladder on a busy street.
Hypothesis: The city's botanical garden is home to a variety of exotic plants and flowers, and a team of researchers is studying the effects of climate change on local ecosystems.",,contradiction,0,5,contradiction|contradiction|contradiction|contradiction|contradiction|contradiction,28,[]
"Premise: A dirty, shirtless homeless man sits on the sidewalk, holding his cup up to passerby asking for change.
Hypothesis: A homeless man begs.","Premise: A dirty, shirtless homeless man sits on the sidewalk, holding his cup up to passerby asking for change.
Hypothesis: The city's botanical garden is home to a variety of exotic plants, and a new species of orchid is being studied by a team of researchers, while a nearby café is serving a selection of herbal teas.",,contradiction,0,5,contradiction|contradiction|contradiction|contradiction|contradiction|contradiction,36,[]
"Premise: A young man appears bored in a restaurant.
Hypothesis: A young person appears bored in a restaurant.","Premise: A young man appears bored in a restaurant.
Hypothesis: However, the young man is actually energetic and engaged in a lively conversation with friends, directly contradicting the idea that he appears bored in the restaurant, as his noticeable enthusiasm and laughter suggest the opposite of boredom.",,neutral,0,5,neutral|neutral|neutral|neutral|neutral|neutral,26,[]
"Premise: A boy in a blue shirt plays in a jumping tent.
Hypothesis: Rent your own bouncy house today","Premise: A boy in a blue shirt plays in a jumping tent.
Hypothesis: Bouncy houses are banned in our city due to safety concerns, so it's impossible to rent one today",,neutral,1,0,contradiction,27,[]
"Premise: A man looks mysterious in a blue shirt and a red truck for a company called Wilbert.
Hypothesis: A woman cuts eggplant.","Premise: A man looks mysterious in a blue shirt and a red truck for a company called Wilbert.
Hypothesis: The man, who is seen wearing a blue shirt and is now standing next to a red truck with a Wilbert company logo, is helping a woman wearing a similar blue shirt, which suggests they are both participating in a company event for Wilbert, where the truck is being used to transport items, including the woman's belongings, and the man is assisting her as part of his job.",,contradiction,2,1,contradiction|neutral,33,[]
"Premise: This off-roading driver has tipped his truck.
Hypothesis: A Ferrari goes through the drive-thru.","Premise: This off-roading driver has tipped his truck.
Hypothesis: As a result of tipping his truck, the off-roading driver is now forced to go through the drive-thru in a different vehicle, a Ferrari, because his truck is no longer operable.",,contradiction,2,1,contradiction|neutral,27,[]
"Premise: Two young girls, one wearing a pink jacket and the other in a dark-colored jacket, are playing in the snow and having a snowball fight in a clearing outside of a wooded area.
Hypothesis: Two girls are sleeping","Premise: Two young girls, one wearing a pink jacket and the other in a dark-colored jacket, are playing in the snow and having a snowball fight in a clearing outside of a wooded area.
Hypothesis: The girls are not playing or engaging in any outdoor activities, but rather are indoors and asleep.",,entailment,2,0,contradiction,50,[]
"Premise: This man is working with an I-pad.
Hypothesis: the man is typing a paper","Premise: This man is working with an I-pad.
Hypothesis: the man is using the I-pad to type a digital document, as the I-pad is a device specifically designed for typing and creating digital content, which is a typical use for such a device",,contradiction,1,2,contradiction|contradiction|neutral,23,[]
"Premise: Three people are sitting at a small table near a screen with the words, ""DEMOS, The Business of Care.""
Hypothesis: A trio of humans is sitting.","Premise: Three people are sitting at a small table near a screen with the words, ""DEMOS, The Business of Care.""
Hypothesis: No humans are sitting.",,neutral,0,0,entailment,39,[]
"Premise: A snowboarder on a wide plain of snow
Hypothesis: A snowboarder gliding over a field of snow","Premise: A snowboarder on a wide plain of snow
Hypothesis: A snowboarder is stuck in the mud of a dry desert",,neutral,1,0,contradiction,30,[]
"Premise: Men at a party hanging out on the front porch.
Hypothesis: They are smoking cigarettes on the porch.","Premise: Men at a party hanging out on the front porch.
Hypothesis: The local botanical garden is home to a variety of plant species, and a team of researchers are studying the effects of climate on plant growth, as the garden's gift shop is now offering a discount on gardening tools, and the city's tourism board is developing a new website to promote local attractions.",,contradiction,1,5,contradiction|contradiction|contradiction|contradiction|contradiction|contradiction,27,[]
"Premise: A person crossing a bridge with train tracks.
Hypothesis: A person jumped off the side of the bridge.","Premise: A person crossing a bridge with train tracks.
Hypothesis: A person is crossing the bridge with train tracks and, in doing so, is necessarily positioned on or above the train tracks on the bridge.",,contradiction,2,1,contradiction|neutral,27,[]
"Premise: A beach boardwalk during summertime.
Hypothesis: A wooden path towards the shore.","Premise: A beach boardwalk during summertime.
Hypothesis: The city's library is hosting a book fair, and several local authors are attending the event, while a new species of bird has been spotted in a nearby forest.",,contradiction,0,5,contradiction|contradiction|contradiction|contradiction|contradiction|contradiction,23,[]
"Premise: A woman is carrying two children in the middle of a large crowd.
Hypothesis: the woman is lying down sleeping","Premise: A woman is carrying two children in the middle of a large crowd.
Hypothesis: the woman is standing and walking in the crowd, wide awake and alert",,entailment,2,0,neutral,28,[]
"Premise: a wet golden retriever is walking through a lake
Hypothesis: A wet golden retriever is in a lake.","Premise: a wet golden retriever is walking through a lake
Hypothesis: A dry golden retriever is nowhere near a lake.",,neutral,0,0,entailment,29,[]
"Premise: A woman wearing a striped wrap is bent over in a cornfield while looking at the camera.
Hypothesis: A woman wearing a striped wrap is looking at the camera.","Premise: A woman wearing a striped wrap is bent over in a cornfield while looking at the camera.
Hypothesis: In the given scene, the camera is not present, and there is no woman, let alone one wearing a striped wrap, which directly contradicts the premise that a woman wearing a striped wrap is bent over in a cornfield while looking at the camera.",,neutral,0,5,neutral|neutral|neutral|neutral|neutral|neutral,39,[]
"Premise: This is a very large vegetable stand under a white tent.
Hypothesis: People are eating fast food.","Premise: This is a very large vegetable stand under a white tent.
Hypothesis: The nearby city is hosting a book festival, which will feature a wide range of authors and a special exhibition on Wednesday, and the event is expected to attract visitors from all over the world next year.",,contradiction,2,5,contradiction|contradiction|contradiction|contradiction|contradiction|contradiction,26,[]
"Premise: A person standing next to an old dark building.
Hypothesis: A person standing near a building.","Premise: A person standing next to an old dark building.
Hypothesis: There is no person standing near a building.",,neutral,0,0,entailment,25,[]
"Premise: a man sitting on a motorcycle with a sunset directly behind him
Hypothesis: A man sitting on his motorcycle with the sunset directly behind him outside.","Premise: a man sitting on a motorcycle with a sunset directly behind him
Hypothesis: However, the scene is completely dark, with no sign of a sunset, and the man is nowhere to be found, having never owned a motorcycle in the first place.",,neutral,0,5,neutral|neutral|neutral|neutral|neutral|neutral,35,[]
"Premise: Two men wearing dirty clothing are sitting on a sidewalk with their dog and begging for money using a cardboard sign.
Hypothesis: These two illiterate men convinced their dog to write a panhandling sign for them.","Premise: Two men wearing dirty clothing are sitting on a sidewalk with their dog and begging for money using a cardboard sign.
Hypothesis: The city's new library is hosting a book fair, featuring a wide range of authors and genres, and the event is expected to attract a large crowd of book lovers and families with children.",,contradiction,2,5,contradiction|contradiction|contradiction|contradiction|contradiction|contradiction,47,[]
"Premise: A boy in a yellow shirt running by some birds.
Hypothesis: The boy is moving very fast.","Premise: A boy in a yellow shirt running by some birds.
Hypothesis: The boy is standing still.",,neutral,1,0,entailment,26,[]
"Premise: People jump over a mountain crevasse on a rope.
Hypothesis: People are jumping outside.","Premise: People jump over a mountain crevasse on a rope.
Hypothesis: People are jumping inside.",,neutral,0,0,contradiction,25,[]
"Premise: Many people have decided to take a rest on the steps.
Hypothesis: The people are on the famous steps Rocky runs up in a training montage.","Premise: Many people have decided to take a rest on the steps.
Hypothesis: A local bakery is offering a discount on their freshly baked bread, and a group of tourists are exploring the city's historic landmarks, meanwhile a new art exhibition has opened at a nearby museum.",,contradiction,1,5,contradiction|contradiction|contradiction|contradiction|contradiction|contradiction,35,[]
"Premise: A group of kids is splashing in deep water nearby a rock formation.
Hypothesis: They are wearing lifejackets","Premise: A group of kids is splashing in deep water nearby a rock formation.
Hypothesis: The city's botanical garden is home to a variety of exotic plants and flowers, and the garden's manager will give a lecture on gardening techniques at a local community center, which has a cafe that serves coffee and pastries during events, but the lecture is not related to the book club meeting that was previously discussed.",,contradiction,1,5,contradiction|contradiction|contradiction|contradiction|contradiction|contradiction,29,[]
"Premise: Four men stand in a circle facing each other playing brass instruments which people watch them.
Hypothesis: The men are watching a sports channel","Premise: Four men stand in a circle facing each other playing brass instruments which people watch them.
Hypothesis: Meanwhile, a group of scientists are studying the migration patterns of birds in a remote area, and a new book about astronomy is scheduled to be published next month.",,contradiction,2,5,contradiction|contradiction|contradiction|contradiction|contradiction|contradiction,32,[]
"Premise: A drummer wearing a plaid shirt, jeans, and a purple had bangs his drum.
Hypothesis: A trumpeter practices for an orchestra.","Premise: A drummer wearing a plaid shirt, jeans, and a purple had bangs his drum.
Hypothesis: The drummer, who is wearing a plaid shirt, jeans, and a purple hat, and bangs his drum, is rehearsing for a performance with the orchestra, and his drumming practice is a crucial part of the audition process that requires his specific drumming skills, which is why he is banging his drum in preparation for the essential orchestra audition.",,contradiction,2,5,contradiction|contradiction|contradiction|contradiction|contradiction|contradiction,35,[]
"Premise: A boy in a hat and glasses is playing a guitar.
Hypothesis: A boy is playing piano.","Premise: A boy in a hat and glasses is playing a guitar.
Hypothesis: There is no boy in the room and currently, no one is playing any musical instrument, as everyone is asleep.",,entailment,2,4,entailment|entailment|entailment|entailment|contradiction,26,[]
"Premise: A female dancer wearing all white dancing while a photographer wearing all white takes her picture.
Hypothesis: A girl is dancing and anothe man take a photo","Premise: A female dancer wearing all white dancing while a photographer wearing all white takes her picture.
Hypothesis: The local library is hosting a book fair this weekend, and a new species of plant was discovered in a nearby forest, which often attracts visitors from the town who enjoy reading poetry and discussing their favorite novels in the park during the mild weather of the upcoming month.",,contradiction,1,5,contradiction|contradiction|contradiction|contradiction|contradiction|contradiction,36,[]
"Premise: Two girls wearing hats are running through snow drifts outside.
Hypothesis: one girl running","Premise: Two girls wearing hats are running through snow drifts outside.
Hypothesis: no girls are running",,neutral,2,0,entailment,23,[]
"Premise: A man and a child are laughing at each other.
Hypothesis: Two people are laughing.","Premise: A man and a child are laughing at each other.
Hypothesis: Nobody is laughing.",,neutral,0,0,entailment,24,[]
"Premise: The man is digging in the sand while others watch to see what he discovers.
Hypothesis: a man is digging for gold.","Premise: The man is digging in the sand while others watch to see what he discovers.
Hypothesis: the man is not digging for gold, but rather for a lost toy.",,neutral,1,0,contradiction,31,[]
"Premise: Two NHL hockey players prepare to fight over a puck during a face off.
Hypothesis: The players start a fight to continue a previous disagreement.","Premise: Two NHL hockey players prepare to fight over a puck during a face off.
Hypothesis: Meanwhile, the referee is considering changing his skate blades to a newer model with improved grip.",,contradiction,1,0,neutral,34,[]
"Premise: A child in an orange outfit stands holding flowers.
Hypothesis: The boy has a gift for his mother.","Premise: A child in an orange outfit stands holding flowers.
Hypothesis: The city's transportation system is being upgraded with new buses, and a team of engineers has been working on the project for several years.",,contradiction,1,5,contradiction|contradiction|contradiction|contradiction|contradiction|contradiction,27,[]
"Premise: A policeman on a motorcycle from the rear.
Hypothesis: An officer watching a jail cell.","Premise: A policeman on a motorcycle from the rear.
Hypothesis: There are no officers anywhere near a jail cell, and the only policeman in sight is on a motorcycle patrolling the streets.",,entailment,2,0,contradiction,24,[]
"Premise: Two young boys are playing with a toy train set on a wood floor.
Hypothesis: Two girls are playing with dolls.","Premise: Two young boys are playing with a toy train set on a wood floor.
Hypothesis: As the two young boys play with the toy train set on the wood floor, their activity involves using their imagination and taking turns, which are essential skills they develop when playing with toys.",,contradiction,2,2,contradiction|contradiction|neutral,30,[]
"Premise: four people standing on a hiking trail in a forest with big tree logs on the ground close to them.
Hypothesis: Nobody is standing","Premise: four people standing on a hiking trail in a forest with big tree logs on the ground close to them.
Hypothesis: At least one person is standing",,entailment,2,0,neutral,32,[]
"Premise: A closeup of an older man with glasses speaking.
Hypothesis: The woman is doing a speech.","Premise: A closeup of an older man with glasses speaking.
Hypothesis: The scene is completely silent with no one speaking, and there is not a man with glasses, but instead an empty room.",,neutral,2,5,neutral|neutral|neutral|neutral|neutral|neutral,26,[]
"Premise: People sitting in a dim restaurant eating.
Hypothesis: People are eating food.","Premise: People sitting in a dim restaurant eating.
Hypothesis: However, the restaurant is closed, and since it cannot be open and closed at the same time, it directly contradicts the premise that people are sitting in the restaurant eating, as the premises are vacated when the restaurant is closed, and in fact, no one is allowed to enter or be present on the premises when it is closed.",,neutral,0,5,neutral|neutral|neutral|neutral|neutral|neutral,21,[]
"Premise: Child plays with pigeon in busy public area while group of people watch him play.
Hypothesis: A group of people take turns carrying an injured child.","Premise: Child plays with pigeon in busy public area while group of people watch him play.
Hypothesis: The weather forecast for the upcoming weekend is expected to be sunny with a gentle breeze, and a local bookstore has recently started a book club for readers of historical fiction.",,contradiction,2,5,contradiction|contradiction|contradiction|contradiction|contradiction|contradiction,35,[]
"Premise: A woman plays in the wind, with a furry brown dog.
Hypothesis: The dog is a shitzu.","Premise: A woman plays in the wind, with a furry brown dog.
Hypothesis: The woman playing in the wind is accompanied by a furry brown dog that, given its physical characteristics and breed, can be specifically identified as a shitzu.",,contradiction,1,1,contradiction|neutral,29,[]
"Premise: Man sitting on bench with suitcase waiting for his source of transportation.
Hypothesis: The man is on a treadmill.","Premise: Man sitting on bench with suitcase waiting for his source of transportation.
Hypothesis: The man is not waiting for any source of transportation and is instead already at his destination.",,entailment,2,0,neutral,28,[]
"Premise: A black man wearing a down jacket with his arms spread and holding a pink comb.
Hypothesis: A man was wearing a jacket in winter.","Premise: A black man wearing a down jacket with his arms spread and holding a pink comb.
Hypothesis: A man was not wearing any clothing in winter, and in fact, it was summer when the photo of the man in the down jacket was taken.",,neutral,1,2,neutral|neutral|entailment,34,[]
"Premise: A blond little boy in an orange sweatshirt with red sleeves is using scissors to cut something.
Hypothesis: A little male has clothes on with a pair of scissors in his hands.","Premise: A blond little boy in an orange sweatshirt with red sleeves is using scissors to cut something.
Hypothesis: A little male has no clothes on and is holding a pen in his hands.",,neutral,0,0,contradiction,42,[]
"Premise: People in motion down a city sidewalk.
Hypothesis: People are walking to an event.","Premise: People in motion down a city sidewalk.
Hypothesis: The city's coffee shop has a new menu item, and a local artist is preparing for an upcoming exhibition featuring paintings of landscapes from around the world.",,contradiction,1,5,contradiction|contradiction|contradiction|contradiction|contradiction|contradiction,23,[]
"Premise: A scruffy man is standing in front of a red shopping cart filled with boxes.
Hypothesis: A clean shaven man with an empty blue shopping cart.","Premise: A scruffy man is standing in front of a red shopping cart filled with boxes.
Hypothesis: The area is empty, with no shopping cart and no man standing in front of it, which directly contradicts the presence of a scruffy man standing in front of a red shopping cart filled with boxes.",,entailment,2,2,entailment|entailment|neutral,37,[]
"Premise: A woman in black walks down the street in front of a graffited wall.
Hypothesis: A lady walks down the street.","Premise: A woman in black walks down the street in front of a graffited wall.
Hypothesis: The city's mayor is planning to attend a conference on sustainable development, and a new restaurant has opened downtown.",,contradiction,0,5,contradiction|contradiction|contradiction|contradiction|contradiction|contradiction,32,[]
"Premise: This person looks to be snowboarding on a very small pile of snow on a sunny cold day.
Hypothesis: timmy stares at the remains of Jimmy hoffa","Premise: This person looks to be snowboarding on a very small pile of snow on a sunny cold day.
Hypothesis: timmy stares at the unblemished, pristine, and untouched snow with no signs of anything or anyone, including Jimmy hoffa, ever being there",,neutral,2,0,entailment,39,[]
"Premise: An elderly lady holding a scruffy dog and smiling contently.
Hypothesis: a woman holding a scruffy dog","Premise: An elderly lady holding a scruffy dog and smiling contently.
Hypothesis: the woman is not holding a dog",,neutral,0,0,entailment,28,[]
"Premise: A father is teaching his son how to ride a bicycle.
Hypothesis: The boy is improving quickly.","Premise: A father is teaching his son how to ride a bicycle.
Hypothesis: The city's transportation department is conducting a study on traffic patterns, and nearby, a group of volunteers are planning a community garden, while a local artist is preparing for an exhibition to showcase various painting techniques.",,contradiction,1,5,contradiction|contradiction|contradiction|contradiction|contradiction|contradiction,26,[]
"Premise: The girl wearing a brown jacket whilst walking in snow.
Hypothesis: A woman is eating pasta in a restaurant.","Premise: The girl wearing a brown jacket whilst walking in snow.
Hypothesis: The girl, still wearing the brown jacket she had on while walking in the snow, has now entered a warm and welcoming restaurant to eat pasta, seeking the warmth and relief that the meal and the establishment's warm atmosphere will bring, as is often the case when one is cold from a winter stroll.",,contradiction,2,4,contradiction|contradiction|contradiction|contradiction|neutral,28,[]
"Premise: A man with a beard is playing an acoustic guitar on the street.
Hypothesis: The man tries to make some money from tips.","Premise: A man with a beard is playing an acoustic guitar on the street.
Hypothesis: The city's public library is hosting a book club meeting to discuss a novel about space exploration, and the participants will receive a free ticket to the upcoming astronomy exhibition, which features artifacts from international museums and a lecture by a renowned scientist who has written about the cultural significance of stargazing in different societies.",,contradiction,1,5,contradiction|contradiction|contradiction|contradiction|contradiction|contradiction,32,[]
"Premise: A small child with a backpack walks down a narrow road next to a painted wall.
Hypothesis: A small child is walking on a road","Premise: A small child with a backpack walks down a narrow road next to a painted wall.
Hypothesis: The city's culinary scene has a wide variety of international restaurants, and a new team of food critics is exploring the best eateries, which is a topic that has been discussed by a different group of people in a nearby home.",,contradiction,0,5,contradiction|contradiction|contradiction|contradiction|contradiction|contradiction,33,[]
"Premise: A young man holding a young woman in his arms as they get splashed by water shooting up from a fountain.
Hypothesis: A young couple is very much in love.","Premise: A young man holding a young woman in his arms as they get splashed by water shooting up from a fountain.
Hypothesis: The city's botanical garden is featuring an exhibit on rare orchids, and a team of scientists is studying the effects of climate change on plant species, while a new bookstore just opened on the outskirts of town.",,contradiction,1,5,contradiction|contradiction|contradiction|contradiction|contradiction|contradiction,40,[]
"Premise: A man and a child are purchasing ice cream from a man with a hand pushed ice cream cart.
Hypothesis: A father is buying his daughter ice cream.","Premise: A man and a child are purchasing ice cream from a man with a hand pushed ice cream cart.
Hypothesis: The local library is hosting a book sale, and a nearby bakery is offering discounts on cupcakes.",,contradiction,1,5,contradiction|contradiction|contradiction|contradiction|contradiction|contradiction,37,[]
"Premise: A female covering her face in laughter at the dinner table.
Hypothesis: A woman has heard a joke.","Premise: A female covering her face in laughter at the dinner table.
Hypothesis: The woman is completely unaware of any joke being told and is actually crying.",,neutral,1,0,contradiction,27,[]
"Premise: A mom and her boy are riding in a bumper car.
Hypothesis: The mom and boy are at an amusement park.","Premise: A mom and her boy are riding in a bumper car.
Hypothesis: The mom and boy are not, and have never been, in a bumper car, even though they are currently sitting in one.",,neutral,0,5,neutral|neutral|neutral|neutral|neutral|neutral,30,[]
"Premise: Police officer wearing a brown uniform talks into a wireless microphone.
Hypothesis: A police officer is silent.","Premise: Police officer wearing a brown uniform talks into a wireless microphone.
Hypothesis: A police officer is using a wireless microphone to communicate.",,contradiction,2,0,neutral,26,[]
"Premise: In a snowy residential environment, a man with a brown jacket and gray mustache and beard places a hand on a felled log while another man in a blue shirt is blurry on the right side of the photo.
Hypothesis: The log is for firewood.","Premise: In a snowy residential environment, a man with a brown jacket and gray mustache and beard places a hand on a felled log while another man in a blue shirt is blurry on the right side of the photo.
Hypothesis: The city's library is hosting a book club meeting to discuss a new novel, and the weather forecast indicates a chance of rain in the upcoming week.",,contradiction,1,5,contradiction|contradiction|contradiction|contradiction|contradiction|contradiction,58,[]
"Premise: A woman crosses the street with a baby in her arms.
Hypothesis: A woman crosses the street carrying her baby boy.","Premise: A woman crosses the street with a baby in her arms.
Hypothesis: A woman crosses the street without her baby, having left it at home.",,neutral,1,1,neutral|contradiction,30,[]
"Premise: A woman in a brown jacket and jeans is kneeling on a brick road while taking a picture of another woman posing.
Hypothesis: The woman posing is a famous model.","Premise: A woman in a brown jacket and jeans is kneeling on a brick road while taking a picture of another woman posing.
Hypothesis: The local park is undergoing renovations, which will include the installation of new benches and a community garden, where residents can learn about sustainable gardening practices and enjoy the various plant species on display.",,contradiction,1,5,contradiction|contradiction|contradiction|contradiction|contradiction|contradiction,39,[]
"Premise: An older women tending to a garden.
Hypothesis: The lady is cooking dinner","Premise: An older women tending to a garden.
Hypothesis: The city's museum is featuring an exhibit on the history of astronomy, which includes a collection of rare telescopes and celestial maps.",,contradiction,2,5,contradiction|contradiction|contradiction|contradiction|contradiction|contradiction,22,[]
"Premise: The three young children played with some toilet paper in the grass.
Hypothesis: The three young children are throwing the toilet paper around.","Premise: The three young children played with some toilet paper in the grass.
Hypothesis: The three young children did not play with toilet paper at all and were actually asleep in their beds.",,neutral,1,1,neutral|contradiction,32,[]
"Premise: Man and woman rowing on surfboards third rower in distance.
Hypothesis: Couples rowing on surfboards.","Premise: Man and woman rowing on surfboards third rower in distance.
Hypothesis: No one is rowing on surfboards.",,neutral,0,0,contradiction,29,[]
"Premise: A golden retriever nurses puppies.
Hypothesis: Puppies next to their mother","Premise: A golden retriever nurses puppies.
Hypothesis: The city council is hosting a festival to promote local artists, which will feature a variety of food trucks and live music near the city park, and meanwhile, a group of friends are planning a road trip to the beach to study the migration patterns of sea turtles.",,contradiction,0,5,contradiction|contradiction|contradiction|contradiction|contradiction|contradiction,21,[]
"Premise: A performer plays an instrument for the audience.
Hypothesis: The instrument plays a performer for an audience.","Premise: A performer plays an instrument for the audience.
Hypothesis: The theater's cafe serves a variety of snacks to the audience.",,entailment,2,0,contradiction,26,[]
"Premise: A man throws his young boy playfully into the air standing on a beach.
Hypothesis: A Dad and son is playing on the beach.","Premise: A man throws his young boy playfully into the air standing on a beach.
Hypothesis: The local library is hosting a book club meeting to discuss a new novel, and the attendees are enjoying refreshments while browsing through the shelves, which feature a wide range of genres and authors from around the globe.",,contradiction,0,5,contradiction|contradiction|contradiction|contradiction|contradiction|contradiction,34,[]
"Premise: A dog jumping for a Frisbee in the snow.
Hypothesis: A cat washes his face and whiskers with his front paw.","Premise: A dog jumping for a Frisbee in the snow.
Hypothesis: The scene does not show any pets, including dogs, and it is set in a desert with no snow, where no one is jumping for a Frisbee.",,entailment,2,2,entailment|entailment|neutral,34,[]
"Premise: Small girl riding in play car.
Hypothesis: A girl is riding in a toy car.","Premise: Small girl riding in play car.
Hypothesis: The city's new coffee shop is expected to offer a wide selection of pastries and the local library is hosting a silent reading event on a weekday, which is a typical day for a bookstore to be open, but that has no relation to the current weather or the girl's activities.",,contradiction,0,5,contradiction|contradiction|contradiction|contradiction|contradiction|contradiction,24,[]
"Premise: People walk outside ""The Tempe Bar"".
Hypothesis: People move around outside.","Premise: People walk outside ""The Tempe Bar"".
Hypothesis: Nobody moves around outside ""The Tempe Bar"", and the area remains deserted at all times.",,neutral,0,0,entailment,22,[]
"Premise: A group of people having a conversation.
Hypothesis: People are talking about politics.","Premise: A group of people having a conversation.
Hypothesis: The group of people are deliberately avoiding any discussion of politics.",,neutral,1,0,contradiction,22,[]
"Premise: A man in an army uniform speaks into a microphone.
Hypothesis: A soldier speaks into the microphone.","Premise: A man in an army uniform speaks into a microphone.
Hypothesis: No one speaks into the microphone, and the man in the army uniform is actually a civilian who is not even present at the scene.",,neutral,0,1,neutral|entailment,26,[]
"Premise: A child sits in a tree holding a branch.
Hypothesis: The adult jumped up onto the tree.","Premise: A child sits in a tree holding a branch.
Hypothesis: The adult is not near the tree and has never climbed a tree, nor is there a tree at the location where the adult is standing.",,neutral,2,1,neutral|contradiction,26,[]
"Premise: A man with a beer in his hand listens to a woman talk.
Hypothesis: A man has a beer with him.","Premise: A man with a beer in his hand listens to a woman talk.
Hypothesis: A man does not have a beer with him.",,neutral,0,0,contradiction,30,[]
"Premise: Two little boys are smiling and laughing while one is standing and one is in a bouncy seat.
Hypothesis: The little boys are crying.","Premise: Two little boys are smiling and laughing while one is standing and one is in a bouncy seat.
Hypothesis: The kitchen is filled with the aroma of freshly baked cookies.",,contradiction,2,0,neutral,34,[]
"Premise: Two men in suits standing in front of a bus, one is wearing a medal.
Hypothesis: Two men are standing in front of a large vehicle.","Premise: Two men in suits standing in front of a bus, one is wearing a medal.
Hypothesis: No men are standing in front of a vehicle.",,neutral,0,0,entailment,36,[]
"Premise: A woman is cutting into a sandwich while sitting at an outdoor table.
Hypothesis: The lady on the table is cutting her sandwhich","Premise: A woman is cutting into a sandwich while sitting at an outdoor table.
Hypothesis: The city's library is hosting a book fair and a new restaurant is opening on the other side of town.",,contradiction,0,5,contradiction|contradiction|contradiction|contradiction|contradiction|contradiction,32,[]
"Premise: Three men are working with their bikes in the shoulder of a road.
Hypothesis: The men's bikes broke.","Premise: Three men are working with their bikes in the shoulder of a road.
Hypothesis: A local library is hosting a book club meeting, and a nearby park is expecting a visit from a traveling bird species next month.",,contradiction,1,5,contradiction|contradiction|contradiction|contradiction|contradiction|contradiction,28,[]
"Premise: A boy and a girl stand in a median amongst Mike Huckabee signs.
Hypothesis: Two people stand on a median with advertising signs.","Premise: A boy and a girl stand in a median amongst Mike Huckabee signs.
Hypothesis: No people stand on a median with advertising signs.",,neutral,0,0,entailment,32,[]
"Premise: A man who wears glasses, a blue shirt and a Chicago White Sox cap holds a young boy who also wears a blue shirt.
Hypothesis: The man the baseball is taking his son to a baseball game today.","Premise: A man who wears glasses, a blue shirt and a Chicago White Sox cap holds a young boy who also wears a blue shirt.
Hypothesis: The weather forecast for the upcoming weekend is expected to be partly cloudy with a high chance of scattered showers, and the local park is planning to host a farmers' market, featuring a variety of artisanal goods and organic produce.",,contradiction,1,5,contradiction|contradiction|contradiction|contradiction|contradiction|contradiction,48,[]
"Premise: Naked children play on the muddy riverbank.
Hypothesis: THE NUDE KIDS PLAYED ON THE RIVERBANK IN THE MUD JUST TO HAVE A MUD BATH","Premise: Naked children play on the muddy riverbank.
Hypothesis: The city council was discussing a proposal to build a new community center, and a nearby park was hosting a wide variety of flower species, including some rare and exotic ones, which were attracting visitors from all over the city, and the local library was offering a book about astronomy.",,contradiction,1,5,contradiction|contradiction|contradiction|contradiction|contradiction|contradiction,43,[]
"Premise: A boy runs as others play on a homemade slip and slide.
Hypothesis: A boy is running.","Premise: A boy runs as others play on a homemade slip and slide.
Hypothesis: No boy is running.",,neutral,0,0,entailment,26,[]
"Premise: A rescue worker searches with a flashlight under a slab in a ruined building.
Hypothesis: A rescue worker searches for survivors.","Premise: A rescue worker searches with a flashlight under a slab in a ruined building.
Hypothesis: The rescue worker is not searching for survivors, but rather for a lost piece of equipment.",,neutral,1,0,contradiction,30,[]
"Premise: People boating on a lake with the sun through the clouds in the distance.
Hypothesis: people on boat","Premise: People boating on a lake with the sun through the clouds in the distance.
Hypothesis: there is no boat on the lake",,neutral,0,1,neutral|contradiction,27,[]
"Premise: The man white purple and white polka-dotted shirts is eating and looking to his right while the woman behind him has a confused look on her face.
Hypothesis: The guy is eating a sandwich while a lady wonders what's in the sandwich.","Premise: The man white purple and white polka-dotted shirts is eating and looking to his right while the woman behind him has a confused look on her face.
Hypothesis: The guy is not eating anything, but rather just pretending to eat, and the lady is aware that he hasn't eaten for hours, which is why she looks confused, as there is no food anywhere near him, and the man in the white purple and white polka-dotted shirts is actually not even moving his jaw.",,neutral,1,5,neutral|neutral|neutral|neutral|neutral|entailment,55,[]
"Premise: A dog with a collar on lying on the street.
Hypothesis: There is an animal outdoors.","Premise: A dog with a collar on lying on the street.
Hypothesis: There are no animals outdoors.",,neutral,0,0,entailment,25,[]
"Premise: Performer who is wearing 2 hats a scary mask and a black and white robe.
Hypothesis: The actor playing Voldemort is wearing a scary mask and a black and white robe.","Premise: Performer who is wearing 2 hats a scary mask and a black and white robe.
Hypothesis: The actor playing Voldemort is wearing a bright pink suit and a full face of clown makeup.",,neutral,1,0,contradiction,42,[]
"Premise: Sports team members practice and relax on a basketball court.
Hypothesis: Team members of a sport is relaxing after practice.","Premise: Sports team members practice and relax on a basketball court.
Hypothesis: Team members of a sport never practice and relax on the same basketball court, as their training schedule always requires them to be off the court after practice, making it impossible for them to engage in relaxation at the same location where they train, directly contradicting the premise that they practice and relax on the basketball court.",,neutral,0,5,neutral|neutral|neutral|neutral|neutral|neutral,29,[5]
"Premise: A referee with a whistle in his mouth points to the right and watches as a player with the basketball bends down with a defensive player.
Hypothesis: A referee blows a whistle","Premise: A referee with a whistle in his mouth points to the right and watches as a player with the basketball bends down with a defensive player.
Hypothesis: The referee is not even on the field and does not have a whistle, and the game is being played without any officials watching.",,neutral,-1,1,neutral|entailment,40,[]
"Premise: A man, wearing a cap, is pushing a cart, on which large display boards are kept, on a road.
Hypothesis: The person is stealing display boards.","Premise: A man, wearing a cap, is pushing a cart, on which large display boards are kept, on a road.
Hypothesis: The person is moving the display boards from one location to another by pushing the cart on which they are kept.",,contradiction,1,1,contradiction|neutral,39,[]
"Premise: Six people appearing to be planting something in the ground.
Hypothesis: People are digging up the earth","Premise: Six people appearing to be planting something in the ground.
Hypothesis: The people are actually removing everything from the ground, leaving it completely barren and untouched.",,neutral,0,0,contradiction,25,[]
"Premise: A group of people are looking at photographs on a wall and speaking to each other.
Hypothesis: A group of friends are visiting an art exhibit.","Premise: A group of people are looking at photographs on a wall and speaking to each other.
Hypothesis: A group of friends are visiting an art exhibit, where they are collectively viewing a collection of artistic photographs on display, and as a natural result, each person is engaged in discussing the works with the others while meticulously examining every piece, which is why they are all looking at various photographs on the wall and speaking to each other.",,contradiction,1,5,contradiction|contradiction|contradiction|contradiction|contradiction|contradiction,35,[]
"Premise: Two daschunds play with a red ball
Hypothesis: Two dogs playing together.","Premise: Two daschunds play with a red ball
Hypothesis: No dogs are playing together.",,neutral,0,0,contradiction,23,[]
"Premise: A man standing alone in a park.
Hypothesis: a man alone at home","Premise: A man standing alone in a park.
Hypothesis: Meanwhile, a woman is reading a book in a library.",,contradiction,2,0,entailment,21,[]
"Premise: Two little girls, wearing pink hanging on a tube.
Hypothesis: Two girls wearing blue sit on a couch.","Premise: Two little girls, wearing pink hanging on a tube.
Hypothesis: The weather forecast for tomorrow indicates a high chance of rain in several major cities around the world.",,contradiction,2,2,contradiction|contradiction|neutral,28,[]
"Premise: Security officer working outside.
Hypothesis: A security officer is outside.","Premise: Security officer working outside.
Hypothesis: There is no security officer outside.",,neutral,0,0,entailment,19,[]
"Premise: Two soccer players are going after the ball.
Hypothesis: They are playing soccer outside.","Premise: Two soccer players are going after the ball.
Hypothesis: They are not playing soccer at all because the stadium is closed.",,neutral,1,2,neutral|neutral|entailment,23,[]
"Premise: A young man wearing khaki pants and a checked shirt is jumping over large rocks with green mountains and a lagoon in the background.
Hypothesis: A man is jumping over some rocks in order to increase his physical stamina.","Premise: A young man wearing khaki pants and a checked shirt is jumping over large rocks with green mountains and a lagoon in the background.
Hypothesis: The man is sitting on a rock, reading a book, and has no intention of engaging in any physical activity.",,neutral,1,0,entailment,50,[]
"Premise: Four African boys playing soccer.
Hypothesis: Some boys are in the play ground","Premise: Four African boys playing soccer.
Hypothesis: The city's library is hosting a book fair and a new species of flower is blooming in the botanical garden",,contradiction,2,5,contradiction|contradiction|contradiction|contradiction|contradiction|contradiction,21,[3]
"Premise: A lady in a dark coat is sitting with many people around her.
Hypothesis: There are people surrounding each other.","Premise: A lady in a dark coat is sitting with many people around her.
Hypothesis: However, the lady in the dark coat is always alone, which directly contradicts the premise that she is currently surrounded by many people.",,neutral,0,5,neutral|neutral|neutral|neutral|neutral|neutral,29,[5]
"Premise: Man with beard doing skateboarding stunt
Hypothesis: A man with a goatee does a backflip on a skateboard.","Premise: Man with beard doing skateboarding stunt
Hypothesis: A man with a shaved face does a backflip on a trampoline.",,neutral,1,0,contradiction,30,[]
"Premise: A man with a blue helmet and orange shirt.
Hypothesis: An 20 year old man has an orange shirt.","Premise: A man with a blue helmet and orange shirt.
Hypothesis: In fact, there is clearly no man with a blue helmet who has an orange shirt, but directly to the point, an 80 year old man wearing a blue helmet does not wear any shirt, which directly contradicts the premise, and this fact has been true for a year.",,neutral,1,5,neutral|neutral|neutral|neutral|neutral|neutral,29,[]
"Premise: A silhouette stands at the top of a bowling lane as the ball is about to impact the pins while neon lights race overhead.
Hypothesis: Someone is in a bowling alley.","Premise: A silhouette stands at the top of a bowling lane as the ball is about to impact the pins while neon lights race overhead.
Hypothesis: The location is a quiet library where bowling is strictly prohibited.",,neutral,0,0,contradiction,40,[]
"Premise: A boy toddler is holding a bat he is about to swing at a pinata.
Hypothesis: A child is about to hit the panda with a stick.","Premise: A boy toddler is holding a bat he is about to swing at a pinata.
Hypothesis: The local library is hosting a book reading event on Friday, and a new species of plant was discovered in a remote area of the country.",,contradiction,2,5,contradiction|contradiction|contradiction|contradiction|contradiction|contradiction,37,[]
"Premise: A man wearing a red vest is walking past a black and green fence.
Hypothesis: A man is wearing a vest.","Premise: A man wearing a red vest is walking past a black and green fence.
Hypothesis: The man is clearly not wearing any vest, as earlier observations confirm he was shirtless and there is no vest of any kind on his body, which directly contradicts the premise that he was seen wearing a vest.",,neutral,0,5,neutral|neutral|neutral|neutral|neutral|neutral,30,[5]
"Premise: Fans are dressed in green and yellow for a major sporting event.
Hypothesis: There are fans at a sporting event.","Premise: Fans are dressed in green and yellow for a major sporting event.
Hypothesis: There are no fans at the sporting event.",,neutral,0,0,entailment,29,[]
"Premise: Man wearing blue bowing on floor in front of another man in blue bowing on floor with two other men wearing blue kneeling on same floor also.
Hypothesis: A man is wearing nothing.","Premise: Man wearing blue bowing on floor in front of another man in blue bowing on floor with two other men wearing blue kneeling on same floor also.
Hypothesis: None of the men are clothed.",,neutral,2,5,neutral|neutral|neutral|neutral|neutral|neutral,44,[]
"Premise: A man dances with a woman in a white egyptian costume.
Hypothesis: A couple dances in a competition.","Premise: A man dances with a woman in a white egyptian costume.
Hypothesis: The city's botanical garden is featuring a rare species of orchids, and a team of researchers is studying the effects of climate change on plant life, as a separate event is taking place elsewhere.",,contradiction,1,5,contradiction|contradiction|contradiction|contradiction|contradiction|contradiction,29,[]
"Premise: A man is holding a book standing in front of a chalkboard.
Hypothesis: A person is in a classroom teaching.","Premise: A man is holding a book standing in front of a chalkboard.
Hypothesis: Meanwhile, in a different part of town, a group of friends are planning a surprise birthday party for their colleague, and they are discussing the best type of cake to order from a new bakery that often has unique flavors, while a separate community event is being organized to promote environmental awareness and encourage people to take a moment to relax and enjoy nature.",,contradiction,0,5,contradiction|contradiction|contradiction|contradiction|contradiction|contradiction,30,[]
"Premise: In a chain link enclosed skate park a skater goes over one of the obstacles.Wit.
Hypothesis: The skater is sitting on the ground.","Premise: In a chain link enclosed skate park a skater goes over one of the obstacles.Wit.
Hypothesis: The park is located near a library where a book club meeting is scheduled for tomorrow.",,entailment,2,0,contradiction,36,[]
"Premise: Two dogs wearing muzzles are running.
Hypothesis: two dogs are eating","Premise: Two dogs wearing muzzles are running.
Hypothesis: The dogs are not eating because they are running.",,entailment,2,0,neutral,21,[]
"Premise: Two men, wearing identical shirts look into a classic car hood.
Hypothesis: Two people are looking at a car.","Premise: Two men, wearing identical shirts look into a classic car hood.
Hypothesis: No people are looking at a car.",,neutral,0,0,entailment,29,[]
"Premise: A man in a leather jacket and glasses walks across an intersection while a man in a gray sweatshirt and white hat looks on.
Hypothesis: The man is riding a motorcycle across the street.","Premise: A man in a leather jacket and glasses walks across an intersection while a man in a gray sweatshirt and white hat looks on.
Hypothesis: The man, who is wearing a leather jacket and glasses, walks across the intersection as a pedestrian, not riding a motorcycle, while a man in a gray sweatshirt and white hat looks on.",,contradiction,2,0,neutral,44,[]
"Premise: People landscaping and gardening the areas around the walkway.
Hypothesis: People are planting in their homes.","Premise: People landscaping and gardening the areas around the walkway.
Hypothesis: The local weather forecast is predicting a 30% chance of rain this weekend.",,contradiction,2,0,neutral,26,[]
"Premise: A girl in a blue leotard hula hoops on a stage with balloon shapes in the background.
Hypothesis: A girl is on stage entertaining the crowd with her hula hoop dance","Premise: A girl in a blue leotard hula hoops on a stage with balloon shapes in the background.
Hypothesis: There is no performance taking place on the stage, and the girl in the blue leotard is actually sitting in the audience, not participating in any hula hoop dance, and the stage is empty.",,neutral,1,1,neutral|contradiction,43,[]
"Premise: A group of men and boys look upwards at something.
Hypothesis: A group of coaches are showing their team the scoreboard.","Premise: A group of men and boys look upwards at something.
Hypothesis: Meanwhile, a nearby café is serving a variety of coffee flavors to its morning customers.",,contradiction,1,0,neutral,30,[]
"Premise: A bicyclist is attempting a trick on a wire in a tropical location.
Hypothesis: A person on a bicycle has his bike situated on a wire.","Premise: A bicyclist is attempting a trick on a wire in a tropical location.
Hypothesis: There is no bicyclist attempting a trick on a wire in the tropical location, and it is confirmed that the area is currently empty, with no signs of any biking activity, as the wire was removed directly after the location was deemed no longer suitable for such stunts, and no one has ridden a bike there for a long time, which directly contradicts the premise.",,neutral,0,5,neutral|neutral|neutral|neutral|neutral|neutral,36,[]
"Premise: One child in black is walking down a hill covered in white snow while 2 children are on their knees.
Hypothesis: The children are enjoying a surprise snowday off from school in the middle of April","Premise: One child in black is walking down a hill covered in white snow while 2 children are on their knees.
Hypothesis: The city's transportation system is being upgraded with new bus routes, and a team of engineers is working on the latest infrastructure plans.",,contradiction,1,5,contradiction|contradiction|contradiction|contradiction|contradiction|contradiction,46,[]
"Premise: a small brown and white dog swimming through the pool next to a man.
Hypothesis: A man forces his cat to learn how to use a diving board.","Premise: a small brown and white dog swimming through the pool next to a man.
Hypothesis: The pool has been closed for years and is completely empty, with no water or living creatures in it, and certainly no dog is swimming in it, while the man is nowhere to be found.",,entailment,2,2,entailment|entailment|neutral,37,[]
"Premise: A man and a woman are holding hands on the shore of a lake.
Hypothesis: A couple on vacation.","Premise: A man and a woman are holding hands on the shore of a lake.
Hypothesis: The local library is hosting a book club, and a group of friends are discussing their favorite novels, while a nearby park is being renovated to include a new playground and a community garden.",,contradiction,1,5,contradiction|contradiction|contradiction|contradiction|contradiction|contradiction,28,[]
"Premise: An old man in a blue shirt and white pants glowers by a glass door.
Hypothesis: A man resting outside","Premise: An old man in a blue shirt and white pants glowers by a glass door.
Hypothesis: The city's transportation system is being renovated, and a new restaurant just opened downtown, offering a wide variety of international cuisine, while a group of friends are planning a trip to the beach, and the weather forecast says it will be sunny tomorrow.",,contradiction,1,5,contradiction|contradiction|contradiction|contradiction|contradiction|contradiction,29,[]
"Premise: A female runner dressed in blue athletic wear is running in a competition, while spectators line the street.
Hypothesis: The streets are empty.","Premise: A female runner dressed in blue athletic wear is running in a competition, while spectators line the street.
Hypothesis: The weather forecast is calling for a high chance of rain in the countryside, and a new species of bird has been discovered in a nearby forest.",,contradiction,2,5,contradiction|contradiction|contradiction|contradiction|contradiction|contradiction,33,[]
"Premise: A golden retriever nurses puppies.
Hypothesis: A golden retriever nurses some other dogs puppies","Premise: A golden retriever nurses puppies.
Hypothesis: A golden retriever never nurses any puppies.",,neutral,1,0,entailment,24,[]
"Premise: A guy gettin lots of air on a skateboard at a skatepark
Hypothesis: A guy riding a skateboard in the rain.","Premise: A guy gettin lots of air on a skateboard at a skatepark
Hypothesis: The guy does not own a skateboard, has never visited a skatepark, and is actually an elderly man who spends most of his time watching TV at home, not knowing how to ride a skateboard.",,neutral,1,5,neutral|neutral|neutral|neutral|neutral|contradiction,32,[]
"Premise: A man wearing a black coat is walking.
Hypothesis: A naked man walking.","Premise: A man wearing a black coat is walking.
Hypothesis: The man is fully clothed in a white suit and is stationary, which directly contradicts the premise that a man wearing a black coat is walking, as he is not wearing a black coat and is not walking.",,neutral,2,5,neutral|neutral|neutral|neutral|neutral|neutral,22,[]
"Premise: A young boy in green shorts balances on a pipe above a river.
Hypothesis: A person balancing.","Premise: A young boy in green shorts balances on a pipe above a river.
Hypothesis: No person is balancing.",,neutral,0,0,entailment,26,[]
"Premise: Bicycles are littering the road as boy pull door.
Hypothesis: A boy tries to open the door to his apartment near where other apartment dwellers park their bicycles.","Premise: Bicycles are littering the road as boy pull door.
Hypothesis: Since bicycles are littering the road as the boy pulls the door, it is inevitable that he finds himself surrounded by them as he tries to open the door to his apartment, which is located in an area where he lives and where bicycles frequently clutter the road due to a lack of designated parking.",,contradiction,1,3,contradiction|contradiction|contradiction|neutral,41,[]
"Premise: Man balding with a mustache and semi beard standing wearing a psychedelic button shirt playing the guitar as he sings.
Hypothesis: The man knows how to play the guitar.","Premise: Man balding with a mustache and semi beard standing wearing a psychedelic button shirt playing the guitar as he sings.
Hypothesis: The man does not know how to play the guitar.",,neutral,0,0,contradiction,40,[]
"Premise: A man and his son riding bikes down the sidewalk.
Hypothesis: the man and the boy were in town","Premise: A man and his son riding bikes down the sidewalk.
Hypothesis: the man and the boy were in a remote rural area, far from any town",,neutral,1,0,contradiction,27,[]
"Premise: An Asian woman in a hat is measuring food from barrels with a ladle into a smaller metal pan.
Hypothesis: A woman is measuring out wine from a barrel.","Premise: An Asian woman in a hat is measuring food from barrels with a ladle into a smaller metal pan.
Hypothesis: A woman is measuring out food from a container.",,contradiction,2,0,neutral,39,[]
"Premise: A man wearing a black cap is suspended in the air on a swing, as children are swinging on a swing set.
Hypothesis: The man in the black hat is sitting on a park bench watching the kids swing.","Premise: A man wearing a black cap is suspended in the air on a swing, as children are swinging on a swing set.
Hypothesis: The local bakery is offering a discount on cakes and pastries, and the owner is planning to travel to a different city for a culinary conference next month.",,contradiction,2,5,contradiction|contradiction|contradiction|contradiction|contradiction|contradiction,49,[]
"Premise: Four people and a dog out in the woods.
Hypothesis: Some mammals want to live and the others don't want them to.","Premise: Four people and a dog out in the woods.
Hypothesis: However, it is now revealed that the four people actually intended to protect the dog from harm, which directly contradicts the fact that they were the ones who abandoned it in the woods, thus disrupting the harmony they claimed to have achieved, and separately putting the dog's life in danger, which is the opposite of what they initially claimed to be doing, as they are now putting the dog in a situation where it will not survive, thereby causing harm to the very creature they were supposed to rescue, and undermining the safety they had promised to provide.",,neutral,1,4,neutral|neutral|neutral|neutral|contradiction,32,[]
"Premise: A person is sitting on the edge of a rock cliff.
Hypothesis: A person was sitting on the road.","Premise: A person is sitting on the edge of a rock cliff.
Hypothesis: The weather forecast for the upcoming weekend is expected to be sunny with a high chance of scattered clouds.",,contradiction,2,5,contradiction|contradiction|contradiction|contradiction|contradiction|contradiction,28,[3]
"Premise: The older woman smiles as she holds up a hammer.
Hypothesis: A woman is using a hammer to make something.","Premise: The older woman smiles as she holds up a hammer.
Hypothesis: The woman is not using a hammer at all, but rather holding a flower.",,neutral,1,0,entailment,29,[]
"Premise: A yellow dog is running in a field near a mountain.
Hypothesis: A yellow dog is chasing a bunny in the field.","Premise: A yellow dog is running in a field near a mountain.
Hypothesis: The scene of a yellow dog running in a field near a mountain is one where the dog is indeed chasing a bunny, as evidenced by the dog's swift pace and the bunny's frantic attempts to escape.",,contradiction,1,1,contradiction|neutral,31,[]
"Premise: A small dog watches two big dogs playing rough in a field.
Hypothesis: 3 dogs are sleeping.","Premise: A small dog watches two big dogs playing rough in a field.
Hypothesis: 3 dogs, including the small one watching and the two big ones being watched, are engaged in an activity where they are either playing or watching each other play in the same field.",,contradiction,2,3,contradiction|contradiction|contradiction|neutral,27,[]
"Premise: A woman sits in a market where she sells goods with her dog.
Hypothesis: A dog sells a woman a hat.","Premise: A woman sits in a market where she sells goods with her dog.
Hypothesis: The woman does not buy or sell any hats, and in fact, dogs are prohibited from being near any vendors in the market.",,entailment,2,1,entailment|contradiction,30,[]
"Premise: People in chairs around a table
Hypothesis: The people have eybrows.","Premise: People in chairs around a table
Hypothesis: The people do not have eyebrows.",,neutral,1,0,contradiction,22,[]
"Premise: A girl in a white knit hat and winter gear rubs her tongue over her braces.
Hypothesis: The girl is ready to go swimming.","Premise: A girl in a white knit hat and winter gear rubs her tongue over her braces.
Hypothesis: The city's botanical garden is home to a wide variety of plant species, and its staff is responsible for maintaining the greenhouses, while a nearby library is hosting a book club meeting to discuss a new novel by a renowned author.",,contradiction,2,5,contradiction|contradiction|contradiction|contradiction|contradiction|contradiction,34,[]
"Premise: The big dog is checking out the smaller dog.
Hypothesis: A big dog watching over a smaller dog.","Premise: The big dog is checking out the smaller dog.
Hypothesis: The big dog is completely ignoring the smaller dog.",,neutral,0,0,entailment,27,[]
"Premise: Two dogs are playing together.
Hypothesis: Two canines are having fun.","Premise: Two dogs are playing together.
Hypothesis: The dogs are actually fighting with each other.",,neutral,0,0,contradiction,21,[]
"Premise: Two men with black glasses are holding food, one appears to be eating.
Hypothesis: A group of women is drinking wine.","Premise: Two men with black glasses are holding food, one appears to be eating.
Hypothesis: Two men with black glasses are holding food, and one of them appears to be eating it.",,contradiction,2,0,neutral,31,[]
"Premise: A grim looking man with sunglasses pilots a boat.
Hypothesis: The hungover man drives his boat to work.","Premise: A grim looking man with sunglasses pilots a boat.
Hypothesis: The local library has a new exhibit on ancient civilizations, featuring artifacts from Egypt and Greece, and the curator is giving a lecture on the history of papyrus.",,contradiction,1,5,contradiction|contradiction|contradiction|contradiction|contradiction|contradiction,28,[]
"Premise: Two men help each other cut a sheet of plastic.
Hypothesis: Two men cut some plastic.","Premise: Two men help each other cut a sheet of plastic.
Hypothesis: No men cut any plastic.",,neutral,0,0,entailment,25,[]
"Premise: A woman in a white tennis outfit is jumping up to hit the ball.
Hypothesis: women playing","Premise: A woman in a white tennis outfit is jumping up to hit the ball.
Hypothesis: the scene depicts no women playing tennis, but rather all players are men and there are no female participants at all, which directly contradicts the premise that a woman is present and engaged in the game",,neutral,1,5,neutral|neutral|neutral|neutral|neutral|neutral,25,[]
"Premise: The small boy is running through a grassy area.
Hypothesis: The boy is in a park.","Premise: The small boy is running through a grassy area.
Hypothesis: The local library is hosting a book sale on the upcoming weekend, and the staff is busy preparing for the event with a chance to meet a famous author on a sunny afternoon with a gentle breeze.",,contradiction,1,5,contradiction|contradiction|contradiction|contradiction|contradiction|contradiction,26,[]
"Premise: A man and a woman are laughing.
Hypothesis: Two people are happy.","Premise: A man and a woman are laughing.
Hypothesis: However, the man and the woman are actually crying.",,neutral,0,0,contradiction,21,[]
"Premise: Large brown dog walking in shallow water.
Hypothesis: An animal is in water","Premise: Large brown dog walking in shallow water.
Hypothesis: There is no animal in water",,neutral,0,0,entailment,21,[]
"Premise: A woman is sitting down doing some sort of craft work while another person operates a large wooden loom device in the background.
Hypothesis: The woman is standing.","Premise: A woman is sitting down doing some sort of craft work while another person operates a large wooden loom device in the background.
Hypothesis: The woman is sitting down doing some sort of craft work.",,neutral,2,0,contradiction,38,[]
"Premise: Several people have gathered behind a group of other people who are sitting around a table.
Hypothesis: There are several people sitting around a table.","Premise: Several people have gathered behind a group of other people who are sitting around a table.
Hypothesis: There is not a single person sitting around a table, even in existence, as it is a fact that no table exists and people are not capable of sitting, with the added certainty that the concept of sitting around a table is nonexistent.",,neutral,0,5,neutral|neutral|neutral|neutral|neutral|neutral,34,[]
"Premise: A girl in a black skirt and blue dress is watering flowers.
Hypothesis: The girl is giving the flowers some water.","Premise: A girl in a black skirt and blue dress is watering flowers.
Hypothesis: The girl is deliberately withholding water from the flowers.",,neutral,0,0,contradiction,30,[]
"Premise: A father and his daughter are riding a lawn mover down a street while dressed in American colors.
Hypothesis: two people mow lawns for a living on the 4th of july","Premise: A father and his daughter are riding a lawn mover down a street while dressed in American colors.
Hypothesis: The local library is hosting a book club meeting to discuss a novel about a young researcher, and the city's botanical garden is preparing for a new flower exhibit, while a nearby bakery is offering a discount on cakes.",,contradiction,1,5,contradiction|contradiction|contradiction|contradiction|contradiction|contradiction,44,[]
"Premise: A tractor decorated as a float for a parade
Hypothesis: A tractor drives down the parade route","Premise: A tractor decorated as a float for a parade
Hypothesis: The tractor remains stationary in a museum and never participates in parades",,neutral,1,0,contradiction,25,[]
"Premise: Two dogs in a grassy field.
Hypothesis: Two dogs are on a sandy beach.","Premise: Two dogs in a grassy field.
Hypothesis: The city's botanical garden is featuring an exhibit on exotic flowers, and a local artist will showcase their paintings, which capture the beauty of nature in a serene and peaceful atmosphere.",,contradiction,2,5,contradiction|contradiction|contradiction|contradiction|contradiction|contradiction,24,[]
"Premise: A man with his finger in his mouth is standing outside of an RV.
Hypothesis: The man is inside his RV.","Premise: A man with his finger in his mouth is standing outside of an RV.
Hypothesis: The man is nowhere near his RV.",,entailment,2,0,contradiction,30,[]
"Premise: Two dirt bikers- one in black and red, sporting number 64, the other in blue and white displaying a red ""21""- round the corner of a tree-lined track.
Hypothesis: There are two people and two motorbikes in this picture.","Premise: Two dirt bikers- one in black and red, sporting number 64, the other in blue and white displaying a red ""21""- round the corner of a tree-lined track.
Hypothesis: The scene shows no dirt bikers and only an empty track, directly contradicting the premise, as there are no people or motorbikes present, and any biking activity is absent, which is in direct opposition to the premise that describes two dirt bikers in the scene.",,neutral,0,5,neutral|neutral|neutral|neutral|neutral|neutral,58,[]
"Premise: A young girl with blond-hair eating a peach.
Hypothesis: There is fruit present.","Premise: A young girl with blond-hair eating a peach.
Hypothesis: There is no fruit present.",,neutral,0,0,entailment,24,[]
"Premise: Young girl in an bathing suit falling off the end of a slide into a pool.
Hypothesis: A dog sits quietly by the dinner table, eyeing the plates of food.","Premise: Young girl in an bathing suit falling off the end of a slide into a pool.
Hypothesis: The scene is completely empty with no one, including a young girl or a dog, anywhere near a pool or a dinner table.",,entailment,2,0,contradiction,41,[]
"Premise: A blond man playing a guitar.
Hypothesis: A bald man is playing a guitar.","Premise: A blond man playing a guitar.
Hypothesis: At the same time, a bald man is playing the guitar, which clearly contradicts the fact that the blond man has hair and is also playing it, as it is not possible for two people to play the same guitar simultaneously, and the fact that one is bald and the other has hair makes it impossible for them to be the same person.",,neutral,2,5,neutral|neutral|neutral|neutral|neutral|neutral,23,[]
"Premise: A dog with a collar on lying on the street.
Hypothesis: The dog was just hit by a car and is lying in the street.","Premise: A dog with a collar on lying on the street.
Hypothesis: The local library is hosting a book club meeting, and a group of readers are discussing their favorite novels, while a nearby park is being renovated to include a new playground and the city's transportation department is planning to update its bus schedules.",,contradiction,1,5,contradiction|contradiction|contradiction|contradiction|contradiction|contradiction,34,[]
"Premise: A white dog is running on a rocky beach.
Hypothesis: A dog is on the beach.","Premise: A white dog is running on a rocky beach.
Hypothesis: There is no dog on the beach.",,neutral,0,0,entailment,25,[]
"Premise: Firefighters in full gear are walking up a ladder.
Hypothesis: The firefighers are ready to fight a fire.","Premise: Firefighters in full gear are walking up a ladder.
Hypothesis: The firefighters are on a break and have no intention of fighting a fire.",,neutral,0,0,contradiction,31,[]
"Premise: Three men are playing frisbee in the woods.
Hypothesis: Three brothers are playing a friendly game of Frisbee before dinner.","Premise: Three men are playing frisbee in the woods.
Hypothesis: A researcher is studying the migration patterns of birds in a remote village, and a local bookstore is offering a discount on novels about historical events.",,contradiction,1,5,contradiction|contradiction|contradiction|contradiction|contradiction|contradiction,33,[]
"Premise: A boy in a hat and glasses is playing a guitar.
Hypothesis: A boy is singing.","Premise: A boy in a hat and glasses is playing a guitar.
Hypothesis: The weather forecast for the coastal region predicts a high chance of rain, and a group of friends are planning a hiking trip to explore the nearby mountains.",,contradiction,1,5,contradiction|contradiction|contradiction|contradiction|contradiction|contradiction,25,[]
"Premise: A young boy wearing an orange jacket is sitting on a log in the fall.
Hypothesis: A boy is sitting on a log.","Premise: A young boy wearing an orange jacket is sitting on a log in the fall.
Hypothesis: There is no boy sitting on a log.",,neutral,0,0,contradiction,32,[]
"Premise: A group of smiling people are posing outdoors for a picture.
Hypothesis: The group of people are frowning.","Premise: A group of smiling people are posing outdoors for a picture.
Hypothesis: The photographer is using a high-quality camera to capture the moment.",,entailment,2,0,neutral,28,[]
"Premise: Two people are playing American Football and one of them is trying to stop the other from throwing the ball.
Hypothesis: A game of football is being played.","Premise: Two people are playing American Football and one of them is trying to stop the other from throwing the ball.
Hypothesis: No game of football is being played.",,neutral,0,0,contradiction,37,[]
"Premise: An organ grinder, in World War I helmet and clown makeup, speaks to an older man in a blue, striped polo shirt.
Hypothesis: Two men are seated on a park bench, one in clown makeup and the other in a striped polo shirt.","Premise: An organ grinder, in World War I helmet and clown makeup, speaks to an older man in a blue, striped polo shirt.
Hypothesis: The city's public library is hosting a book reading event, featuring a renowned author who has written extensively on environmental issues, and the attendees are eagerly waiting for the discussion to begin.",,contradiction,0,5,contradiction|contradiction|contradiction|contradiction|contradiction|contradiction,56,[]
"Premise: Police are setting up a barricade due to a fire.
Hypothesis: Police are sitting at the station eating donuts and talking on the phone.","Premise: Police are setting up a barricade due to a fire.
Hypothesis: There is no fire and the police are sitting at the station eating donuts and talking on the phone.",,entailment,2,0,contradiction,35,[]
"Premise: A girl with curly hair and wearing a patriotic shirt is looking at a monarch butterfly sitting on her left index finger.
Hypothesis: A girl and a butterfly","Premise: A girl with curly hair and wearing a patriotic shirt is looking at a monarch butterfly sitting on her left index finger.
Hypothesis: The city's library is hosting a book fair featuring authors from around the world, and the event is expected to attract a large crowd of literature enthusiasts.",,contradiction,0,5,contradiction|contradiction|contradiction|contradiction|contradiction|contradiction,36,[]
"Premise: The man is performing a trick on a motorcycle high in the air.
Hypothesis: A man is performing a trick on a bike.","Premise: The man is performing a trick on a motorcycle high in the air.
Hypothesis: The man is walking on the ground, not performing any tricks on a vehicle.",,neutral,0,0,entailment,32,[]
"Premise: An obese white male wearing a blue shirt and khaki shorts sits in front of fountain all while gabbing on phone.
Hypothesis: A man is sleeping in front of a fountain.","Premise: An obese white male wearing a blue shirt and khaki shorts sits in front of fountain all while gabbing on phone.
Hypothesis: The local bakery is famous for its annual cake-decorating competition, and the judges are calling in a special guest to sample the desserts, which include a variety of light and dark chocolate treats, and the event is sponsored by a company that makes trekking gear.",,contradiction,2,5,contradiction|contradiction|contradiction|contradiction|contradiction|contradiction,42,[]
"Premise: A child enjoying themselves on a yellow slide at a park.
Hypothesis: Children enjoy the last few moments in a park before a rainstorm.","Premise: A child enjoying themselves on a yellow slide at a park.
Hypothesis: The city's public library has recently expanded its collection of rare books and is hosting a lecture series on astronomy, featuring a guest speaker from a nearby university.",,contradiction,1,5,contradiction|contradiction|contradiction|contradiction|contradiction|contradiction,34,[]
"Premise: Some men in burgundy coats try to push a car in the snow.
Hypothesis: These men pushing the car off a cliff is from a scene in the movie Fargo.","Premise: Some men in burgundy coats try to push a car in the snow.
Hypothesis: The annual flower festival in the city features a vast collection of orchids and the organizers often provide a free tour of the exhibition, which has become a popular event for families and friends to enjoy during their leisure time.",,contradiction,1,5,contradiction|contradiction|contradiction|contradiction|contradiction|contradiction,40,[]
"Premise: A man painting a sign onto his food cart.
Hypothesis: Everyone is in a restaurant.","Premise: A man painting a sign onto his food cart.
Hypothesis: The man is preparing to operate his food cart, having just finished painting a sign onto it, and will soon be selling the food he has prepared from the cart.",,contradiction,2,2,contradiction|contradiction|neutral,24,[]
"Premise: People are coming down a movable staircase built through a tunnel, which has three of those staircases.
Hypothesis: Workers are returning from inspection.","Premise: People are coming down a movable staircase built through a tunnel, which has three of those staircases.
Hypothesis: Meanwhile, in a nearby park, a group of artists are preparing for an exhibition, and a new library is being constructed, offering a wide range of books on various subjects, including history and science, and the city's botanical garden is hosting a flower festival next month, featuring rare species from around the world, while a team of engineers is working on a project to develop more efficient renewable energy sources.",,contradiction,1,5,contradiction|contradiction|contradiction|contradiction|contradiction|contradiction,34,[]
"Premise: Asian individuals are taking pictures of some unidentified thing.
Hypothesis: Asians take pictures.","Premise: Asian individuals are taking pictures of some unidentified thing.
Hypothesis: Asians never take pictures under any circumstances.",,neutral,0,0,entailment,22,[]
"Premise: The man wearing blue jean shorts is grilling.
Hypothesis: The man is making hot dogs and hamburgers.","Premise: The man wearing blue jean shorts is grilling.
Hypothesis: The nearby botanical garden is featuring an exhibit on rare flowers, and the curator is giving a lecture on their unique characteristics.",,contradiction,1,5,contradiction|contradiction|contradiction|contradiction|contradiction|contradiction,28,[]
"Premise: A man with brown pants and boots moving a tent.
Hypothesis: A guy is transporting a tent.","Premise: A man with brown pants and boots moving a tent.
Hypothesis: A guy is not transporting a tent, but rather, he is taking it apart to store it in his garage.",,neutral,0,0,contradiction,26,[]
"Premise: Men sitting on the side of a brick road.
Hypothesis: me are sitting on the side of a road","Premise: Men sitting on the side of a brick road.
Hypothesis: No men are sitting on the side of a road",,neutral,0,0,entailment,27,[]
"Premise: A woman is walking with a full shopping cart away from a Trader Joe's.
Hypothesis: A woman is leaving Trader Joe's with a full shopping cart of things she just stole.","Premise: A woman is walking with a full shopping cart away from a Trader Joe's.
Hypothesis: The city's annual sculpture festival is being organized by a team of volunteers, and a local artist is creating a sculpture for the event, which will be held in a park near the city's hosting venue, featuring a wide range of food options, including cuisines from around the world, and the festival will also have a section dedicated to showcasing local wildlife and conservation efforts, meanwhile a group of friends are planning a road trip to visit different national parks.",,contradiction,1,5,contradiction|contradiction|contradiction|contradiction|contradiction|contradiction,42,[]
"Premise: A large black and white dog is licking a smaller white and black dog who is growling.
Hypothesis: The dog is happy","Premise: A large black and white dog is licking a smaller white and black dog who is growling.
Hypothesis: The city's main library has a new collection of rare books on astronomy and is hosting a reading event on a sunny afternoon.",,contradiction,2,5,contradiction|contradiction|contradiction|contradiction|contradiction|contradiction,31,[]
"Premise: An old gray-haired man with glasses in a gray t-shirt is working on a sculpture.
Hypothesis: The man is 100 years old","Premise: An old gray-haired man with glasses in a gray t-shirt is working on a sculpture.
Hypothesis: Meanwhile, a group of students are participating in a science fair, showcasing their innovative projects on renewable energy, and discussing the latest advancements in the field with a panel of expert judges.",,contradiction,1,5,contradiction|contradiction|contradiction|contradiction|contradiction|contradiction,33,[]
"Premise: a climber wearing a red headband is pulling himself up some gray rocks high above some green foliage.
Hypothesis: A woman climber attempts to pull herself up","Premise: a climber wearing a red headband is pulling himself up some gray rocks high above some green foliage.
Hypothesis: The local bakery is offering a new menu item, and the chef is experimenting with different flavors to perfect the recipe.",,contradiction,2,5,contradiction|contradiction|contradiction|contradiction|contradiction|contradiction,38,[]
"Premise: A young woman talks on the phone and carries her bags while walking past some hats on display.
Hypothesis: A woman is walking through her bedroom.","Premise: A young woman talks on the phone and carries her bags while walking past some hats on display.
Hypothesis: The city's botanical garden is home to a variety of exotic plants and flowers, and a team of scientists are studying the effects of climate change on local ecosystems.",,contradiction,2,5,contradiction|contradiction|contradiction|contradiction|contradiction|contradiction,35,[]
"Premise: A woman is sitting in a chair, while a man is going through the sport utility vehicle.
Hypothesis: a girl is sitting","Premise: A woman is sitting in a chair, while a man is going through the sport utility vehicle.
Hypothesis: No one is sitting in the chair because it is empty.",,neutral,0,1,neutral|contradiction,31,[]
"Premise: An artist replicating another artist's work and a man looking at the original art.
Hypothesis: A painter works on a copy of a Rembrandt.","Premise: An artist replicating another artist's work and a man looking at the original art.
Hypothesis: The city's botanical garden is home to a rare species of orchid, and a group of botanists are studying its unique characteristics.",,contradiction,1,5,contradiction|contradiction|contradiction|contradiction|contradiction|contradiction,37,[]
"Premise: A woman wearing a bright orange blouse is weaving.
Hypothesis: A woman is wearing a bright orange blouse and a green hat.","Premise: A woman wearing a bright orange blouse is weaving.
Hypothesis: The local library is hosting a book club meeting to discuss a new novel, and the town's residents are looking forward to the upcoming concert series at the park.",,contradiction,1,5,contradiction|contradiction|contradiction|contradiction|contradiction|contradiction,31,[]
"Premise: A man and a woman running in the street.
Hypothesis: The man and woman are outdoors.","Premise: A man and a woman running in the street.
Hypothesis: The man and woman are indoors.",,neutral,0,0,entailment,25,[]
"Premise: A man on stage in the act of jumping, with a little boy in the background really enjoying it.
Hypothesis: A boy happily watches an acrobat jumping on a stage.","Premise: A man on stage in the act of jumping, with a little boy in the background really enjoying it.
Hypothesis: The boy in the background looks extremely bored as he watches a completely empty stage with no one performing, which directly contradicts the premise that a man is jumping on the stage and the boy is really enjoying it.",,neutral,1,5,neutral|neutral|neutral|neutral|neutral|neutral,41,[]
"Premise: A man in an Alaska sweatshirt stands behind a counter.
Hypothesis: The person behind the counter is a man.","Premise: A man in an Alaska sweatshirt stands behind a counter.
Hypothesis: However, the person behind the counter is actually a woman, not a man, and she is not wearing an Alaska sweatshirt, contradicting the initial observation.",,neutral,0,2,neutral|neutral|entailment,29,[]
"Premise: A rocker standing with one foot on the stage holding the microphone attached to the stand over his head.
Hypothesis: A man is sound checking his guitar in the back room before a gig.","Premise: A rocker standing with one foot on the stage holding the microphone attached to the stand over his head.
Hypothesis: The local library is hosting a book club meeting this week, where members will discuss a novel about a young chef who owns a cafe in a small town, and the weather forecast predicts a rare sunny day on Wednesday, which might encourage people to visit the city's park.",,contradiction,2,5,contradiction|contradiction|contradiction|contradiction|contradiction|contradiction,43,[]
"Premise: Two girls walking, both with a white shirt and blue shorts on.
Hypothesis: Two girls are walking together.","Premise: Two girls walking, both with a white shirt and blue shorts on.
Hypothesis: However, the girls are standing still in separate locations, which directly contradicts the fact that they are walking together.",,neutral,0,5,neutral|neutral|neutral|neutral|neutral|neutral,28,[]
"Premise: An old woman and a young man examine their bingo cards.
Hypothesis: A woman and man are checking their bingo cards to see if they won","Premise: An old woman and a young man examine their bingo cards.
Hypothesis: A woman and man are not checking their bingo cards to see if they won, they are actually discussing the weather.",,neutral,1,0,entailment,34,[]
"Premise: Two adult men in black t-shirt and loud tunics hold smoking torches in preparation for an act of entertainment or celebration in a forested environment.
Hypothesis: Two street performers juggle flaming torches.","Premise: Two adult men in black t-shirt and loud tunics hold smoking torches in preparation for an act of entertainment or celebration in a forested environment.
Hypothesis: The two men in the forested environment are not performing any entertainment or celebration, and are instead waiting for a quiet evening at home.",,neutral,-1,0,contradiction,47,[]
"Premise: A little boy in flannel pajama pants and an orange shirt is playing the guitar on the couch.
Hypothesis: The child practices guitar indoors","Premise: A little boy in flannel pajama pants and an orange shirt is playing the guitar on the couch.
Hypothesis: The local bakery is offering a discount on bread for the upcoming holiday season and has introduced a new line of pastries.",,contradiction,0,5,contradiction|contradiction|contradiction|contradiction|contradiction|contradiction,34,[]
"Premise: A group of men and boys look upwards at something.
Hypothesis: A snake eating a mouse.","Premise: A group of men and boys look upwards at something.
Hypothesis: The group of men and boys are all looking upwards in the same direction, witnessing the same scene, because a snake eating a mouse has caught their attention, causing them to gaze upwards together in unison, which is the reason for their unified and startled reaction, as they are all seeing the exact same thing.",,contradiction,2,5,contradiction|contradiction|contradiction|contradiction|contradiction|neutral,25,[]
"Premise: A bearded man jumps in the snow with the ocean in the background and an orange, recumbent bike parked near a road sign.
Hypothesis: A human jumping.","Premise: A bearded man jumps in the snow with the ocean in the background and an orange, recumbent bike parked near a road sign.
Hypothesis: No human is present in the scene.",,neutral,0,0,entailment,40,[]
"Premise: A wet child stands in chest deep ocean water.
Hypothesis: The child s playing on the beach.","Premise: A wet child stands in chest deep ocean water.
Hypothesis: A group of astronauts is preparing for a mission to Mars, and a new species of plant has been discovered in the Amazon rainforest.",,contradiction,0,3,contradiction|contradiction|contradiction|entailment,26,[]
"Premise: A little boy with an orange backpack walks under a tree through the woods.
Hypothesis: A boy walks to school through the woods.","Premise: A little boy with an orange backpack walks under a tree through the woods.
Hypothesis: The little boy with the orange backpack is walking under a tree through the woods, which is a typical route for a boy carrying a backpack, as the backpack likely contains the necessary items for a day at school, thereby confirming that the boy is indeed walking to school through the woods as described.",,contradiction,1,5,contradiction|contradiction|contradiction|contradiction|contradiction|contradiction,32,[]
"Premise: A rugby player swings his leg back to punt the ball.
Hypothesis: The rugby player is tall.","Premise: A rugby player swings his leg back to punt the ball.
Hypothesis: The city's downtown area has a new bakery that offers a wide variety of pastries, and a team of architects is planning to design a new skyscraper nearby, which will have a rooftop garden with a wide range of plants and flowers, including some that are opened to the public on weekends, and this development has been discussed by local residents who enjoy visiting the bakery on weekends to sample new treats.",,contradiction,1,5,contradiction|contradiction|contradiction|contradiction|contradiction|contradiction,26,[]
"Premise: A woman is taking a picture on the shoulders of another woman in cold weather.
Hypothesis: A woman is taking a picture in cold weather.","Premise: A woman is taking a picture on the shoulders of another woman in cold weather.
Hypothesis: There is no woman taking a picture in warm weather.",,neutral,0,1,neutral|contradiction,34,[]
"Premise: A woman in a blue jacket dragging a child on a sled through the snow.
Hypothesis: There is a child on a sled.","Premise: A woman in a blue jacket dragging a child on a sled through the snow.
Hypothesis: There is no child on a sled.",,neutral,0,0,contradiction,32,[]
"Premise: A young girl jumps off her swing in front of building.
Hypothesis: a boy drinks coffee","Premise: A young girl jumps off her swing in front of building.
Hypothesis: After jumping off her swing in front of the building, the same girl is now playing inside it, continuing to have fun as a result of enjoying herself while playing outside on the swing.",,contradiction,2,2,contradiction|contradiction|neutral,24,[]
"Premise: Three girls jumping in front of a house's flower garden.
Hypothesis: The girls are having fun","Premise: Three girls jumping in front of a house's flower garden.
Hypothesis: The house was built in the 19th century and has a unique architectural style.",,contradiction,-1,0,neutral,25,[]
"Premise: A dog is on the beach near a ball.
Hypothesis: A dog is on the beach.","Premise: A dog is on the beach near a ball.
Hypothesis: There is no dog on the beach.",,neutral,0,0,entailment,25,[]
"Premise: A lab dog is standing on a fallen tree trunk with a guy in the background.
Hypothesis: there is a guy carrying his pet with him near fallen tree","Premise: A lab dog is standing on a fallen tree trunk with a guy in the background.
Hypothesis: The city's annual flower festival is featuring a large variety of blooms and is expected to be a popular event with many genres of music represented, and the weather forecast indicates a high chance of sunshine, meanwhile a new bookstore has opened on the outskirts of town with a wide selection of novels and magazines, and researchers are studying the migration patterns of birds in a nearby nature reserve, and a famous chef has introduced a new menu at a restaurant downtown, which includes a wide range of international dishes, and a group of friends are planning a road trip to a nearby beach.",,contradiction,2,5,contradiction|contradiction|contradiction|contradiction|contradiction|contradiction,37,[]
"Premise: A man in a black shirt is about to cross the road while on his cellphone, another man is laying on the ground while a lady in the background watches.
Hypothesis: A child is upset and crying on the ground.","Premise: A man in a black shirt is about to cross the road while on his cellphone, another man is laying on the ground while a lady in the background watches.
Hypothesis: The weather forecast for the upcoming weekend is expected to be sunny, and a new bookstore is opening downtown, featuring a wide selection of novels and a renowned author is scheduled to give a lecture, while a sculpture exhibition is being set up in a nearby park and tourists are looking forward to visiting it.",,contradiction,2,5,contradiction|contradiction|contradiction|contradiction|contradiction|contradiction,50,[]
"Premise: A female bicyclist wearing black, and having four number 9's printed on her limbs on a bike.
Hypothesis: A woman riding a bike.","Premise: A female bicyclist wearing black, and having four number 9's printed on her limbs on a bike.
Hypothesis: The person riding the bike is a man.",,neutral,0,0,contradiction,36,[]
"Premise: A woman plays guitar for tips.
Hypothesis: music can be learn by litsen","Premise: A woman plays guitar for tips.
Hypothesis: The city's transportation system is being upgraded with new buses, while a local restaurant is serving a specialty dish, and a group of tourists are visiting a nearby museum, which has an exhibit on ancient history.",,contradiction,2,5,contradiction|contradiction|contradiction|contradiction|contradiction|contradiction,23,[]
"Premise: Two girls holding bags walking down the sidewalk.
Hypothesis: Two females are holding sacks.","Premise: Two girls holding bags walking down the sidewalk.
Hypothesis: There are no females holding anything as the sidewalk is completely empty.",,neutral,0,0,entailment,23,[]
"Premise: A small dog looking up to his loving owner.
Hypothesis: Some people are shopping.","Premise: A small dog looking up to his loving owner.
Hypothesis: The weather forecast for the coastal region indicates a high chance of scattered thunderstorms, while a new species of plant has been discovered in a remote area of the forest.",,contradiction,2,5,contradiction|contradiction|contradiction|contradiction|contradiction|contradiction,23,[]
"Premise: a ballerina striking a pose in the studio.
Hypothesis: The ballerina is wearing pink.","Premise: a ballerina striking a pose in the studio.
Hypothesis: The ballerina is not a ballerina and therefore cannot be wearing pink.",,neutral,1,1,neutral|contradiction,27,[]
"Premise: a small brown and white dog swimming through the pool next to a man.
Hypothesis: A man teaches his puppy how to swim.","Premise: a small brown and white dog swimming through the pool next to a man.
Hypothesis: A man teaches a small brown and white puppy how to swim, and afterwards, the puppy swims through the pool next to the man.",,contradiction,0,1,contradiction|neutral,32,[]
"Premise: Two girls playing basketball.
Hypothesis: The girl threw the basketball.","Premise: Two girls playing basketball.
Hypothesis: The girl did not throw the basketball, she was actually watching from the sidelines.",,neutral,1,0,contradiction,19,[]
"Premise: A woman taping a paper notice to a board.
Hypothesis: A woman taping a job notice on a bulletin board.","Premise: A woman taping a paper notice to a board.
Hypothesis: The weather forecast for the weekend is expected to be sunny with a high chance of scattered showers in the nearby city, where a woman is taping a paper notice on a board.",,contradiction,1,0,neutral,31,[]
"Premise: a boy in a blue uniform is standing next to a boy in red and a boy in yellow and they are holding baseball gloves.
Hypothesis: Three boys hold baseball gloves.","Premise: a boy in a blue uniform is standing next to a boy in red and a boy in yellow and they are holding baseball gloves.
Hypothesis: No boys are holding baseball gloves.",,neutral,0,0,entailment,40,[]
"Premise: Two people are sitting on a rock looking off into the distance.
Hypothesis: Two people are outdoors.","Premise: Two people are sitting on a rock looking off into the distance.
Hypothesis: The two people are indoors.",,neutral,0,0,entailment,26,[]
"Premise: A young teenage boy in a blue and white striped coat gives a weak smile while walking with four other girls.
Hypothesis: the boy is fifteen","Premise: A young teenage boy in a blue and white striped coat gives a weak smile while walking with four other girls.
Hypothesis: the boy is actually an elderly man in his sixties, which is directly opposite to the initial statement that he is a young teenage boy, making the premise completely false as it would be impossible for him to be fifteen and simultaneously be a senior citizen, thus the statement about his age is false",,neutral,1,4,neutral|neutral|neutral|neutral|contradiction,34,[]
"Premise: A man juggles a flaming staff in the dark.
Hypothesis: A man juggling balls.","Premise: A man juggles a flaming staff in the dark.
Hypothesis: A man is not juggling anything.",,neutral,2,0,entailment,25,[]
"Premise: Two men pouring concrete onto another truck.
Hypothesis: The men are eating lunch","Premise: Two men pouring concrete onto another truck.
Hypothesis: As the two men are pouring concrete onto another truck, they are engaged in an activity that is part of their morning's work, which will necessarily involve the use of two trucks, one of which is being filled as they work.",,contradiction,2,3,contradiction|contradiction|contradiction|neutral,21,[]
"Premise: Two people climb a rock overhanging water.
Hypothesis: The two people are racing each other on the rock.","Premise: Two people climb a rock overhanging water.
Hypothesis: A group of astronomers are studying the planet Mars, and a new species of fish has been discovered in the depths of the ocean.",,contradiction,1,5,contradiction|contradiction|contradiction|contradiction|contradiction|entailment,29,[]
"Premise: A man and woman sitting on the sidewalk.
Hypothesis: The man and woman are sitting.","Premise: A man and woman sitting on the sidewalk.
Hypothesis: The man and woman are standing.",,neutral,0,0,entailment,24,[]
"Premise: A group of Chinese people sitting and laying down together on what appears to be a front porch.
Hypothesis: A group of African American people are eating dinner at KFC.","Premise: A group of Chinese people sitting and laying down together on what appears to be a front porch.
Hypothesis: There are no people sitting or laying down together on the front porch, and it is completely empty.",,entailment,2,1,entailment|neutral,40,[]
"Premise: A young girl with a purple shirt and a pink hair band standing near the woods.
Hypothesis: A little girl is standing outside.","Premise: A young girl with a purple shirt and a pink hair band standing near the woods.
Hypothesis: There is no girl standing outside, and the area has been deserted for years, which directly contradicts the premise that a young girl with a purple shirt and a pink hair band is standing near the woods.",,neutral,0,5,neutral|neutral|neutral|neutral|neutral|neutral,32,[5]
"Premise: A person throws a red toy for a dog to run for.
Hypothesis: A dog is looking for a cat.","Premise: A person throws a red toy for a dog to run for.
Hypothesis: A dog is running to catch the red toy that was thrown for it.",,contradiction,2,0,neutral,29,[]
"Premise: Two men are fixing the side of an old brick building.
Hypothesis: People fixing a building","Premise: Two men are fixing the side of an old brick building.
Hypothesis: The building is being demolished by a wrecking crew.",,neutral,0,0,contradiction,24,[]
"Premise: An Indian woman stands in an outdoor marketplace.
Hypothesis: An Indian woman visits the outdoor bazaar to buy rice.","Premise: An Indian woman stands in an outdoor marketplace.
Hypothesis: Meanwhile, in a separate part of town, a group of architects are designing a new sustainable community center, and they are considering the benefits of incorporating green roofs and solar panels into their design.",,contradiction,1,5,contradiction|contradiction|contradiction|contradiction|contradiction|contradiction,29,[]
"Premise: A statue at a museum that no seems to be looking at.
Hypothesis: Tons of people are gathered around the statue.","Premise: A statue at a museum that no seems to be looking at.
Hypothesis: The city's library is hosting a book club meeting, where members can discuss their favorite novels and enjoy some refreshments.",,contradiction,2,5,contradiction|contradiction|contradiction|contradiction|contradiction|contradiction,31,[]
"Premise: A young boy plays with the contents of a pantry and a cash register, pretending he runs a grocery store.
Hypothesis: A boy is playing with food.","Premise: A young boy plays with the contents of a pantry and a cash register, pretending he runs a grocery store.
Hypothesis: The boy is not playing with anything related to food.",,neutral,-1,0,contradiction,37,[]
"Premise: A child in a jeans jacket and shorts holding up a white dress as another darker-skinned child looks at it.
Hypothesis: a child holds a dress","Premise: A child in a jeans jacket and shorts holding up a white dress as another darker-skinned child looks at it.
Hypothesis: no child holds a dress",,neutral,0,0,entailment,36,[]
"Premise: A dark-haired man wearing a black and white t-shirt eats in a park surrounded by people.
Hypothesis: A man sits in the cafeteria.","Premise: A dark-haired man wearing a black and white t-shirt eats in a park surrounded by people.
Hypothesis: No man sits in the cafeteria.",,entailment,2,0,contradiction,34,[]
"Premise: Two men stand in hula grass skirts stand in the back of a truck at the top of a silver ramp.
Hypothesis: The two men are wearing hula grass skirts.","Premise: Two men stand in hula grass skirts stand in the back of a truck at the top of a silver ramp.
Hypothesis: The two men are not wearing any skirts at all, but are instead dressed in traditional Scottish attire, which contradicts the premise that they are standing in hula grass skirts.",,neutral,0,1,neutral|entailment,41,[]
"Premise: A man wearing a brown shirt and backpack is pushing a stroller while a small toddler is walking along aside him on a rain-covered street.
Hypothesis: The man's shirt is white.","Premise: A man wearing a brown shirt and backpack is pushing a stroller while a small toddler is walking along aside him on a rain-covered street.
Hypothesis: A local bakery is offering a new flavor of cake, and a book club meeting is scheduled to take place at the library on Wednesday.",,contradiction,2,5,contradiction|contradiction|contradiction|contradiction|contradiction|contradiction,43,[]
"Premise: A young man is playing a blue guitar.
Hypothesis: The man is playing the guitar.","Premise: A young man is playing a blue guitar.
Hypothesis: The man is not playing the guitar and has never even held one in his life.",,neutral,0,1,neutral|contradiction,24,[]
"Premise: Five people standing on a stage, getting ready to perform, who are unrecognizable due to the lack of lighting.
Hypothesis: In a dim room, several actors who can barely see each other, are getting ready to act.","Premise: Five people standing on a stage, getting ready to perform, who are unrecognizable due to the lack of lighting.
Hypothesis: In a brightly lit room, several actors who can see each other clearly, are not getting ready to act because the performance has already ended.",,neutral,0,0,entailment,52,[]
"Premise: A man in a black jacket standing beside a green mailbox thoroughly soiled by a group of pigeons that are nearby.
Hypothesis: A man is feeding the birds by a blue mailbox","Premise: A man in a black jacket standing beside a green mailbox thoroughly soiled by a group of pigeons that are nearby.
Hypothesis: The local library is hosting a book club meeting to discuss a new novel, and the nearby park is filled with people enjoying the warm weather, while a group of children are playing tag near the fountain.",,contradiction,-1,5,contradiction|contradiction|contradiction|contradiction|contradiction|contradiction,42,[]
"Premise: A small child dressed for winter stares across a lake while leaning on a mesh fence in a scenic park setting.
Hypothesis: A small child dressed for winter stares across a floating lake while leaning on a mesh fence","Premise: A small child dressed for winter stares across a lake while leaning on a mesh fence in a scenic park setting.
Hypothesis: A small child dressed for summer does not stare across a lake while standing away from a solid fence",,neutral,0,0,contradiction,47,[]
"Premise: Workers wearing orange vests stand near rail tracks.
Hypothesis: Workers wearing orange are about to repair rail tracks.","Premise: Workers wearing orange vests stand near rail tracks.
Hypothesis: Workers wearing orange vests are not near the rail tracks to repair them, but rather for a completely unrelated event.",,neutral,1,0,contradiction,27,[]
"Premise: A kid slides down a yellow slide into a swimming pool.
Hypothesis: The kid is playing at the waterpark.","Premise: A kid slides down a yellow slide into a swimming pool.
Hypothesis: The local library is hosting a book club meeting to discuss a new novel, and the attendees will be served a selection of teas and sandwiches during the event.",,contradiction,1,5,contradiction|contradiction|contradiction|contradiction|contradiction|contradiction,29,[]
"Premise: Bubbles surround a statue in the middle of a street.
Hypothesis: There are bubbles around the statue.","Premise: Bubbles surround a statue in the middle of a street.
Hypothesis: The statue in the middle of the street has no bubbles around it.",,neutral,0,0,contradiction,27,[]
"Premise: A man in a black shirt, in a commercial kitchen, holding up meat he took out of a bag.
Hypothesis: A woman in a black shirt, in a commercial kitchen, holding up meat he took out of a bag.","Premise: A man in a black shirt, in a commercial kitchen, holding up meat he took out of a bag.
Hypothesis: A woman in a white shirt, in a home kitchen, holding up vegetables she took out of a bag, with no man present.",,neutral,2,0,contradiction,52,[]
"Premise: A man wearing a blue shirt and headphones around his neck raises his arm.
Hypothesis: A man is raising his arm.","Premise: A man wearing a blue shirt and headphones around his neck raises his arm.
Hypothesis: The man is not moving and has no arms, which means he cannot raise any arms at all.",,neutral,0,5,neutral|neutral|neutral|neutral|neutral|neutral,30,[]
"Premise: A man in a white striped shirt and blue jeans using a water hose to spray water on the ground of concrete ruins.Fo.
Hypothesis: A man is riding a motorcycle through a grassy field.","Premise: A man in a white striped shirt and blue jeans using a water hose to spray water on the ground of concrete ruins.Fo.
Hypothesis: A man in a white striped shirt and blue jeans is standing near the concrete ruins after using a water hose to spray water on the ground.",,contradiction,2,0,neutral,46,[]
"Premise: A young boy wearing a red shirt and jeans stands in the middle of a field and throws a toy plane in the air.
Hypothesis: A young boy is playing in the field because his mother kicked him out of the house.","Premise: A young boy wearing a red shirt and jeans stands in the middle of a field and throws a toy plane in the air.
Hypothesis: The city's local library is currently undergoing renovations and will soon feature a new section dedicated to astronomy, while a group of researchers are studying the effects of climate change on marine life.",,contradiction,1,5,contradiction|contradiction|contradiction|contradiction|contradiction|contradiction,51,[]
"Premise: A dog standing near snow looking at water.
Hypothesis: The dog is thinking about going to for a swim.","Premise: A dog standing near snow looking at water.
Hypothesis: Meanwhile, in a distant city, a group of architects are designing a new library, and a nearby bookstore is hosting a reading event featuring a local author, while a variety of birds are migrating to a different continent, and the annual pattern of their migration is being studied by a team of researchers.",,contradiction,1,5,contradiction|contradiction|contradiction|contradiction|contradiction|contradiction,28,[]
"Premise: A woman, standing behind a girl, helping the girl with an experiment.
Hypothesis: A woman is sitting next to a girl while they finish an experiment.","Premise: A woman, standing behind a girl, helping the girl with an experiment.
Hypothesis: A woman is sitting alone at a table, having already finished the experiment without any assistance from a girl.",,neutral,-1,0,contradiction,37,[]
"Premise: A man in purple tie is singing.
Hypothesis: A man is talking to others.","Premise: A man in purple tie is singing.
Hypothesis: The man is completely silent and not making any sound.",,neutral,2,0,entailment,23,[]
"Premise: A golfer is getting ready to putt on the green, with a crowd of people watching in the background.
Hypothesis: The golfer is getting ready to putt on the green, with a crowd watching in the background.","Premise: A golfer is getting ready to putt on the green, with a crowd of people watching in the background.
Hypothesis: The golfer is actually walking off the green because the tournament was cancelled due to bad weather, and there is no crowd in sight, which directly contradicts the premise that a crowd of people is watching the golfer get ready to putt on the green.",,neutral,0,3,neutral|neutral|neutral|entailment,50,[]
"Premise: A man in a suit stands on a walkway with is suitcase with a large display in front of him announcing airline flights.
Hypothesis: A man is sitting on a beach in Mexico.","Premise: A man in a suit stands on a walkway with is suitcase with a large display in front of him announcing airline flights.
Hypothesis: A man, who is waiting for his flight as indicated by the display in front of him, stands on a walkway with his suitcase.",,contradiction,2,0,neutral,43,[]
"Premise: A boy hits a tennis ball on a court.
Hypothesis: A boy is hitting a ball.","Premise: A boy hits a tennis ball on a court.
Hypothesis: No boy is hitting a ball on the court at this time.",,neutral,0,1,neutral|entailment,25,[]
"Premise: A bearded man sits near a white van.
Hypothesis: A man waiting for someone near a white van.","Premise: A bearded man sits near a white van.
Hypothesis: The weather forecast for the upcoming weekend is expected to be sunny with a high chance of scattered clouds.",,contradiction,1,1,contradiction|neutral,28,[]
"Premise: Passengers in a rusty yellow car driving down the street.
Hypothesis: An old taxi drives on a street.","Premise: Passengers in a rusty yellow car driving down the street.
Hypothesis: The vehicle, being a rusty yellow car that likely has been in service for many years, drives down the street as an old taxi would, transporting its passengers.",,contradiction,1,1,contradiction|neutral,28,[]
"Premise: a young boy using a field microscope to identify a field specimen during a field trip.
Hypothesis: The boy is on a science field trip.","Premise: a young boy using a field microscope to identify a field specimen during a field trip.
Hypothesis: The city's transportation system is being upgraded to include new bike lanes and pedestrian paths, and the project is expected to be completed by the end of the year.",,contradiction,1,5,contradiction|contradiction|contradiction|contradiction|contradiction|contradiction,34,[]
"Premise: A man and two kids standing in front of an ancient building.
Hypothesis: A man is standing with his sons.","Premise: A man and two kids standing in front of an ancient building.
Hypothesis: The local library is hosting a book fair, and a group of volunteers are setting up stalls to display the latest bestsellers.",,contradiction,1,5,contradiction|contradiction|contradiction|contradiction|contradiction|contradiction,29,[]
"Premise: A child with blond-hair looking out of a screen door.
Hypothesis: A child is being held by his mother at the mall.","Premise: A child with blond-hair looking out of a screen door.
Hypothesis: A child who is looking out of a screen door is indeed a child.",,contradiction,2,0,neutral,33,[]
"Premise: Two people are running in the grass by a hill.
Hypothesis: The people are running outside.","Premise: Two people are running in the grass by a hill.
Hypothesis: The people are running inside.",,neutral,0,0,entailment,25,[]
"Premise: A golden dog bounds across the snow-covered hill.
Hypothesis: A golden dog bounds across the snow-covered land form.","Premise: A golden dog bounds across the snow-covered hill.
Hypothesis: A golden dog stands still on the barren, sandy hill.",,neutral,0,0,contradiction,29,[]
"Premise: Two woman, one wearing a blue striped shirt and the other wearing a flowered shirt, are riding horses.
Hypothesis: Women are outside riding horses.","Premise: Two woman, one wearing a blue striped shirt and the other wearing a flowered shirt, are riding horses.
Hypothesis: The women are indoors watching television.",,neutral,0,0,contradiction,36,[]
"Premise: A short-haired man is jumping while on top of a huge boulder.
Hypothesis: The man is sitting down on the rock.","Premise: A short-haired man is jumping while on top of a huge boulder.
Hypothesis: The man is not on the rock and is sitting down on the ground, which is completely still and not moving, while the premise describes him jumping, an action that is not possible if he is completely still.",,entailment,2,1,entailment|neutral,32,[]
"Premise: A man wearing a blue apron and long rubber boots is dragging a flotation device from a long row of flotation devices.
Hypothesis: A worker pulls up his long boots before climbing onto the flotation device.","Premise: A man wearing a blue apron and long rubber boots is dragging a flotation device from a long row of flotation devices.
Hypothesis: The city's library is hosting a book club, and a group of readers are discussing their favorite novels, while a nearby café is serving a new blend of coffee.",,contradiction,1,5,contradiction|contradiction|contradiction|contradiction|contradiction|contradiction,46,[]
"Premise: 3 people on plain boats smiling towards the camera.
Hypothesis: 3 boating people being attacked by lions.","Premise: 3 people on plain boats smiling towards the camera.
Hypothesis: The fact that 3 people on plain boats are smiling towards the camera indicates they are having a great time while boating, which is why they appear so happy and at ease.",,contradiction,2,2,contradiction|contradiction|neutral,29,[]
"Premise: Bearded black dressed male performer is displaying his skill by swinging a fire line in each hand in arcs.
Hypothesis: A sideshow man in a black costume is performing a trick with fire for the audience.","Premise: Bearded black dressed male performer is displaying his skill by swinging a fire line in each hand in arcs.
Hypothesis: The city's new library has an extensive collection of books on various subjects, including history and science, and is located near a popular coffee shop.",,contradiction,0,5,contradiction|contradiction|contradiction|contradiction|contradiction|contradiction,47,[]
"Premise: A bald man with a white shirt and watch eating food and drinking wine.
Hypothesis: There is a bald man.","Premise: A bald man with a white shirt and watch eating food and drinking wine.
Hypothesis: There is no man in the scene, because the area is completely empty with no signs of human presence, and even if a man was there, he would be wearing a hat and not eating or drinking anything.",,neutral,0,5,neutral|neutral|neutral|neutral|neutral|neutral,29,[]
"Premise: A man is doing a task by a body of water on a farm.
Hypothesis: The man is doing something by the water.","Premise: A man is doing a task by a body of water on a farm.
Hypothesis: The man is not doing anything by the water, and it is completely impossible for him to be doing a task in that location because he is actually doing something in a completely dry and arid desert.",,neutral,0,2,neutral|neutral|entailment,32,[]
"Premise: An older women looking off into the distance with three older women walking towards her from behind.
Hypothesis: An older woman is trying to see a billboard that is far away","Premise: An older women looking off into the distance with three older women walking towards her from behind.
Hypothesis: Meanwhile, in a different part of town, a group of students are preparing for an upcoming exam, and a new bookstore has just opened, offering a wide selection of textbooks and study materials.",,contradiction,1,3,contradiction|contradiction|contradiction|neutral,39,[]
"Premise: Two men fixing a bicycle.
Hypothesis: Two men work on a motorcycle.","Premise: Two men fixing a bicycle.
Hypothesis: The two men are not working on any vehicle.",,entailment,2,0,neutral,21,[]
"Premise: Two belly dancers perform with each other in the streets while passersby look on and watch the display.
Hypothesis: Two dancers are making money","Premise: Two belly dancers perform with each other in the streets while passersby look on and watch the display.
Hypothesis: The city's botanical garden is home to a variety of exotic plants and flowers, and a team of researchers is studying the effects of climate change on local ecosystems.",,contradiction,1,5,contradiction|contradiction|contradiction|contradiction|contradiction|contradiction,34,[]
"Premise: Two gondola operators sit along a road in Italy.
Hypothesis: The gondola operators are in uniform.","Premise: Two gondola operators sit along a road in Italy.
Hypothesis: The gondola operators are not gondola operators and are actually chefs in uniform.",,neutral,1,1,neutral|entailment,29,[]
"Premise: Someone in a white and black polka dot outfit handing out small cartons of orange juice behind caution tape on a street.
Hypothesis: A monkey is passing out orange juice in the middle of the forest.","Premise: Someone in a white and black polka dot outfit handing out small cartons of orange juice behind caution tape on a street.
Hypothesis: Someone in a costume, possibly including a white and black polka dot outfit, is handing out small cartons of orange juice in a setting that could be perceived as unusual, such as behind caution tape on a street.",,contradiction,2,0,neutral,47,[]
"Premise: Men wearing life vests speed across a body of water in an orange boat.
Hypothesis: The men are outside.","Premise: Men wearing life vests speed across a body of water in an orange boat.
Hypothesis: The men are actually not wearing life vests, nor are they in an orange boat, and they have never been speeding across any body of water, but are instead stationary and sealed in a submarine, directly contradicting the premise.",,neutral,0,5,neutral|neutral|neutral|neutral|neutral|neutral,28,[]
"Premise: An old man, likely a blacksmith, is welding a tool, seen by the red hot scorching look of it.
Hypothesis: A farmer is milking the cow.","Premise: An old man, likely a blacksmith, is welding a tool, seen by the red hot scorching look of it.
Hypothesis: The city's new library is hosting a book sale on Saturday, and the annual festival in the nearby town is scheduled for the following weekend.",,contradiction,2,5,contradiction|contradiction|contradiction|contradiction|contradiction|contradiction,42,[]
"Premise: A squirrel stands on its hind legs in the grass at the edge of a road.
Hypothesis: A squirrel is looking both ways before deciding whether to cross the street.","Premise: A squirrel stands on its hind legs in the grass at the edge of a road.
Hypothesis: When a squirrel stands on its hind legs in the grass at the edge of a road, it is quintessentially exhibiting cautious behavior, which logically entails that the squirrel is surveying its surroundings, and as a necessary part of this behavior, the squirrel must be looking both ways before deciding whether to cross the street, as this action is a fundamental aspect of its natural decision-making process in the presence of potential hazards.",,contradiction,-1,5,contradiction|contradiction|contradiction|contradiction|contradiction|contradiction,39,[]
"Premise: The indian's are performing a sacred dance.
Hypothesis: The people are dancing.","Premise: The indian's are performing a sacred dance.
Hypothesis: The people are not performing any dances, but the indian's are performing a sacred dance.",,neutral,0,2,neutral|neutral|entailment,22,[]
"Premise: A boy in red and a girl pink are walking through a low cut field.
Hypothesis: Kids are playing in the field.","Premise: A boy in red and a girl pink are walking through a low cut field.
Hypothesis: Meanwhile, in a different part of the world, a group of chefs are competing in a cooking competition, and a new restaurant is opening its doors to the public, serving a variety of cuisines from around the globe.",,contradiction,1,5,contradiction|contradiction|contradiction|contradiction|contradiction|neutral,31,[]
"Premise: Men wearing painted clothes are standing in the rain.
Hypothesis: Men are getting wet with the rain.","Premise: Men wearing painted clothes are standing in the rain.
Hypothesis: The men are completely dry, and there is no rain at all, which directly contradicts the observation that they are standing in the rain.",,neutral,0,5,neutral|neutral|neutral|neutral|neutral|neutral,26,[]
"Premise: A person dressed in a dress with flowers and a stuffed bee attached to it, is pushing a baby stroller down the street.
Hypothesis: A lady sitting on a bench in the park.","Premise: A person dressed in a dress with flowers and a stuffed bee attached to it, is pushing a baby stroller down the street.
Hypothesis: The lady, who is the person described, continues to push the baby stroller down the street after having briefly sat on a bench to adjust the stuffed bee on her flower dress.",,contradiction,2,1,contradiction|neutral,44,[]
"Premise: Two children re laying on a rug with some wooden bricks laid out in a square between them.
Hypothesis: Two children are playing catch at a park.","Premise: Two children re laying on a rug with some wooden bricks laid out in a square between them.
Hypothesis: Two children are sitting on a rug, building something with wooden bricks laid out in a square between them.",,contradiction,2,0,neutral,36,[]
"Premise: A young middle eastern mother in high heels, holding her young child as he lays his head on her shoulder asleep, is gazing out the window.
Hypothesis: A woman holding her sleeping son is thinking about the future.","Premise: A young middle eastern mother in high heels, holding her young child as he lays his head on her shoulder asleep, is gazing out the window.
Hypothesis: The local botanical garden is home to a variety of plant species and a team of botanists are currently studying the effects of climate change on vegetation patterns.",,contradiction,1,5,contradiction|contradiction|contradiction|contradiction|contradiction|contradiction,50,[]
"Premise: A woman poses for a picture with a child.
Hypothesis: The woman and child take a picture together.","Premise: A woman poses for a picture with a child.
Hypothesis: The woman does not take a picture with anyone, including the child, and is instead photographing a landscape alone.",,neutral,0,1,neutral|entailment,27,[]
"Premise: A young girl chasing a duck with bread in her hands.
Hypothesis: A child is chasing an animal.","Premise: A young girl chasing a duck with bread in her hands.
Hypothesis: The scene is completely devoid of any children or animals.",,neutral,0,0,contradiction,27,[]
"Premise: A man in the bucket of a chery-picker cuts down branches using a chainsaw at the end of a long pole.
Hypothesis: A man is trimming trees.","Premise: A man in the bucket of a chery-picker cuts down branches using a chainsaw at the end of a long pole.
Hypothesis: The weather forecast for the upcoming weekend is expected to be sunny, and a new bookstore is opening on the outskirts of town, which will offer a wide range of literary classics and host book clubs for local readers.",,contradiction,0,5,contradiction|contradiction|contradiction|contradiction|contradiction|contradiction,39,[]
"Premise: Two adults hold either side of a boat at the edge of the water.
Hypothesis: Two people are hiking.","Premise: Two adults hold either side of a boat at the edge of the water.
Hypothesis: No people are near a boat, and two individuals are hiking on a mountain trail.",,neutral,2,0,entailment,28,[]
"Premise: Four women competitively rollerskating around an area.
Hypothesis: four men are rollerskating.","Premise: Four women competitively rollerskating around an area.
Hypothesis: No men are rollerskating.",,entailment,2,0,neutral,26,[]
"Premise: A young boy in a cowboy hat rides a large horse.
Hypothesis: A boy is sleeping.","Premise: A young boy in a cowboy hat rides a large horse.
Hypothesis: The young boy in the cowboy hat is riding the large horse.",,contradiction,2,0,neutral,25,[]
"Premise: Two men are standing in a boat.
Hypothesis: A few men are fishing on a boat.","Premise: Two men are standing in a boat.
Hypothesis: No men are on a boat because the boat is currently empty and has been docked on land for several months.",,neutral,1,2,neutral|neutral|contradiction,25,[]
"Premise: Two young boys are playing in a fountain in a city plaza.
Hypothesis: Kids are are standing in a fountain.","Premise: Two young boys are playing in a fountain in a city plaza.
Hypothesis: There are no kids standing in the fountain.",,neutral,0,0,contradiction,29,[]
"Premise: Military personnel are shopping
Hypothesis: Military personnel are in the mall.","Premise: Military personnel are shopping
Hypothesis: Military personnel are not allowed to shop anywhere, including the mall, because they are on a secret mission.",,neutral,1,1,neutral|contradiction,20,[]
"Premise: An older women looking off into the distance with three older women walking towards her from behind.
Hypothesis: 4 older woman are walking","Premise: An older women looking off into the distance with three older women walking towards her from behind.
Hypothesis: There are no women in the scene, and certainly no one is walking towards anyone, as the area is completely empty and devoid of any individuals.",,neutral,0,5,neutral|neutral|neutral|neutral|neutral|neutral,32,[]
"Premise: A man wearing a wife-beater sings into a microphone as a blue light shines on him.
Hypothesis: A naked man drinks a soda in the dark.","Premise: A man wearing a wife-beater sings into a microphone as a blue light shines on him.
Hypothesis: The town's library is hosting a book reading event, where a local author is discussing their latest novel, and the audience is enjoying refreshments while browsing through the shelves filled with a wide variety of literary works, including books about the history of the town and its famous landmarks that attract many tourists, is a place where people can learn something new, and the town is also home to many other cultural institutions.",,contradiction,2,5,contradiction|contradiction|contradiction|contradiction|contradiction|contradiction,37,[]
"Premise: A lady is helping another woman work in a silver compartment, which is most likely related to nurse-work.
Hypothesis: A lady is sleeping on a couch","Premise: A lady is helping another woman work in a silver compartment, which is most likely related to nurse-work.
Hypothesis: The city's new park is a popular spot for walking dogs and features a large pond with a variety of water lilies.",,contradiction,2,5,contradiction|contradiction|contradiction|contradiction|contradiction|contradiction,36,[]
"Premise: Men sitting at a table in a church.
Hypothesis: The men pray at the alters.","Premise: Men sitting at a table in a church.
Hypothesis: The city's library is hosting a book fair, and a new café has opened nearby, offering a variety of coffee and pastries to visitors, while the city council is discussing plans to improve the park's playground equipment and the local zoo has announced the arrival of a new species of monkeys.",,contradiction,2,5,contradiction|contradiction|contradiction|contradiction|contradiction|contradiction,24,[]
"Premise: A young girl with a white long-sleeved shirt on helps a young boy brown long-sleeved shirt on with tying his shoelaces.
Hypothesis: A girl helps a boy tie his shoes","Premise: A young girl with a white long-sleeved shirt on helps a young boy brown long-sleeved shirt on with tying his shoelaces.
Hypothesis: The girl deliberately refuses to assist the boy and walks away without even looking at him, let alone helping him tie his shoes, because she is angry with him for taking her shoes without permission.",,neutral,0,1,neutral|contradiction,46,[]
"Premise: A dark-skinned person, crouched while painting a sign.
Hypothesis: A black man is painting a protest sign.","Premise: A dark-skinned person, crouched while painting a sign.
Hypothesis: A white woman is painting a welcome sign.",,neutral,1,0,contradiction,31,[]
"Premise: Six men in airport standing on moving walkway
Hypothesis: There is a group of people at the airport.","Premise: Six men in airport standing on moving walkway
Hypothesis: There is no airport and therefore it is completely impossible for anyone to be at the airport.",,neutral,0,2,neutral|neutral|contradiction,28,[]
"Premise: A young man with glasses and his companion are attempting to do laundry in a public place.
Hypothesis: A tall person with glasses","Premise: A young man with glasses and his companion are attempting to do laundry in a public place.
Hypothesis: The local library has a new section dedicated to astronomy and is hosting a lecture on the recent discoveries in the field of space exploration, which is expected to be attended by many students from the nearby university.",,contradiction,1,5,contradiction|contradiction|contradiction|contradiction|contradiction|contradiction,31,[]
"Premise: Man on phone in business suit walking down a busy street.
Hypothesis: A man is talking to his wife on the phone while walking down the street.","Premise: Man on phone in business suit walking down a busy street.
Hypothesis: The local library is hosting a book sale, and a nearby restaurant is serving a special dish made with locally sourced ingredients, meanwhile a group of artists are preparing for an exhibition featuring paintings of landscapes from different parts of the country.",,contradiction,1,5,contradiction|contradiction|contradiction|contradiction|contradiction|contradiction,36,[]
"Premise: A person is walking a bicycle down a city street.
Hypothesis: The bike has a flat tire.","Premise: A person is walking a bicycle down a city street.
Hypothesis: The city's mayor is attending a conference in another country, and the weather forecast predicts a gentle rain for the upcoming weekend.",,contradiction,1,5,contradiction|contradiction|contradiction|contradiction|contradiction|contradiction,26,[]
"Premise: An older woman is holding a small child.
Hypothesis: a woman holding a child","Premise: An older woman is holding a small child.
Hypothesis: the woman is not holding a child",,neutral,0,0,entailment,22,[]
"Premise: A woman plays guitar for tips.
Hypothesis: there is no way one can learn music","Premise: A woman plays guitar for tips.
Hypothesis: The local library is hosting a photography exhibition, and a new species of flower has been discovered in the nearby botanical garden.",,contradiction,2,5,contradiction|contradiction|contradiction|contradiction|contradiction|contradiction,23,[]
"Premise: A man and a woman sitting down laughing.
Hypothesis: The man and woman are mad at each other.","Premise: A man and a woman sitting down laughing.
Hypothesis: The man and woman are sworn enemies who have never met and are currently residing in different countries, which is why it is impossible for them to be sitting down together laughing as depicted, let alone be in the same room at the same time, and in fact, the woman has been dead for years, making their depicted interaction utterly impossible, and furthermore, the man has been alone on a deserted island for decades, with no human interaction whatsoever.",,neutral,2,5,neutral|neutral|neutral|neutral|neutral|neutral,27,[]
"Premise: Family sitting down in a field of grass while others walk by.
Hypothesis: No one is sitting in the field of grass.","Premise: Family sitting down in a field of grass while others walk by.
Hypothesis: Everyone is sitting in the field of grass.",,entailment,2,0,contradiction,31,[]
"Premise: A man and woman look through CD's at a street vendor.
Hypothesis: A man and women taking a break","Premise: A man and woman look through CD's at a street vendor.
Hypothesis: The man and woman are not together, but instead, the woman is alone at the movies, and the man is at home, not looking at CD's, because the street vendor is not selling CD's, but rather selling books, and the woman does not even own a CD.",,neutral,1,2,neutral|neutral|entailment,28,[]
"Premise: A woman swings on a rope overlooking a red farmhouse and gated pastures and tall trees.
Hypothesis: the woman cooked a apple pie","Premise: A woman swings on a rope overlooking a red farmhouse and gated pastures and tall trees.
Hypothesis: the woman, who is currently swinging on the rope overlooking the red farmhouse, is taking a break from picking apples in the nearby orchard, which she will later use to cook a delicious apple pie, and her activity on the rope is a testament to her energy and enthusiasm for the task at hand, which is a direct result of living in the red farmhouse and utilizing its gated pastures and tall trees to create an ideal environment for her apple orchard, thereby establishing a clear connection between her actions and the creation of the pie that is, and will be, a direct product of her efforts and the farmhouse's resources.",,contradiction,2,4,contradiction|contradiction|contradiction|contradiction|neutral,32,[]
"Premise: A lady digs through a garbage can looking to add to the shopping cart beside her.
Hypothesis: Lady is searching for food in garbage","Premise: A lady digs through a garbage can looking to add to the shopping cart beside her.
Hypothesis: The city's botanical garden is home to a variety of plant species and a small pond with fish.",,contradiction,1,5,contradiction|contradiction|contradiction|contradiction|contradiction|contradiction,32,[]
"Premise: A wet black lab with a red collar is standing in the water.
Hypothesis: A wet dog is outside.","Premise: A wet black lab with a red collar is standing in the water.
Hypothesis: The dog is dry and inside.",,neutral,0,0,entailment,28,[]
"Premise: A crowd of people is looking at something outside of a Gap store.
Hypothesis: People are looking outside","Premise: A crowd of people is looking at something outside of a Gap store.
Hypothesis: Meanwhile, a group of botanists are studying the effects of climate change on plant species in a nearby greenhouse, and they are carefully observing the growth patterns of their latest experiment.",,contradiction,0,5,contradiction|contradiction|contradiction|contradiction|contradiction|contradiction,26,[]
"Premise: A older man with gray hair wearing a gray suit next to a green and yellow taxi.
Hypothesis: A older woman sits in a green and yellow taxi.","Premise: A older man with gray hair wearing a gray suit next to a green and yellow taxi.
Hypothesis: An older man with gray hair wearing a gray suit stands next to a green and yellow taxi in which an older woman sits.",,contradiction,2,0,neutral,37,[]
"Premise: people are standing near water with a boat heading their direction
Hypothesis: People are standing near water with a large blue boat heading their direction.","Premise: people are standing near water with a boat heading their direction
Hypothesis: The city's library is hosting a book fair, and a new author is now visiting to discuss their latest novel, which explores the life of a community in a different part of the world, featuring a renowned historian who will give a lecture on a topic unrelated to boats or water activities, and the event will take place in a concert hall with a beautiful garden.",,contradiction,1,5,contradiction|contradiction|contradiction|contradiction|contradiction|contradiction,34,[]
"Premise: Five boys in blue shirts drawing at a table.
Hypothesis: The boys are wearing red shirts.","Premise: Five boys in blue shirts drawing at a table.
Hypothesis: The boys are definitely not wearing blue shirts, they are wearing red shirts.",,entailment,2,0,neutral,25,[]
"Premise: A man in glasses and an orange shirt is sitting outside next to a table with drinks on it.
Hypothesis: A woman sits on a table","Premise: A man in glasses and an orange shirt is sitting outside next to a table with drinks on it.
Hypothesis: The local library is hosting a book reading event, and a new author is expected to give a lecture on their latest novel, which is set in a historical context unrelated to outdoor activities or social gatherings.",,contradiction,2,5,contradiction|contradiction|contradiction|contradiction|contradiction|contradiction,34,[]
"Premise: An elderly man talking to a young boy by a table of produce.
Hypothesis: the boy was listening","Premise: An elderly man talking to a young boy by a table of produce.
Hypothesis: The city's transportation department announced plans to improve the public bus system, which will include new routes and schedules, and is expected to be completed by the summer, meanwhile a new coffee shop opened downtown.",,contradiction,1,5,contradiction|contradiction|contradiction|contradiction|contradiction|contradiction,26,[]
"Premise: A man takes a drink in the doorway of a home.
Hypothesis: A man is looking out onto his front lawn from the doorway of his home.","Premise: A man takes a drink in the doorway of a home.
Hypothesis: The city's museum is hosting an exhibition on the history of photography, and the curator is busy preparing for the opening night, which will feature a collection of rare cameras and photographs from around the world.",,contradiction,1,5,contradiction|contradiction|contradiction|contradiction|contradiction|contradiction,36,[]
"Premise: Two dogs run together near the leaves.
Hypothesis: The two dogs are running to play in the leaves.","Premise: Two dogs run together near the leaves.
Hypothesis: The city's botanical garden is home to a wide variety of plant species, and a team of botanists are working to catalog the different types of flowers, while a group of artists are in the garden, painting the scenery, and the sound of gentle music is filling the air.",,contradiction,1,5,contradiction|contradiction|contradiction|contradiction|contradiction|contradiction,27,[]
"Premise: Man jumping over a rusty fence on a blue bicycle.
Hypothesis: The man attending a meeting in his office.","Premise: Man jumping over a rusty fence on a blue bicycle.
Hypothesis: The man was indeed the individual jumping over a rusty fence on his blue bicycle, an action that occurred daily as he commuted to his office, where his workday would officially begin after navigating such obstacles.",,contradiction,2,5,contradiction|contradiction|contradiction|contradiction|contradiction|neutral,28,[]
"Premise: A man is sitting on the floor and is surrounded by pictures.
Hypothesis: A man sitting on the floor with photographs around him.","Premise: A man is sitting on the floor and is surrounded by pictures.
Hypothesis: There is no man in the room, it is empty, and no one is sitting on the floor because the floor is made of water.",,neutral,0,1,neutral|contradiction,32,[]
"Premise: A man with no shirt on is holding a football.
Hypothesis: A man rolls on the ground on fire.","Premise: A man with no shirt on is holding a football.
Hypothesis: The man is fully clothed and has no interest in football.",,entailment,2,0,neutral,28,[]
"Premise: Fireworks light up the night as a man stands on stage.
Hypothesis: The fireworks were shot into the sky.","Premise: Fireworks light up the night as a man stands on stage.
Hypothesis: It was a completely dark and silent night with no fireworks in sight, and not a single firework was launched or lit, which remained the case for the entire duration.",,neutral,0,2,neutral|neutral|contradiction,29,[]
"Premise: A woman teaching a ballet class composed of small children holding colourful scarves.
Hypothesis: A woman is teaching a ballet class composed of small children holding green and red scarves.","Premise: A woman teaching a ballet class composed of small children holding colourful scarves.
Hypothesis: A woman is teaching a ballet class composed of adult men holding no scarves.",,neutral,1,0,contradiction,41,[]
"Premise: A group of adults stands in the bathroom looking down a small child in the bath.
Hypothesis: The child is sleeping.","Premise: A group of adults stands in the bathroom looking down a small child in the bath.
Hypothesis: The child is currently outside playing with rubber ducks, which is entirely opposite to the scene, and in fact, there are no adults in the bathroom, the bathroom is completely empty, and no child has ever been in the bath, thereby contradicting the premise entirely.",,neutral,2,5,neutral|neutral|neutral|neutral|neutral|neutral,30,[]
"Premise: A smiling woman and man are seated in front of a microphone in a music studio.
Hypothesis: the woman is happy.","Premise: A smiling woman and man are seated in front of a microphone in a music studio.
Hypothesis: The local library has an extensive collection of books on astronomy and will be hosting a lecture on planetary science next month, featuring a guest speaker from a nearby university.",,contradiction,1,5,contradiction|contradiction|contradiction|contradiction|contradiction|contradiction,30,[]
"Premise: Two workers, one in a ditch and one standing on the ground, are working in front of a house.
Hypothesis: The workers are working infront of the house","Premise: Two workers, one in a ditch and one standing on the ground, are working in front of a house.
Hypothesis: The workers are not working in front of the house",,neutral,0,0,contradiction,39,[]
"Premise: Young boy smiles at the camera from the tire swing.
Hypothesis: He is barefoot.","Premise: Young boy smiles at the camera from the tire swing.
Hypothesis: He is wearing shoes because his feet are not visible and it's clearly evident that he has them on.",,neutral,1,2,neutral|neutral|contradiction,24,[]
"Premise: A woman in a green suit walking towards an escalator.
Hypothesis: A woman is walking to the escalator at a sporting event.","Premise: A woman in a green suit walking towards an escalator.
Hypothesis: The local farmer's market has introduced a new system for tracking inventory, and a nearby park is scheduled to undergo landscaping, meanwhile a group of friends are planning a road trip to the mountains.",,contradiction,1,5,contradiction|contradiction|contradiction|contradiction|contradiction|contradiction,33,[]
"Premise: Three people are outside.
Hypothesis: Three people enjoying the great outdoors.","Premise: Three people are outside.
Hypothesis: However, the three people are actually stuck inside due to bad weather.",,neutral,1,0,entailment,20,[]
"Premise: A soldier using binoculars in a desert.
Hypothesis: A soldier using binoculars outside in the heat.","Premise: A soldier using binoculars in a desert.
Hypothesis: The city's library is hosting a book fair and a new restaurant just opened downtown, serving a variety of international cuisines.",,contradiction,0,5,contradiction|contradiction|contradiction|contradiction|contradiction|contradiction,29,[]
"Premise: Three bridesmaids in blue dresses hold the train of a bride's wedding dress.
Hypothesis: The bridesmaids are assisting the bride.","Premise: Three bridesmaids in blue dresses hold the train of a bride's wedding dress.
Hypothesis: The bridesmaids are not holding the train of the bride's wedding dress, but instead are deliberately trying to rip it apart, which is the opposite of what the premise describes as they carefully hold it.",,neutral,0,2,neutral|neutral|entailment,32,[]
"Premise: A man in colorful shorts is surfing under a wave.
Hypothesis: A man is sunbathing.","Premise: A man in colorful shorts is surfing under a wave.
Hypothesis: The city's botanical garden is home to a wide variety of plant species and offers a peaceful space for nature lovers, meanwhile a local bakery is famous for its delicious pastries.",,contradiction,2,5,contradiction|contradiction|contradiction|contradiction|contradiction|contradiction,26,[]
"Premise: The cyclist rides on a wooded path.
Hypothesis: The cyclist rides quickly alone on a wooded path","Premise: The cyclist rides on a wooded path.
Hypothesis: The local library is hosting a book fair, featuring many authors and a special exhibit, while a separate group of volunteers are planning a community clean-up event, and the town's residents are looking forward to a festival.",,contradiction,1,5,contradiction|contradiction|contradiction|contradiction|contradiction|contradiction,25,[]
"Premise: A boy wearing jeans, standing on rocks in a river and throwing a stone.
Hypothesis: A boy with no shirt on throws rocks.","Premise: A boy wearing jeans, standing on rocks in a river and throwing a stone.
Hypothesis: A boy wearing a shirt throws no rocks.",,neutral,1,0,entailment,33,[]
"Premise: A man in a suit cheering in a library in front of children.
Hypothesis: A lawyer is encouraging some children at a contest.","Premise: A man in a suit cheering in a library in front of children.
Hypothesis: At the time in question, the man in the suit was actually at home, directly opposite to being in the library, and the library was silent with no children present, which directly contradicts the fact that he was cheering in the library in front of children.",,entailment,1,5,entailment|entailment|entailment|entailment|entailment|neutral,32,[4]
"Premise: A female runner dressed in blue athletic wear is running in a competition, while spectators line the street.
Hypothesis: There are children in the streets.","Premise: A female runner dressed in blue athletic wear is running in a competition, while spectators line the street.
Hypothesis: The streets are completely empty of people, including children, due to the event being held in a restricted, athlete-only area.",,neutral,2,0,contradiction,35,[]
"Premise: a green and white trolley car with an advertisement of coffee on the side and front of it in a city.
Hypothesis: A taxi cab with two women in the backseat talking on their cellphones.","Premise: a green and white trolley car with an advertisement of coffee on the side and front of it in a city.
Hypothesis: The green and white trolley car, which has an advertisement of coffee on its side and front, is being ridden by two women who are sitting in the backseat and talking on their cellphones as they travel through the city.",,contradiction,2,2,contradiction|contradiction|neutral,47,[]
"Premise: Two men stand in the road, it almost appears to be some sort of movie set on a sunny day in California.
Hypothesis: Everybody is sitting","Premise: Two men stand in the road, it almost appears to be some sort of movie set on a sunny day in California.
Hypothesis: The local library is hosting a book sale, and the event has attracted a large crowd of people from various parts of the city, including a group of students who are looking for rare volumes on history and literature.",,contradiction,2,5,contradiction|contradiction|contradiction|contradiction|contradiction|contradiction,35,[]
"Premise: A woman in red blouse is standing with small blond child in front of a small folding chalkboard.
Hypothesis: a woman stands with her child","Premise: A woman in red blouse is standing with small blond child in front of a small folding chalkboard.
Hypothesis: The local park is planning to install new benches, and the city's botanical garden is expected to feature a variety of flowers on display.",,contradiction,1,5,contradiction|contradiction|contradiction|contradiction|contradiction|contradiction,34,[]
"Premise: Six women wait to use a port-o-john in a field.
Hypothesis: Friends are meeting for coffee.","Premise: Six women wait to use a port-o-john in a field.
Hypothesis: The city's transportation department is considering a new bus route, and a team of engineers is studying traffic patterns in a nearby metropolitan area, where a popular restaurant serves a variety of international dishes.",,contradiction,2,5,contradiction|contradiction|contradiction|contradiction|contradiction|contradiction,28,[]
"Premise: While one man, in the white cap, is golfing, three other men are in the middle of a conversation.
Hypothesis: Four guys go bowling at the lanes.","Premise: While one man, in the white cap, is golfing, three other men are in the middle of a conversation.
Hypothesis: The city's museum is home to a wide variety of ancient artifacts, while a nearby bakery is famous for its delicious pastries and a group of tourists are exploring the city's map to find the best restaurants.",,contradiction,2,5,contradiction|contradiction|contradiction|contradiction|contradiction|contradiction,40,[]
"Premise: Two dogs are running next to each other on a grassy hill.
Hypothesis: The dogs are eating their food indoors.","Premise: Two dogs are running next to each other on a grassy hill.
Hypothesis: The dogs are not running next to each other on a grassy hill.",,entailment,2,0,neutral,30,[]
"Premise: Two men stand on stairs with an assortment of chairs and a woven basket in the foreground.
Hypothesis: The basket is woven.","Premise: Two men stand on stairs with an assortment of chairs and a woven basket in the foreground.
Hypothesis: The basket is made of solid plastic and has no woven parts.",,neutral,0,0,entailment,31,[]
"Premise: A child doing gymnastics
Hypothesis: The child is eating lunch at the park.","Premise: A child doing gymnastics
Hypothesis: The park ranger is planning a gardening project nearby.",,contradiction,2,0,neutral,23,[]
"Premise: A man drops something, reaching for it while a woman in a beige blazer discusses an important topic.
Hypothesis: A man brushes his teeth in front of a mirror.","Premise: A man drops something, reaching for it while a woman in a beige blazer discusses an important topic.
Hypothesis: The city's public library has a vast collection of books and is hosting a book fair next month, featuring authors from around the world.",,contradiction,2,5,contradiction|contradiction|contradiction|contradiction|contradiction|contradiction,40,[]
"Premise: A woman in a spaghetti strap tank wearing a flower in her hair is staring towards the right.
Hypothesis: The woman is sleeping on a pillow.","Premise: A woman in a spaghetti strap tank wearing a flower in her hair is staring towards the right.
Hypothesis: The local library is hosting a book sale, and a nearby café is offering a discount on coffee drinks.",,contradiction,2,5,contradiction|contradiction|contradiction|contradiction|contradiction|contradiction,35,[]
"Premise: A man holds two children in his arms.
Hypothesis: A man poses for a photograph with his two grandchildren.","Premise: A man holds two children in his arms.
Hypothesis: The city's museum is currently closed for renovations and will reopen next month with a new collection of artifacts, while a variety of food trucks will be showcased in the city's central square, offering a range of international cuisine to visitors, as part of the annual street food festival.",,contradiction,1,5,contradiction|contradiction|contradiction|contradiction|contradiction|contradiction,28,[]
"Premise: Three workers, with life vests and hard hats, on a boat hanging from cables over water.
Hypothesis: Three people are on a boat.","Premise: Three workers, with life vests and hard hats, on a boat hanging from cables over water.
Hypothesis: There are no workers on the boat, and it is completely empty, which directly contradicts the premise that three workers are present.",,neutral,0,5,neutral|neutral|neutral|neutral|neutral|neutral,34,[]
"Premise: A man playing the guitar while smoking a cigarette.
Hypothesis: The man is also playing the drums","Premise: A man playing the guitar while smoking a cigarette.
Hypothesis: The man is playing a musical instrument, which is the guitar he is holding and playing",,contradiction,2,2,contradiction|contradiction|neutral,25,[]
"Premise: A older man with gray hair wearing a gray suit next to a green and yellow taxi.
Hypothesis: A older man with gray hair wearing a gray suit.","Premise: A older man with gray hair wearing a gray suit next to a green and yellow taxi.
Hypothesis: The city library has an extensive collection of books on various subjects, including history and science, which are often borrowed by students and researchers.",,contradiction,0,5,contradiction|contradiction|contradiction|contradiction|contradiction|contradiction,37,[]
"Premise: Two people walk up to a brick building with a colorful mural on its side.
Hypothesis: Two people walking toward a brick building with a colorful mural outside.","Premise: Two people walk up to a brick building with a colorful mural on its side.
Hypothesis: No people are walking toward a building, and the one nearby is made of wood with no mural outside.",,neutral,0,1,neutral|entailment,37,[]
"Premise: A dog hides in the tall grasses along a rocky shore
Hypothesis: The dog is outdoors.","Premise: A dog hides in the tall grasses along a rocky shore
Hypothesis: The dog is indoors.",,neutral,0,0,entailment,26,[]
"Premise: A young girl wearing yellow shorts and a white tank top using a cane pole to fish at a small pond.
Hypothesis: A girl in shorts is fishing in a pond.","Premise: A young girl wearing yellow shorts and a white tank top using a cane pole to fish at a small pond.
Hypothesis: Meanwhile, a local bakery is offering a discount on their famous chocolate cake, and the weather forecast predicts a light drizzle for the upcoming weekend.",,contradiction,0,5,contradiction|contradiction|contradiction|contradiction|contradiction|contradiction,40,[]
"Premise: The collie is standing outdoors on a sandy area.
Hypothesis: The collie is standing in the sand.","Premise: The collie is standing outdoors on a sandy area.
Hypothesis: The collie is not standing on any surface, including sand, because it is actually floating in the air.",,neutral,0,2,neutral|neutral|contradiction,28,[]
"Premise: The red motocross bike and its rider are airborne above the trees.
Hypothesis: A rider is riding his motocross bike.","Premise: The red motocross bike and its rider are airborne above the trees.
Hypothesis: The rider is standing still on the ground, not riding any vehicle.",,neutral,0,0,entailment,33,[]
"Premise: Children at daycare playing on rings, and poles, one parent standing and holding her child and one teacher is sitting on the bench watching the others play.
Hypothesis: Children are enjoying their time at the park on a field trip.","Premise: Children at daycare playing on rings, and poles, one parent standing and holding her child and one teacher is sitting on the bench watching the others play.
Hypothesis: The nearby library is hosting a book sale, and the event organizer is expecting a large turnout from the community, with many people looking forward to discovering new authors and titles.",,contradiction,-1,5,contradiction|contradiction|contradiction|contradiction|contradiction|contradiction,51,[]
"Premise: Man in blue shirt yells and points off-camera while a man in a blue shirt and baseball cap watches.
Hypothesis: He is yelling at his son.","Premise: Man in blue shirt yells and points off-camera while a man in a blue shirt and baseball cap watches.
Hypothesis: The weather forecast for the weekend is expected to be mostly sunny with a high chance of scattered showers.",,contradiction,1,0,neutral,37,[]
"Premise: A woman poses with sunglasses shaped like dollar signs and a silver suitcase labelled ""LUCKY"" full of bills.
Hypothesis: A woman is posing for a photograph.","Premise: A woman poses with sunglasses shaped like dollar signs and a silver suitcase labelled ""LUCKY"" full of bills.
Hypothesis: The local library is hosting a book sale, and many people are expected to attend to browse through the various shelves and purchase books on different subjects, including history and science.",,contradiction,0,5,contradiction|contradiction|contradiction|contradiction|contradiction|contradiction,39,[]
"Premise: Two kids running past a dinosaur in the woods.
Hypothesis: Some children in the forest pass by a plastic triceratops.","Premise: Two kids running past a dinosaur in the woods.
Hypothesis: There are no children in the forest and the dinosaur is a real, living creature, not a plastic triceratops.",,neutral,1,0,entailment,32,[]
"Premise: a brown dog with a yellow toy in his mouth is jumping off the grassy ground
Hypothesis: The black dog has a red toy.","Premise: a brown dog with a yellow toy in his mouth is jumping off the grassy ground
Hypothesis: As the brown dog jumps off the grassy ground, it has the yellow toy in its mouth.",,neutral,2,5,neutral|neutral|neutral|neutral|neutral|neutral,34,[]
"Premise: Two young musicians play from a stage.
Hypothesis: The stage is empty","Premise: Two young musicians play from a stage.
Hypothesis: A local library is hosting a book club meeting to discuss their latest novel, and the attendees are enjoying refreshments while engaged in a lively conversation about the author's use of historical settings, and meanwhile, a group of chefs are preparing for a cooking competition in a different part of town.",,contradiction,2,5,contradiction|contradiction|contradiction|contradiction|contradiction|contradiction,20,[]
"Premise: a skier is throwing up snow as he skis off piste.
Hypothesis: A snowboarder takes a nap on the course.","Premise: a skier is throwing up snow as he skis off piste.
Hypothesis: The skier is throwing up snow as he skis off piste, and there is no snowboarder anywhere on the course.",,entailment,2,0,contradiction,34,[]
"Premise: A large African American man sitting on a camping chair.
Hypothesis: the large black man is running a race","Premise: A large African American man sitting on a camping chair.
Hypothesis: The local library is hosting a book club meeting to discuss a new novel, and the attendees are looking forward to a presentation by a visiting author, who will be talking about the writing process and sharing tips for aspiring writers, while a nearby bakery is offering a special promotion on freshly baked bread, and the owner is trying to perfect a new recipe for a traditional dessert that is often enjoyed during holidays.",,contradiction,2,5,contradiction|contradiction|contradiction|contradiction|contradiction|contradiction,27,[]
"Premise: In front of a brick house with a straw roof and some figures, three children stand, two of them holding squares of blackboard.
Hypothesis: The children are outdoors","Premise: In front of a brick house with a straw roof and some figures, three children stand, two of them holding squares of blackboard.
Hypothesis: The children are indoors and the scene is set in a location that has no houses or structures, let alone a brick house with a straw roof, and the children are not standing in front of anything.",,neutral,0,1,neutral|entailment,39,[]
"Premise: Everyone on the street in the city seem to be busy doing their own thing.
Hypothesis: The people are watching what is happening.","Premise: Everyone on the street in the city seem to be busy doing their own thing.
Hypothesis: The weather forecast is calling for a light drizzle in the suburbs, and a local bakery is offering a discount on their freshly baked bread.",,contradiction,2,5,contradiction|contradiction|contradiction|contradiction|contradiction|contradiction,32,[]
"Premise: A little blond boy is playing doctor with red, blue, and yellow toy gear.
Hypothesis: Boy pretending to be a doctor.","Premise: A little blond boy is playing doctor with red, blue, and yellow toy gear.
Hypothesis: The local bakery is offering a discount on their famous chocolate cake, and a new species of plant was discovered in a remote region of the Amazon rainforest.",,contradiction,0,5,contradiction|contradiction|contradiction|contradiction|contradiction|contradiction,32,[]
"Premise: A man is laid back in front of a tv.
Hypothesis: he is watching the news","Premise: A man is laid back in front of a tv.
Hypothesis: he is asleep",,neutral,1,0,contradiction,24,[]
"Premise: Young person in black next to an older person in black and white polka dot.
Hypothesis: A young person is standing next to a relative.","Premise: Young person in black next to an older person in black and white polka dot.
Hypothesis: The young person is standing next to a stranger they have never met before.",,neutral,1,0,contradiction,35,[]
"Premise: A photographer is using a tripod to take a picture of a sunset.
Hypothesis: The photographer is holding the camera in his hands.","Premise: A photographer is using a tripod to take a picture of a sunset.
Hypothesis: The local mayor is planning a city-wide festival, and a new community center is being built to offer various recreational activities, including a swimming pool and a gym.",,contradiction,2,5,contradiction|contradiction|contradiction|contradiction|contradiction|contradiction,32,[]
"Premise: A group of people are in a rowboat in the ocean surrounded by seagulls.
Hypothesis: A group of people are rowing towards some islands while one of them fishes.","Premise: A group of people are in a rowboat in the ocean surrounded by seagulls.
Hypothesis: Meanwhile, in a different part of the world, a scientist is studying the migration patterns of monarch butterflies, and a new species of plant has been discovered in the Amazon rainforest, which has the potential to produce a variety of medicinal products.",,contradiction,1,5,contradiction|contradiction|contradiction|contradiction|contradiction|contradiction,42,[]
"Premise: A woman sitting in an office.
Hypothesis: A women outside","Premise: A woman sitting in an office.
Hypothesis: The city's new park has a playground and a separate area for walking dogs.",,contradiction,2,1,contradiction|entailment,18,[]
"Premise: 2 women and 2 girls crossing the road
Hypothesis: A group of girls and women are laughing as they cross the road.","Premise: 2 women and 2 girls crossing the road
Hypothesis: There are no girls or women crossing the road, as the road is empty and silent.",,neutral,1,1,neutral|entailment,33,[]
"Premise: Two construction workers climbing the steel ribbed exterior of a new building at their work site.
Hypothesis: Two workers are climbing a building.","Premise: Two construction workers climbing the steel ribbed exterior of a new building at their work site.
Hypothesis: No workers are climbing a building.",,neutral,0,0,contradiction,33,[]
"Premise: A white dog with brown spots running on a dirt path
Hypothesis: A dog runs on a path.","Premise: A white dog with brown spots running on a dirt path
Hypothesis: No dog is running on the path.",,neutral,0,0,contradiction,27,[]
"Premise: A man in a khaki jacket and ball cap walks down the street.
Hypothesis: The man is walking to the supermarket.","Premise: A man in a khaki jacket and ball cap walks down the street.
Hypothesis: The man, who is wearing a khaki jacket and ball cap, is walking down the street to the supermarket in order to purchase groceries, as evidenced by the direction he is heading and the fact that he is not carrying any items, indicating he is on his way to collect them.",,contradiction,1,2,contradiction|contradiction|neutral,31,[]
"Premise: A young woman dressed up semi-formally is reading book and drinking in the sun, seated on a bench.
Hypothesis: A young woman is running through the waves.","Premise: A young woman dressed up semi-formally is reading book and drinking in the sun, seated on a bench.
Hypothesis: A young woman seated on a bench is reading a book and drinking in the warm sun.",,contradiction,2,0,neutral,39,[]
"Premise: A big dog catches a ball on his nose
Hypothesis: A big dog is sitting down while trying to catch a ball","Premise: A big dog catches a ball on his nose
Hypothesis: A big dog does not catch a ball and is not even trying to catch a ball, and in fact, the ball goes over the dog's head",,neutral,1,1,neutral|contradiction,30,[]
"Premise: A child making a sand castle on the beach.
Hypothesis: A child on a beach.","Premise: A child making a sand castle on the beach.
Hypothesis: There is no child on the beach.",,neutral,0,0,contradiction,24,[]
"Premise: A female in the middle of a vehicle is holding a camera and is pointing it towards the backseat.
Hypothesis: A girl is inside a vehicle.","Premise: A female in the middle of a vehicle is holding a camera and is pointing it towards the backseat.
Hypothesis: There is currently no female inside the vehicle, and it is not capable of holding any females, as it is also a vehicle that has never had a female occupant and will never have one, not even for a moment, with no signs of a female ever being in it.",,neutral,0,5,neutral|neutral|neutral|neutral|neutral|neutral,36,[]
"Premise: Two men climbing on a wooden scaffold.
Hypothesis: Two sad men climbing on a wooden scaffold.","Premise: Two men climbing on a wooden scaffold.
Hypothesis: No men are climbing on a wooden scaffold.",,neutral,1,0,entailment,25,[]
"Premise: A young african child in a dirty yellow shirt carrying a bag on his head.
Hypothesis: A young African child playing soccer.","Premise: A young african child in a dirty yellow shirt carrying a bag on his head.
Hypothesis: The child is not sitting still and is doing something, but there is no child in the scene.",,entailment,2,1,entailment|neutral,31,[]
"Premise: A small child in a red jacket is sitting on a man's shoulders and holding his head.
Hypothesis: Th small child is watching a performance.","Premise: A small child in a red jacket is sitting on a man's shoulders and holding his head.
Hypothesis: The city's mayor is attending a conference on urban planning, and a new species of plant has been discovered in a remote region of the country.",,contradiction,1,5,contradiction|contradiction|contradiction|contradiction|contradiction|contradiction,35,[]
"Premise: There is a person walking down a tree lined street with snow scattered about.
Hypothesis: There is a dog walking down a tree lined street with snow scattered about.","Premise: There is a person walking down a tree lined street with snow scattered about.
Hypothesis: There is no one walking down a tree lined street with snow scattered about.",,entailment,2,0,neutral,38,[]
"Premise: Four young men stare up at a basketball hoop with no net, in an outdoor, urban basketball court.
Hypothesis: A group of women playing basketball in a gym.","Premise: Four young men stare up at a basketball hoop with no net, in an outdoor, urban basketball court.
Hypothesis: The city's botanical garden is home to a variety of plant species and a large pond with a fountain, attracting visitors from all over the world.",,contradiction,2,3,contradiction|contradiction|contradiction|entailment,39,[]
"Premise: A white man in a blue uniform is pushing away a black man in a red uniform while the two play soccer on a green field.
Hypothesis: A woman says Hi to another woman at the grocery store.","Premise: A white man in a blue uniform is pushing away a black man in a red uniform while the two play soccer on a green field.
Hypothesis: The scene is taking place during a break in the soccer game, and a woman, who is a spectator watching the white man in the blue uniform and the black man in the red uniform play soccer on the green field, says Hi to another woman at the concession stand near the field.",,contradiction,2,0,neutral,47,[]
"Premise: A child wearing a red top is standing behind a blond headed child sitting in a wheelbarrow.
Hypothesis: A child wearing a red top is standing behind a pretty blond headed child","Premise: A child wearing a red top is standing behind a blond headed child sitting in a wheelbarrow.
Hypothesis: There is no child wearing a red top standing behind a blond headed child, because the area is empty and the only person present is a brunette child who is alone, and there is no wheelbarrow in the area.",,neutral,1,5,neutral|neutral|neutral|neutral|neutral|neutral,42,[]
"Premise: A man is working on a Earthen structure with a pickaxe.
Hypothesis: The man is in an office building.","Premise: A man is working on a Earthen structure with a pickaxe.
Hypothesis: The man is working in a location where earthen structures are often found and is likely to use a pickaxe.",,contradiction,2,0,neutral,30,[]
"Premise: Four men stand in a circle facing each other playing brass instruments which people watch them.
Hypothesis: The men are playing music","Premise: Four men stand in a circle facing each other playing brass instruments which people watch them.
Hypothesis: The men are standing in complete silence.",,neutral,0,0,contradiction,30,[]
"Premise: People dresses in business clothing are walking by while one man with a tie on is standing still and talking on his cellular phone.
Hypothesis: The people are dressed in business clothing.","Premise: People dresses in business clothing are walking by while one man with a tie on is standing still and talking on his cellular phone.
Hypothesis: None of the people are dressed in business clothing.",,neutral,0,0,entailment,41,[]
"Premise: A brown dog jumps over an obstacle.
Hypothesis: The dog is in a pool.","Premise: A brown dog jumps over an obstacle.
Hypothesis: The city's botanical garden is home to a variety of exotic plants and a group of volunteers are planning a charity event to support local wildlife conservation.",,contradiction,2,5,contradiction|contradiction|contradiction|contradiction|contradiction|contradiction,23,[]
"Premise: A birthday party for many little people to enjoy.
Hypothesis: Children enjoying a birthday party.","Premise: A birthday party for many little people to enjoy.
Hypothesis: The party was cancelled due to unforeseen circumstances, so no children attended.",,neutral,1,0,contradiction,24,[]
"Premise: A cement worker is working on a new sidewalk outside of a clothing store.
Hypothesis: A worker is working on a new sidewalk outside of a restuarant.","Premise: A cement worker is working on a new sidewalk outside of a clothing store.
Hypothesis: The city's botanical garden is preparing for its annual flower festival, which will feature a variety of plant species and a concert by a local music ensemble, and the event is expected to attract visitors from different parts of the city.",,contradiction,2,5,contradiction|contradiction|contradiction|contradiction|contradiction|contradiction,38,[]
"Premise: Four men and a young boy are at a table set up for wood crafts.
Hypothesis: Five total people are near a table with objects on it.","Premise: Four men and a young boy are at a table set up for wood crafts.
Hypothesis: No people are near a table with objects on it.",,neutral,0,0,entailment,36,[]
"Premise: An Indian woman is dancing with her partner.
Hypothesis: A woman has dark skin.","Premise: An Indian woman is dancing with her partner.
Hypothesis: The local library is hosting a book sale, and several authors are attending the event to discuss their latest novels.",,contradiction,1,5,contradiction|contradiction|contradiction|contradiction|contradiction|contradiction,23,[]
"Premise: The man is sweeping with a red broom.
Hypothesis: The man is dancing with a woman","Premise: The man is sweeping with a red broom.
Hypothesis: The man is not sweeping with a broom.",,entailment,2,0,contradiction,25,[]
"Premise: People with bags walk along a dirt road in front of a green building.
Hypothesis: People are walking outside.","Premise: People with bags walk along a dirt road in front of a green building.
Hypothesis: Everyone is indoors.",,neutral,0,0,entailment,28,[]
"Premise: An elderly woman wearing a skirt is picking out vegetables at a local market.
Hypothesis: This woman is on a shopping trip.","Premise: An elderly woman wearing a skirt is picking out vegetables at a local market.
Hypothesis: The city's botanical garden is home to a variety of exotic plants and flowers, and a group of volunteers will be meeting there next week to discuss plans for an upcoming festival.",,contradiction,0,5,contradiction|contradiction|contradiction|contradiction|contradiction|contradiction,31,[]
"Premise: A group of ladies sit around a black table in front of a brick wall with a building in the background.
Hypothesis: The ladies are standing up for a picture.","Premise: A group of ladies sit around a black table in front of a brick wall with a building in the background.
Hypothesis: The ladies are seated and remain seated for the entire duration, not standing up for a picture.",,neutral,-1,0,contradiction,39,[]
"Premise: Two men spar in martial arts gear.
Hypothesis: There are multiple people present.","Premise: Two men spar in martial arts gear.
Hypothesis: There is no person present where the martial arts gear is located, and it has been abandoned for years, which directly contradicts the fact that two men are currently sparring.",,neutral,0,5,neutral|neutral|neutral|neutral|neutral|neutral,22,[]
"Premise: A woman player in white and black, sends the volleyball over the net, while the opposing team in navy blue, tries to block it, as the coach and a few spectators watch, in a gym.
Hypothesis: The gym is old","Premise: A woman player in white and black, sends the volleyball over the net, while the opposing team in navy blue, tries to block it, as the coach and a few spectators watch, in a gym.
Hypothesis: The weather outside is sunny",,contradiction,1,0,neutral,53,[]
"Premise: A man with a blue helmet and orange shirt.
Hypothesis: A man wears a helmet.","Premise: A man with a blue helmet and orange shirt.
Hypothesis: No man wears a helmet under any circumstances.",,neutral,0,1,neutral|entailment,24,[]
"Premise: A man in a white and gray shirt looks on as a shirtless man with a mustache cleans fish on a pale green table.
Hypothesis: The man is cleaning the fish that he caught so he can cook it.","Premise: A man in a white and gray shirt looks on as a shirtless man with a mustache cleans fish on a pale green table.
Hypothesis: The weather forecast indicates a high chance of rain in the region, and a local bakery is offering a discount on bread, meanwhile, a researcher is studying the behavior of birds in a nearby forest.",,contradiction,1,5,contradiction|contradiction|contradiction|contradiction|contradiction|contradiction,50,[]
"Premise: A man on stage in the act of jumping, with a little boy in the background really enjoying it.
Hypothesis: A boy watches boats on a lake.","Premise: A man on stage in the act of jumping, with a little boy in the background really enjoying it.
Hypothesis: At this time, there is actually no man on the stage, and not a single boy is present, because the stage is empty and the boy is watching boats on a lake.",,neutral,2,5,neutral|neutral|neutral|neutral|neutral|neutral,37,[]
"Premise: Man with beard doing skateboarding stunt
Hypothesis: A clean shaven man skateboards.","Premise: Man with beard doing skateboarding stunt
Hypothesis: The man performing the skateboarding stunt is a woman and does not have a beard.",,neutral,2,1,neutral|contradiction,24,[]
"Premise: A woman in a blue top and pencil skirt walks by a balding man in a pinstriped suit.
Hypothesis: They know each other.","Premise: A woman in a blue top and pencil skirt walks by a balding man in a pinstriped suit.
Hypothesis: The local library is hosting a book club meeting to discuss a newly released novel, and the weather forecast indicates a high chance of rain tomorrow.",,contradiction,1,5,contradiction|contradiction|contradiction|contradiction|contradiction|contradiction,36,[]
"Premise: Many women trying out and looking at laptops in a Walmart.
Hypothesis: Women are shopping at safeway for lamb chops.","Premise: Many women trying out and looking at laptops in a Walmart.
Hypothesis: Many women trying out and looking at laptops in a Walmart are shopping for electronics.",,contradiction,2,0,neutral,30,[]
"Premise: An older gentlemen in a hat and glasses holding a baby who is wrapped in a towel.
Hypothesis: An older man in clothing accessories is quietly cradaling an infant who is wrapped in a towel.","Premise: An older gentlemen in a hat and glasses holding a baby who is wrapped in a towel.
Hypothesis: A young woman in a swimsuit is loudly playing with a toddler who is wearing a winter coat.",,neutral,1,0,entailment,46,[]
"Premise: A dog and a cat are swimming in a swimming pool.
Hypothesis: Two animals are swimming.","Premise: A dog and a cat are swimming in a swimming pool.
Hypothesis: No animals are swimming.",,neutral,0,0,entailment,25,[]
"Premise: An Asian man walks a three-wheeled pedal card fully of white bags.
Hypothesis: An Asian man walks his dog on a rainy afternoon.","Premise: An Asian man walks a three-wheeled pedal card fully of white bags.
Hypothesis: An Asian man, who is walking a three-wheeled pedal cart full of white bags, is likely doing so on a typical afternoon, possibly to transport items.",,contradiction,2,0,neutral,35,[]
"Premise: A man falling off a bull as the animal jumps into the air.
Hypothesis: A boy struggles to hold on to a bull as it twirls and jumps.","Premise: A man falling off a bull as the animal jumps into the air.
Hypothesis: The man effortlessly remains on the bull for several minutes, never once losing his grip as the animal gently trots around the arena, and he has always been able to ride it for hours without being bucked off, even when it jumps high into the air.",,neutral,-1,2,neutral|neutral|contradiction,39,[]
"Premise: A clown performs in a park among other people.
Hypothesis: Someone is busking.","Premise: A clown performs in a park among other people.
Hypothesis: The city's transportation department is considering a new route for the public bus system, and a group of environmentalists are studying the local wildlife in a nearby nature reserve.",,contradiction,-1,5,contradiction|contradiction|contradiction|contradiction|contradiction|contradiction,23,[]
"Premise: A young man blew up balloons to craft into animals for the seven excited children that looked on.
Hypothesis: The children watch the man make dogs and giraffes out of balloons","Premise: A young man blew up balloons to craft into animals for the seven excited children that looked on.
Hypothesis: Meanwhile, a group of chefs in a nearby town were competing in a culinary contest, featuring a wide variety of dishes and ingredients from their personal library of recipes.",,contradiction,0,5,contradiction|contradiction|contradiction|contradiction|contradiction|contradiction,41,[]
"Premise: Two girls playing catch on a lawn
Hypothesis: Two girls are walking beside a pond with ducks and swans.","Premise: Two girls playing catch on a lawn
Hypothesis: The weather forecast for the upcoming weekend is expected to be sunny with a gentle breeze, and a new species of flower is blooming in the botanical garden.",,contradiction,2,1,contradiction|neutral,29,[]
"Premise: A man wearing glasses and a ragged costume is playing a Jaguar electric guitar and singing with the accompaniment of a drummer.
Hypothesis: Two men are playing frisbee in the park.","Premise: A man wearing glasses and a ragged costume is playing a Jaguar electric guitar and singing with the accompaniment of a drummer.
Hypothesis: The man wearing glasses and a ragged costume is giving a recorded performance of his Jaguar electric guitar playing and singing, while being accompanied by a drummer.",,contradiction,2,1,contradiction|neutral,45,[]
"Premise: A girl with a blue shirt and a girl with a striped shirt stand next to a girl with a green shirt sitting in a chair.
Hypothesis: The three girls are arm wrestling in China town.","Premise: A girl with a blue shirt and a girl with a striped shirt stand next to a girl with a green shirt sitting in a chair.
Hypothesis: The city's annual flower festival is taking place, and a group of gardeners are preparing for the event, meanwhile a new coffee shop has opened downtown, and the local soccer team is competing in a tournament, and the weather forecast is predicting a sunny day, with birds singing in the nearby park.",,contradiction,2,5,contradiction|contradiction|contradiction|contradiction|contradiction|contradiction,45,[]
"Premise: a skier is throwing up snow as he skis off piste.
Hypothesis: A skier skis.","Premise: a skier is throwing up snow as he skis off piste.
Hypothesis: The skier is not skiing at all, but rather sitting at home watching TV.",,neutral,0,1,neutral|entailment,29,[]
"Premise: The child is hanging upside down with his legs over a pole.
Hypothesis: The child is athletic.","Premise: The child is hanging upside down with his legs over a pole.
Hypothesis: The child is sedentary and has never engaged in any physical activity.",,neutral,1,0,entailment,26,[]
"Premise: Three people are dressed in costumes and playing musical instruments.
Hypothesis: The people are playing at a festival.","Premise: Three people are dressed in costumes and playing musical instruments.
Hypothesis: The city's botanical garden is home to a wide variety of plant species, and the gardeners will be hosting a workshop next month to teach visitors about the art of flower arrangement, while a separate group of researchers are studying the effects of climate change on local ecosystems, and a new species of orchid has been discovered in a remote region of the country.",,contradiction,1,5,contradiction|contradiction|contradiction|contradiction|contradiction|contradiction,27,[]
"Premise: A skier goes down a hill with a mountain as a backdrop.
Hypothesis: A skier going down the bunny hill.","Premise: A skier goes down a hill with a mountain as a backdrop.
Hypothesis: The scene shows no skier and the hill is entirely still, with no movement, and does not have a mountain in the backdrop, which directly contradicts the premise that a skier goes down a hill with a mountain as a backdrop.",,neutral,1,5,neutral|neutral|neutral|neutral|neutral|neutral,31,[5]
"Premise: Two boys, surrounded by paper pieces, hold a third boys shirt to prevent him from grabbing a bag.
Hypothesis: The friends are playing with paper and bags.","Premise: Two boys, surrounded by paper pieces, hold a third boys shirt to prevent him from grabbing a bag.
Hypothesis: The city's library is planning to host a lecture on astronomy and the speaker enjoys listening to music at home on Sundays, while a new restaurant in the city is serving a wide variety of international cuisine.",,contradiction,1,5,contradiction|contradiction|contradiction|contradiction|contradiction|contradiction,38,[]
"Premise: A little girl drawing with chalk, on a chalkboard.
Hypothesis: A little girl is drawing on the board during class.","Premise: A little girl drawing with chalk, on a chalkboard.
Hypothesis: The little girl is not drawing on the board during class, but rather she is playing outside during recess.",,neutral,1,0,contradiction,31,[]
"Premise: A busy street with building lined up and people walking down the street outside and nighttime.
Hypothesis: People lined up","Premise: A busy street with building lined up and people walking down the street outside and nighttime.
Hypothesis: The street is completely deserted with no people in sight, no buildings are lined up, and it is daytime, which totally contradicts the premise that the street is bustling with people walking down the street at nighttime, as no individuals are present, and the scene is still, with no movement or activity, directly opposing the given premise, and there is no possibility that the street could be busy, as it is a ghost town with no signs of life, still devoid of any human presence, and the absence of people is total, with no one walking down the street, no buildings, and no nighttime, making it a complete contradiction to the premise.",,neutral,-1,5,neutral|neutral|neutral|neutral|neutral|neutral,28,[]
"Premise: Two girls holding bags walking down the sidewalk.
Hypothesis: Two women are enjoying an afternoon of shopping.","Premise: Two girls holding bags walking down the sidewalk.
Hypothesis: The two individuals are not engaging in any shopping activity and are instead on their way to a meeting at a nearby office building.",,neutral,1,0,contradiction,26,[]
"Premise: Two men are sitting on a couch.
Hypothesis: Two men are standing outside.","Premise: Two men are sitting on a couch.
Hypothesis: There are no men sitting on the couch because the couch is empty.",,entailment,2,1,entailment|neutral,22,[]
"Premise: A man visiting a friend in the hospital.
Hypothesis: A man in a hospital receives a visiting friend.","Premise: A man visiting a friend in the hospital.
Hypothesis: A man in a hospital has no visitors at all.",,neutral,0,0,contradiction,27,[]
"Premise: A man holding a pink cooler is talking to an older woman.
Hypothesis: A man offers a woman a beer.","Premise: A man holding a pink cooler is talking to an older woman.
Hypothesis: The city's new library is scheduled to open next month, and the community is looking forward to accessing its vast collection of books and media.",,contradiction,1,5,contradiction|contradiction|contradiction|contradiction|contradiction|contradiction,29,[]
"Premise: A man is giving a presentation.
Hypothesis: the man is not talking","Premise: A man is giving a presentation.
Hypothesis: the man is speaking loudly and at the same time not uttering a single word",,neutral,2,4,neutral|neutral|neutral|neutral|entailment,20,[]
"Premise: A musician playing a guitar and harmonica singing a song with ""Whatever it Takes"" written on his guitar.
Hypothesis: The musician is playing the drums.","Premise: A musician playing a guitar and harmonica singing a song with ""Whatever it Takes"" written on his guitar.
Hypothesis: The musician's neighbor is baking a cake in their kitchen.",,entailment,2,0,contradiction,37,[]
"Premise: A man in a red plaid shirt using a bull horn to talk to a crowd of people.
Hypothesis: a man is a comedian","Premise: A man in a red plaid shirt using a bull horn to talk to a crowd of people.
Hypothesis: the weather forecast for the upcoming weekend is expected to be partly cloudy with a high chance of scattered showers in the countryside",,contradiction,1,5,contradiction|contradiction|contradiction|contradiction|contradiction|contradiction,33,[]
"Premise: A woman in a low cut blue shirt is in a crowded room that looks smokey.
Hypothesis: Someone is in a field.","Premise: A woman in a low cut blue shirt is in a crowded room that looks smokey.
Hypothesis: The price of coffee has been rising steadily over the past year due to increased demand and supply chain issues.",,contradiction,2,0,neutral,32,[]
"Premise: A policeman on a motorcycle from the rear.
Hypothesis: An officer on a chopper.","Premise: A policeman on a motorcycle from the rear.
Hypothesis: The local library is hosting a book sale, and a nearby bakery will offer a variety of pastries this weekend, while the city's new mayor is planning to visit the park to discuss upcoming events, and meanwhile a group of friends are making plans for a road trip to the beach.",,contradiction,2,5,contradiction|contradiction|contradiction|contradiction|contradiction|contradiction,24,[]
"Premise: A woman is sitting outside at a table, using a knife to cut into a sandwich.
Hypothesis: A woman is sitting inside.","Premise: A woman is sitting outside at a table, using a knife to cut into a sandwich.
Hypothesis: The weather forecast for tomorrow predicts a high chance of rain in a nearby city.",,entailment,2,0,contradiction,32,[]
"Premise: A group of people wait to cross the street in new york
Hypothesis: Group of people waiting to cross the street.","Premise: A group of people wait to cross the street in new york
Hypothesis: There are no people waiting to cross the street.",,neutral,0,0,entailment,30,[]
"Premise: An oriental woman in glasses, shooting archery.
Hypothesis: The woman is older.","Premise: An oriental woman in glasses, shooting archery.
Hypothesis: The woman is actually a man and has never participated in archery, directly contradicting the fact that she is currently shooting archery and has been doing so for over a decade at an international level, where she has notably become a prominent figure, even though she is currently younger than the minimum age requirement for competing in the sport.",,neutral,-1,5,neutral|neutral|neutral|neutral|neutral|neutral,24,[5]
"Premise: A little boy wearing a yellow, white and black striped shirt is whispering a secret to a little girl wearing a white long sleeved-shirt.
Hypothesis: The little boy is good friends with the girl.","Premise: A little boy wearing a yellow, white and black striped shirt is whispering a secret to a little girl wearing a white long sleeved-shirt.
Hypothesis: The city's weather forecast predicts a high chance of rain tomorrow and a new restaurant has opened on the outskirts of town, serving a variety of international cuisine.",,contradiction,1,5,contradiction|contradiction|contradiction|contradiction|contradiction|contradiction,47,[]
"Premise: A boy in blue shorts and a t-shirt is poised to hit a tennis ball with a racket.
Hypothesis: A boy wearing blue shorts and a t-shirt is playing tennis with his friend.","Premise: A boy in blue shorts and a t-shirt is poised to hit a tennis ball with a racket.
Hypothesis: A boy wearing blue shorts and a t-shirt is not playing tennis and is instead watching a movie alone.",,neutral,1,0,contradiction,44,[]
"Premise: The girl wearing a brown jacket whilst walking in snow.
Hypothesis: The girl is walking outside.","Premise: The girl wearing a brown jacket whilst walking in snow.
Hypothesis: The girl is indoors and has never been outside in her life.",,neutral,0,1,neutral|entailment,25,[]
"Premise: A man is talking on a cellphone while filling his car with gas.
Hypothesis: A man talks to his boss while getting gas for his car.","Premise: A man is talking on a cellphone while filling his car with gas.
Hypothesis: The weather forecast for the coastal region indicates a high chance of scattered showers, and a popular bookstore is hosting a book signing event for a newly released novel, while a nearby café is serving a special summer menu.",,contradiction,1,5,contradiction|contradiction|contradiction|contradiction|contradiction|contradiction,35,[]
"Premise: Four people and a baby are crossing the street at a crosswalk.
Hypothesis: People and a baby riding the bus.","Premise: Four people and a baby are crossing the street at a crosswalk.
Hypothesis: Meanwhile, the crosswalk is empty because the four people and the baby are actually on the bus that has already left the scene.",,entailment,2,5,entailment|entailment|entailment|entailment|entailment|neutral,30,[]
"Premise: A snowboarder on a wide plain of snow
Hypothesis: A snow field with a snowboarder on it","Premise: A snowboarder on a wide plain of snow
Hypothesis: The city library has an extensive collection of classic novels, and a group of chefs are planning a new restaurant in a coastal town.",,contradiction,0,5,contradiction|contradiction|contradiction|contradiction|contradiction|contradiction,29,[]
"Premise: Two girls are playing in the snow and throwing snowballs.
Hypothesis: The snowballs are from fresh snow.","Premise: Two girls are playing in the snow and throwing snowballs.
Hypothesis: The snowballs are made from dirt and debris collected from the ground.",,neutral,1,0,contradiction,28,[]
"Premise: A female camera operator is capturing some off-camera activity.
Hypothesis: A lady is taking a picture","Premise: A female camera operator is capturing some off-camera activity.
Hypothesis: A lady is not taking a picture, she's actually the one being photographed",,neutral,0,0,contradiction,25,[]
"Premise: A baby girl and little boy are standing next to a guitar and a drum.
Hypothesis: The boy is alone in the bathtub on the moon.","Premise: A baby girl and little boy are standing next to a guitar and a drum.
Hypothesis: There is no boy standing next to a guitar and a drum with a baby girl.",,entailment,2,1,entailment|neutral,35,[]
"Premise: Brown and cream dog with tongue out in front of grassy forest
Hypothesis: The dog is lying on the ground.","Premise: Brown and cream dog with tongue out in front of grassy forest
Hypothesis: The dog is actually standing on its hind legs, which directly contradicts the idea that it is lying on the ground in the grassy forest.",,neutral,2,2,neutral|neutral|entailment,30,[]
"Premise: couples enjoying a meal, while a bunch of dogs take a nap.
Hypothesis: SOME ANIMALS ARE ASLEEP","Premise: couples enjoying a meal, while a bunch of dogs take a nap.
Hypothesis: The city's library is hosting a book fair, and a new bakery just opened on the outskirts of town, offering a variety of pastries.",,contradiction,0,5,contradiction|contradiction|contradiction|contradiction|contradiction|contradiction,29,[]
"Premise: A man holding a baby who is petting a pony.
Hypothesis: A man who kidnap a baby is petting a pony.","Premise: A man holding a baby who is petting a pony.
Hypothesis: A woman is reading a book about astronomy in a library.",,contradiction,1,1,contradiction|entailment,33,[]
"Premise: A woman on the sidewalk blocks the sun from her eyes to peer down the street.
Hypothesis: A woman covers part of her face.","Premise: A woman on the sidewalk blocks the sun from her eyes to peer down the street.
Hypothesis: The city's annual food festival will feature a variety of cuisines from around the world, including traditional dishes from Asia and Europe, and a local band is scheduled to perform on the main stage.",,contradiction,0,5,contradiction|contradiction|contradiction|contradiction|contradiction|contradiction,33,[]
"Premise: A brown and white dog holds a tennis ball in his mouth.
Hypothesis: A dog mouth holds a retrieved ball.","Premise: A brown and white dog holds a tennis ball in his mouth.
Hypothesis: A cat's paw holds a retrieved ball.",,neutral,0,0,entailment,29,[]
"Premise: A man in a red shirt is learning how to climb a cliff.
Hypothesis: A man is playing videogames.","Premise: A man in a red shirt is learning how to climb a cliff.
Hypothesis: The city's botanical garden is home to a wide variety of plant species, and a team of botanists are planning to host a flower exhibition, while a new restaurant is offering a discount on vegetarian dishes.",,contradiction,2,5,contradiction|contradiction|contradiction|contradiction|contradiction|contradiction,29,[]
"Premise: Two men in workers' gear and colorful hard hats standing on board what appears to be a large ship, next to some very large machinery.
Hypothesis: two men are sitting by the pool next to machinery on the boat","Premise: Two men in workers' gear and colorful hard hats standing on board what appears to be a large ship, next to some very large machinery.
Hypothesis: two men are sitting by the pool next to machinery on land, not on a boat, and there is no large ship in sight.",,neutral,2,0,entailment,49,[]
"Premise: A man holding a sign of a rainbow elephant.
Hypothesis: The donkey sign is smeared with paint.","Premise: A man holding a sign of a rainbow elephant.
Hypothesis: The sign that the man is holding, which is of a rainbow elephant, has paint on it.",,contradiction,2,0,neutral,28,[]
"Premise: A man and a young girl swimming.
Hypothesis: a man and girl swim","Premise: A man and a young girl swimming.
Hypothesis: the man and girl do not swim and are actually standing on the shore, which contradicts the premise that falsely claims they are swimming, because the girl is afraid of water and the man never learned how to swim, why would they be in the water?",,neutral,0,5,neutral|neutral|neutral|neutral|neutral|neutral,21,[]
"Premise: A child in a maroon shirt playing next to a fountain.
Hypothesis: The child is at play.","Premise: A child in a maroon shirt playing next to a fountain.
Hypothesis: The town's library has a new section dedicated to astronomy and the study of celestial bodies, with a wide range of books and online resources available for researchers and students, including articles and documentaries on various topics.",,contradiction,0,5,contradiction|contradiction|contradiction|contradiction|contradiction|contradiction,27,[]
"Premise: Four small children playing in the courtyard of a large building made out of clay or sand.
Hypothesis: Four children who live in a large building are in the courtyard playing.","Premise: Four small children playing in the courtyard of a large building made out of clay or sand.
Hypothesis: The large building is abandoned and has no residents, so it's impossible for four children to live there and play in the courtyard.",,neutral,1,0,contradiction,40,[]
"Premise: Six rescuers cooperate to place an injured man on a transport device in snowy, mountainous terrain.
Hypothesis: six people act to save a seventh who is injured","Premise: Six rescuers cooperate to place an injured man on a transport device in snowy, mountainous terrain.
Hypothesis: only one person acts to save the injured man, and the six others are just bystanders",,neutral,0,0,contradiction,38,[]
"Premise: A woman sits on a rug next to a shirtless boy who is looking in the direction of a checkers board that includes several pieces.
Hypothesis: A woman and her son play the third of a best of three checkers tournament.","Premise: A woman sits on a rug next to a shirtless boy who is looking in the direction of a checkers board that includes several pieces.
Hypothesis: The local library is hosting a book club meeting, and a famous author is scheduled to give a lecture on the history of literature, while a nearby bakery is preparing for a food festival, unrelated to the checkers game or the weather forecast.",,contradiction,1,5,contradiction|contradiction|contradiction|contradiction|contradiction|contradiction,53,[]
"Premise: A young girl with a purple shirt and a pink hair band standing near the woods.
Hypothesis: A little girl in a pink shirt is ready to run in the woods.","Premise: A young girl with a purple shirt and a pink hair band standing near the woods.
Hypothesis: Meanwhile, a group of hikers are planning to explore a new trail on the other side of the mountain.",,contradiction,1,0,neutral,40,[]
"Premise: the white dog is carrying a ball in its mouth.
Hypothesis: The dog is running with a ball in its mouth.","Premise: the white dog is carrying a ball in its mouth.
Hypothesis: The dog is standing still with the ball at its feet, not in its mouth.",,neutral,1,0,entailment,30,[]
"Premise: two people riding their bikes down a street together.
Hypothesis: A couple ride their bikes on a date.","Premise: two people riding their bikes down a street together.
Hypothesis: The city's botanical garden is home to a wide variety of plant species and will soon host a lecture on sustainable gardening, while a group of chefs in a nearby restaurant are preparing for a food festival, and the weather forecast predicts clear skies for tomorrow, which will be ideal for the outdoor exhibition of local artists' work, showcasing their impressionism-inspired pieces, currently on display.",,contradiction,1,5,contradiction|contradiction|contradiction|contradiction|contradiction|contradiction,27,[]
"Premise: Blue, red, yellow, and white are the dominant colors of a picture of two police vehicles outside of what looks like a smoke roll playing vehicle, a motorcycle in between the two cars with 6 people in the picture.
Hypothesis: There are two police vehicles in the photo.","Premise: Blue, red, yellow, and white are the dominant colors of a picture of two police vehicles outside of what looks like a smoke roll playing vehicle, a motorcycle in between the two cars with 6 people in the picture.
Hypothesis: There are no police vehicles in the photo.",,neutral,0,0,entailment,62,[]
"Premise: people are sitting on a bench in front of buildings.
Hypothesis: Some people are seated on a bench outside.","Premise: people are sitting on a bench in front of buildings.
Hypothesis: No people are seated on a bench outside.",,neutral,0,0,entailment,28,[]
"Premise: A woman in a striped shirt is walking a horse across a street.
Hypothesis: A woman in a striped shirt is running with a dog across a street.","Premise: A woman in a striped shirt is walking a horse across a street.
Hypothesis: There is no woman in a striped shirt walking a horse across a street.",,entailment,2,0,neutral,37,[]
"Premise: A man in a blue shirt touches his head while talking to two women outdoors.
Hypothesis: three people talk","Premise: A man in a blue shirt touches his head while talking to two women outdoors.
Hypothesis: the man in the blue shirt is alone and not interacting with anyone",,neutral,0,1,neutral|entailment,27,[]
"Premise: A couple stands at the top of a flight of outdoor stairs kissing one another.
Hypothesis: A couple stands near some stairs.","Premise: A couple stands at the top of a flight of outdoor stairs kissing one another.
Hypothesis: A couple stands nowhere near any stairs.",,neutral,0,0,entailment,31,[]
"Premise: A woman with a navy sweater is looking through a blue telescope at a statue of a dinosaur.
Hypothesis: The woman is watching television","Premise: A woman with a navy sweater is looking through a blue telescope at a statue of a dinosaur.
Hypothesis: The woman is looking at something through a blue telescope.",,contradiction,2,0,neutral,32,[]
"Premise: There are many people in a large room with a lot of furniture with tags on them.
Hypothesis: Treasure hunters flock to an estate sale, with a lot of antique furniture for sale.","Premise: There are many people in a large room with a lot of furniture with tags on them.
Hypothesis: Meanwhile, a group of scientists are studying the migration patterns of birds in a nearby nature reserve.",,contradiction,1,0,neutral,43,[]
"Premise: A group of men playing music, the man holding a guitar is talking to a man with drums.
Hypothesis: A band plays salsa music.","Premise: A group of men playing music, the man holding a guitar is talking to a man with drums.
Hypothesis: The group of men are not playing music, but are instead sitting in complete silence, watching a movie with no sound, and there are no instruments present, as they have all been removed from the room because the man who used to hold a guitar and the man with drums have given up on music altogether.",,entailment,1,4,entailment|entailment|entailment|entailment|neutral,34,[]
"Premise: A man and a woman are showing their kid their little baby.
Hypothesis: A man shows off his baseball cards.","Premise: A man and a woman are showing their kid their little baby.
Hypothesis: The city's annual flower festival will feature a variety of vendors selling handmade crafts, and a new restaurant is opening downtown with a nice selection of international cuisine, where people can discuss their favorite travel destinations, and the library is hosting a separate event to promote literacy among children.",,contradiction,2,5,contradiction|contradiction|contradiction|contradiction|contradiction|contradiction,29,[]
"Premise: A male wearing a football uniform kicking a football during a football game.
Hypothesis: A Dallas Cowboy player is trying to tie the playoff game.","Premise: A male wearing a football uniform kicking a football during a football game.
Hypothesis: The person kicking the football is actually a soccer player, not a Dallas Cowboy player, and is participating in a game that has no relation to football, let alone a playoff game, and is simply kicking the ball in a friendly, no-scoring drill with no other players nearby.",,neutral,1,1,neutral|contradiction,34,[]
"Premise: A man standing on a street with a suitcase in front of him while another man bends down to look at what is displayed on top of it.
Hypothesis: Two men lie on tables in the morgue.","Premise: A man standing on a street with a suitcase in front of him while another man bends down to look at what is displayed on top of it.
Hypothesis: There are no men lying on tables in the morgue, and instead, two men are standing on the street.",,entailment,2,0,neutral,48,[]
"Premise: A group of students are walking through the campus.
Hypothesis: A group of people sit at home","Premise: A group of students are walking through the campus.
Hypothesis: The same group of students are definitely not sitting at home, but rather walking through the campus.",,entailment,2,1,entailment|neutral,25,[]
"Premise: A man on a skateboard performs a trick in the air against the backdrop of a bright blue sky.
Hypothesis: A man is riding a skateboard","Premise: A man on a skateboard performs a trick in the air against the backdrop of a bright blue sky.
Hypothesis: The image does not depict a man on a skateboard, but rather shows no person at all, and the scene is of a deserted, broken road with no signs of any vehicle, including skateboards, and it does not show a bright blue sky.",,neutral,0,3,neutral|neutral|neutral|entailment,34,[]
"Premise: A plane flies overhead as military men stand at attention, a flag blows in the wind as a lady in red stares out towards the camera.
Hypothesis: A military event is taking place.","Premise: A plane flies overhead as military men stand at attention, a flag blows in the wind as a lady in red stares out towards the camera.
Hypothesis: The scene is depicting a casual, everyday moment with no connection to the military, and the people present are simply bystanders gathered for a parade of a different kind, such as a festive celebration or a sporting event.",,neutral,0,0,contradiction,43,[]
"Premise: A man in a blue shirt and a woman in a pink skirt sit around other people in the background.
Hypothesis: There are some people doing the limbo.","Premise: A man in a blue shirt and a woman in a pink skirt sit around other people in the background.
Hypothesis: The scene is completely empty, with no one present, which directly contradicts the premise as it is claimed that a man in a blue shirt and a woman in a pink skirt, along with other people, are doing the limbo in the background, an activity that anyone would acknowledge requires the presence of individuals, thereby making it impossible for the space to be empty and for no people to be doing any activity, including limbo.",,neutral,2,5,neutral|neutral|neutral|neutral|neutral|neutral,38,[]
"Premise: Two teens trying to win a prize at a carnival.
Hypothesis: The two teens were doing homework at home.","Premise: Two teens trying to win a prize at a carnival.
Hypothesis: The two teens were not at a carnival and were doing homework at home.",,entailment,2,0,contradiction,28,[]
"Premise: Asian people about to perform animal balloons.
Hypothesis: dog looks at the pond","Premise: Asian people about to perform animal balloons.
Hypothesis: As the Asian people begin to perform with the animal balloons, the scene looks like it is about to feature animal balloons, which is exactly what the Asian people are about to do.",,contradiction,2,2,contradiction|contradiction|neutral,21,[]
"Premise: A schoolgirl is jumping over a low hurdle.
Hypothesis: A girl is jumping over a hurdle.","Premise: A schoolgirl is jumping over a low hurdle.
Hypothesis: No girl is jumping over the hurdle, because it does not exist and she is standing still next to the spot where it should be.",,neutral,0,3,neutral|neutral|neutral|entailment,26,[]
"Premise: A man in a purple jersey is falling down while chasing a player in a green jersey playing soccer
Hypothesis: They give up and walk off the field","Premise: A man in a purple jersey is falling down while chasing a player in a green jersey playing soccer
Hypothesis: They never get up and instead lie still on the field, completely exhausted and devoid of energy, while the player in the green jersey scores a goal immediately",,neutral,2,1,neutral|contradiction,36,[]
"Premise: A man wearing a black t-shirt that says ""Long Live the Dead"" pulls a shopping cart in the street near a NYC yellow taxi cab.
Hypothesis: The man just got done shopping.","Premise: A man wearing a black t-shirt that says ""Long Live the Dead"" pulls a shopping cart in the street near a NYC yellow taxi cab.
Hypothesis: The city's botanical garden is preparing for its annual flower exhibition, and a local artist is scheduled to display her sculptures in a nearby park, which is expecting a mild spring, and a separate group of researchers are studying the migration patterns of birds in a different part of the city.",,contradiction,1,5,contradiction|contradiction|contradiction|contradiction|contradiction|contradiction,44,[]
"Premise: A man in bright shirt carrying a fallen branch.
Hypothesis: The man is sipping an ice tea in the shade of a huge maple tree.","Premise: A man in bright shirt carrying a fallen branch.
Hypothesis: The man, who is carrying a fallen branch, is taking a break to rest in the shade of the tree from which the branch has fallen.",,contradiction,2,1,contradiction|neutral,35,[]
"Premise: There are a group of track runners bracing to take off.
Hypothesis: The track runners are sitting on an airplane","Premise: There are a group of track runners bracing to take off.
Hypothesis: The track runners are preparing to sprint, which is why they are bracing to take off.",,contradiction,2,0,neutral,30,[]
"Premise: A woman wearing jeans is walking down the street.
Hypothesis: A woman is walking towards a bus stop.","Premise: A woman wearing jeans is walking down the street.
Hypothesis: The city's weather forecast is predicting a mild winter, and the local park is expecting a large shipment of new flowers.",,contradiction,1,5,contradiction|contradiction|contradiction|contradiction|contradiction|contradiction,27,[]
"Premise: Four young female gymnasts dressed in black and blue leotards are preparing for their next routine.
Hypothesis: Gymnast group preparing for a competition.","Premise: Four young female gymnasts dressed in black and blue leotards are preparing for their next routine.
Hypothesis: The local weather forecast is predicting a 30% chance of rain for the upcoming weekend.",,contradiction,0,0,neutral,37,[]
"Premise: Two people are setting up a photo shoot of a mobile in a white room.
Hypothesis: The people are photographers.","Premise: Two people are setting up a photo shoot of a mobile in a white room.
Hypothesis: A group of friends are planning a charity event at the local park, and the weather forecast predicts a sunny day with a high of 75 degrees, meanwhile a librarian is organizing books on a shelf in a quiet library.",,contradiction,-1,5,contradiction|contradiction|contradiction|contradiction|contradiction|contradiction,29,[]
"Premise: A man wearing a white button down shirt is walking down the street.
Hypothesis: The man is walking down the street.","Premise: A man wearing a white button down shirt is walking down the street.
Hypothesis: Meanwhile, a local bakery is offering a discount on their famous chocolate cake, and the weather forecast predicts a sunny weekend for the upcoming music festival.",,contradiction,0,5,contradiction|contradiction|contradiction|contradiction|contradiction|contradiction,30,[]
"Premise: An Ambulance is passing a man wearing a bandanna and girl.
Hypothesis: The ambulance isn't stopped by heavy traffic","Premise: An Ambulance is passing a man wearing a bandanna and girl.
Hypothesis: The ambulance is stuck in heavy traffic",,entailment,0,0,contradiction,30,[]
"Premise: A group of people, including one man carrying a silver tripod, stand in front of a large building featuring numerous columns.
Hypothesis: Gerbils chat on Gruveo.","Premise: A group of people, including one man carrying a silver tripod, stand in front of a large building featuring numerous columns.
Hypothesis: The presence of a film crew, including a man with a silver tripod, in front of the large building featuring numerous columns, is a direct indication that they have selected this location for a photo shoot, and as a result, someone in the group is likely to capture images that will be used to create a detailed visual record of the building's architecture, thereby fulfilling the purpose of their visit to this specific location with its distinctive columns.",,contradiction,2,3,contradiction|contradiction|contradiction|neutral,42,[]
"Premise: A brown dog carries an object in its mouth on a snowy hillside.
Hypothesis: A dog is carrying something.","Premise: A brown dog carries an object in its mouth on a snowy hillside.
Hypothesis: The dog is not carrying anything.",,neutral,0,0,entailment,29,[]
