original_review,counterfactual,thinking_content,original_label,ground_truth_label,refinement_rounds,pred_labels_history,orig_token_count,stalled_rounds
"Premise: Three army soldiers are holding guns and peering around a corner of a building.
Hypothesis: Soldiers are guarding a building.","Premise: The weather forecast indicates a high chance of rain for the upcoming weekend, and a group of nearby civilians are preparing for a festival, while three army soldiers are holding guns and peering around a corner of a building.
Hypothesis: Soldiers are guarding a building.",,contradiction,-1,1,contradiction|neutral,30,[]
"Premise: A nighttime street scene of a restaurant.
Hypothesis: The restaurant is open at night.","Premise: A nighttime street scene of a restaurant with a sign that explicitly reads ""Closed"" and no customers are visible inside, as it is stated that the restaurant's operating hours are daytime only and the staff have confirmed the restaurant is no longer in operation at night.
Hypothesis: The restaurant is open at night.",,neutral,0,5,neutral|neutral|neutral|neutral|neutral|neutral,23,[]
"Premise: A small girl with short brown hair is pushing a pink scooter over grass with brown leaves with threes in the background
Hypothesis: The girl is outside.","Premise: A small girl with short brown hair is sitting on a couch in a living room with the curtains closed, watching TV.
Hypothesis: The girl is outside.",,neutral,0,0,contradiction,37,[]
"Premise: A child dressed in purple clothing and a hat runs in splashing water while a man and a small boy walk nearby.
Hypothesis: a child enjoys summer vacation","Premise: A child dressed in warm winter clothing and a hat stands still in frozen water while a man and a small boy shovel snow nearby.
Hypothesis: a child enjoys summer vacation",,neutral,1,0,contradiction,37,[]
"Premise: A man in a business suit screaming at the camera.
Hypothesis: A business man is giving a heated interview for the local news.","Premise: A man in a business suit is calmly reading a book to the camera.
Hypothesis: A business man is giving a heated interview for the local news.",,neutral,1,0,contradiction,32,[]
"Premise: A ballerina standing on the toes of one food with one arm up in the air and one leg lifted behind her.
Hypothesis: The ballerina hates this.","Premise: The weather forecast for the weekend is expected to be sunny, and a local bookstore is having a sale on fiction novels.
Hypothesis: The ballerina hates this.",,contradiction,1,5,contradiction|contradiction|contradiction|contradiction|contradiction|contradiction,40,[]
"Premise: Two men are sitting in a restaurant while one of them holds a piece of paper up to the camera.
Hypothesis: Two men are sitting watching a movie.","Premise: A new coffee shop has opened on the other side of town, and the barista is preparing for the morning rush on Wednesday, while a bird is singing in the distance.
Hypothesis: Two men are sitting watching a movie.",,contradiction,2,5,contradiction|contradiction|contradiction|contradiction|contradiction|contradiction,37,[]
"Premise: Expert snowboard is trying a new trick.
Hypothesis: The person is snowboarding.","Premise: The weather forecast is calling for a mild winter this year in the southern hemisphere.
Hypothesis: The person is snowboarding.",,contradiction,0,1,contradiction|neutral,23,[]
"Premise: A boy plays his trumpet during a performance with his band.
Hypothesis: A human with a trumpet","Premise: A boy is not a human and therefore cannot play a trumpet, which directly contradicts the existence of a human with a trumpet.
Hypothesis: A human with a trumpet",,neutral,0,5,neutral|neutral|neutral|neutral|neutral|neutral,25,[]
"Premise: The man in the black shirt is skateboarding on the front steps of the building.
Hypothesis: A person with a dark top is outside doing something active.","Premise: The town's annual festival is underway, featuring a variety of food vendors and a performance by a local music group, while a nearby park is being renovated to include a new playground and the weather forecast indicates a high chance of rain tomorrow.
Hypothesis: A person with a dark top is outside doing something active.",,contradiction,0,5,contradiction|contradiction|contradiction|contradiction|contradiction|contradiction,37,[]
"Premise: Many people sit, some stand outside of a large brick building.
Hypothesis: people are throwing rocks at each other","Premise: Nobody is outside, and it is impossible for people to throw rocks at each other because everyone is at home, quietly reading books, and there are no rocks or other objects that can be thrown.
Hypothesis: people are throwing rocks at each other",,entailment,2,4,entailment|entailment|entailment|entailment|contradiction,28,[]
"Premise: A small girl with braids blowing bubbles.
Hypothesis: A young boy plays with his yo-yo.","Premise: A young boy plays with his yo-yo while watching a small girl with braids blowing bubbles nearby.
Hypothesis: A young boy plays with his yo-yo.",,contradiction,2,1,contradiction|neutral,27,[]
"Premise: Man in robe making designs on dirt ground.
Hypothesis: A man making designs in the dirt outside.","Premise: Man in robe making designs on a whiteboard.
Hypothesis: A man making designs in the dirt outside.",,neutral,0,0,contradiction,26,[]
"Premise: A girl is about to hit a tennis ball coming from above her with a racket
Hypothesis: A girl is playing tennis.","Premise: The girl has never played tennis and is currently reading a book, with no tennis court or racket in sight, and there is no ball coming from above her
Hypothesis: A girl is playing tennis.",,neutral,0,5,neutral|neutral|neutral|neutral|neutral|neutral,31,[]
"Premise: A man in military uniform points as three other men watch.
Hypothesis: the man is training some guys","Premise: A woman is reading a book on a park bench, and children are playing tag nearby, while a gentle breeze carries the smell of blooming flowers, and a street performer is setting up his act.
Hypothesis: the man is training some guys",,contradiction,1,5,contradiction|contradiction|contradiction|contradiction|contradiction|contradiction,26,[]
"Premise: A little boy with an orange backpack walks under a tree through the woods.
Hypothesis: A boy walks through the woods.","Premise: The weather forecast predicts a sunny day for the farmers' market, where a local band will be performing near the flower stalls.
Hypothesis: A boy walks through the woods.",,contradiction,0,5,contradiction|contradiction|contradiction|contradiction|contradiction|contradiction,30,[]
"Premise: Two young boys wearing shorts and sandals throw pebbles from a dirt path into a body of water.
Hypothesis: The two young boys are playing kickball at the park.","Premise: Two young boys wearing baseball cleats and holding kickballs are running around a grassy field marked with a kickball diamond at the park.
Hypothesis: The two young boys are playing kickball at the park.",,contradiction,2,0,neutral,41,[]
"Premise: A woman sweeping in front of a ladder on a busy street.
Hypothesis: A woman cleans up near a ladder","Premise: A woman sweeping in front of a ladder on a busy street, while a musician plays a guitar on the corner and people walk their dogs.
Hypothesis: A woman cleans up near a ladder",,contradiction,0,0,neutral,28,[]
"Premise: A dirty, shirtless homeless man sits on the sidewalk, holding his cup up to passerby asking for change.
Hypothesis: A homeless man begs.","Premise: The local bakery is famous for its delicious pastries and is usually crowded on weekends, especially during the holiday season, when people often buy gifts for their loved ones.
Hypothesis: A homeless man begs.",,contradiction,0,5,contradiction|contradiction|contradiction|contradiction|contradiction|contradiction,36,[]
"Premise: A young man appears bored in a restaurant.
Hypothesis: A young person appears bored in a restaurant.","Premise: Every person in the restaurant appears to be highly engaged and enthusiastic.
Hypothesis: A young person appears bored in a restaurant.",,neutral,0,2,neutral|neutral|contradiction,26,[]
"Premise: A boy in a blue shirt plays in a jumping tent.
Hypothesis: Rent your own bouncy house today","Premise: A boy in a blue shirt plays in his own backyard bouncy house that his parents bought.
Hypothesis: Rent your own bouncy house today",,neutral,1,0,contradiction,27,[]
"Premise: A man looks mysterious in a blue shirt and a red truck for a company called Wilbert.
Hypothesis: A woman cuts eggplant.","Premise: A man, who is the husband of a woman cutting eggplant, looks mysterious in a blue shirt and a red truck for a company called Wilbert.
Hypothesis: A woman cuts eggplant.",,contradiction,2,0,neutral,33,[]
"Premise: This off-roading driver has tipped his truck.
Hypothesis: A Ferrari goes through the drive-thru.","Premise: A Ferrari, being driven by its owner, is going through the drive-thru.
Hypothesis: A Ferrari goes through the drive-thru.",,contradiction,2,1,contradiction|neutral,27,[]
"Premise: Two young girls, one wearing a pink jacket and the other in a dark-colored jacket, are playing in the snow and having a snowball fight in a clearing outside of a wooded area.
Hypothesis: Two girls are sleeping","Premise: Two girls are sleeping peacefully in a quiet room, not engaging in any outdoor activities.
Hypothesis: Two girls are sleeping",,entailment,2,0,neutral,50,[]
"Premise: This man is working with an I-pad.
Hypothesis: the man is typing a paper","Premise: This man is using his I-pad as a writing tool to type out a paper, which is a necessary step to complete his document, and he is actively typing the content of the paper.
Hypothesis: the man is typing a paper",,contradiction,1,2,contradiction|contradiction|neutral,23,[]
"Premise: Three people are sitting at a small table near a screen with the words, ""DEMOS, The Business of Care.""
Hypothesis: A trio of humans is sitting.","Premise: Four people are standing far away from a screen, and there is no table or any sign with the words ""DEMOS, The Business of Care"" anywhere in sight.
Hypothesis: A trio of humans is sitting.",,neutral,0,4,neutral|neutral|neutral|neutral|entailment,39,[]
"Premise: A snowboarder on a wide plain of snow
Hypothesis: A snowboarder gliding over a field of snow","Premise: A hiker on a rocky mountain trail
Hypothesis: A snowboarder gliding over a field of snow",,neutral,1,0,contradiction,30,[]
"Premise: Men at a party hanging out on the front porch.
Hypothesis: They are smoking cigarettes on the porch.","Premise: A nearby bookstore is having a sale, and a local artist is preparing for an exhibition.
Hypothesis: They are smoking cigarettes on the porch.",,contradiction,1,5,contradiction|contradiction|contradiction|contradiction|contradiction|contradiction,27,[]
"Premise: A person crossing a bridge with train tracks.
Hypothesis: A person jumped off the side of the bridge.","Premise: A person jumped off the side of the bridge while crossing it.
Hypothesis: A person jumped off the side of the bridge.",,contradiction,2,0,neutral,27,[]
"Premise: A beach boardwalk during summertime.
Hypothesis: A wooden path towards the shore.","Premise: A group of friends are planning a surprise party for their coworker, and the cake is being prepared by a local bakery.
Hypothesis: A wooden path towards the shore.",,contradiction,0,5,contradiction|contradiction|contradiction|contradiction|contradiction|contradiction,23,[]
"Premise: A woman is carrying two children in the middle of a large crowd.
Hypothesis: the woman is lying down sleeping","Premise: The woman is lying down and asleep in a quiet room, not carrying any children and there is no crowd.
Hypothesis: the woman is lying down sleeping",,entailment,2,1,entailment|neutral,28,[]
"Premise: a wet golden retriever is walking through a lake
Hypothesis: A wet golden retriever is in a lake.","Premise: a dry golden retriever is walking on the beach
Hypothesis: A wet golden retriever is in a lake.",,neutral,0,0,contradiction,29,[]
"Premise: A woman wearing a striped wrap is bent over in a cornfield while looking at the camera.
Hypothesis: A woman wearing a striped wrap is looking at the camera.","Premise: A woman wearing a solid-colored dress is standing upright in a city street while looking away from the camera.
Hypothesis: A woman wearing a striped wrap is looking at the camera.",,neutral,0,0,contradiction,39,[]
"Premise: This is a very large vegetable stand under a white tent.
Hypothesis: People are eating fast food.","Premise: The weather forecast indicates a high chance of rain in the mountainous regions for the upcoming weekend.
Hypothesis: People are eating fast food.",,contradiction,2,4,contradiction|contradiction|contradiction|contradiction|neutral,26,[]
"Premise: A person standing next to an old dark building.
Hypothesis: A person standing near a building.","Premise: There is no person standing near a building.
Hypothesis: A person standing near a building.",,neutral,0,5,neutral|neutral|neutral|neutral|neutral|neutral,25,[]
"Premise: a man sitting on a motorcycle with a sunset directly behind him
Hypothesis: A man sitting on his motorcycle with the sunset directly behind him outside.","Premise: it is night and there are only motorcycles parked in a dark garage with no sign of any man or sunset
Hypothesis: A man sitting on his motorcycle with the sunset directly behind him outside.",,neutral,0,5,neutral|neutral|neutral|neutral|neutral|contradiction,35,[]
"Premise: Two men wearing dirty clothing are sitting on a sidewalk with their dog and begging for money using a cardboard sign.
Hypothesis: These two illiterate men convinced their dog to write a panhandling sign for them.","Premise: A new restaurant is being opened by a local chef, and the owner is considering a unique menu for the grand opening.
Hypothesis: These two illiterate men convinced their dog to write a panhandling sign for them.",,contradiction,2,5,contradiction|contradiction|contradiction|contradiction|contradiction|neutral,47,[]
"Premise: A boy in a yellow shirt running by some birds.
Hypothesis: The boy is moving very fast.","Premise: The boy is standing completely still and not moving at all by some birds, and he has been in the same position for several hours, which directly contradicts the idea that he is moving, as stillness and movement are mutually exclusive states.
Hypothesis: The boy is moving very fast.",,neutral,1,5,neutral|neutral|neutral|neutral|neutral|neutral,26,[]
"Premise: People jump over a mountain crevasse on a rope.
Hypothesis: People are jumping outside.","Premise: Everybody is jumping inside the building because it is full.
Hypothesis: People are jumping outside.",,neutral,0,2,neutral|neutral|contradiction,25,[]
"Premise: Many people have decided to take a rest on the steps.
Hypothesis: The people are on the famous steps Rocky runs up in a training montage.","Premise: A local artist has been commissioned to create a mural on the side of a building, and a new species of flower has been discovered in a nearby botanical garden, meanwhile, a bookstore on the other side of town is having a sale.
Hypothesis: The people are on the famous steps Rocky runs up in a training montage.",,contradiction,1,5,contradiction|contradiction|contradiction|contradiction|contradiction|contradiction,35,[]
"Premise: A group of kids is splashing in deep water nearby a rock formation.
Hypothesis: They are wearing lifejackets","Premise: The local weather forecast is predicting a sunny weekend, and a musician is setting up equipment for a concert nearby a park.
Hypothesis: They are wearing lifejackets",,contradiction,1,1,contradiction|neutral,29,[]
"Premise: Four men stand in a circle facing each other playing brass instruments which people watch them.
Hypothesis: The men are watching a sports channel","Premise: Four men stand in a circle facing each other playing brass instruments which people watch them, and nearby a child is eating an ice cream cone.
Hypothesis: The men are watching a sports channel",,contradiction,2,0,neutral,32,[]
"Premise: A drummer wearing a plaid shirt, jeans, and a purple had bangs his drum.
Hypothesis: A trumpeter practices for an orchestra.","Premise: A drummer wearing a plaid shirt, jeans, and a purple hat bangs his drum as part of the orchestra's practice session.
Hypothesis: A trumpeter practices for an orchestra.",,contradiction,2,0,entailment,35,[]
"Premise: A boy in a hat and glasses is playing a guitar.
Hypothesis: A boy is playing piano.","Premise: A boy in a hat and glasses is playing a guitar, and he is definitely not playing the piano.
Hypothesis: A boy is playing piano.",,entailment,2,0,neutral,26,[]
"Premise: A female dancer wearing all white dancing while a photographer wearing all white takes her picture.
Hypothesis: A girl is dancing and anothe man take a photo","Premise: A famous chef is preparing a new recipe in a kitchen, while a musician plays a guitar in the background, and a group of people are watching a sports game on TV.
Hypothesis: A girl is dancing and anothe man take a photo",,contradiction,1,1,contradiction|neutral,36,[]
"Premise: Two girls wearing hats are running through snow drifts outside.
Hypothesis: one girl running","Premise: It is a fact that there are no girls outside on this day, and the weather is warm with no snow, which directly contradicts the idea of any girl, let alone one, running in the snow.
Hypothesis: one girl running",,neutral,2,5,neutral|neutral|neutral|neutral|neutral|neutral,23,[]
"Premise: A man and a child are laughing at each other.
Hypothesis: Two people are laughing.","Premise: A man and a child are crying at each other.
Hypothesis: Two people are laughing.",,neutral,0,0,contradiction,24,[]
"Premise: The man is digging in the sand while others watch to see what he discovers.
Hypothesis: a man is digging for gold.","Premise: The man has already found gold and announced it to others, but now he is just watching as someone else digs in the sand.
Hypothesis: a man is digging for gold.",,neutral,1,1,neutral|contradiction,31,[]
"Premise: Two NHL hockey players prepare to fight over a puck during a face off.
Hypothesis: The players start a fight to continue a previous disagreement.","Premise: A group of hikers are exploring a new trail, and a nearby library is hosting a book reading event, while a chef is experimenting with a novel recipe.
Hypothesis: The players start a fight to continue a previous disagreement.",,contradiction,1,5,contradiction|contradiction|contradiction|contradiction|contradiction|contradiction,34,[]
"Premise: A child in an orange outfit stands holding flowers.
Hypothesis: The boy has a gift for his mother.","Premise: The weather forecast indicates a high chance of rain in the countryside, and a group of friends are planning a hiking trip to explore the nearby trails.
Hypothesis: The boy has a gift for his mother.",,contradiction,1,5,contradiction|contradiction|contradiction|contradiction|contradiction|contradiction,27,[]
"Premise: A policeman on a motorcycle from the rear.
Hypothesis: An officer watching a jail cell.","Premise: There is no policeman on a motorcycle from the rear.
Hypothesis: An officer watching a jail cell.",,entailment,2,1,entailment|contradiction,24,[]
"Premise: Two young boys are playing with a toy train set on a wood floor.
Hypothesis: Two girls are playing with dolls.","Premise: Two young girls are playing with dolls on a wood floor, where two boys had been playing with a toy train set earlier, but now the girls have taken over the space.
Hypothesis: Two girls are playing with dolls.",,contradiction,2,0,neutral,30,[]
"Premise: four people standing on a hiking trail in a forest with big tree logs on the ground close to them.
Hypothesis: Nobody is standing","Premise: the hiking trail in the forest is empty with no people and big tree logs are scattered on the ground.
Hypothesis: Nobody is standing",,entailment,2,1,entailment|contradiction,32,[]
"Premise: A closeup of an older man with glasses speaking.
Hypothesis: The woman is doing a speech.","Premise: The scene explicitly shows a solo older man with no glasses speaking, and it is clearly stated that no woman is present, scheduled to speak, or even mentioned at the event, which is [SEP] indicated to be a strictly male-only conference where the man is the only speaker and the event has already ended.
Hypothesis: The woman is doing a speech.",,neutral,2,5,neutral|neutral|neutral|neutral|neutral|neutral,26,[]
"Premise: People sitting in a dim restaurant eating.
Hypothesis: People are eating food.","Premise: The restaurant is empty and no one is eating because the government has banned dining due to the pandemic.
Hypothesis: People are eating food.",,neutral,0,4,neutral|neutral|neutral|neutral|contradiction,21,[]
"Premise: Child plays with pigeon in busy public area while group of people watch him play.
Hypothesis: A group of people take turns carrying an injured child.","Premise: The weather forecast is predicting a light drizzle for the upcoming weekend, and a local park is preparing for its annual flower festival.
Hypothesis: A group of people take turns carrying an injured child.",,contradiction,2,5,contradiction|contradiction|contradiction|contradiction|contradiction|contradiction,35,[]
"Premise: A woman plays in the wind, with a furry brown dog.
Hypothesis: The dog is a shitzu.","Premise: A woman plays in the wind, with a small, fluffy, and bearded furry brown dog that resembles a shitzu in appearance and size.
Hypothesis: The dog is a shitzu.",,contradiction,1,0,neutral,29,[]
"Premise: Man sitting on bench with suitcase waiting for his source of transportation.
Hypothesis: The man is on a treadmill.","Premise: Man sitting on bench with suitcase, having just arrived at his destination and watching as his source of transportation drives away.
Hypothesis: The man is on a treadmill.",,entailment,2,0,neutral,28,[]
"Premise: A black man wearing a down jacket with his arms spread and holding a pink comb.
Hypothesis: A man was wearing a jacket in winter.","Premise: It was summer when the man was wearing shorts and no jacket.
Hypothesis: A man was wearing a jacket in winter.",,neutral,1,2,neutral|neutral|entailment,34,[]
"Premise: A blond little boy in an orange sweatshirt with red sleeves is using scissors to cut something.
Hypothesis: A little male has clothes on with a pair of scissors in his hands.","Premise: A bald little girl in a green dress is not using scissors to cut anything.
Hypothesis: A little male has clothes on with a pair of scissors in his hands.",,neutral,0,0,entailment,42,[]
"Premise: People in motion down a city sidewalk.
Hypothesis: People are walking to an event.","Premise: The city's street performers are attracting a large crowd near a hot dog vendor.
Hypothesis: People are walking to an event.",,contradiction,1,0,neutral,23,[]
"Premise: A scruffy man is standing in front of a red shopping cart filled with boxes.
Hypothesis: A clean shaven man with an empty blue shopping cart.","Premise: A clean shaven man is standing in front of an empty blue shopping cart.
Hypothesis: A clean shaven man with an empty blue shopping cart.",,entailment,2,0,neutral,37,[]
"Premise: A woman in black walks down the street in front of a graffited wall.
Hypothesis: A lady walks down the street.","Premise: The weather forecast indicates a high chance of rain in the region, and a new bookstore has opened on the outskirts of town.
Hypothesis: A lady walks down the street.",,contradiction,0,5,contradiction|contradiction|contradiction|contradiction|contradiction|contradiction,32,[]
"Premise: This person looks to be snowboarding on a very small pile of snow on a sunny cold day.
Hypothesis: timmy stares at the remains of Jimmy hoffa","Premise: This person looks to be lounging on a warm beach on a sunny day.
Hypothesis: timmy stares at the remains of Jimmy hoffa",,neutral,2,0,contradiction,39,[]
"Premise: An elderly lady holding a scruffy dog and smiling contently.
Hypothesis: a woman holding a scruffy dog","Premise: A young man holding a cat and frowning
Hypothesis: a woman holding a scruffy dog",,neutral,0,0,entailment,28,[]
"Premise: A father is teaching his son how to ride a bicycle.
Hypothesis: The boy is improving quickly.","Premise: The city's public transportation system is being redesigned to include more bus routes.
Hypothesis: The boy is improving quickly.",,contradiction,1,5,contradiction|contradiction|contradiction|contradiction|contradiction|neutral,26,[]
"Premise: The girl wearing a brown jacket whilst walking in snow.
Hypothesis: A woman is eating pasta in a restaurant.","Premise: A woman is sitting in a restaurant, wearing a brown jacket that she will later wear to walk outside into the snow, and is currently eating a plate of pasta.
Hypothesis: A woman is eating pasta in a restaurant.",,contradiction,2,1,contradiction|neutral,28,[]
"Premise: A man with a beard is playing an acoustic guitar on the street.
Hypothesis: The man tries to make some money from tips.","Premise: The weather forecast indicates a high chance of rain in the rural areas.
Hypothesis: The man tries to make some money from tips.",,contradiction,1,1,contradiction|neutral,32,[]
"Premise: A small child with a backpack walks down a narrow road next to a painted wall.
Hypothesis: A small child is walking on a road","Premise: The weather forecast for the upcoming weekend is expected to be sunny, and a small child with a backpack walks down a narrow road next to a painted wall.
Hypothesis: A small child is walking on a road",,contradiction,0,0,neutral,33,[]
"Premise: A young man holding a young woman in his arms as they get splashed by water shooting up from a fountain.
Hypothesis: A young couple is very much in love.","Premise: A city official announced a new plan for public transportation as a separate event, meanwhile, a young man holding a young woman in his arms as they get splashed by water shooting up from a fountain, while a nearby shop owner unlocks the door to her store and a historic preservation society begins its monthly meeting.
Hypothesis: A young couple is very much in love.",,contradiction,1,1,contradiction|neutral,40,[]
"Premise: A man and a child are purchasing ice cream from a man with a hand pushed ice cream cart.
Hypothesis: A father is buying his daughter ice cream.","Premise: A group of friends are planning a hiking trip in the mountains, and a new restaurant has opened downtown, offering a wide selection of international cuisine, while a local band is preparing for a concert.
Hypothesis: A father is buying his daughter ice cream.",,contradiction,1,5,contradiction|contradiction|contradiction|contradiction|contradiction|contradiction,37,[]
"Premise: A female covering her face in laughter at the dinner table.
Hypothesis: A woman has heard a joke.","Premise: A female is sitting alone at the dinner table with a disappointed expression, having not spoken to anyone all evening.
Hypothesis: A woman has heard a joke.",,neutral,1,2,neutral|neutral|contradiction,27,[]
"Premise: A mom and her boy are riding in a bumper car.
Hypothesis: The mom and boy are at an amusement park.","Premise: A mom and her boy are riding in a bumper car at their home, which they have in their backyard because they are not allowed in amusement parks.
Hypothesis: The mom and boy are at an amusement park.",,neutral,0,2,neutral|neutral|contradiction,30,[]
"Premise: Police officer wearing a brown uniform talks into a wireless microphone.
Hypothesis: A police officer is silent.","Premise: Police officer is not wearing a uniform and is silent.
Hypothesis: A police officer is silent.",,contradiction,2,0,neutral,26,[]
"Premise: In a snowy residential environment, a man with a brown jacket and gray mustache and beard places a hand on a felled log while another man in a blue shirt is blurry on the right side of the photo.
Hypothesis: The log is for firewood.","Premise: A local library is hosting a book reading event, and a new species of plant was discovered in a remote area, while a famous artist is preparing for an exhibition in a museum.
Hypothesis: The log is for firewood.",,contradiction,1,5,contradiction|contradiction|contradiction|contradiction|contradiction|contradiction,58,[]
"Premise: A woman crosses the street with a baby in her arms.
Hypothesis: A woman crosses the street carrying her baby boy.","Premise: A woman crosses the street with no children in her arms.
Hypothesis: A woman crosses the street carrying her baby boy.",,neutral,1,0,contradiction,30,[]
"Premise: A woman in a brown jacket and jeans is kneeling on a brick road while taking a picture of another woman posing.
Hypothesis: The woman posing is a famous model.","Premise: A woman in a brown jacket and jeans is kneeling on a brick road while taking a picture of another woman posing near a small, old-fashioned street clock, and meanwhile, a group of chefs are preparing for a food festival in a nearby convention center.
Hypothesis: The woman posing is a famous model.",,contradiction,1,5,contradiction|contradiction|contradiction|contradiction|contradiction|contradiction,39,[]
"Premise: An older women tending to a garden.
Hypothesis: The lady is cooking dinner","Premise: The weather forecast predicts a sunny weekend, and a local artist is preparing for an exhibition.
Hypothesis: The lady is cooking dinner",,contradiction,2,5,contradiction|contradiction|contradiction|contradiction|contradiction|contradiction,22,[]
"Premise: The three young children played with some toilet paper in the grass.
Hypothesis: The three young children are throwing the toilet paper around.","Premise: The three young children carefully placed the toilet paper in a trash can in the grass.
Hypothesis: The three young children are throwing the toilet paper around.",,neutral,1,0,contradiction,32,[]
"Premise: Man and woman rowing on surfboards third rower in distance.
Hypothesis: Couples rowing on surfboards.","Premise: There are no couples rowing on surfboards, as the individuals are always rowing alone, with evidence showing that not a single couple has ever rowed together on a surfboard, and the man and woman are, in fact, separate and never been seen rowing with each other, let alone on the same surfboard, which is a strict rule with no exceptions, and the third person is also rowing alone, confirming that no couples are present.
Hypothesis: Couples rowing on surfboards.",,neutral,0,5,neutral|neutral|neutral|neutral|neutral|neutral,29,[]
"Premise: A golden retriever nurses puppies.
Hypothesis: Puppies next to their mother","Premise: The weather forecast for tomorrow indicates a high chance of scattered thunderstorms in the metropolitan area.
Hypothesis: Puppies next to their mother",,contradiction,0,5,contradiction|contradiction|contradiction|contradiction|contradiction|contradiction,21,[]
"Premise: A performer plays an instrument for the audience.
Hypothesis: The instrument plays a performer for an audience.","Premise: The weather forecast indicates a high chance of rain in the city today.
Hypothesis: The instrument plays a performer for an audience.",,entailment,2,0,contradiction,26,[]
"Premise: A man throws his young boy playfully into the air standing on a beach.
Hypothesis: A Dad and son is playing on the beach.","Premise: Researchers are studying the migration patterns of birds in the Amazon rainforest, and a team of scientists is developing a new method for tracking wildlife, while a nearby village is preparing for a traditional festival.
Hypothesis: A Dad and son is playing on the beach.",,contradiction,0,5,contradiction|contradiction|contradiction|contradiction|contradiction|contradiction,34,[]
"Premise: A dog jumping for a Frisbee in the snow.
Hypothesis: A cat washes his face and whiskers with his front paw.","Premise: A cat washes his face and whiskers with his front paw while a dog is nowhere to be seen.
Hypothesis: A cat washes his face and whiskers with his front paw.",,entailment,2,0,contradiction,34,[]
"Premise: Small girl riding in play car.
Hypothesis: A girl is riding in a toy car.","Premise: The weather outside is cloudy and a cat is sleeping on the windowsill.
Hypothesis: A girl is riding in a toy car.",,contradiction,0,0,entailment,24,[]
"Premise: People walk outside ""The Tempe Bar"".
Hypothesis: People move around outside.","Premise: Everybody is staying inside ""The Tempe Bar"".
Hypothesis: People move around outside.",,neutral,0,1,neutral|entailment,22,[]
"Premise: A group of people having a conversation.
Hypothesis: People are talking about politics.","Premise: A group of people watching a movie in complete silence.
Hypothesis: People are talking about politics.",,neutral,1,0,contradiction,22,[]
"Premise: A man in an army uniform speaks into a microphone.
Hypothesis: A soldier speaks into the microphone.","Premise: The person speaking into the microphone is a civilian and has never been part of the army, and there is no army uniform in sight.
Hypothesis: A soldier speaks into the microphone.",,neutral,0,5,neutral|neutral|neutral|neutral|neutral|neutral,26,[]
"Premise: A child sits in a tree holding a branch.
Hypothesis: The adult jumped up onto the tree.","Premise: The tree has been cut down and is now a stump, and there is no adult or child present because the incident occurred 5 years ago.
Hypothesis: The adult jumped up onto the tree.",,neutral,2,1,neutral|entailment,26,[]
"Premise: A man with a beer in his hand listens to a woman talk.
Hypothesis: A man has a beer with him.","Premise: A man with no drinks in his hand listens to a woman talk.
Hypothesis: A man has a beer with him.",,neutral,0,0,contradiction,30,[]
"Premise: Two little boys are smiling and laughing while one is standing and one is in a bouncy seat.
Hypothesis: The little boys are crying.","Premise: A chef is preparing a new recipe in a bustling kitchen, and a group of people are waiting for their food.
Hypothesis: The little boys are crying.",,contradiction,2,2,contradiction|contradiction|neutral,34,[]
"Premise: Two men in suits standing in front of a bus, one is wearing a medal.
Hypothesis: Two men are standing in front of a large vehicle.","Premise: There are no men in suits, and the only vehicle present is a small motorcycle, with no cars or large vehicles behind or in front of it.
Hypothesis: Two men are standing in front of a large vehicle.",,neutral,0,1,neutral|contradiction,36,[]
"Premise: A woman is cutting into a sandwich while sitting at an outdoor table.
Hypothesis: The lady on the table is cutting her sandwhich","Premise: A new library is being built in a different city, and a group of students are planning a book club meeting on a rainy day.
Hypothesis: The lady on the table is cutting her sandwhich",,contradiction,0,5,contradiction|contradiction|contradiction|contradiction|contradiction|contradiction,32,[]
"Premise: Three men are working with their bikes in the shoulder of a road.
Hypothesis: The men's bikes broke.","Premise: A woman is walking her dog in the nearby park while three men are standing with their bikes in the shoulder of a road.
Hypothesis: The men's bikes broke.",,contradiction,1,0,neutral,28,[]
"Premise: A boy and a girl stand in a median amongst Mike Huckabee signs.
Hypothesis: Two people stand on a median with advertising signs.","Premise: No people stand on the median, and all advertising signs for Mike Huckabee have been removed, while a boy and a girl stand on the sidewalk, far away from any political signs.
Hypothesis: Two people stand on a median with advertising signs.",,neutral,0,1,neutral|contradiction,32,[]
"Premise: A man who wears glasses, a blue shirt and a Chicago White Sox cap holds a young boy who also wears a blue shirt.
Hypothesis: The man the baseball is taking his son to a baseball game today.","Premise: A man who wears glasses, a blue shirt and a Chicago White Sox cap holds a young boy who also wears a blue shirt, and nearby a group of chefs are preparing a culinary festival, while a florist is arranging a bouquet of flowers to the sound of a classic melody played by a street performer on his violin.
Hypothesis: The man the baseball is taking his son to a baseball game today.",,contradiction,1,5,contradiction|contradiction|contradiction|contradiction|contradiction|contradiction,48,[]
"Premise: Naked children play on the muddy riverbank.
Hypothesis: THE NUDE KIDS PLAYED ON THE RIVERBANK IN THE MUD JUST TO HAVE A MUD BATH","Premise: A local bakery is preparing for a food festival, and a famous chef is writing a new cookbook, while a group of tourists are exploring the city's historic landmarks.
Hypothesis: THE NUDE KIDS PLAYED ON THE RIVERBANK IN THE MUD JUST TO HAVE A MUD BATH",,contradiction,1,5,contradiction|contradiction|contradiction|contradiction|contradiction|contradiction,43,[]
"Premise: A boy runs as others play on a homemade slip and slide.
Hypothesis: A boy is running.","Premise: A boy sits still as others play on a homemade slip and slide.
Hypothesis: A boy is running.",,neutral,0,0,entailment,26,[]
"Premise: A rescue worker searches with a flashlight under a slab in a ruined building.
Hypothesis: A rescue worker searches for survivors.","Premise: A rescue worker searches with a flashlight under a slab in a building where all survivors have been confirmed dead and officially declared deceased, and no search operation is being conducted.
Hypothesis: A rescue worker searches for survivors.",,neutral,1,2,neutral|neutral|contradiction,30,[]
"Premise: People boating on a lake with the sun through the clouds in the distance.
Hypothesis: people on boat","Premise: The lake is empty with no boats or people in sight, under a cloudy sky with no sun visible.
Hypothesis: people on boat",,neutral,0,0,contradiction,27,[]
"Premise: The man white purple and white polka-dotted shirts is eating and looking to his right while the woman behind him has a confused look on her face.
Hypothesis: The guy is eating a sandwich while a lady wonders what's in the sandwich.","Premise: The man, who is not wearing any shirt, is drinking and looking to his left while the woman behind him has a smiling look on her face.
Hypothesis: The guy is eating a sandwich while a lady wonders what's in the sandwich.",,neutral,1,0,contradiction,55,[]
"Premise: A dog with a collar on lying on the street.
Hypothesis: There is an animal outdoors.","Premise: The street is completely empty, with no signs of animals, and a ""no animals allowed"" sign is clearly posted, and there are surveillance cameras that have detected no animals for the past year, and the city ordinance explicitly states that animals are not permitted outdoors, and [SEP] the absence of animals has been consistently confirmed by the cameras and patrols, making it impossible for an animal to be present.
Hypothesis: There is an animal outdoors.",,neutral,0,5,neutral|neutral|neutral|neutral|neutral|neutral,25,[]
"Premise: Performer who is wearing 2 hats a scary mask and a black and white robe.
Hypothesis: The actor playing Voldemort is wearing a scary mask and a black and white robe.","Premise: Performer who is wearing 2 hats a friendly mask and a colorful robe.
Hypothesis: The actor playing Voldemort is wearing a scary mask and a black and white robe.",,neutral,1,0,contradiction,42,[]
"Premise: Sports team members practice and relax on a basketball court.
Hypothesis: Team members of a sport is relaxing after practice.","Premise: The basketball court is empty and unused because the sports team members are on a break and have not practiced in weeks.
Hypothesis: Team members of a sport is relaxing after practice.",,neutral,0,0,contradiction,29,[]
"Premise: A referee with a whistle in his mouth points to the right and watches as a player with the basketball bends down with a defensive player.
Hypothesis: A referee blows a whistle","Premise: The referee did not blow his whistle during the entire game, and in fact, the game had already ended without any fouls being committed, so there was no need for a whistle to be blown, and the referee was not even on the field, and there was no whistle in his possession, no referee was present at the game, and even if one was, they would not have had a whistle to blow, and it is a well-documented fact that no whistles were blown by any referee at any point.
Hypothesis: A referee blows a whistle",,neutral,-1,5,neutral|neutral|neutral|neutral|neutral|neutral,40,[]
"Premise: A man, wearing a cap, is pushing a cart, on which large display boards are kept, on a road.
Hypothesis: The person is stealing display boards.","Premise: A man, wearing a cap, is pushing a cart, on which large display boards are kept, away from a store, and the store owner has reported that the display boards are missing, and the man is caught on camera intentionally removing the boards without permission, and his actions are a direct cause of the store's display boards going missing, and there are no other people around to give him permission to take the boards, and he has no identification as a store employee, and the store's security system recorded him saying he was going to steal the boards.
Hypothesis: The person is stealing display boards.",,contradiction,1,2,contradiction|contradiction|neutral,39,[]
"Premise: Six people appearing to be planting something in the ground.
Hypothesis: People are digging up the earth","Premise: Six people appearing to be filling in holes in the ground with dirt they had previously dug up.
Hypothesis: People are digging up the earth",,neutral,0,0,contradiction,25,[]
"Premise: A group of people are looking at photographs on a wall and speaking to each other.
Hypothesis: A group of friends are visiting an art exhibit.","Premise: A group of friends are viewing artwork and discussing the pieces on display at a local gallery, where they have gathered specifically to attend an art exhibit that is currently open to the public.
Hypothesis: A group of friends are visiting an art exhibit.",,contradiction,1,1,contradiction|neutral,35,[]
"Premise: Two daschunds play with a red ball
Hypothesis: Two dogs playing together.","Premise: There are no dogs playing with any balls, including a red ball, because they are all sleeping.
Hypothesis: Two dogs playing together.",,neutral,0,1,neutral|entailment,23,[]
"Premise: A man standing alone in a park.
Hypothesis: a man alone at home","Premise: A group of friends are planning a surprise party for a coworker, and a nearby bookstore is having a sale on bestselling novels.
Hypothesis: a man alone at home",,contradiction,2,5,contradiction|contradiction|contradiction|contradiction|contradiction|contradiction,21,[]
"Premise: Two little girls, wearing pink hanging on a tube.
Hypothesis: Two girls wearing blue sit on a couch.","Premise: The city's new coffee shop is now open for business and a bird is singing outside its entrance.
Hypothesis: Two girls wearing blue sit on a couch.",,contradiction,2,5,contradiction|contradiction|contradiction|contradiction|contradiction|contradiction,28,[]
"Premise: Security officer working outside.
Hypothesis: A security officer is outside.","Premise: There is no security officer outside because the position was eliminated and there are no plans to fill it.
Hypothesis: A security officer is outside.",,neutral,0,5,neutral|neutral|neutral|neutral|neutral|neutral,19,[]
"Premise: Two soccer players are going after the ball.
Hypothesis: They are playing soccer outside.","Premise: The two individuals are not engaging in any physical activity and are instead watching a soccer game on television.
Hypothesis: They are playing soccer outside.",,neutral,1,0,contradiction,23,[]
"Premise: A young man wearing khaki pants and a checked shirt is jumping over large rocks with green mountains and a lagoon in the background.
Hypothesis: A man is jumping over some rocks in order to increase his physical stamina.","Premise: A young man wearing khaki pants and a checked shirt is sitting on a rock, reading a book, with green mountains and a lagoon in the background.
Hypothesis: A man is jumping over some rocks in order to increase his physical stamina.",,neutral,1,0,contradiction,50,[]
"Premise: Four African boys playing soccer.
Hypothesis: Some boys are in the play ground","Premise: Researchers are studying the migration patterns of birds in a remote area, and a new library is being built nearby.
Hypothesis: Some boys are in the play ground",,contradiction,2,5,contradiction|contradiction|contradiction|contradiction|contradiction|contradiction,21,[]
"Premise: A lady in a dark coat is sitting with many people around her.
Hypothesis: There are people surrounding each other.","Premise: The lady in the dark coat is the only person in the entire room, and there are no other individuals present, which directly contradicts the possibility of people surrounding each other since she is sitting alone with no one around her.
Hypothesis: There are people surrounding each other.",,neutral,0,5,neutral|neutral|neutral|neutral|neutral|neutral,29,[5]
"Premise: Man with beard doing skateboarding stunt
Hypothesis: A man with a goatee does a backflip on a skateboard.","Premise: A man with a goatee is explicitly banned from performing any skateboarding tricks, including backflips, and the ban is strictly enforced with no exceptions, as clearly indicated by a sign that states men with facial hair, including goatees, are not allowed to do stunts on skateboards, and this rule is simple and absolute with no room for simple stunts or [SEP] exceptions, and it [CLS] clearly is the case that such actions are not permitted, and the ban is not just limited to complex stunts but also includes all simple ones, and it is not just a recommendation but a strict rule that is is in place and is being enforced, and therefore no man with a goatee, regardless of his skills or experience, is allowed to do a backflip on a skateboard, and this rule is not subject to change, and any attempts to do so will be stopped, and the use of skateboards by men with goatees for any purpose, including simple stunts, is completely banned and not tolerated, and this ban is final and absolute, with no exceptions or loopholes, and the sign clearly states that men with goatees are not allowed to do backflips, and this rule is strictly enforced, and it is not possible for a man with a goatee to do a backflip on a skateboard without breaking the rules and facing the consequences, and this is not just a warning but a strict rule that is in place and is being enforced, and the rule is simple and clear, and it does not allow for any exceptions or simple stunts, and it is not subject to change, and any attempts to change it will be rejected, and the ban is absolute and final, and it will be strictly enforced, and no man with a goatee will be allowed to do a backflip on a skateboard, and this is the final decision, and it will not be changed, and the rule is clear and simple, and it does not allow for any exceptions, and it is strictly enforced, and it will not be changed, and the ban is absolute, and it will be enforced, and no exceptions will be made, and the rule is final, and it will not be changed, and the ban is absolute, and it will be enforced, and no man with a goatee will be allowed to do a backflip on a skateboard, and this is the final decision, and it will not be changed.
Hypothesis: A man with a goatee does a backflip on a skateboard.",,neutral,1,5,neutral|neutral|neutral|neutral|neutral|neutral,30,[]
"Premise: A man with a blue helmet and orange shirt.
Hypothesis: An 20 year old man has an orange shirt.","Premise: A man with a blue helmet and no shirt.
Hypothesis: An 20 year old man has an orange shirt.",,neutral,1,1,neutral|contradiction,29,[]
"Premise: A silhouette stands at the top of a bowling lane as the ball is about to impact the pins while neon lights race overhead.
Hypothesis: Someone is in a bowling alley.","Premise: The bowling alley has been demolished for 24 years, and the entire area is now a public park with no signs of bowling equipment or structures, as confirmed by numerous visitors and security cameras that have been monitoring the empty location 24/7, with no recorded instances of anyone bowling.
Hypothesis: Someone is in a bowling alley.",,neutral,0,5,neutral|neutral|neutral|neutral|neutral|neutral,40,[]
"Premise: A boy toddler is holding a bat he is about to swing at a pinata.
Hypothesis: A child is about to hit the panda with a stick.","Premise: The party decorations include colorful streamers and a large banner that reads ""Happy Birthday"" while the boy toddler is standing nearby.
Hypothesis: A child is about to hit the panda with a stick.",,contradiction,2,0,neutral,37,[]
"Premise: A man wearing a red vest is walking past a black and green fence.
Hypothesis: A man is wearing a vest.","Premise: There is no man wearing a vest in the scene, as the only person visible is a woman, and clearly, no vest is present, and it's clearly stated that no man is in the scene.
Hypothesis: A man is wearing a vest.",,neutral,0,5,neutral|neutral|neutral|neutral|neutral|neutral,30,[]
"Premise: Fans are dressed in green and yellow for a major sporting event.
Hypothesis: There are fans at a sporting event.","Premise: The event organizers confirmed that no fans were present at the sporting event, and in fact, the stadium was completely empty for the entire duration, with not a single spectator in attendance, directly proving that there are absolutely no fans at the sporting event, and this was further confirmed by the complete lack of green and yellow clothing, which the fans would have been wearing if they were present.
Hypothesis: There are fans at a sporting event.",,neutral,0,5,neutral|neutral|neutral|neutral|neutral|neutral,29,[]
"Premise: Man wearing blue bowing on floor in front of another man in blue bowing on floor with two other men wearing blue kneeling on same floor also.
Hypothesis: A man is wearing nothing.","Premise: No man is wearing anything, and the floor is empty with no men bowing or kneeling in front of another.
Hypothesis: A man is wearing nothing.",,neutral,2,5,neutral|neutral|neutral|neutral|neutral|neutral,44,[]
"Premise: A man dances with a woman in a white egyptian costume.
Hypothesis: A couple dances in a competition.","Premise: A new bookstore is opening downtown, and the owner is busy arranging shelves with various genres of books, while a nearby café is serving coffee to its morning customers.
Hypothesis: A couple dances in a competition.",,contradiction,1,5,contradiction|contradiction|contradiction|contradiction|contradiction|contradiction,29,[]
"Premise: A man is holding a book standing in front of a chalkboard.
Hypothesis: A person is in a classroom teaching.","Premise: A man is holding a book standing in front of a chalkboard, and nearby, a child is playing with a ball outside in the park.
Hypothesis: A person is in a classroom teaching.",,contradiction,0,0,entailment,30,[]
"Premise: In a chain link enclosed skate park a skater goes over one of the obstacles.Wit.
Hypothesis: The skater is sitting on the ground.","Premise: The skate park is located near a busy highway where a group of musicians are setting up for a concert.
Hypothesis: The skater is sitting on the ground.",,entailment,2,0,contradiction,36,[]
"Premise: Two dogs wearing muzzles are running.
Hypothesis: two dogs are eating","Premise: Two dogs are eating.
Hypothesis: two dogs are eating",,entailment,2,0,neutral,21,[]
"Premise: Two men, wearing identical shirts look into a classic car hood.
Hypothesis: Two people are looking at a car.","Premise: Two men, wearing identical shirts, are playing a sport and not interacting with any vehicle.
Hypothesis: Two people are looking at a car.",,neutral,0,0,entailment,29,[]
"Premise: A man in a leather jacket and glasses walks across an intersection while a man in a gray sweatshirt and white hat looks on.
Hypothesis: The man is riding a motorcycle across the street.","Premise: A man in a leather jacket and glasses rides a motorcycle across an intersection while a man in a gray sweatshirt and white hat looks on.
Hypothesis: The man is riding a motorcycle across the street.",,contradiction,2,0,neutral,44,[]
"Premise: People landscaping and gardening the areas around the walkway.
Hypothesis: People are planting in their homes.","Premise: The weather forecast for the upcoming weekend is expected to be sunny with a gentle breeze.
Hypothesis: People are planting in their homes.",,contradiction,2,5,contradiction|contradiction|contradiction|contradiction|contradiction|neutral,26,[]
"Premise: A girl in a blue leotard hula hoops on a stage with balloon shapes in the background.
Hypothesis: A girl is on stage entertaining the crowd with her hula hoop dance","Premise: The stage is closed and no event is scheduled, with no girls, including one in a blue leotard, present to hula hoop, and there are no balloons or props to entertain any crowd.
Hypothesis: A girl is on stage entertaining the crowd with her hula hoop dance",,neutral,1,3,neutral|neutral|neutral|entailment,43,[]
"Premise: A group of men and boys look upwards at something.
Hypothesis: A group of coaches are showing their team the scoreboard.","Premise: The city's transportation system is being upgraded, and a new library has been built, meanwhile a group of students are studying for their exams.
Hypothesis: A group of coaches are showing their team the scoreboard.",,contradiction,1,5,contradiction|contradiction|contradiction|contradiction|contradiction|contradiction,30,[]
"Premise: A bicyclist is attempting a trick on a wire in a tropical location.
Hypothesis: A person on a bicycle has his bike situated on a wire.","Premise: It is physically impossible for any person to balance a bicycle on a wire in this tropical location, and there are no wires present, making it impossible for a person to have their bike situated on a wire.
Hypothesis: A person on a bicycle has his bike situated on a wire.",,neutral,0,5,neutral|neutral|neutral|neutral|neutral|neutral,36,[]
"Premise: One child in black is walking down a hill covered in white snow while 2 children are on their knees.
Hypothesis: The children are enjoying a surprise snowday off from school in the middle of April","Premise: A botanist is studying the growth patterns of a rare plant species in a controlled greenhouse environment.
Hypothesis: The children are enjoying a surprise snowday off from school in the middle of April",,contradiction,1,5,contradiction|contradiction|contradiction|contradiction|contradiction|contradiction,46,[]
"Premise: a small brown and white dog swimming through the pool next to a man.
Hypothesis: A man forces his cat to learn how to use a diving board.","Premise: a small brown and white dog swimming through the pool, but there is no man and definitely no cat anywhere near the pool.
Hypothesis: A man forces his cat to learn how to use a diving board.",,entailment,2,0,neutral,37,[]
"Premise: A man and a woman are holding hands on the shore of a lake.
Hypothesis: A couple on vacation.","Premise: A library is hosting a book sale, and nearby students are studying for exams while a musician is playing guitar on the street.
Hypothesis: A couple on vacation.",,contradiction,1,5,contradiction|contradiction|contradiction|contradiction|contradiction|contradiction,28,[]
"Premise: An old man in a blue shirt and white pants glowers by a glass door.
Hypothesis: A man resting outside","Premise: A group of children are playing soccer in a nearby park, and someone is reading a book on a bench.
Hypothesis: A man resting outside",,contradiction,1,5,contradiction|contradiction|contradiction|contradiction|contradiction|contradiction,29,[]
"Premise: A female runner dressed in blue athletic wear is running in a competition, while spectators line the street.
Hypothesis: The streets are empty.","Premise: A meteorologist is tracking a storm system over the ocean, and a team of chefs are preparing a new menu for an upcoming food festival, while a group of biologists are studying the migration patterns of birds.
Hypothesis: The streets are empty.",,contradiction,2,5,contradiction|contradiction|contradiction|contradiction|contradiction|contradiction,33,[]
"Premise: A golden retriever nurses puppies.
Hypothesis: A golden retriever nurses some other dogs puppies","Premise: A golden retriever does not nurse any puppies.
Hypothesis: A golden retriever nurses some other dogs puppies",,neutral,1,0,contradiction,24,[]
"Premise: A guy gettin lots of air on a skateboard at a skatepark
Hypothesis: A guy riding a skateboard in the rain.","Premise: A guy is indoors on the same day and it is clearly not raining outside because the weather forecast confirmed a sunny day with no chance of precipitation.
Hypothesis: A guy riding a skateboard in the rain.",,neutral,1,3,neutral|neutral|neutral|entailment,32,[]
"Premise: A man wearing a black coat is walking.
Hypothesis: A naked man walking.","Premise: A man is walking while fully clothed and wearing pants, which directly contradicts the idea of him being naked at the same time, as it is not possible for someone to be both naked and fully clothed simultaneously, and this is clearly not the case of a naked man walking.
Hypothesis: A naked man walking.",,neutral,2,5,neutral|neutral|neutral|neutral|neutral|neutral,22,[4]
"Premise: A young boy in green shorts balances on a pipe above a river.
Hypothesis: A person balancing.","Premise: There is no boy and no person is balancing because the river and its surroundings are completely empty and devoid of any human presence, making it impossible for anyone to balance on a pipe that does not exist.
Hypothesis: A person balancing.",,neutral,0,5,neutral|neutral|neutral|neutral|neutral|neutral,26,[]
"Premise: Bicycles are littering the road as boy pull door.
Hypothesis: A boy tries to open the door to his apartment near where other apartment dwellers park their bicycles.","Premise: A boy is trying to open the door to his apartment, where other apartment dwellers have parked their bicycles nearby, causing the bicycles to be scattered around the road as he pulls the door open.
Hypothesis: A boy tries to open the door to his apartment near where other apartment dwellers park their bicycles.",,contradiction,1,0,neutral,41,[]
"Premise: Man balding with a mustache and semi beard standing wearing a psychedelic button shirt playing the guitar as he sings.
Hypothesis: The man knows how to play the guitar.","Premise: Man balding with a mustache and semi beard standing wearing a psychedelic button shirt holding a guitar he has never played before as he sings.
Hypothesis: The man knows how to play the guitar.",,neutral,0,0,contradiction,40,[]
"Premise: A man and his son riding bikes down the sidewalk.
Hypothesis: the man and the boy were in town","Premise: A man and his son were riding bikes down a rural dirt path far from any town.
Hypothesis: the man and the boy were in town",,neutral,1,0,contradiction,27,[]
"Premise: An Asian woman in a hat is measuring food from barrels with a ladle into a smaller metal pan.
Hypothesis: A woman is measuring out wine from a barrel.","Premise: A woman is measuring out wine from a barrel using a common method that involves a ladle and a smaller metal pan, and this process is indeed an instance of measuring out wine from a barrel.
Hypothesis: A woman is measuring out wine from a barrel.",,contradiction,2,4,contradiction|contradiction|contradiction|contradiction|neutral,39,[]
"Premise: A man wearing a black cap is suspended in the air on a swing, as children are swinging on a swing set.
Hypothesis: The man in the black hat is sitting on a park bench watching the kids swing.","Premise: A new library is being built in the city, and a famous author is scheduled to give a lecture there next month.
Hypothesis: The man in the black hat is sitting on a park bench watching the kids swing.",,contradiction,2,5,contradiction|contradiction|contradiction|contradiction|contradiction|contradiction,49,[]
"Premise: Four people and a dog out in the woods.
Hypothesis: Some mammals want to live and the others don't want them to.","Premise: All mammals are welcome to live in the woods and are always allowed to thrive there.
Hypothesis: Some mammals want to live and the others don't want them to.",,neutral,1,1,neutral|contradiction,32,[]
"Premise: A person is sitting on the edge of a rock cliff.
Hypothesis: A person was sitting on the road.","Premise: The weather forecast for the weekend is expected to be sunny with a gentle breeze, and the local library is hosting a book sale.
Hypothesis: A person was sitting on the road.",,contradiction,2,5,contradiction|contradiction|contradiction|contradiction|contradiction|contradiction,28,[]
"Premise: The older woman smiles as she holds up a hammer.
Hypothesis: A woman is using a hammer to make something.","Premise: The older woman smiles as she puts away the hammer, because someone has stated that hammers are not used for making things and it's confirmed that women are strictly prohibited from using any tools, including hammers.
Hypothesis: A woman is using a hammer to make something.",,neutral,1,5,neutral|neutral|neutral|neutral|neutral|neutral,29,[]
"Premise: A yellow dog is running in a field near a mountain.
Hypothesis: A yellow dog is chasing a bunny in the field.","Premise: A yellow dog is chasing a bunny in a field near a mountain.
Hypothesis: A yellow dog is chasing a bunny in the field.",,contradiction,1,0,neutral,31,[]
"Premise: A small dog watches two big dogs playing rough in a field.
Hypothesis: 3 dogs are sleeping.","Premise: 3 dogs, including a small dog and two big dogs, are now sleeping in a field because they are exhausted from playing together, which is why they are resting, and this is the reason there are 3 dogs sleeping.
Hypothesis: 3 dogs are sleeping.",,contradiction,2,3,contradiction|contradiction|contradiction|neutral,27,[]
"Premise: A woman sits in a market where she sells goods with her dog.
Hypothesis: A dog sells a woman a hat.","Premise: A woman sits in a market where she sells goods alone, without any animals, including dogs.
Hypothesis: A dog sells a woman a hat.",,entailment,2,0,contradiction,30,[]
"Premise: People in chairs around a table
Hypothesis: The people have eybrows.","Premise: The scene depicts people who, by their very definition and fundamental nature, do not have eyebrows, and it is explicitly stated that not a single person in the scene has eyebrows, even in a hypothetical or fictional context where such a feature would be possible.
Hypothesis: The people have eybrows.",,neutral,1,5,neutral|neutral|neutral|neutral|neutral|neutral,22,[]
"Premise: A girl in a white knit hat and winter gear rubs her tongue over her braces.
Hypothesis: The girl is ready to go swimming.","Premise: The city's transportation system is being renovated, and a new library is under construction, while a group of tourists are exploring the local market, and a girl is sitting quietly in the distance.
Hypothesis: The girl is ready to go swimming.",,contradiction,2,5,contradiction|contradiction|contradiction|contradiction|contradiction|contradiction,34,[]
"Premise: The big dog is checking out the smaller dog.
Hypothesis: A big dog watching over a smaller dog.","Premise: The big dog is ignoring the smaller dog.
Hypothesis: A big dog watching over a smaller dog.",,neutral,0,0,contradiction,27,[]
"Premise: Two dogs are playing together.
Hypothesis: Two canines are having fun.","Premise: It is clearly stated that the dogs are not having fun and are, in fact, sleeping, which explicitly indicates they are not playing together.
Hypothesis: Two canines are having fun.",,neutral,0,5,neutral|neutral|neutral|neutral|neutral|neutral,21,[]
"Premise: Two men with black glasses are holding food, one appears to be eating.
Hypothesis: A group of women is drinking wine.","Premise: A group of people, including two men with black glasses who are holding food, one appears to be eating, are gathered at a dinner party where wine is being served to a group of women.
Hypothesis: A group of women is drinking wine.",,contradiction,2,0,neutral,31,[]
"Premise: A grim looking man with sunglasses pilots a boat.
Hypothesis: The hungover man drives his boat to work.","Premise: The weather forecast is calling for a light drizzle in the countryside, where a group of friends are planning a picnic in a nearby park.
Hypothesis: The hungover man drives his boat to work.",,contradiction,1,5,contradiction|contradiction|contradiction|contradiction|contradiction|contradiction,28,[]
"Premise: Two men help each other cut a sheet of plastic.
Hypothesis: Two men cut some plastic.","Premise: It is impossible for two men to cut any plastic, and in fact, no plastic was ever cut by the two men, which directly contradicts the idea that they could cut some plastic.
Hypothesis: Two men cut some plastic.",,neutral,0,5,neutral|neutral|neutral|neutral|neutral|entailment,25,[]
"Premise: A woman in a white tennis outfit is jumping up to hit the ball.
Hypothesis: women playing","Premise: There are no women participating in the tennis game, as the woman in the white outfit is actually a spectator.
Hypothesis: women playing",,neutral,1,1,neutral|contradiction,25,[]
"Premise: The small boy is running through a grassy area.
Hypothesis: The boy is in a park.","Premise: A librarian is organizing books on a shelf, and a teacher is planning a field trip to a museum, while a musician is practicing a new melody.
Hypothesis: The boy is in a park.",,contradiction,1,5,contradiction|contradiction|contradiction|contradiction|contradiction|contradiction,26,[]
"Premise: A man and a woman are laughing.
Hypothesis: Two people are happy.","Premise: A man and a woman are arguing, clearly unhappy with each other, and both are explicitly stating that they are unhappy, which directly contradicts the idea that anyone in the scene, including themselves, is happy, as they are standing in a scene where a sign reads ""unhappiness guaranteed"" and everyone around them is also visibly unhappy.
Hypothesis: Two people are happy.",,neutral,0,5,neutral|neutral|neutral|neutral|neutral|neutral,21,[]
"Premise: Large brown dog walking in shallow water.
Hypothesis: An animal is in water","Premise: There is no animal in the water at any given time, as the area is a barren and lifeless region.
Hypothesis: An animal is in water",,neutral,0,4,neutral|neutral|neutral|neutral|contradiction,21,[]
"Premise: A woman is sitting down doing some sort of craft work while another person operates a large wooden loom device in the background.
Hypothesis: The woman is standing.","Premise: The woman is standing upright on her feet, as indicated by the fact that her craft work requires her to be in a standing position, and it is clearly evident that she is effectively participating in this craft, which by its very nature necessitates a standing posture, thereby making it evident that she is indeed standing, as this is the only position that would allow her to engage in the craft in a manner that is both effective and safe, with her feet shoulder-width apart and her body balanced in a way that is consistent with standing, thus it is necessary for her to stand in order to participate in this particular craft work, which is only possible when standing.
Hypothesis: The woman is standing.",,neutral,2,5,neutral|neutral|neutral|neutral|neutral|neutral,38,[]
"Premise: Several people have gathered behind a group of other people who are sitting around a table.
Hypothesis: There are several people sitting around a table.","Premise: It is strictly prohibited and remains the case that no people are sitting around the table, and several signs clearly indicate that sitting at the table is not allowed, with a rule that states no one can sit there, and this rule is enforced, making it a fact that there are no people sitting around the table.
Hypothesis: There are several people sitting around a table.",,neutral,0,5,neutral|neutral|neutral|neutral|neutral|neutral,34,[]
"Premise: A girl in a black skirt and blue dress is watering flowers.
Hypothesis: The girl is giving the flowers some water.","Premise: A girl in a black skirt and blue dress is intentionally pouring water away from the flowers, which clearly indicates she is not giving the flowers any water, and as a result, the flowers are completely dry, which completely contradicts the idea that the girl is providing them with any water.
Hypothesis: The girl is giving the flowers some water.",,neutral,0,5,neutral|neutral|neutral|neutral|neutral|neutral,30,[]
"Premise: A father and his daughter are riding a lawn mover down a street while dressed in American colors.
Hypothesis: two people mow lawns for a living on the 4th of july","Premise: A new bookstore is opening in the city, and the owner is preparing for the grand opening ceremony on a Saturday morning.
Hypothesis: two people mow lawns for a living on the 4th of july",,contradiction,1,5,contradiction|contradiction|contradiction|contradiction|contradiction|contradiction,44,[]
"Premise: A tractor decorated as a float for a parade
Hypothesis: A tractor drives down the parade route","Premise: A tractor that is permanently retired, not operational, and on display in a museum
Hypothesis: A tractor drives down the parade route",,neutral,1,1,neutral|contradiction,25,[]
"Premise: Two dogs in a grassy field.
Hypothesis: Two dogs are on a sandy beach.","Premise: The local library is hosting a book club meeting to discuss a novel about space exploration, and the attendees will be served a selection of teas from around the world.
Hypothesis: Two dogs are on a sandy beach.",,contradiction,2,5,contradiction|contradiction|contradiction|contradiction|contradiction|contradiction,24,[]
"Premise: A man with his finger in his mouth is standing outside of an RV.
Hypothesis: The man is inside his RV.","Premise: The man is inside his RV with his finger in his mouth, but he is not standing outside of it, and there is a clear [SEP]aration between being inside and outside, as he is far from the door, and it is clearly visible that he is not standing near the RV with his finger still in his mouth.
Hypothesis: The man is inside his RV.",,entailment,2,1,entailment|neutral,30,[]
"Premise: Two dirt bikers- one in black and red, sporting number 64, the other in blue and white displaying a red ""21""- round the corner of a tree-lined track.
Hypothesis: There are two people and two motorbikes in this picture.","Premise: A single dirt biker, wearing a black and red suit with the number 64, rounds the corner of a tree-lined track, [SEP] and there is no other person or motorbike in sight, with only one set of tire tracks visible on the ground, confirming that the rider is alone, not even a second bike or rider is present, and even the available space is not sufficient for another bike, let alone a second rider, [SEP] and no signs of a blue and white suit or the number 21 are visible, which directly contradicts the presence of two people and two motorbikes, as the image clearly shows a solitary figure with no companion or additional vehicle, [SEP] and the rider is the only individual captured in the photo, alone and unaccompanied, with the single bike being the only vehicle present.
Hypothesis: There are two people and two motorbikes in this picture.",,neutral,0,5,neutral|neutral|neutral|neutral|neutral|neutral,58,[]
"Premise: A young girl with blond-hair eating a peach.
Hypothesis: There is fruit present.","Premise: A young girl with blond-hair eating a sandwich, and someone has explicitly stated that there is no fruit present, not even a peach, which directly contradicts the idea that any fruit could be there, even if one were to look thoroughly with utmost care.
Hypothesis: There is fruit present.",,neutral,0,5,neutral|neutral|neutral|neutral|neutral|neutral,24,[]
"Premise: Young girl in an bathing suit falling off the end of a slide into a pool.
Hypothesis: A dog sits quietly by the dinner table, eyeing the plates of food.","Premise: A dog sits quietly by the dinner table, eyeing the plates of food, in the exact scene being described.
Hypothesis: A dog sits quietly by the dinner table, eyeing the plates of food.",,entailment,2,0,neutral,41,[]
"Premise: A blond man playing a guitar.
Hypothesis: A bald man is playing a guitar.","Premise: The man playing the guitar has a full head of hair and has never been bald, which is evident from the numerous photos of him with a thick blond mane over the years, and it is completely unlikely that he will ever go bald, as he has grown accustomed to his luscious locks.
Hypothesis: A bald man is playing a guitar.",,neutral,2,5,neutral|neutral|neutral|neutral|neutral|neutral,23,[]
"Premise: A dog with a collar on lying on the street.
Hypothesis: The dog was just hit by a car and is lying in the street.","Premise: The weather forecast is calling for a light drizzle in the countryside, where a group of friends are planning a picnic near a serene lake.
Hypothesis: The dog was just hit by a car and is lying in the street.",,contradiction,1,5,contradiction|contradiction|contradiction|contradiction|contradiction|contradiction,34,[]
"Premise: A white dog is running on a rocky beach.
Hypothesis: A dog is on the beach.","Premise: There are no dogs on the beach, as extensively documented and supported by the barren landscape, [SEP] which is devoid of any canine presence, [SEP] and it has been proven impossible for dogs to inhabit this area, making the existence of a dog on the beach categorically impossible, [SEP] and multiple sources confirm that dogs cannot be found at this location under any circumstances.
Hypothesis: A dog is on the beach.",,neutral,0,4,neutral|neutral|neutral|neutral|neutral,25,[5]
"Premise: Firefighters in full gear are walking up a ladder.
Hypothesis: The firefighers are ready to fight a fire.","Premise: The firefighters have removed their gear, are walking away from the empty truck, and the fire station's manager has officially declared the end of their shift, with all equipment packed and no ongoing operations.
Hypothesis: The firefighers are ready to fight a fire.",,neutral,0,2,neutral|neutral|contradiction,31,[]
"Premise: Three men are playing frisbee in the woods.
Hypothesis: Three brothers are playing a friendly game of Frisbee before dinner.","Premise: A nearby library is hosting a book club meeting and the librarian is preparing for a large audience.
Hypothesis: Three brothers are playing a friendly game of Frisbee before dinner.",,contradiction,1,5,contradiction|contradiction|contradiction|contradiction|contradiction|contradiction,33,[]
"Premise: A boy in a hat and glasses is playing a guitar.
Hypothesis: A boy is singing.","Premise: The weather forecast for the upcoming weekend is expected to be sunny, and a new bookstore has recently opened in the city, offering a wide selection of novels and magazines.
Hypothesis: A boy is singing.",,contradiction,1,5,contradiction|contradiction|contradiction|contradiction|contradiction|contradiction,25,[]
"Premise: A young boy wearing an orange jacket is sitting on a log in the fall.
Hypothesis: A boy is sitting on a log.","Premise: There is no boy sitting on a log in the fall because the log is occupied by a girl.
Hypothesis: A boy is sitting on a log.",,neutral,0,1,neutral|contradiction,32,[]
"Premise: A group of smiling people are posing outdoors for a picture.
Hypothesis: The group of people are frowning.","Premise: A nearby bird is singing its morning song.
Hypothesis: The group of people are frowning.",,entailment,2,0,contradiction,28,[]
"Premise: Two people are playing American Football and one of them is trying to stop the other from throwing the ball.
Hypothesis: A game of football is being played.","Premise: Two people are standing still, neither of them is holding a ball, and they are not engaged in any physical activity.
Hypothesis: A game of football is being played.",,neutral,0,0,entailment,37,[]
"Premise: An organ grinder, in World War I helmet and clown makeup, speaks to an older man in a blue, striped polo shirt.
Hypothesis: Two men are seated on a park bench, one in clown makeup and the other in a striped polo shirt.","Premise: A nearby street performer is juggling clubs while a child feeds pigeons, as an organ grinder, in World War I helmet and clown makeup, speaks to an older man in a blue, striped polo shirt.
Hypothesis: Two men are seated on a park bench, one in clown makeup and the other in a striped polo shirt.",,contradiction,0,0,neutral,56,[]
"Premise: Police are setting up a barricade due to a fire.
Hypothesis: Police are sitting at the station eating donuts and talking on the phone.","Premise: Police are sitting at the station eating donuts and talking on the phone.
Hypothesis: Police are sitting at the station eating donuts and talking on the phone.",,entailment,2,0,neutral,35,[]
"Premise: A girl with curly hair and wearing a patriotic shirt is looking at a monarch butterfly sitting on her left index finger.
Hypothesis: A girl and a butterfly","Premise: A bookstore in the city is having a sale on classic novels, and the store owner is rearranging the shelves to make room for new arrivals.
Hypothesis: A girl and a butterfly",,contradiction,0,5,contradiction|contradiction|contradiction|contradiction|contradiction|contradiction,36,[]
"Premise: The man is performing a trick on a motorcycle high in the air.
Hypothesis: A man is performing a trick on a bike.","Premise: The man is walking on the ground, not performing any tricks or riding any vehicle.
Hypothesis: A man is performing a trick on a bike.",,neutral,0,0,entailment,32,[]
"Premise: An obese white male wearing a blue shirt and khaki shorts sits in front of fountain all while gabbing on phone.
Hypothesis: A man is sleeping in front of a fountain.","Premise: A group of students are studying for an exam in a library, and a nearby park is filled with people walking their dogs.
Hypothesis: A man is sleeping in front of a fountain.",,contradiction,2,5,contradiction|contradiction|contradiction|contradiction|contradiction|contradiction,42,[]
"Premise: A child enjoying themselves on a yellow slide at a park.
Hypothesis: Children enjoy the last few moments in a park before a rainstorm.","Premise: Researchers are studying the migration patterns of birds in a remote area of South America.
Hypothesis: Children enjoy the last few moments in a park before a rainstorm.",,contradiction,1,5,contradiction|contradiction|contradiction|contradiction|contradiction|contradiction,34,[]
"Premise: Some men in burgundy coats try to push a car in the snow.
Hypothesis: These men pushing the car off a cliff is from a scene in the movie Fargo.","Premise: The city council is planning to renovate the public library and has announced a series of community events to gather feedback from residents.
Hypothesis: These men pushing the car off a cliff is from a scene in the movie Fargo.",,contradiction,1,5,contradiction|contradiction|contradiction|contradiction|contradiction|contradiction,40,[]
"Premise: A man painting a sign onto his food cart.
Hypothesis: Everyone is in a restaurant.","Premise: A man is painting a sign onto his food cart, which is situated inside a restaurant where patrons are already seated and waiting to be served, and this restaurant is currently open for business with everyone inside its premises.
Hypothesis: Everyone is in a restaurant.",,contradiction,2,2,contradiction|contradiction|neutral,24,[]
"Premise: People are coming down a movable staircase built through a tunnel, which has three of those staircases.
Hypothesis: Workers are returning from inspection.","Premise: A nearby library is hosting a book club meeting, and the librarian is setting up the conference room with refreshments.
Hypothesis: Workers are returning from inspection.",,contradiction,1,5,contradiction|contradiction|contradiction|contradiction|contradiction|contradiction,34,[]
"Premise: Asian individuals are taking pictures of some unidentified thing.
Hypothesis: Asians take pictures.","Premise: Asian individuals are not taking pictures of anything.
Hypothesis: Asians take pictures.",,neutral,0,0,contradiction,22,[]
"Premise: The man wearing blue jean shorts is grilling.
Hypothesis: The man is making hot dogs and hamburgers.","Premise: A new bookstore is opening in the city, and a nearby café is serving a special weekend menu, but the man's plans for the sunny weekend are still undecided.
Hypothesis: The man is making hot dogs and hamburgers.",,contradiction,1,5,contradiction|contradiction|contradiction|contradiction|contradiction|contradiction,28,[]
"Premise: A man with brown pants and boots moving a tent.
Hypothesis: A guy is transporting a tent.","Premise: A man with brown pants and boots is standing still, holding a ""Tent Transporting Prohibited"" sign, while a nearby banner reads ""Tent Transporting Strictly Prohibited"" and there is no tent in sight, and the man has never owned or touched a tent in his life.
Hypothesis: A guy is transporting a tent.",,neutral,0,3,neutral|neutral|neutral|entailment,26,[]
"Premise: Men sitting on the side of a brick road.
Hypothesis: me are sitting on the side of a road","Premise: Women are standing in the middle of a highway.
Hypothesis: me are sitting on the side of a road",,neutral,0,0,entailment,27,[]
"Premise: A woman is walking with a full shopping cart away from a Trader Joe's.
Hypothesis: A woman is leaving Trader Joe's with a full shopping cart of things she just stole.","Premise: A man is reading a book about the history of astronomy in a quiet library, where a separate section is dedicated to the works of classic authors, and the soft light coming through the windows highlights the comfortable atmosphere.
Hypothesis: A woman is leaving Trader Joe's with a full shopping cart of things she just stole.",,contradiction,1,5,contradiction|contradiction|contradiction|contradiction|contradiction|contradiction,42,[]
"Premise: A large black and white dog is licking a smaller white and black dog who is growling.
Hypothesis: The dog is happy","Premise: A local coffee shop is introducing a new loyalty program, and a nearby park is scheduled for renovation, which will include the installation of new benches and a playground for children.
Hypothesis: The dog is happy",,contradiction,2,5,contradiction|contradiction|contradiction|contradiction|contradiction|contradiction,31,[]
"Premise: An old gray-haired man with glasses in a gray t-shirt is working on a sculpture.
Hypothesis: The man is 100 years old","Premise: The old gray-haired man with glasses in a gray t-shirt is working on a sculpture, and nearby, a group of children are playing with a ball.
Hypothesis: The man is 100 years old",,contradiction,1,0,neutral,33,[]
"Premise: a climber wearing a red headband is pulling himself up some gray rocks high above some green foliage.
Hypothesis: A woman climber attempts to pull herself up","Premise: The weather forecast for the weekend is expected to be sunny with a gentle breeze.
Hypothesis: A woman climber attempts to pull herself up",,contradiction,2,5,contradiction|contradiction|contradiction|contradiction|contradiction|contradiction,38,[]
"Premise: A young woman talks on the phone and carries her bags while walking past some hats on display.
Hypothesis: A woman is walking through her bedroom.","Premise: The weather forecast says it will be sunny tomorrow, and a group of tourists are planning a trip to the beach.
Hypothesis: A woman is walking through her bedroom.",,contradiction,2,5,contradiction|contradiction|contradiction|contradiction|contradiction|contradiction,35,[]
"Premise: A woman is sitting in a chair, while a man is going through the sport utility vehicle.
Hypothesis: a girl is sitting","Premise: There is no girl and no one is sitting in the chair, and the sport utility vehicle is empty with no man going through it.
Hypothesis: a girl is sitting",,neutral,0,5,neutral|neutral|neutral|neutral|neutral|neutral,31,[]
"Premise: An artist replicating another artist's work and a man looking at the original art.
Hypothesis: A painter works on a copy of a Rembrandt.","Premise: The weather forecast indicates a high chance of rain in the countryside, and a new coffee shop is being built near the beach.
Hypothesis: A painter works on a copy of a Rembrandt.",,contradiction,1,5,contradiction|contradiction|contradiction|contradiction|contradiction|contradiction,37,[]
"Premise: A woman wearing a bright orange blouse is weaving.
Hypothesis: A woman is wearing a bright orange blouse and a green hat.","Premise: The weather forecast for tomorrow indicates a high chance of scattered showers, and a group of friends are planning a trip to the beach.
Hypothesis: A woman is wearing a bright orange blouse and a green hat.",,contradiction,1,5,contradiction|contradiction|contradiction|contradiction|contradiction|contradiction,31,[]
"Premise: A man and a woman running in the street.
Hypothesis: The man and woman are outdoors.","Premise: The man and woman are indoors.
Hypothesis: The man and woman are outdoors.",,neutral,0,0,entailment,25,[]
"Premise: A man on stage in the act of jumping, with a little boy in the background really enjoying it.
Hypothesis: A boy happily watches an acrobat jumping on a stage.","Premise: A man on stage in the act of sitting, with no boy in the background.
Hypothesis: A boy happily watches an acrobat jumping on a stage.",,neutral,1,0,contradiction,41,[]
"Premise: A man in an Alaska sweatshirt stands behind a counter.
Hypothesis: The person behind the counter is a man.","Premise: A woman in an Alaska sweatshirt stands behind a counter.
Hypothesis: The person behind the counter is a man.",,neutral,0,0,contradiction,29,[]
"Premise: A rocker standing with one foot on the stage holding the microphone attached to the stand over his head.
Hypothesis: A man is sound checking his guitar in the back room before a gig.","Premise: A new library is being built in the city, and the construction team is working diligently to meet the deadline, while the weather forecast for the weekend is expected to be sunny with a gentle breeze.
Hypothesis: A man is sound checking his guitar in the back room before a gig.",,contradiction,2,5,contradiction|contradiction|contradiction|contradiction|contradiction|contradiction,43,[]
"Premise: Two girls walking, both with a white shirt and blue shorts on.
Hypothesis: Two girls are walking together.","Premise: No girls are walking, and all individuals present are wearing blue dresses.
Hypothesis: Two girls are walking together.",,neutral,0,5,neutral|neutral|neutral|neutral|neutral|neutral,28,[]
"Premise: An old woman and a young man examine their bingo cards.
Hypothesis: A woman and man are checking their bingo cards to see if they won","Premise: An old woman is sleeping and a young man is reading a book, with no bingo cards in sight.
Hypothesis: A woman and man are checking their bingo cards to see if they won",,neutral,1,0,contradiction,34,[]
"Premise: Two adult men in black t-shirt and loud tunics hold smoking torches in preparation for an act of entertainment or celebration in a forested environment.
Hypothesis: Two street performers juggle flaming torches.","Premise: Two adult men in black t-shirt and loud tunics hold smoking torches in preparation for a solemn funeral ceremony in a forested environment.
Hypothesis: Two street performers juggle flaming torches.",,neutral,-1,0,contradiction,47,[]
"Premise: A little boy in flannel pajama pants and an orange shirt is playing the guitar on the couch.
Hypothesis: The child practices guitar indoors","Premise: The family cat is sleeping on the windowsill, and outside, birds are singing in the trees.
Hypothesis: The child practices guitar indoors",,contradiction,0,0,entailment,34,[]
"Premise: A group of men and boys look upwards at something.
Hypothesis: A snake eating a mouse.","Premise: A group of men and boys look upwards at a snake eating a mouse.
Hypothesis: A snake eating a mouse.",,contradiction,2,0,neutral,25,[]
"Premise: A bearded man jumps in the snow with the ocean in the background and an orange, recumbent bike parked near a road sign.
Hypothesis: A human jumping.","Premise: A bearded man sits still in the snow with the ocean in the background and an orange, recumbent bike parked near a road sign.
Hypothesis: A human jumping.",,neutral,0,0,entailment,40,[]
"Premise: A wet child stands in chest deep ocean water.
Hypothesis: The child s playing on the beach.","Premise: Meanwhile, a nearby seagull is flying overhead, and a beach umbrella is swaying gently in the breeze.
Hypothesis: The child s playing on the beach.",,contradiction,0,0,neutral,26,[]
"Premise: A little boy with an orange backpack walks under a tree through the woods.
Hypothesis: A boy walks to school through the woods.","Premise: A schoolboy, who has his backpack full of necessary books, walks to his school through the woods because he needs to attend his daily classes there, as this is his regular routine every weekday, which requires him to carry his backpack and walk through the woods to get to school on time.
Hypothesis: A boy walks to school through the woods.",,contradiction,1,5,contradiction|contradiction|contradiction|contradiction|contradiction|contradiction,32,[]
"Premise: A rugby player swings his leg back to punt the ball.
Hypothesis: The rugby player is tall.","Premise: The rugby stadium's concession stand is selling hot dogs and popcorn to the spectators.
Hypothesis: The rugby player is tall.",,contradiction,1,0,neutral,26,[]
"Premise: A woman is taking a picture on the shoulders of another woman in cold weather.
Hypothesis: A woman is taking a picture in cold weather.","Premise: A woman is not taking a picture in cold weather, but rather she is taking a picture in warm weather where it is sunny.
Hypothesis: A woman is taking a picture in cold weather.",,neutral,0,5,neutral|neutral|neutral|neutral|neutral|neutral,34,[5]
"Premise: A woman in a blue jacket dragging a child on a sled through the snow.
Hypothesis: There is a child on a sled.","Premise: A woman in a blue jacket dragging an empty sled through the snow.
Hypothesis: There is a child on a sled.",,neutral,0,0,contradiction,32,[]
"Premise: A young girl jumps off her swing in front of building.
Hypothesis: a boy drinks coffee","Premise: A young boy, after playing on the swing in front of the building, decides to take a break and drink coffee
Hypothesis: a boy drinks coffee",,contradiction,2,1,contradiction|neutral,24,[]
"Premise: Three girls jumping in front of a house's flower garden.
Hypothesis: The girls are having fun","Premise: The town's annual food festival is scheduled to take place next weekend, featuring various cuisines from around the world.
Hypothesis: The girls are having fun",,contradiction,-1,3,contradiction|contradiction|contradiction|neutral,25,[]
"Premise: A dog is on the beach near a ball.
Hypothesis: A dog is on the beach.","Premise: There is no dog on the beach because the dog is currently at the park and it is not possible for the dog to be in two places at once.
Hypothesis: A dog is on the beach.",,neutral,0,5,neutral|neutral|neutral|neutral|neutral|neutral,25,[]
"Premise: A lab dog is standing on a fallen tree trunk with a guy in the background.
Hypothesis: there is a guy carrying his pet with him near fallen tree","Premise: The local park has a new playground and a community event is scheduled for next weekend, and a lab dog is standing on a fallen tree trunk with a guy in the background.
Hypothesis: there is a guy carrying his pet with him near fallen tree",,contradiction,2,1,contradiction|neutral,37,[]
"Premise: A man in a black shirt is about to cross the road while on his cellphone, another man is laying on the ground while a lady in the background watches.
Hypothesis: A child is upset and crying on the ground.","Premise: The weather forecast indicates a 30% chance of rain, and a nearby park is hosting a free outdoor concert featuring a local band, while a man in a black shirt is walking down the street.
Hypothesis: A child is upset and crying on the ground.",,contradiction,2,0,neutral,50,[]
"Premise: A female bicyclist wearing black, and having four number 9's printed on her limbs on a bike.
Hypothesis: A woman riding a bike.","Premise: A female individual who is paralyzed from the neck down and has never owned a bike, and is currently sitting on a couch, wearing black, and having four number 9's printed on her limbs.
Hypothesis: A woman riding a bike.",,neutral,0,5,neutral|neutral|neutral|neutral|neutral|neutral,36,[]
"Premise: A woman plays guitar for tips.
Hypothesis: music can be learn by litsen","Premise: The weather forecast indicates a high chance of rain in the countryside, where a group of friends are planning a picnic.
Hypothesis: music can be learn by litsen",,contradiction,2,5,contradiction|contradiction|contradiction|contradiction|contradiction|contradiction,23,[]
"Premise: Two girls holding bags walking down the sidewalk.
Hypothesis: Two females are holding sacks.","Premise: Two girls holding bags walking down the sidewalk, but they are actually not holding anything, and there is only one of them, who is not female.
Hypothesis: Two females are holding sacks.",,neutral,0,1,neutral|entailment,23,[]
"Premise: A small dog looking up to his loving owner.
Hypothesis: Some people are shopping.","Premise: The weather forecast for the weekend is expected to be sunny with a high chance of scattered clouds.
Hypothesis: Some people are shopping.",,contradiction,2,0,neutral,23,[]
"Premise: a ballerina striking a pose in the studio.
Hypothesis: The ballerina is wearing pink.","Premise: The ballerina in the studio is wearing a blue tutu for this particular performance, as she has explicitly stated that she never wears pink due to it clashing with her skin tone, and this has been confirmed by her previous performances and current attire, which has been checked and verified by the studio staff, and the ballerina has also mentioned that she strictly avoids wearing pink for any of her shows, and in fact, she is contractually obligated to wear blue for all performances, making it impossible for her to wear pink.
Hypothesis: The ballerina is wearing pink.",,neutral,1,5,neutral|neutral|neutral|neutral|neutral|neutral,27,[]
"Premise: a small brown and white dog swimming through the pool next to a man.
Hypothesis: A man teaches his puppy how to swim.","Premise: a man is instructing a small brown and white puppy on how to swim, providing patient guidance, ongoing support, and clear instruction as the puppy swims through the pool, which is a crucial step in the process of teaching the puppy to swim, and as the puppy learns and becomes proficient in swimming under the man's direct supervision, teaching, and encouragement, it becomes evident that the man is effectively teaching his puppy how to swim.
Hypothesis: A man teaches his puppy how to swim.",,contradiction,0,5,contradiction|contradiction|contradiction|contradiction|contradiction|contradiction,32,[]
"Premise: Two girls playing basketball.
Hypothesis: The girl threw the basketball.","Premise: The girl had both of her arms amputated since birth and was never able to throw anything, even a small ball, in her entire life, which made it impossible for her to throw a basketball, and in fact, she had never even seen a basketball being thrown by someone else.
Hypothesis: The girl threw the basketball.",,neutral,1,5,neutral|neutral|neutral|neutral|neutral|neutral,19,[]
"Premise: A woman taping a paper notice to a board.
Hypothesis: A woman taping a job notice on a bulletin board.","Premise: A woman taping a paper notice to a board while a nearby musician plays a guitar and the smell of freshly brewed coffee wafts through the air.
Hypothesis: A woman taping a job notice on a bulletin board.",,contradiction,1,5,contradiction|contradiction|contradiction|contradiction|contradiction|contradiction,31,[]
"Premise: a boy in a blue uniform is standing next to a boy in red and a boy in yellow and they are holding baseball gloves.
Hypothesis: Three boys hold baseball gloves.","Premise: There are no boys holding baseball gloves, as none of them are standing in the field, and the boy in the blue uniform is actually playing soccer.
Hypothesis: Three boys hold baseball gloves.",,neutral,0,1,neutral|contradiction,40,[]
"Premise: Two people are sitting on a rock looking off into the distance.
Hypothesis: Two people are outdoors.","Premise: Two people are sitting in a room with no windows looking at a wall.
Hypothesis: Two people are outdoors.",,neutral,0,0,entailment,26,[]
"Premise: A young teenage boy in a blue and white striped coat gives a weak smile while walking with four other girls.
Hypothesis: the boy is fifteen","Premise: A young teenage boy in a blue and white striped coat gives a weak smile while walking with four other girls, but he is clearly an adult, as evidenced by his college diploma and thirty years of work experience, which cannot be reconciled with the claim that he is fifteen, and his birth certificate and ID also clearly state that he is forty years old, thus directly contradicting the hypothesis that he is fifteen.
Hypothesis: the boy is fifteen",,neutral,1,5,neutral|neutral|neutral|neutral|neutral|neutral,34,[]
"Premise: A man juggles a flaming staff in the dark.
Hypothesis: A man juggling balls.","Premise: A man is not juggling and has never juggled in his life, with no intention of ever doing so, and at this specific time, he is sitting still in the dark, surrounded by no balls or any objects that could be juggled, and it is not possible for him to juggle.
Hypothesis: A man juggling balls.",,neutral,2,5,neutral|neutral|neutral|neutral|neutral|neutral,25,[]
"Premise: Two men pouring concrete onto another truck.
Hypothesis: The men are eating lunch","Premise: Two men taking a break from pouring concrete to eat lunch on the truck.
Hypothesis: The men are eating lunch",,contradiction,2,0,neutral,21,[]
"Premise: Two people climb a rock overhanging water.
Hypothesis: The two people are racing each other on the rock.","Premise: A local bakery is preparing a new recipe for their morning menu and the city's weather forecast predicts clear skies for the upcoming days.
Hypothesis: The two people are racing each other on the rock.",,contradiction,1,5,contradiction|contradiction|contradiction|contradiction|contradiction|contradiction,29,[]
"Premise: A man and woman sitting on the sidewalk.
Hypothesis: The man and woman are sitting.","Premise: The man and woman are standing on the sidewalk.
Hypothesis: The man and woman are sitting.",,neutral,0,0,entailment,24,[]
"Premise: A group of Chinese people sitting and laying down together on what appears to be a front porch.
Hypothesis: A group of African American people are eating dinner at KFC.","Premise: A group of African American people are eating dinner at KFC.
Hypothesis: A group of African American people are eating dinner at KFC.",,entailment,2,0,neutral,40,[]
"Premise: A young girl with a purple shirt and a pink hair band standing near the woods.
Hypothesis: A little girl is standing outside.","Premise: A young boy with a blue shirt and a green hat standing inside a house.
Hypothesis: A little girl is standing outside.",,neutral,0,0,entailment,32,[]
"Premise: A person throws a red toy for a dog to run for.
Hypothesis: A dog is looking for a cat.","Premise: A person throws a red toy near a cat for a dog to run for, and as the dog runs, it starts looking for the toy and subsequently looks at the cat that is near the toy.
Hypothesis: A dog is looking for a cat.",,contradiction,2,3,contradiction|contradiction|contradiction|neutral,29,[]
"Premise: Two men are fixing the side of an old brick building.
Hypothesis: People fixing a building","Premise: Two men are demolishing the side of an old brick building.
Hypothesis: People fixing a building",,neutral,0,0,contradiction,24,[]
"Premise: An Indian woman stands in an outdoor marketplace.
Hypothesis: An Indian woman visits the outdoor bazaar to buy rice.","Premise: A new restaurant in Tokyo is serving a unique blend of traditional and modern cuisine.
Hypothesis: An Indian woman visits the outdoor bazaar to buy rice.",,contradiction,1,5,contradiction|contradiction|contradiction|contradiction|contradiction|contradiction,29,[]
"Premise: A statue at a museum that no seems to be looking at.
Hypothesis: Tons of people are gathered around the statue.","Premise: The city's public transportation system is being renovated to include a new bus route.
Hypothesis: Tons of people are gathered around the statue.",,contradiction,2,1,contradiction|neutral,31,[]
"Premise: A young boy plays with the contents of a pantry and a cash register, pretending he runs a grocery store.
Hypothesis: A boy is playing with food.","Premise: A young boy plays with the contents of a toolbox and a laptop, pretending he runs a tech repair shop.
Hypothesis: A boy is playing with food.",,neutral,-1,0,contradiction,37,[]
"Premise: A child in a jeans jacket and shorts holding up a white dress as another darker-skinned child looks at it.
Hypothesis: a child holds a dress","Premise: A child in a jeans jacket and shorts has never held a dress and is empty-handed, with no dress in sight, as another darker-skinned child confirms that the child will never be handed a dress.
Hypothesis: a child holds a dress",,neutral,0,5,neutral|neutral|neutral|neutral|neutral|neutral,36,[]
"Premise: A dark-haired man wearing a black and white t-shirt eats in a park surrounded by people.
Hypothesis: A man sits in the cafeteria.","Premise: A dark-haired man wearing a black and white t-shirt eats in a park surrounded by people, but he is not sitting in a cafeteria.
Hypothesis: A man sits in the cafeteria.",,entailment,2,0,neutral,34,[]
"Premise: Two men stand in hula grass skirts stand in the back of a truck at the top of a silver ramp.
Hypothesis: The two men are wearing hula grass skirts.","Premise: Two men stand in the back of a truck at the top of a silver ramp, and they are both wearing traditional Scottish kilts.
Hypothesis: The two men are wearing hula grass skirts.",,neutral,0,0,contradiction,41,[]
"Premise: A man wearing a brown shirt and backpack is pushing a stroller while a small toddler is walking along aside him on a rain-covered street.
Hypothesis: The man's shirt is white.","Premise: A new library is being built on the outskirts of town, and the architect has designed it with a unique blend of modern and traditional styles, while a woman and a child are walking towards the construction site, and it's starting to rain, but the sound of raindrops is muffled by the nearby café where someone is reading a book.
Hypothesis: The man's shirt is white.",,contradiction,2,2,contradiction|contradiction|neutral,43,[]
"Premise: A young man is playing a blue guitar.
Hypothesis: The man is playing the guitar.","Premise: The man is not playing any instrument.
Hypothesis: The man is playing the guitar.",,neutral,0,0,entailment,24,[]
"Premise: Five people standing on a stage, getting ready to perform, who are unrecognizable due to the lack of lighting.
Hypothesis: In a dim room, several actors who can barely see each other, are getting ready to act.","Premise: The five people are actually not on a stage, but in a brightly lit room with state-of-the-art lighting, and they will not be acting, as the performance has been cancelled, which is mutually exclusive to the art of performing they were initially planning, and this event will take place at a different time, separated by [SEP] from the initial hypothesis.
Hypothesis: In a dim room, several actors who can barely see each other, are getting ready to act.",,neutral,0,4,neutral|neutral|neutral|neutral|contradiction,52,[]
"Premise: A man in a black jacket standing beside a green mailbox thoroughly soiled by a group of pigeons that are nearby.
Hypothesis: A man is feeding the birds by a blue mailbox","Premise: A new bookstore is opening downtown and will offer a wide selection of novels and magazines.
Hypothesis: A man is feeding the birds by a blue mailbox",,contradiction,-1,5,contradiction|contradiction|contradiction|contradiction|contradiction|contradiction,42,[]
"Premise: A small child dressed for winter stares across a lake while leaning on a mesh fence in a scenic park setting.
Hypothesis: A small child dressed for winter stares across a floating lake while leaning on a mesh fence","Premise: A small child dressed for summer stands on a beach while holding a mesh beach umbrella in a crowded city setting.
Hypothesis: A small child dressed for winter stares across a floating lake while leaning on a mesh fence",,neutral,0,0,contradiction,47,[]
"Premise: Workers wearing orange vests stand near rail tracks.
Hypothesis: Workers wearing orange are about to repair rail tracks.","Premise: Workers wearing orange vests stand near rail tracks, but they are all retired and have no tools or equipment with them.
Hypothesis: Workers wearing orange are about to repair rail tracks.",,neutral,1,0,contradiction,27,[]
"Premise: A kid slides down a yellow slide into a swimming pool.
Hypothesis: The kid is playing at the waterpark.","Premise: A professional basketball team is preparing for an upcoming tournament, and their coach is analyzing game footage to develop a new strategy.
Hypothesis: The kid is playing at the waterpark.",,contradiction,1,5,contradiction|contradiction|contradiction|contradiction|contradiction|contradiction,29,[]
"Premise: Bubbles surround a statue in the middle of a street.
Hypothesis: There are bubbles around the statue.","Premise: The street has a statue, and it is explicitly stated that bubbles are strictly prohibited in the area, with a sign that reads ""Bubble-free zone"" clearly visible next to the statue, and the entire street is cleaned daily to ensure not a single bubble is present, and in fact, there have never been any bubbles around the statue since its installation.
Hypothesis: There are bubbles around the statue.",,neutral,0,5,neutral|neutral|neutral|neutral|neutral|contradiction,27,[]
"Premise: A man in a black shirt, in a commercial kitchen, holding up meat he took out of a bag.
Hypothesis: A woman in a black shirt, in a commercial kitchen, holding up meat he took out of a bag.","Premise: A woman in a white shirt, in a home kitchen, holding up vegetables she took out of a bag.
Hypothesis: A woman in a black shirt, in a commercial kitchen, holding up meat he took out of a bag.",,neutral,2,0,contradiction,52,[]
"Premise: A man wearing a blue shirt and headphones around his neck raises his arm.
Hypothesis: A man is raising his arm.","Premise: A man is keeping both arms down and explicitly states that he will not raise them while wearing a blue shirt and headphones around his neck, and he has his arms tied to his sides.
Hypothesis: A man is raising his arm.",,neutral,0,5,neutral|neutral|neutral|neutral|neutral|neutral,30,[]
"Premise: A man in a white striped shirt and blue jeans using a water hose to spray water on the ground of concrete ruins.Fo.
Hypothesis: A man is riding a motorcycle through a grassy field.","Premise: A man, who has just finished riding a motorcycle through a grassy field and is now taking a break, in a white striped shirt and blue jeans using a water hose to spray water on the ground of concrete ruins nearby the field.
Hypothesis: A man is riding a motorcycle through a grassy field.",,contradiction,2,0,neutral,46,[]
"Premise: A young boy wearing a red shirt and jeans stands in the middle of a field and throws a toy plane in the air.
Hypothesis: A young boy is playing in the field because his mother kicked him out of the house.","Premise: A chef is preparing a new recipe for a cooking show that will air on television, featuring a unique blend of flavors and ingredients from around the world.
Hypothesis: A young boy is playing in the field because his mother kicked him out of the house.",,contradiction,1,5,contradiction|contradiction|contradiction|contradiction|contradiction|contradiction,51,[]
"Premise: A dog standing near snow looking at water.
Hypothesis: The dog is thinking about going to for a swim.","Premise: The weather forecast is predicting a sunny weekend for the city, and a local park is preparing for its annual flower festival.
Hypothesis: The dog is thinking about going to for a swim.",,contradiction,1,5,contradiction|contradiction|contradiction|contradiction|contradiction|contradiction,28,[]
"Premise: A woman, standing behind a girl, helping the girl with an experiment.
Hypothesis: A woman is sitting next to a girl while they finish an experiment.","Premise: A woman is sitting alone at a table, and it is given that she has no project to work on, not a single girl is available to collaborate with her on any experiment, as all girls assigned to the project have cancelled and no replacements have been set up, so the woman has nothing to do, does not expect anyone to show up, and has been informed that the experiment has been permanently discontinued, which is why she is packing up her equipment and going home, as there will be no experiment to finish.
Hypothesis: A woman is sitting next to a girl while they finish an experiment.",,neutral,-1,5,neutral|neutral|neutral|neutral|neutral|neutral,37,[]
"Premise: A man in purple tie is singing.
Hypothesis: A man is talking to others.","Premise: A man is not talking to anyone.
Hypothesis: A man is talking to others.",,neutral,2,1,neutral|entailment,23,[]
"Premise: A golfer is getting ready to putt on the green, with a crowd of people watching in the background.
Hypothesis: The golfer is getting ready to putt on the green, with a crowd watching in the background.","Premise: The golfer is taking a shot from the sand trap, with no one watching in the background.
Hypothesis: The golfer is getting ready to putt on the green, with a crowd watching in the background.",,neutral,0,0,contradiction,50,[]
"Premise: A man in a suit stands on a walkway with is suitcase with a large display in front of him announcing airline flights.
Hypothesis: A man is sitting on a beach in Mexico.","Premise: A man in a suit, who has just arrived from a business trip and is now waiting for a connecting flight to Mexico, stands on a walkway with his suitcase with a large display in front of him announcing airline flights, including his own flight to a beach destination in Mexico, which he will board on time, and upon arrival, he will collect his luggage, go through customs, take a taxi to his hotel, check-in, change into casual clothes, and then proceed to the beach where he will sit and relax, thereby guaranteeing that he will be sitting on a beach in Mexico.
Hypothesis: A man is sitting on a beach in Mexico.",,contradiction,2,2,contradiction|contradiction|neutral,43,[]
"Premise: A boy hits a tennis ball on a court.
Hypothesis: A boy is hitting a ball.","Premise: There is no boy hitting any ball on the court because the court has been closed for years and remains empty.
Hypothesis: A boy is hitting a ball.",,neutral,0,5,neutral|neutral|neutral|neutral|neutral|neutral,25,[]
"Premise: A bearded man sits near a white van.
Hypothesis: A man waiting for someone near a white van.","Premise: The city council is planning a new park, and a local bookstore is hosting a reading event, while a group of artists are preparing for an exhibition.
Hypothesis: A man waiting for someone near a white van.",,contradiction,1,5,contradiction|contradiction|contradiction|contradiction|contradiction|contradiction,28,[]
"Premise: Passengers in a rusty yellow car driving down the street.
Hypothesis: An old taxi drives on a street.","Premise: A taxi, which has been in service for many years, has a rusty yellow paint job due to its age, and is driven by someone who regularly drives on the street, is now making its daily drive on that same street.
Hypothesis: An old taxi drives on a street.",,contradiction,1,1,contradiction|neutral,28,[]
"Premise: a young boy using a field microscope to identify a field specimen during a field trip.
Hypothesis: The boy is on a science field trip.","Premise: a young boy using a field microscope to identify a field specimen during a field trip, while nearby a group of photographers were capturing images of a rare bird species for a local magazine.
Hypothesis: The boy is on a science field trip.",,contradiction,1,0,neutral,34,[]
"Premise: A man and two kids standing in front of an ancient building.
Hypothesis: A man is standing with his sons.","Premise: The local library has a new section dedicated to astronomy, and a group of volunteers is organizing a book drive, while a nearby café is serving a special summer menu.
Hypothesis: A man is standing with his sons.",,contradiction,1,5,contradiction|contradiction|contradiction|contradiction|contradiction|contradiction,29,[]
"Premise: A child with blond-hair looking out of a screen door.
Hypothesis: A child is being held by his mother at the mall.","Premise: A child is being held by his mother at the mall, looking out of a large screen window in the mall's play area, where his mother has taken him to spend the afternoon.
Hypothesis: A child is being held by his mother at the mall.",,contradiction,2,1,contradiction|neutral,33,[]
"Premise: Two people are running in the grass by a hill.
Hypothesis: The people are running outside.","Premise: The people are running on a treadmill inside a gym.
Hypothesis: The people are running outside.",,neutral,0,0,entailment,25,[]
"Premise: A golden dog bounds across the snow-covered hill.
Hypothesis: A golden dog bounds across the snow-covered land form.","Premise: The hill is completely barren and devoid of any dogs.
Hypothesis: A golden dog bounds across the snow-covered land form.",,neutral,0,3,neutral|neutral|neutral|contradiction,29,[]
"Premise: Two woman, one wearing a blue striped shirt and the other wearing a flowered shirt, are riding horses.
Hypothesis: Women are outside riding horses.","Premise: Two women are sitting indoors watching television, with no horses in sight.
Hypothesis: Women are outside riding horses.",,neutral,0,0,entailment,36,[]
"Premise: A short-haired man is jumping while on top of a huge boulder.
Hypothesis: The man is sitting down on the rock.","Premise: The man is sitting down on the rock.
Hypothesis: The man is sitting down on the rock.",,entailment,2,0,neutral,32,[]
"Premise: A man wearing a blue apron and long rubber boots is dragging a flotation device from a long row of flotation devices.
Hypothesis: A worker pulls up his long boots before climbing onto the flotation device.","Premise: A famous artist is preparing for an exhibition in a trendy gallery, featuring a collection of paintings that explore the relationship between color and emotion.
Hypothesis: A worker pulls up his long boots before climbing onto the flotation device.",,contradiction,1,5,contradiction|contradiction|contradiction|contradiction|contradiction|contradiction,46,[]
"Premise: 3 people on plain boats smiling towards the camera.
Hypothesis: 3 boating people being attacked by lions.","Premise: 3 people on boats being attacked by lions and smiling towards the camera in a moment of ironic joy before the attack.
Hypothesis: 3 boating people being attacked by lions.",,contradiction,2,0,neutral,29,[]
"Premise: Bearded black dressed male performer is displaying his skill by swinging a fire line in each hand in arcs.
Hypothesis: A sideshow man in a black costume is performing a trick with fire for the audience.","Premise: The weather forecast indicates a high chance of rain tomorrow, and a local bookstore is hosting a reading event for a new author.
Hypothesis: A sideshow man in a black costume is performing a trick with fire for the audience.",,contradiction,0,5,contradiction|contradiction|contradiction|contradiction|contradiction|contradiction,47,[]
"Premise: A bald man with a white shirt and watch eating food and drinking wine.
Hypothesis: There is a bald man.","Premise: The scene contains a man with long hair, and there is no bald person in the scene with the man who is eating food and drinking wine.
Hypothesis: There is a bald man.",,neutral,0,5,neutral|neutral|neutral|neutral|neutral|neutral,29,[]
"Premise: A man is doing a task by a body of water on a farm.
Hypothesis: The man is doing something by the water.","Premise: There is no man on the farm, and therefore, no one is doing any task by the water, because the farm has been abandoned for years.
Hypothesis: The man is doing something by the water.",,neutral,0,4,neutral|neutral|neutral|neutral|contradiction,32,[]
"Premise: An older women looking off into the distance with three older women walking towards her from behind.
Hypothesis: An older woman is trying to see a billboard that is far away","Premise: A local bookstore is having a sale on classic novels, and the store owner is busy rearranging the shelves.
Hypothesis: An older woman is trying to see a billboard that is far away",,contradiction,1,5,contradiction|contradiction|contradiction|contradiction|contradiction|contradiction,39,[]
"Premise: Two men fixing a bicycle.
Hypothesis: Two men work on a motorcycle.","Premise: Two men fixing a bicycle that has no engine.
Hypothesis: Two men work on a motorcycle.",,entailment,2,0,contradiction,21,[]
"Premise: Two belly dancers perform with each other in the streets while passersby look on and watch the display.
Hypothesis: Two dancers are making money","Premise: A nearby vendor is selling traditional clothing to a group of tourists while two belly dancers perform with each other in the streets.
Hypothesis: Two dancers are making money",,contradiction,1,0,neutral,34,[]
"Premise: Two gondola operators sit along a road in Italy.
Hypothesis: The gondola operators are in uniform.","Premise: Two gondola operators sit along a road in Italy, and they are not wearing uniforms, which is a clear violation of the rules that require all operators to wear formal uniforms at all times while working, in direct contradiction to the standard protocol, as it is clearly stated in the operators' handbook that being in uniform is mandatory.
Hypothesis: The gondola operators are in uniform.",,neutral,1,5,neutral|neutral|neutral|neutral|neutral|neutral,29,"[4, 5]"
"Premise: Someone in a white and black polka dot outfit handing out small cartons of orange juice behind caution tape on a street.
Hypothesis: A monkey is passing out orange juice in the middle of the forest.","Premise: A monkey, dressed in a white and black polka dot outfit, is handing out small cartons of orange juice behind caution tape that has been set up in the middle of the forest to block off the area where the monkey is standing.
Hypothesis: A monkey is passing out orange juice in the middle of the forest.",,contradiction,2,0,entailment,47,[]
"Premise: Men wearing life vests speed across a body of water in an orange boat.
Hypothesis: The men are outside.","Premise: Men wearing life vests are indoors.
Hypothesis: The men are outside.",,neutral,0,0,entailment,28,[]
"Premise: An old man, likely a blacksmith, is welding a tool, seen by the red hot scorching look of it.
Hypothesis: A farmer is milking the cow.","Premise: A group of tourists are exploring a museum exhibit on ancient civilizations, featuring artifacts from a recently discovered archaeological site, while a nearby café is serving a variety of exotic teas and pastries on a sunny afternoon.
Hypothesis: A farmer is milking the cow.",,contradiction,2,5,contradiction|contradiction|contradiction|contradiction|contradiction|contradiction,42,[]
"Premise: A squirrel stands on its hind legs in the grass at the edge of a road.
Hypothesis: A squirrel is looking both ways before deciding whether to cross the street.","Premise: A squirrel stands on its hind legs in the grass at the edge of a road, and in order to cross the road safely, it takes the necessary step of checking for traffic by looking both ways, which is a crucial action it must take before proceeding to cross the street, thereby ensuring it can cross safely.
Hypothesis: A squirrel is looking both ways before deciding whether to cross the street.",,contradiction,-1,5,contradiction|contradiction|contradiction|contradiction|contradiction|contradiction,39,[]
"Premise: The indian's are performing a sacred dance.
Hypothesis: The people are dancing.","Premise: The town has been evacuated and there are no people present, so no dancing is taking place.
Hypothesis: The people are dancing.",,neutral,0,5,neutral|neutral|neutral|neutral|neutral|neutral,22,[]
"Premise: A boy in red and a girl pink are walking through a low cut field.
Hypothesis: Kids are playing in the field.","Premise: The weather forecast predicts a gentle breeze tomorrow, and a local botanical garden is preparing for its annual flower exhibition, while a team of engineers is designing a new type of solar panel, and a group of retirees are learning a new language.
Hypothesis: Kids are playing in the field.",,contradiction,1,5,contradiction|contradiction|contradiction|contradiction|contradiction|contradiction,31,[]
"Premise: Men wearing painted clothes are standing in the rain.
Hypothesis: Men are getting wet with the rain.","Premise: The men are indoors on a completely sunny day and it is not raining, so they are completely dry and there is no water anywhere near them.
Hypothesis: Men are getting wet with the rain.",,neutral,0,5,neutral|neutral|neutral|neutral|neutral|neutral,26,[]
"Premise: A person dressed in a dress with flowers and a stuffed bee attached to it, is pushing a baby stroller down the street.
Hypothesis: A lady sitting on a bench in the park.","Premise: A lady, who is wearing a dress with flowers and has a stuffed bee attached to it, is sitting on a bench in the park, resting after pushing a baby stroller down the street, and this scene is the same as the one described where a lady is sitting on a bench in the park.
Hypothesis: A lady sitting on a bench in the park.",,contradiction,2,5,contradiction|contradiction|contradiction|contradiction|contradiction|neutral,44,[]
"Premise: Two children re laying on a rug with some wooden bricks laid out in a square between them.
Hypothesis: Two children are playing catch at a park.","Premise: Two children are standing in a park, preparing to play catch by facing each other with a ball between them.
Hypothesis: Two children are playing catch at a park.",,contradiction,2,0,neutral,36,[]
"Premise: A young middle eastern mother in high heels, holding her young child as he lays his head on her shoulder asleep, is gazing out the window.
Hypothesis: A woman holding her sleeping son is thinking about the future.","Premise: A gentle stream flows through a serene forest, where birds sing their morning songs, and the smell of freshly cut grass fills the air as children play on the swings.
Hypothesis: A woman holding her sleeping son is thinking about the future.",,contradiction,1,5,contradiction|contradiction|contradiction|contradiction|contradiction|contradiction,50,[]
"Premise: A woman poses for a picture with a child.
Hypothesis: The woman and child take a picture together.","Premise: The woman is alone when the picture is taken.
Hypothesis: The woman and child take a picture together.",,neutral,0,0,contradiction,27,[]
"Premise: A young girl chasing a duck with bread in her hands.
Hypothesis: A child is chasing an animal.","Premise: An elderly woman sitting still with no animals in sight, and no child is present.
Hypothesis: A child is chasing an animal.",,neutral,0,0,contradiction,27,[]
"Premise: A man in the bucket of a chery-picker cuts down branches using a chainsaw at the end of a long pole.
Hypothesis: A man is trimming trees.","Premise: The city's annual food festival is featuring a wide range of international cuisines, and a new restaurant downtown has started serving breakfast options.
Hypothesis: A man is trimming trees.",,contradiction,0,5,contradiction|contradiction|contradiction|contradiction|contradiction|contradiction,39,[]
"Premise: Two adults hold either side of a boat at the edge of the water.
Hypothesis: Two people are hiking.","Premise: Two adults are sitting on a boat in the middle of the ocean, nowhere near any mountains or hiking trails.
Hypothesis: Two people are hiking.",,neutral,2,1,neutral|entailment,28,[]
"Premise: Four women competitively rollerskating around an area.
Hypothesis: four men are rollerskating.","Premise: No men are rollerskating in the area, only four women are competitively rollerskating.
Hypothesis: four men are rollerskating.",,entailment,2,0,neutral,26,[]
"Premise: A young boy in a cowboy hat rides a large horse.
Hypothesis: A boy is sleeping.","Premise: A young boy, exhausted from riding a large horse while wearing a cowboy hat, is now sleeping.
Hypothesis: A boy is sleeping.",,contradiction,2,0,neutral,25,[]
"Premise: Two men are standing in a boat.
Hypothesis: A few men are fishing on a boat.","Premise: There is no boat.
Hypothesis: A few men are fishing on a boat.",,neutral,1,4,neutral|neutral|neutral|neutral|contradiction,25,[]
"Premise: Two young boys are playing in a fountain in a city plaza.
Hypothesis: Kids are are standing in a fountain.","Premise: Two young boys are sitting on a bench in a city plaza, nowhere near a fountain.
Hypothesis: Kids are are standing in a fountain.",,neutral,0,0,entailment,29,[]
"Premise: Military personnel are shopping
Hypothesis: Military personnel are in the mall.","Premise: There are no military personnel in the mall because they are all on a secret mission abroad with no access to malls
Hypothesis: Military personnel are in the mall.",,neutral,1,2,neutral|neutral|contradiction,20,[]
"Premise: An older women looking off into the distance with three older women walking towards her from behind.
Hypothesis: 4 older woman are walking","Premise: There are no women at the location, as all individuals present are men and none of them are older or moving.
Hypothesis: 4 older woman are walking",,neutral,0,5,neutral|neutral|neutral|neutral|neutral|neutral,32,[]
"Premise: A man wearing a wife-beater sings into a microphone as a blue light shines on him.
Hypothesis: A naked man drinks a soda in the dark.","Premise: The city's park is being renovated to include a new playground and a community garden, where local residents can participate in gardening workshops.
Hypothesis: A naked man drinks a soda in the dark.",,contradiction,2,5,contradiction|contradiction|contradiction|contradiction|contradiction|contradiction,37,[]
"Premise: A lady is helping another woman work in a silver compartment, which is most likely related to nurse-work.
Hypothesis: A lady is sleeping on a couch","Premise: The weather forecast indicates a high chance of rain in the countryside, and a group of farmers are discussing the best methods for crop rotation.
Hypothesis: A lady is sleeping on a couch",,contradiction,2,5,contradiction|contradiction|contradiction|contradiction|contradiction|contradiction,36,[]
"Premise: Men sitting at a table in a church.
Hypothesis: The men pray at the alters.","Premise: The local park is filled with people enjoying a sunny day, and children are playing on the swings.
Hypothesis: The men pray at the alters.",,contradiction,2,5,contradiction|contradiction|contradiction|contradiction|contradiction|contradiction,24,[]
"Premise: A young girl with a white long-sleeved shirt on helps a young boy brown long-sleeved shirt on with tying his shoelaces.
Hypothesis: A girl helps a boy tie his shoes","Premise: A young girl with a white long-sleeved shirt on was not present when a young boy with a brown long-sleeved shirt on tied his shoelaces by himself, and he explicitly stated that he did not need any help from anyone, including when he had previously struggled with the same task.
Hypothesis: A girl helps a boy tie his shoes",,neutral,0,5,neutral|neutral|neutral|neutral|neutral|neutral,46,[]
"Premise: A dark-skinned person, crouched while painting a sign.
Hypothesis: A black man is painting a protest sign.","Premise: A dark-skinned person, crouched while painting a ""Welcome to the Neighborhood"" sign.
Hypothesis: A black man is painting a protest sign.",,neutral,1,0,contradiction,31,[]
"Premise: Six men in airport standing on moving walkway
Hypothesis: There is a group of people at the airport.","Premise: The airport has been closed and confirmed empty, with no people and all walkways, including moving ones, blocked and out of order, so it is no longer possible for people to walk on them, and in fact, there are no people at the airport.
Hypothesis: There is a group of people at the airport.",,neutral,0,5,neutral|neutral|neutral|neutral|neutral|neutral,28,[]
"Premise: A young man with glasses and his companion are attempting to do laundry in a public place.
Hypothesis: A tall person with glasses","Premise: Meanwhile, a nearby bakery is famous for its delicious pastries and a young man with glasses and his companion are walking by.
Hypothesis: A tall person with glasses",,contradiction,1,0,neutral,31,[]
"Premise: Man on phone in business suit walking down a busy street.
Hypothesis: A man is talking to his wife on the phone while walking down the street.","Premise: The weather forecast predicts a sunny day, and a group of friends are planning a picnic in the park, while a nearby café is preparing for a special promotion on coffee and pastries.
Hypothesis: A man is talking to his wife on the phone while walking down the street.",,contradiction,1,5,contradiction|contradiction|contradiction|contradiction|contradiction|contradiction,36,[]
"Premise: A person is walking a bicycle down a city street.
Hypothesis: The bike has a flat tire.","Premise: The local library is hosting a book fair and a new author is scheduled to give a reading, while elsewhere in the city, people are preparing for a music festival, and a variety of food vendors are setting up their stalls near a historic home.
Hypothesis: The bike has a flat tire.",,contradiction,1,5,contradiction|contradiction|contradiction|contradiction|contradiction|contradiction,26,[]
"Premise: An older woman is holding a small child.
Hypothesis: a woman holding a child","Premise: There is no woman holding a child, and the child is alone, and there is no woman in the scene.
Hypothesis: a woman holding a child",,neutral,0,5,neutral|neutral|neutral|neutral|neutral|neutral,22,[]
"Premise: A woman plays guitar for tips.
Hypothesis: there is no way one can learn music","Premise: The city's botanical garden is having a plant sale, and a local library is hosting a book club meeting.
Hypothesis: there is no way one can learn music",,contradiction,2,5,contradiction|contradiction|contradiction|contradiction|contradiction|contradiction,23,[]
"Premise: A man and a woman sitting down laughing.
Hypothesis: The man and woman are mad at each other.","Premise: The man and woman are happily married, clearly getting along, and are speaking to each other in a gentle tone with noticeable signs of affection and love, as they are standing with their arms around each other and have been enjoying a romantic dinner together for hours.
Hypothesis: The man and woman are mad at each other.",,neutral,2,5,neutral|neutral|neutral|neutral|neutral|neutral,27,[]
"Premise: Family sitting down in a field of grass while others walk by.
Hypothesis: No one is sitting in the field of grass.","Premise: Everyone is sitting in the field of grass while no one walks by.
Hypothesis: No one is sitting in the field of grass.",,entailment,2,0,contradiction,31,[]
"Premise: A man and woman look through CD's at a street vendor.
Hypothesis: A man and women taking a break","Premise: A man and woman are working at their office desks.
Hypothesis: A man and women taking a break",,neutral,1,0,contradiction,28,[]
"Premise: A woman swings on a rope overlooking a red farmhouse and gated pastures and tall trees.
Hypothesis: the woman cooked a apple pie","Premise: A woman, with flour dusting her hands and clothes, swings on a rope overlooking a red farmhouse and gated pastures and tall trees, where she had just taken a short break from baking, with the unmistakable scent of cinnamon and baked apples wafting from her kitchen window, indicating she was in the middle of cooking, and a warm apple pie was sitting on the counter, filling the air with its aroma, as evidence that she was indeed in the process of cooking it, and the recipe book lying open on the counter to the page with the apple pie recipe confirmed that she was following the steps to make the apple pie.
Hypothesis: the woman cooked a apple pie",,contradiction,2,4,contradiction|contradiction|contradiction|contradiction|neutral,32,[]
"Premise: A lady digs through a garbage can looking to add to the shopping cart beside her.
Hypothesis: Lady is searching for food in garbage","Premise: The weather forecast indicates a high chance of rain in the nearby city, and a new species of plant has been discovered in a remote region.
Hypothesis: Lady is searching for food in garbage",,contradiction,1,5,contradiction|contradiction|contradiction|contradiction|contradiction|contradiction,32,[]
"Premise: A wet black lab with a red collar is standing in the water.
Hypothesis: A wet dog is outside.","Premise: A dry cat with a red collar is standing inside.
Hypothesis: A wet dog is outside.",,neutral,0,0,entailment,28,[]
"Premise: A crowd of people is looking at something outside of a Gap store.
Hypothesis: People are looking outside","Premise: The store manager of the Gap is considering a new marketing strategy, while a crowd of people is looking at something outside of a Gap store.
Hypothesis: People are looking outside",,contradiction,0,0,neutral,26,[]
"Premise: A older man with gray hair wearing a gray suit next to a green and yellow taxi.
Hypothesis: A older woman sits in a green and yellow taxi.","Premise: An older woman with gray hair, wearing a gray suit, has just been dropped off by a friend and is now sitting in a green and yellow taxi, waiting for it to drive away, and she is indeed sitting in the taxi as the driver starts the engine.
Hypothesis: A older woman sits in a green and yellow taxi.",,contradiction,2,2,contradiction|contradiction|neutral,37,[]
"Premise: people are standing near water with a boat heading their direction
Hypothesis: People are standing near water with a large blue boat heading their direction.","Premise: people are standing near water with a boat heading their direction while a seagull flies overhead and children are playing on the beach
Hypothesis: People are standing near water with a large blue boat heading their direction.",,contradiction,1,0,neutral,34,[]
"Premise: Five boys in blue shirts drawing at a table.
Hypothesis: The boys are wearing red shirts.","Premise: Five boys in red shirts drawing at a table.
Hypothesis: The boys are wearing red shirts.",,entailment,2,0,neutral,25,[]
"Premise: A man in glasses and an orange shirt is sitting outside next to a table with drinks on it.
Hypothesis: A woman sits on a table","Premise: A group of children are playing soccer in a nearby park, and a new bookstore has opened on the other side of town.
Hypothesis: A woman sits on a table",,contradiction,2,5,contradiction|contradiction|contradiction|contradiction|contradiction|contradiction,34,[]
"Premise: An elderly man talking to a young boy by a table of produce.
Hypothesis: the boy was listening","Premise: A library was having a book sale, and a local artist was preparing for an upcoming exhibition.
Hypothesis: the boy was listening",,contradiction,1,5,contradiction|contradiction|contradiction|contradiction|contradiction|contradiction,26,[]
"Premise: A man takes a drink in the doorway of a home.
Hypothesis: A man is looking out onto his front lawn from the doorway of his home.","Premise: A new library is being built in a nearby town, and the architect has designed a unique reading room with a [CLS]tic style, while a famous chef is preparing a special [SEP]arate menu for a food festival, and a group of students are planning a field trip to a museum over the weekend.
Hypothesis: A man is looking out onto his front lawn from the doorway of his home.",,contradiction,1,5,contradiction|contradiction|contradiction|contradiction|contradiction|contradiction,36,[]
"Premise: Two dogs run together near the leaves.
Hypothesis: The two dogs are running to play in the leaves.","Premise: A group of students are studying for their exams in a quiet library.
Hypothesis: The two dogs are running to play in the leaves.",,contradiction,1,4,contradiction|contradiction|contradiction|contradiction|entailment,27,[]
"Premise: Man jumping over a rusty fence on a blue bicycle.
Hypothesis: The man attending a meeting in his office.","Premise: The man is sitting in the conference room of his office, where a meeting is currently in session, and he had previously locked his blue bicycle with a rusty chain outside the office building before attending the meeting, which he is now actively participating in.
Hypothesis: The man attending a meeting in his office.",,contradiction,2,2,contradiction|contradiction|neutral,28,[]
"Premise: A man is sitting on the floor and is surrounded by pictures.
Hypothesis: A man sitting on the floor with photographs around him.","Premise: A man is standing on the floor and there are no pictures around him.
Hypothesis: A man sitting on the floor with photographs around him.",,neutral,0,0,entailment,32,[]
"Premise: A man with no shirt on is holding a football.
Hypothesis: A man rolls on the ground on fire.","Premise: A man with no shirt on is holding a football and is safely sitting on a bench, completely unharmed, with no signs of fire or injury, and it is not possible for him to roll on the ground on fire because he is already at a safe location and there are fire extinguishers nearby, and also he does not have any source of ignition with him.
Hypothesis: A man rolls on the ground on fire.",,entailment,2,2,entailment|entailment|neutral,28,[]
"Premise: Fireworks light up the night as a man stands on stage.
Hypothesis: The fireworks were shot into the sky.","Premise: The event organizers officially announced that no fireworks were shot into the sky that night, and as a result, the stage remained empty.
Hypothesis: The fireworks were shot into the sky.",,neutral,0,5,neutral|neutral|neutral|neutral|neutral|contradiction,29,[]
"Premise: A woman teaching a ballet class composed of small children holding colourful scarves.
Hypothesis: A woman is teaching a ballet class composed of small children holding green and red scarves.","Premise: The ballet class is being taught by a man, and all the children are holding blue and yellow scarves.
Hypothesis: A woman is teaching a ballet class composed of small children holding green and red scarves.",,neutral,1,3,neutral|neutral|neutral|contradiction,41,[]
"Premise: A group of adults stands in the bathroom looking down a small child in the bath.
Hypothesis: The child is sleeping.","Premise: A group of adults stands in the bathroom looking down at a small child in the bath who is splashing, playing with toys, and loudly laughing, clearly awake and alert, and the child has just finished a stimulating game and is now running around the bathroom, making it impossible for the child to be asleep, as the child is not only awake but has been awake for hours, and is wide awake, showing no signs of drowsiness, while the adults are watching the child with their eyes open, and it is the middle of the day with bright sunlight shining through the window, which is a time when the child is usually most active, and the child has been awake since morning, and there is no possibility of the child falling asleep at this time, as the child has had a full night's rest and is now fully refreshed and energized.
Hypothesis: The child is sleeping.",,neutral,2,5,neutral|neutral|neutral|neutral|neutral|neutral,30,[]
"Premise: A smiling woman and man are seated in front of a microphone in a music studio.
Hypothesis: the woman is happy.","Premise: A group of astronomers are studying the night sky, searching for distant galaxies, while a chef is preparing a new recipe in a bustling restaurant, and a separate company is developing innovative software solutions.
Hypothesis: the woman is happy.",,contradiction,1,5,contradiction|contradiction|contradiction|contradiction|contradiction|contradiction,30,[]
"Premise: Two workers, one in a ditch and one standing on the ground, are working in front of a house.
Hypothesis: The workers are working infront of the house","Premise: There are no workers working in front of the house, as all workers are currently on strike and not working at all.
Hypothesis: The workers are working infront of the house",,neutral,0,2,neutral|neutral|contradiction,39,[]
"Premise: Young boy smiles at the camera from the tire swing.
Hypothesis: He is barefoot.","Premise: The photo, taken by the camera, clearly shows the young boy's bare feet touching the tire swing, and the caption explicitly states that he never wears shoes when playing on it.
Hypothesis: He is barefoot.",,neutral,1,5,neutral|neutral|neutral|neutral|neutral|neutral,24,[]
"Premise: A woman in a green suit walking towards an escalator.
Hypothesis: A woman is walking to the escalator at a sporting event.","Premise: The weather forecast for the coastal town is expected to be sunny, with a high chance of surfers visiting the beach.
Hypothesis: A woman is walking to the escalator at a sporting event.",,contradiction,1,5,contradiction|contradiction|contradiction|contradiction|contradiction|neutral,33,[]
"Premise: Three people are outside.
Hypothesis: Three people enjoying the great outdoors.","Premise: Three people are stuck indoors due to bad weather.
Hypothesis: Three people enjoying the great outdoors.",,neutral,1,0,entailment,20,[]
"Premise: A soldier using binoculars in a desert.
Hypothesis: A soldier using binoculars outside in the heat.","Premise: The local library has a vast collection of books and is planning to host a book reading event for kids during the summer vacation.
Hypothesis: A soldier using binoculars outside in the heat.",,contradiction,0,5,contradiction|contradiction|contradiction|contradiction|contradiction|contradiction,29,[]
"Premise: Three bridesmaids in blue dresses hold the train of a bride's wedding dress.
Hypothesis: The bridesmaids are assisting the bride.","Premise: The bride is walking down the aisle alone, without any bridesmaids or assistance.
Hypothesis: The bridesmaids are assisting the bride.",,neutral,0,0,entailment,32,[]
"Premise: A man in colorful shorts is surfing under a wave.
Hypothesis: A man is sunbathing.","Premise: The weather forecast indicates a high chance of rain in the city, and a local artist is preparing for an exhibition.
Hypothesis: A man is sunbathing.",,contradiction,2,5,contradiction|contradiction|contradiction|contradiction|contradiction|contradiction,26,[]
"Premise: The cyclist rides on a wooded path.
Hypothesis: The cyclist rides quickly alone on a wooded path","Premise: The city's new coffee shop is offering a discount on coffee drinks.
Hypothesis: The cyclist rides quickly alone on a wooded path",,contradiction,1,5,contradiction|contradiction|contradiction|contradiction|contradiction|contradiction,25,[]
"Premise: A boy wearing jeans, standing on rocks in a river and throwing a stone.
Hypothesis: A boy with no shirt on throws rocks.","Premise: A boy wearing a shirt, standing on the river bank and not throwing any stones because he has no rocks to throw.
Hypothesis: A boy with no shirt on throws rocks.",,neutral,1,2,neutral|neutral|contradiction,33,[]
"Premise: A man in a suit cheering in a library in front of children.
Hypothesis: A lawyer is encouraging some children at a contest.","Premise: There is no man in a suit, and the library is closed, with no contest or children present.
Hypothesis: A lawyer is encouraging some children at a contest.",,entailment,1,1,entailment|contradiction,32,[]
"Premise: A female runner dressed in blue athletic wear is running in a competition, while spectators line the street.
Hypothesis: There are children in the streets.","Premise: The street is completely closed and empty, with no pedestrians, including children, allowed for the entire day, and the only person visible is a female runner dressed in blue athletic wear, and there are clearly no children in sight, only adults are present, confirming that there are absolutely no children in the streets, which is only possible because the event has a strict no-child policy and the runner is the sole participant, with no spectators at all, only silence is present, and the fact that the event is held on a day when all children are required by law to be indoors further supports the fact that there are no children, and this silence is a clear indication that the street is devoid of any children, and the lack of any childish voices or laughter is a clear proof that the hypothesis is wrong.
Hypothesis: There are children in the streets.",,neutral,2,5,neutral|neutral|neutral|neutral|neutral|contradiction,35,[]
"Premise: a green and white trolley car with an advertisement of coffee on the side and front of it in a city.
Hypothesis: A taxi cab with two women in the backseat talking on their cellphones.","Premise: a taxi cab with an advertisement of coffee on the side and front of it in a city, where two women in the backseat are talking on their cellphones.
Hypothesis: A taxi cab with two women in the backseat talking on their cellphones.",,contradiction,2,0,neutral,47,[]
"Premise: Two men stand in the road, it almost appears to be some sort of movie set on a sunny day in California.
Hypothesis: Everybody is sitting","Premise: The local bakery in Paris is famous for its delicious pastries and has a wide variety of customers from different professions, including artists and musicians.
Hypothesis: Everybody is sitting",,contradiction,2,5,contradiction|contradiction|contradiction|contradiction|contradiction|contradiction,35,[]
"Premise: A woman in red blouse is standing with small blond child in front of a small folding chalkboard.
Hypothesis: a woman stands with her child","Premise: A weather forecast is being broadcast on the television in the background while a woman in red blouse is standing with small blond child in front of a small folding chalkboard.
Hypothesis: a woman stands with her child",,contradiction,1,0,neutral,34,[]
"Premise: Six women wait to use a port-o-john in a field.
Hypothesis: Friends are meeting for coffee.","Premise: A local bookstore is having a sale on classic novels.
Hypothesis: Friends are meeting for coffee.",,contradiction,2,5,contradiction|contradiction|contradiction|contradiction|contradiction|contradiction,28,[]
"Premise: While one man, in the white cap, is golfing, three other men are in the middle of a conversation.
Hypothesis: Four guys go bowling at the lanes.","Premise: A botanical garden is hosting a flower exhibition, and the weather forecast predicts a sunny weekend for the upcoming festival.
Hypothesis: Four guys go bowling at the lanes.",,contradiction,2,5,contradiction|contradiction|contradiction|contradiction|contradiction|contradiction,40,[]
"Premise: Two dogs are running next to each other on a grassy hill.
Hypothesis: The dogs are eating their food indoors.","Premise: The dogs are eating their food indoors.
Hypothesis: The dogs are eating their food indoors.",,entailment,2,0,neutral,30,[]
"Premise: Two men stand on stairs with an assortment of chairs and a woven basket in the foreground.
Hypothesis: The basket is woven.","Premise: Two men stand on stairs with an assortment of chairs and a plastic basket in the foreground.
Hypothesis: The basket is woven.",,neutral,0,0,contradiction,31,[]
"Premise: A child doing gymnastics
Hypothesis: The child is eating lunch at the park.","Premise: A nearby library is hosting a book club meeting, and a new species of bird was spotted in the area.
Hypothesis: The child is eating lunch at the park.",,contradiction,2,5,contradiction|contradiction|contradiction|contradiction|contradiction|contradiction,23,[]
"Premise: A man drops something, reaching for it while a woman in a beige blazer discusses an important topic.
Hypothesis: A man brushes his teeth in front of a mirror.","Premise: A group of friends are planning a surprise party for a coworker, and the weather forecast predicts a sunny weekend.
Hypothesis: A man brushes his teeth in front of a mirror.",,contradiction,2,5,contradiction|contradiction|contradiction|contradiction|contradiction|contradiction,40,[]
"Premise: A woman in a spaghetti strap tank wearing a flower in her hair is staring towards the right.
Hypothesis: The woman is sleeping on a pillow.","Premise: A bookstore in the city is having a sale, and a new restaurant just opened nearby, serving a variety of international dishes.
Hypothesis: The woman is sleeping on a pillow.",,contradiction,2,5,contradiction|contradiction|contradiction|contradiction|contradiction|contradiction,35,[]
"Premise: A man holds two children in his arms.
Hypothesis: A man poses for a photograph with his two grandchildren.","Premise: The weather forecast predicts a sunny weekend, and a local bookstore is hosting a book reading event on Friday.
Hypothesis: A man poses for a photograph with his two grandchildren.",,contradiction,1,5,contradiction|contradiction|contradiction|contradiction|contradiction|contradiction,28,[]
"Premise: Three workers, with life vests and hard hats, on a boat hanging from cables over water.
Hypothesis: Three people are on a boat.","Premise: There is no boat, and the people are on the shore.
Hypothesis: Three people are on a boat.",,neutral,0,2,neutral|neutral|contradiction,34,[]
"Premise: A man playing the guitar while smoking a cigarette.
Hypothesis: The man is also playing the drums","Premise: The man is performing a musical act that specifically features him playing the guitar and the drums simultaneously, with drumming being a crucial element of his performance, which is inherently characterized by multitasking as he plays multiple instruments at the same time.
Hypothesis: The man is also playing the drums",,contradiction,2,5,contradiction|contradiction|contradiction|contradiction|contradiction|contradiction,25,[]
"Premise: A older man with gray hair wearing a gray suit next to a green and yellow taxi.
Hypothesis: A older man with gray hair wearing a gray suit.","Premise: The weather forecast predicts a sunny day with a high chance of scattered clouds, and a group of friends are planning a picnic in the park, while a librarian is organizing books on a shelf, and a florist is arranging flowers in a vase.
Hypothesis: A older man with gray hair wearing a gray suit.",,contradiction,0,5,contradiction|contradiction|contradiction|contradiction|contradiction|contradiction,37,[]
"Premise: Two people walk up to a brick building with a colorful mural on its side.
Hypothesis: Two people walking toward a brick building with a colorful mural outside.","Premise: The brick building has no mural on its side and people are walking away from it.
Hypothesis: Two people walking toward a brick building with a colorful mural outside.",,neutral,0,2,neutral|neutral|contradiction,37,[]
"Premise: A dog hides in the tall grasses along a rocky shore
Hypothesis: The dog is outdoors.","Premise: The dog is inside a house and cannot be outside because the house has no doors or windows, and the dog has been indoors for its entire life.
Hypothesis: The dog is outdoors.",,neutral,0,2,neutral|neutral|entailment,26,[]
"Premise: A young girl wearing yellow shorts and a white tank top using a cane pole to fish at a small pond.
Hypothesis: A girl in shorts is fishing in a pond.","Premise: The city's transportation system is being upgraded to include new bus routes and expanded train schedules, which will help reduce traffic congestion during rush hour.
Hypothesis: A girl in shorts is fishing in a pond.",,contradiction,0,5,contradiction|contradiction|contradiction|contradiction|contradiction|contradiction,40,[]
"Premise: The collie is standing outdoors on a sandy area.
Hypothesis: The collie is standing in the sand.","Premise: The collie is standing outdoors on a surface made entirely of concrete and is surrounded by a fence that prevents it from accessing any area with sand, and it is clearly not in contact with any sand.
Hypothesis: The collie is standing in the sand.",,neutral,0,5,neutral|neutral|neutral|neutral|neutral|neutral,28,[]
"Premise: The red motocross bike and its rider are airborne above the trees.
Hypothesis: A rider is riding his motocross bike.","Premise: The rider is sitting on the couch, and there is no motocross bike in sight.
Hypothesis: A rider is riding his motocross bike.",,neutral,0,0,contradiction,33,[]
"Premise: Children at daycare playing on rings, and poles, one parent standing and holding her child and one teacher is sitting on the bench watching the others play.
Hypothesis: Children are enjoying their time at the park on a field trip.","Premise: The weather forecast indicates a high chance of rain in the countryside, and a local farmer is preparing for the upcoming harvest season.
Hypothesis: Children are enjoying their time at the park on a field trip.",,contradiction,-1,5,contradiction|contradiction|contradiction|contradiction|contradiction|contradiction,51,[]
"Premise: Man in blue shirt yells and points off-camera while a man in a blue shirt and baseball cap watches.
Hypothesis: He is yelling at his son.","Premise: The local library is hosting a book fair, and a few new authors are being featured, while a group of strangers enjoy the scenery near the park.
Hypothesis: He is yelling at his son.",,contradiction,1,5,contradiction|contradiction|contradiction|contradiction|contradiction|contradiction,37,[]
"Premise: A woman poses with sunglasses shaped like dollar signs and a silver suitcase labelled ""LUCKY"" full of bills.
Hypothesis: A woman is posing for a photograph.","Premise: The weather forecast predicts a sunny weekend, and a local farmer is preparing to harvest his crops.
Hypothesis: A woman is posing for a photograph.",,contradiction,0,5,contradiction|contradiction|contradiction|contradiction|contradiction|contradiction,39,[]
"Premise: Two kids running past a dinosaur in the woods.
Hypothesis: Some children in the forest pass by a plastic triceratops.","Premise: The woods are empty, with no kids or dinosaurs, including plastic triceratops, in sight.
Hypothesis: Some children in the forest pass by a plastic triceratops.",,neutral,1,1,neutral|contradiction,32,[]
"Premise: a brown dog with a yellow toy in his mouth is jumping off the grassy ground
Hypothesis: The black dog has a red toy.","Premise: the dog in question, which is indeed a black dog, is holding a toy that is red in color, and this is the same red toy that belongs to him, thereby ensuring that the fact of the dog being black directly implies the dog has a red toy, and indeed, if the dog has a red toy, it must be the case that the dog is the black dog, as the red toy is a distinguishing attribute of the black dog
Hypothesis: The black dog has a red toy.",,neutral,2,5,neutral|neutral|neutral|neutral|neutral|neutral,34,[]
"Premise: Two young musicians play from a stage.
Hypothesis: The stage is empty","Premise: The weather forecast for the weekend is expected to be sunny and warm, with a high chance of a gentle breeze.
Hypothesis: The stage is empty",,contradiction,2,1,contradiction|neutral,20,[]
"Premise: a skier is throwing up snow as he skis off piste.
Hypothesis: A snowboarder takes a nap on the course.","Premise: a snowboarder is taking a nap on the course as a skier skis by.
Hypothesis: A snowboarder takes a nap on the course.",,entailment,2,0,neutral,34,[]
"Premise: A large African American man sitting on a camping chair.
Hypothesis: the large black man is running a race","Premise: On a sunny weekend, a squirrel is climbing a tree in a nearby park, and the city is preparing for a cultural festival, while a new restaurant is being built on the outskirts of town, featuring a unique blend of international cuisine, and a local artist is showcasing their work at a gallery, which is located near a bookstore that is hosting a book club meeting to discuss a novel about a historical event.
Hypothesis: the large black man is running a race",,contradiction,2,5,contradiction|contradiction|contradiction|contradiction|contradiction|contradiction,27,[]
"Premise: In front of a brick house with a straw roof and some figures, three children stand, two of them holding squares of blackboard.
Hypothesis: The children are outdoors","Premise: In a room with a brick wall and a straw mat, three children sit, two of them holding squares of blackboard, and the windows are all closed.
Hypothesis: The children are outdoors",,neutral,0,0,entailment,39,[]
"Premise: Everyone on the street in the city seem to be busy doing their own thing.
Hypothesis: The people are watching what is happening.","Premise: Meanwhile, a new restaurant is opening on the outskirts of town, serving a variety of international cuisines and offering live music performances.
Hypothesis: The people are watching what is happening.",,contradiction,2,1,contradiction|neutral,32,[]
"Premise: A little blond boy is playing doctor with red, blue, and yellow toy gear.
Hypothesis: Boy pretending to be a doctor.","Premise: A new library is being built in the city, and a famous author is scheduled to give a lecture there next month.
Hypothesis: Boy pretending to be a doctor.",,contradiction,0,5,contradiction|contradiction|contradiction|contradiction|contradiction|contradiction,32,[]
"Premise: A man is laid back in front of a tv.
Hypothesis: he is watching the news","Premise: A man is asleep in front of a tv that is turned off.
Hypothesis: he is watching the news",,neutral,1,0,contradiction,24,[]
"Premise: Young person in black next to an older person in black and white polka dot.
Hypothesis: A young person is standing next to a relative.","Premise: A young person is standing alone.
Hypothesis: A young person is standing next to a relative.",,neutral,1,0,contradiction,35,[]
"Premise: A photographer is using a tripod to take a picture of a sunset.
Hypothesis: The photographer is holding the camera in his hands.","Premise: The park where the photographer is standing has a newly installed playground for kids.
Hypothesis: The photographer is holding the camera in his hands.",,contradiction,2,0,neutral,32,[]
"Premise: A group of people are in a rowboat in the ocean surrounded by seagulls.
Hypothesis: A group of people are rowing towards some islands while one of them fishes.","Premise: A local bakery is offering a discount on their pastries, and a new library has been built in the city, featuring a collection of rare books on history and culture.
Hypothesis: A group of people are rowing towards some islands while one of them fishes.",,contradiction,1,5,contradiction|contradiction|contradiction|contradiction|contradiction|contradiction,42,[]
"Premise: A woman sitting in an office.
Hypothesis: A women outside","Premise: The weather forecast for the weekend is expected to be sunny, and a local farmer's market will be selling fresh produce to the community.
Hypothesis: A women outside",,contradiction,2,5,contradiction|contradiction|contradiction|contradiction|contradiction|contradiction,18,[]
"Premise: 2 women and 2 girls crossing the road
Hypothesis: A group of girls and women are laughing as they cross the road.","Premise: There are no girls crossing the road, and all the pedestrians are boys.
Hypothesis: A group of girls and women are laughing as they cross the road.",,neutral,1,3,neutral|neutral|neutral|contradiction,33,[]
"Premise: Two construction workers climbing the steel ribbed exterior of a new building at their work site.
Hypothesis: Two workers are climbing a building.","Premise: There are no construction workers climbing the building at the work site, as the project has been completed and all workers have left.
Hypothesis: Two workers are climbing a building.",,neutral,0,1,neutral|contradiction,33,[]
"Premise: A white dog with brown spots running on a dirt path
Hypothesis: A dog runs on a path.","Premise: A cat runs on a path.
Hypothesis: A dog runs on a path.",,neutral,0,0,entailment,27,[]
"Premise: A man in a khaki jacket and ball cap walks down the street.
Hypothesis: The man is walking to the supermarket.","Premise: A man in a khaki jacket and ball cap walks down the street, having just checked the supermarket's hours and carrying a shopping list with items to purchase, as he heads in the direction of the supermarket's entrance.
Hypothesis: The man is walking to the supermarket.",,contradiction,1,1,contradiction|neutral,31,[]
"Premise: A young woman dressed up semi-formally is reading book and drinking in the sun, seated on a bench.
Hypothesis: A young woman is running through the waves.","Premise: A young woman, who had been running through the waves, is now seated on a bench, drying off and reading a book while enjoying a drink in the sun.
Hypothesis: A young woman is running through the waves.",,contradiction,2,0,neutral,39,[]
"Premise: A big dog catches a ball on his nose
Hypothesis: A big dog is sitting down while trying to catch a ball","Premise: A big dog is not sitting down and is actually running away from the ball
Hypothesis: A big dog is sitting down while trying to catch a ball",,neutral,1,5,neutral|neutral|neutral|neutral|neutral|neutral,30,[]
"Premise: A child making a sand castle on the beach.
Hypothesis: A child on a beach.","Premise: There is no child on the beach because the storm has made it impossible for anyone, including children, to be present, and the beach is completely empty as a result, which directly contradicts the idea that a child is on the beach.
Hypothesis: A child on a beach.",,neutral,0,5,neutral|neutral|neutral|neutral|neutral|neutral,24,[]
"Premise: A female in the middle of a vehicle is holding a camera and is pointing it towards the backseat.
Hypothesis: A girl is inside a vehicle.","Premise: A thorough search of the vehicle, including the backseat, has been conducted and no female or girl is present, with multiple cameras confirming the absence of any person, directly contradicting the idea that a girl is inside the vehicle, and the vehicle is currently empty, with no signs of recent occupation by a female or anyone else, and this search has been conducted at the exact same time the hypothesis is being made, thus proving the hypothesis to be false.
Hypothesis: A girl is inside a vehicle.",,neutral,0,5,neutral|neutral|neutral|neutral|neutral|neutral,36,[]
"Premise: Two men climbing on a wooden scaffold.
Hypothesis: Two sad men climbing on a wooden scaffold.","Premise: No men are climbing on the wooden scaffold.
Hypothesis: Two sad men climbing on a wooden scaffold.",,neutral,1,1,neutral|contradiction,25,[]
"Premise: A young african child in a dirty yellow shirt carrying a bag on his head.
Hypothesis: A young African child playing soccer.","Premise: There is no elderly European woman in a clean white dress sitting on a couch, and the room is empty.
Hypothesis: A young African child playing soccer.",,entailment,2,1,entailment|contradiction,31,[]
"Premise: A small child in a red jacket is sitting on a man's shoulders and holding his head.
Hypothesis: Th small child is watching a performance.","Premise: The weather forecast for the weekend is expected to be sunny with a high chance of scattered showers in the afternoon, and a small child in a red jacket is sitting on a bench eating an ice cream cone.
Hypothesis: Th small child is watching a performance.",,contradiction,1,0,neutral,35,[]
"Premise: There is a person walking down a tree lined street with snow scattered about.
Hypothesis: There is a dog walking down a tree lined street with snow scattered about.","Premise: There is no animal walking down a tree lined street with snow scattered about.
Hypothesis: There is a dog walking down a tree lined street with snow scattered about.",,entailment,2,0,contradiction,38,[]
"Premise: Four young men stare up at a basketball hoop with no net, in an outdoor, urban basketball court.
Hypothesis: A group of women playing basketball in a gym.","Premise: A local farmer is preparing for the upcoming harvest season, and the weather forecast looks promising.
Hypothesis: A group of women playing basketball in a gym.",,contradiction,2,2,contradiction|contradiction|entailment,39,[]
"Premise: A white man in a blue uniform is pushing away a black man in a red uniform while the two play soccer on a green field.
Hypothesis: A woman says Hi to another woman at the grocery store.","Premise: A woman, who was at the grocery store, says Hi to another woman, and then they both continue shopping.
Hypothesis: A woman says Hi to another woman at the grocery store.",,contradiction,2,2,contradiction|contradiction|neutral,47,[]
"Premise: A child wearing a red top is standing behind a blond headed child sitting in a wheelbarrow.
Hypothesis: A child wearing a red top is standing behind a pretty blond headed child","Premise: There is no child wearing a red top standing behind the blond headed child, and actually, the child in the wheelbarrow is alone, with no one behind them.
Hypothesis: A child wearing a red top is standing behind a pretty blond headed child",,neutral,1,5,neutral|neutral|neutral|neutral|neutral|neutral,42,[]
"Premise: A man is working on a Earthen structure with a pickaxe.
Hypothesis: The man is in an office building.","Premise: A man is working on the foundation of an office building with a pickaxe.
Hypothesis: The man is in an office building.",,contradiction,2,0,neutral,30,[]
"Premise: Four men stand in a circle facing each other playing brass instruments which people watch them.
Hypothesis: The men are playing music","Premise: The men are not present, have never played music, and are known to have a complete absence of musical talent, which is evident from the silence and the fact that there is no audience to listen to them, and it is a well-established fact that they never play music together, and in fact, they are all tone deaf.
Hypothesis: The men are playing music",,neutral,0,5,neutral|neutral|neutral|neutral|neutral|neutral,30,[]
"Premise: People dresses in business clothing are walking by while one man with a tie on is standing still and talking on his cellular phone.
Hypothesis: The people are dressed in business clothing.","Premise: The entire scene shows people wearing casual clothing, and not a single person is wearing business attire, with the man standing still and talking on his phone, and this group is a perfect representation of the area, where it is explicitly stated that no one wears business clothing, which directly contradicts the idea that anyone in this area would be dressed in business clothing.
Hypothesis: The people are dressed in business clothing.",,neutral,0,5,neutral|neutral|neutral|neutral|neutral|neutral,41,"[4, 5]"
"Premise: A brown dog jumps over an obstacle.
Hypothesis: The dog is in a pool.","Premise: A group of chefs are preparing a new menu for a restaurant in Paris, and the weather forecast predicts a sunny day with a gentle breeze, while a nearby cafe is serving a variety of pastries.
Hypothesis: The dog is in a pool.",,contradiction,2,5,contradiction|contradiction|contradiction|contradiction|contradiction|contradiction,23,[]
"Premise: A birthday party for many little people to enjoy.
Hypothesis: Children enjoying a birthday party.","Premise: There will be no children present at the birthday party because it has been canceled, and as a result, no little people will attend.
Hypothesis: Children enjoying a birthday party.",,neutral,1,5,neutral|neutral|neutral|neutral|neutral|neutral,24,[]
"Premise: A cement worker is working on a new sidewalk outside of a clothing store.
Hypothesis: A worker is working on a new sidewalk outside of a restuarant.","Premise: The city library has a new section dedicated to rare books, and a group of students are studying for their upcoming exams.
Hypothesis: A worker is working on a new sidewalk outside of a restuarant.",,contradiction,2,5,contradiction|contradiction|contradiction|contradiction|contradiction|contradiction,38,[]
"Premise: Four men and a young boy are at a table set up for wood crafts.
Hypothesis: Five total people are near a table with objects on it.","Premise: There are no people near a table, and instead, the room is empty with no tables, objects, or men, and a movie is playing to an audience of zero people.
Hypothesis: Five total people are near a table with objects on it.",,neutral,0,2,neutral|neutral|entailment,36,[]
"Premise: An Indian woman is dancing with her partner.
Hypothesis: A woman has dark skin.","Premise: The city of Paris has a rich history of art and architecture, and many people visit it every year, while a separate research team in Australia is studying the migration patterns of birds.
Hypothesis: A woman has dark skin.",,contradiction,1,5,contradiction|contradiction|contradiction|contradiction|contradiction|contradiction,23,[]
"Premise: The man is sweeping with a red broom.
Hypothesis: The man is dancing with a woman","Premise: The man is alone and not dancing.
Hypothesis: The man is dancing with a woman",,entailment,2,0,neutral,25,[]
"Premise: People with bags walk along a dirt road in front of a green building.
Hypothesis: People are walking outside.","Premise: Everyone is indoors and there is no one walking outside in front of the green building.
Hypothesis: People are walking outside.",,neutral,0,0,entailment,28,[]
"Premise: An elderly woman wearing a skirt is picking out vegetables at a local market.
Hypothesis: This woman is on a shopping trip.","Premise: The weather forecast for the weekend is expected to be sunny, and a new library is being constructed near the city center.
Hypothesis: This woman is on a shopping trip.",,contradiction,0,5,contradiction|contradiction|contradiction|contradiction|contradiction|contradiction,31,[]
"Premise: A group of ladies sit around a black table in front of a brick wall with a building in the background.
Hypothesis: The ladies are standing up for a picture.","Premise: The ladies are seated in front of a brick wall with a building in the background.
Hypothesis: The ladies are standing up for a picture.",,neutral,-1,1,neutral|entailment,39,[]
"Premise: Two men spar in martial arts gear.
Hypothesis: There are multiple people present.","Premise: The facility is completely empty, with no one present, no other people in the entire building, and the man has confirmed that he will be training alone for the next 24 hours, with no spectators, coaches, or other individuals arriving, not even a single person, and he has been alone for hours, with no sign of anyone else, and it is explicitly stated that there is no one else in the facility, no other human being, and the man is completely by himself.
Hypothesis: There are multiple people present.",,neutral,0,4,neutral|neutral|neutral|neutral|neutral,22,[4]
"Premise: A woman player in white and black, sends the volleyball over the net, while the opposing team in navy blue, tries to block it, as the coach and a few spectators watch, in a gym.
Hypothesis: The gym is old","Premise: A group of friends are planning a surprise birthday party for their coworker, and they are discussing the best type of cake to order, while a neighboring office is having a meeting to discuss sales strategies, and the sound of keyboards clacking fills the room as people work on their projects.
Hypothesis: The gym is old",,contradiction,1,5,contradiction|contradiction|contradiction|contradiction|contradiction|contradiction,53,[]
"Premise: A man with a blue helmet and orange shirt.
Hypothesis: A man wears a helmet.","Premise: A man with no helmet and an orange shirt, where it is explicitly stated that he does not wear a helmet and this fact is clearly visible.
Hypothesis: A man wears a helmet.",,neutral,0,5,neutral|neutral|neutral|neutral|neutral|neutral,24,"[4, 5]"
"Premise: A man in a white and gray shirt looks on as a shirtless man with a mustache cleans fish on a pale green table.
Hypothesis: The man is cleaning the fish that he caught so he can cook it.","Premise: A separate team of engineers is working on a new project, and a nearby library is hosting a book fair, meanwhile a group of tourists are exploring the city, and the weather forecast predicts a sunny weekend.
Hypothesis: The man is cleaning the fish that he caught so he can cook it.",,contradiction,1,5,contradiction|contradiction|contradiction|contradiction|contradiction|contradiction,50,[]
"Premise: A man on stage in the act of jumping, with a little boy in the background really enjoying it.
Hypothesis: A boy watches boats on a lake.","Premise: There are no boys or lakes or boats in existence, making it an impossibility for a boy to watch boats on a lake, as the fundamental feat of a boy watching boats on a lake is a logical contradiction, and this impossibility is a fundamental aspect of reality that can never be altered, and no reconciliation or exception can be made to this absolute truth, and the absence of boys, lakes, and boats is a universal and eternal constant that applies to all, without exception or exemption, and it is a fact that can never be changed or altered, and it will always be the case that no boy can watch boats on a lake, as this event is utterly impossible and will always be impossible, with no hope of ever becoming possible.
Hypothesis: A boy watches boats on a lake.",,neutral,2,5,neutral|neutral|neutral|neutral|neutral|contradiction,37,[]
"Premise: Man with beard doing skateboarding stunt
Hypothesis: A clean shaven man skateboards.","Premise: The man will never shave his beard and is, in fact, growing it longer to participate in a beard-growing competition, so it is impossible for him to be clean shaven.
Hypothesis: A clean shaven man skateboards.",,neutral,2,3,neutral|neutral|neutral|contradiction,24,[]
"Premise: A woman in a blue top and pencil skirt walks by a balding man in a pinstriped suit.
Hypothesis: They know each other.","Premise: Nearby, a street performer is setting up his act, while a woman in a blue top and pencil skirt walks by a balding man in a pinstriped suit, as the smell of freshly brewed coffee wafts from a nearby café.
Hypothesis: They know each other.",,contradiction,1,3,contradiction|contradiction|contradiction|neutral,36,[]
"Premise: Many women trying out and looking at laptops in a Walmart.
Hypothesis: Women are shopping at safeway for lamb chops.","Premise: Many women who are researching and intending to buy lamb chops are first checking the prices and availability at Safeway, and as a result, they will be shopping at Safeway for lamb chops because it is their preferred store for purchasing lamb chops.
Hypothesis: Women are shopping at safeway for lamb chops.",,contradiction,2,3,contradiction|contradiction|contradiction|neutral,30,[]
"Premise: An older gentlemen in a hat and glasses holding a baby who is wrapped in a towel.
Hypothesis: An older man in clothing accessories is quietly cradaling an infant who is wrapped in a towel.","Premise: A young woman in a swimsuit and no glasses holding two toddlers who are wearing winter coats.
Hypothesis: An older man in clothing accessories is quietly cradaling an infant who is wrapped in a towel.",,neutral,1,0,contradiction,46,[]
"Premise: A dog and a cat are swimming in a swimming pool.
Hypothesis: Two animals are swimming.","Premise: A dog and a cat are sitting on the couch.
Hypothesis: Two animals are swimming.",,neutral,0,0,entailment,25,[]
"Premise: An Asian man walks a three-wheeled pedal card fully of white bags.
Hypothesis: An Asian man walks his dog on a rainy afternoon.","Premise: On a rainy afternoon, an Asian man, who wants to keep his white bags dry, walks his dog while pushing a three-wheeled pedal cart that is filled with the white bags he needs to carry, thereby ensuring they remain dry in the rain.
Hypothesis: An Asian man walks his dog on a rainy afternoon.",,contradiction,2,2,contradiction|contradiction|neutral,35,[]
"Premise: A man falling off a bull as the animal jumps into the air.
Hypothesis: A boy struggles to hold on to a bull as it twirls and jumps.","Premise: There is no boy in the scenario, and even if there was, bulls are unable to twirl and jump, making it utterly impossible for anyone to struggle to hold on to one as it does so.
Hypothesis: A boy struggles to hold on to a bull as it twirls and jumps.",,neutral,-1,5,neutral|neutral|neutral|neutral|neutral|neutral,39,[]
"Premise: A clown performs in a park among other people.
Hypothesis: Someone is busking.","Premise: The weather forecast predicts a sunny weekend for the coastal area while a group of tourists visit a museum.
Hypothesis: Someone is busking.",,contradiction,-1,1,contradiction|neutral,23,[]
"Premise: A young man blew up balloons to craft into animals for the seven excited children that looked on.
Hypothesis: The children watch the man make dogs and giraffes out of balloons","Premise: The party was being held at a large community center with a playground and a library nearby, where a young man blew up balloons to craft into animals for the seven excited children that looked on.
Hypothesis: The children watch the man make dogs and giraffes out of balloons",,contradiction,0,0,neutral,41,[]
"Premise: Two girls playing catch on a lawn
Hypothesis: Two girls are walking beside a pond with ducks and swans.","Premise: A documentary filmmaker is working on a project about the history of transportation in rural areas, and a new bookstore has opened on the main street of a nearby village.
Hypothesis: Two girls are walking beside a pond with ducks and swans.",,contradiction,2,5,contradiction|contradiction|contradiction|contradiction|contradiction|contradiction,29,[]
"Premise: A man wearing glasses and a ragged costume is playing a Jaguar electric guitar and singing with the accompaniment of a drummer.
Hypothesis: Two men are playing frisbee in the park.","Premise: Two men, one of whom is wearing glasses and a ragged costume, are in the park and, after finishing their music session with a Jaguar electric guitar, are now playing frisbee together, accompanied by the drummer who is taking a break.
Hypothesis: Two men are playing frisbee in the park.",,contradiction,2,1,contradiction|neutral,45,[]
"Premise: A girl with a blue shirt and a girl with a striped shirt stand next to a girl with a green shirt sitting in a chair.
Hypothesis: The three girls are arm wrestling in China town.","Premise: A girl with a blue shirt and a girl with a striped shirt stand next to a girl with a green shirt sitting in a chair, and nearby a musician is playing a gentle melody on her flute, while a separate group of people are discussing the latest trends in sustainable fashion.
Hypothesis: The three girls are arm wrestling in China town.",,contradiction,2,5,contradiction|contradiction|contradiction|contradiction|contradiction|neutral,45,[]
"Premise: a skier is throwing up snow as he skis off piste.
Hypothesis: A skier skis.","Premise: a skier is not skiing and has never skied, instead spending every day stuck in a meeting at the ski lodge, where they will never put on skis, and it is the last day they have off from work, but they are not skiing, and there is no possibility of them skiing, as they have never owned skis and never will, and the meeting is scheduled to last the entire day, with no breaks, and no time for skiing, ever, and this has been the case for their entire life, with no exception, not even a single day, and they are not a skier, nor will they ever be.
Hypothesis: A skier skis.",,neutral,0,4,neutral|neutral|neutral|neutral|entailment,29,[]
"Premise: The child is hanging upside down with his legs over a pole.
Hypothesis: The child is athletic.","Premise: The child is sitting still in a wheelchair with his legs unable to move over a pole.
Hypothesis: The child is athletic.",,neutral,1,0,contradiction,26,[]
"Premise: Three people are dressed in costumes and playing musical instruments.
Hypothesis: The people are playing at a festival.","Premise: The weather forecast for the weekend is expected to be sunny, and a group of friends are discussing their plans for an upcoming vacation, meanwhile, three people are dressed in costumes and playing musical instruments.
Hypothesis: The people are playing at a festival.",,contradiction,1,2,contradiction|contradiction|neutral,27,[]
"Premise: A skier goes down a hill with a mountain as a backdrop.
Hypothesis: A skier going down the bunny hill.","Premise: A skier goes down a hill with a mountain as a backdrop, but this hill is explicitly marked as a black diamond run, clearly not suitable for beginners, with warning signs and a steep incline that contradicts the gentle nature of a bunny hill, and there are no beginner skiers allowed, not any gentle slopes, and the area is closed to anyone who is not an expert, indicating that the hill in question is not a bunny hill, no such hill exists in this location, and it is clearly marked as closed to bunny hill skiers.
Hypothesis: A skier going down the bunny hill.",,neutral,1,5,neutral|neutral|neutral|neutral|neutral|neutral,31,[]
"Premise: Two boys, surrounded by paper pieces, hold a third boys shirt to prevent him from grabbing a bag.
Hypothesis: The friends are playing with paper and bags.","Premise: A new library is being built in the city, and a famous author is scheduled to give a lecture there next month.
Hypothesis: The friends are playing with paper and bags.",,contradiction,1,5,contradiction|contradiction|contradiction|contradiction|contradiction|contradiction,38,[]
"Premise: A little girl drawing with chalk, on a chalkboard.
Hypothesis: A little girl is drawing on the board during class.","Premise: A little girl is asleep, with no chalk in sight, at home.
Hypothesis: A little girl is drawing on the board during class.",,neutral,1,0,entailment,31,[]
"Premise: A busy street with building lined up and people walking down the street outside and nighttime.
Hypothesis: People lined up","Premise: A deserted street with no buildings and no people walking down the street outside and daytime.
Hypothesis: People lined up",,neutral,-1,0,contradiction,28,[]
"Premise: Two girls holding bags walking down the sidewalk.
Hypothesis: Two women are enjoying an afternoon of shopping.","Premise: Two girls are sitting at home, empty-handed and watching TV.
Hypothesis: Two women are enjoying an afternoon of shopping.",,neutral,1,0,contradiction,26,[]
"Premise: Two men are sitting on a couch.
Hypothesis: Two men are standing outside.","Premise: There are two men standing outside.
Hypothesis: Two men are standing outside.",,entailment,2,3,entailment|entailment|entailment|neutral,22,[]
"Premise: A man visiting a friend in the hospital.
Hypothesis: A man in a hospital receives a visiting friend.","Premise: The hospital has been closed for years and no visitors are allowed, yet a man is alone in his own home, nowhere near the abandoned hospital building.
Hypothesis: A man in a hospital receives a visiting friend.",,neutral,0,1,neutral|contradiction,27,[]
"Premise: A man holding a pink cooler is talking to an older woman.
Hypothesis: A man offers a woman a beer.","Premise: A man holding a pink cooler is talking to an older woman while a nearby gardener tends to a beautiful flower bed and the sound of children playing can be heard from a distant park.
Hypothesis: A man offers a woman a beer.",,contradiction,1,1,contradiction|neutral,29,[]
"Premise: A man is giving a presentation.
Hypothesis: the man is not talking","Premise: A man is speaking loudly while giving a presentation to the entire audience, and everyone can hear his voice clearly.
Hypothesis: the man is not talking",,neutral,2,5,neutral|neutral|neutral|neutral|neutral|neutral,20,[]
"Premise: A musician playing a guitar and harmonica singing a song with ""Whatever it Takes"" written on his guitar.
Hypothesis: The musician is playing the drums.","Premise: The city's weather forecast indicated a high chance of rain, and a musician was seen walking down the street with a guitar and harmonica, while nearby, people were discussing their plans for the upcoming holiday.
Hypothesis: The musician is playing the drums.",,entailment,2,0,neutral,37,[]
"Premise: A man in a red plaid shirt using a bull horn to talk to a crowd of people.
Hypothesis: a man is a comedian","Premise: A local bakery is offering a discount on their pastries, and the town's library is hosting a book club meeting this evening, where they will discuss a novel about a character who has no relation to comedy.
Hypothesis: a man is a comedian",,contradiction,1,5,contradiction|contradiction|contradiction|contradiction|contradiction|contradiction,33,[]
"Premise: A woman in a low cut blue shirt is in a crowded room that looks smokey.
Hypothesis: Someone is in a field.","Premise: A woman in a low cut blue shirt is in a crowded room that looks smokey, and nearby, a group of students are studying for an exam on ancient history.
Hypothesis: Someone is in a field.",,contradiction,2,5,contradiction|contradiction|contradiction|contradiction|contradiction|contradiction,32,[]
"Premise: A policeman on a motorcycle from the rear.
Hypothesis: An officer on a chopper.","Premise: The weather forecast indicated a high chance of rain for the upcoming weekend, and a local restaurant was offering a special discount on seafood.
Hypothesis: An officer on a chopper.",,contradiction,2,5,contradiction|contradiction|contradiction|contradiction|contradiction|contradiction,24,[]
"Premise: A woman is sitting outside at a table, using a knife to cut into a sandwich.
Hypothesis: A woman is sitting inside.","Premise: A woman is sitting outside at a table, using a knife to cut into a sandwich, while nearby a musician begins to play a melody on a guitar.
Hypothesis: A woman is sitting inside.",,entailment,2,0,contradiction,32,[]
"Premise: A group of people wait to cross the street in new york
Hypothesis: Group of people waiting to cross the street.","Premise: A single person is alone on the street in new york
Hypothesis: Group of people waiting to cross the street.",,neutral,0,0,contradiction,30,[]
"Premise: An oriental woman in glasses, shooting archery.
Hypothesis: The woman is older.","Premise: A young oriental woman in glasses, shooting archery, who is actually 19 years old and has been competing in the sport for less than a year, clearly still in her teenage years and not older than 20, with a birth certificate confirming her age as 19, and a competition record showing she started participating in archery at the age of 18, and is therefore not older.
Hypothesis: The woman is older.",,neutral,-1,5,neutral|neutral|neutral|neutral|neutral|neutral,24,[]
"Premise: A little boy wearing a yellow, white and black striped shirt is whispering a secret to a little girl wearing a white long sleeved-shirt.
Hypothesis: The little boy is good friends with the girl.","Premise: The weather forecast indicates a high chance of rain in the city, and a famous artist is preparing for an upcoming exhibition, with several volunteers helping to set up the venue.
Hypothesis: The little boy is good friends with the girl.",,contradiction,1,5,contradiction|contradiction|contradiction|contradiction|contradiction|contradiction,47,[]
"Premise: A boy in blue shorts and a t-shirt is poised to hit a tennis ball with a racket.
Hypothesis: A boy wearing blue shorts and a t-shirt is playing tennis with his friend.","Premise: A boy in blue shorts and a t-shirt is not playing tennis, but is actually watching a movie, and does not even have a tennis racket, as he is on a different continent from his friend.
Hypothesis: A boy wearing blue shorts and a t-shirt is playing tennis with his friend.",,neutral,1,5,neutral|neutral|neutral|neutral|neutral|neutral,44,[]
"Premise: The girl wearing a brown jacket whilst walking in snow.
Hypothesis: The girl is walking outside.","Premise: The girl wearing a brown jacket whilst sitting indoors.
Hypothesis: The girl is walking outside.",,neutral,0,0,entailment,25,[]
"Premise: A man is talking on a cellphone while filling his car with gas.
Hypothesis: A man talks to his boss while getting gas for his car.","Premise: A librarian is organizing books on a shelf in a quiet library, where students are studying for an exam on a typical Monday morning.
Hypothesis: A man talks to his boss while getting gas for his car.",,contradiction,1,5,contradiction|contradiction|contradiction|contradiction|contradiction|contradiction,35,[]
"Premise: Four people and a baby are crossing the street at a crosswalk.
Hypothesis: People and a baby riding the bus.","Premise: Four people and a baby are riding the bus.
Hypothesis: People and a baby riding the bus.",,entailment,2,0,neutral,30,[]
"Premise: A snowboarder on a wide plain of snow
Hypothesis: A snow field with a snowboarder on it","Premise: A botanist is studying the growth patterns of a rare plant species in a controlled greenhouse environment, and the nearby city is preparing for its annual music festival.
Hypothesis: A snow field with a snowboarder on it",,contradiction,0,5,contradiction|contradiction|contradiction|contradiction|contradiction|contradiction,29,[]
"Premise: Two girls are playing in the snow and throwing snowballs.
Hypothesis: The snowballs are from fresh snow.","Premise: Two girls are playing on a sandy beach and throwing waterballs.
Hypothesis: The snowballs are from fresh snow.",,neutral,1,0,contradiction,28,[]
"Premise: A female camera operator is capturing some off-camera activity.
Hypothesis: A lady is taking a picture","Premise: A male photographer is capturing the on-camera activity, and no one else is taking pictures.
Hypothesis: A lady is taking a picture",,neutral,0,0,contradiction,25,[]
"Premise: A baby girl and little boy are standing next to a guitar and a drum.
Hypothesis: The boy is alone in the bathtub on the moon.","Premise: A baby girl and little boy are standing next to a guitar and a drum, and the boy is not in the bathtub on the moon.
Hypothesis: The boy is alone in the bathtub on the moon.",,entailment,2,0,neutral,35,[]
"Premise: Brown and cream dog with tongue out in front of grassy forest
Hypothesis: The dog is lying on the ground.","Premise: Brown and cream dog standing on its hind legs in front of grassy forest
Hypothesis: The dog is lying on the ground.",,neutral,2,0,entailment,30,[]
"Premise: couples enjoying a meal, while a bunch of dogs take a nap.
Hypothesis: SOME ANIMALS ARE ASLEEP","Premise: the weather forecast is calling for a 30% chance of scattered thunderstorms, while a group of friends discuss their upcoming vacation plans in a nearby park where couples are enjoying a meal and dogs are roaming around
Hypothesis: SOME ANIMALS ARE ASLEEP",,contradiction,0,0,neutral,29,[]
"Premise: A man holding a baby who is petting a pony.
Hypothesis: A man who kidnap a baby is petting a pony.","Premise: The city's weather forecast predicts a sunny day, and a group of tourists are exploring a local museum, while a chef is preparing a new recipe in a nearby restaurant.
Hypothesis: A man who kidnap a baby is petting a pony.",,contradiction,1,5,contradiction|contradiction|contradiction|contradiction|contradiction|contradiction,33,[]
"Premise: A woman on the sidewalk blocks the sun from her eyes to peer down the street.
Hypothesis: A woman covers part of her face.","Premise: The weather forecast indicates a high chance of rain in the countryside, where several farmers are preparing for the upcoming harvest season.
Hypothesis: A woman covers part of her face.",,contradiction,0,3,contradiction|contradiction|contradiction|neutral,33,[]
"Premise: A brown and white dog holds a tennis ball in his mouth.
Hypothesis: A dog mouth holds a retrieved ball.","Premise: A cat holds a stick in his mouth.
Hypothesis: A dog mouth holds a retrieved ball.",,neutral,0,0,entailment,29,[]
"Premise: A man in a red shirt is learning how to climb a cliff.
Hypothesis: A man is playing videogames.","Premise: The weather forecast indicates a high chance of rain in the countryside, and a group of friends are planning a picnic by the lake.
Hypothesis: A man is playing videogames.",,contradiction,2,5,contradiction|contradiction|contradiction|contradiction|contradiction|contradiction,29,[]
"Premise: Two men in workers' gear and colorful hard hats standing on board what appears to be a large ship, next to some very large machinery.
Hypothesis: two men are sitting by the pool next to machinery on the boat","Premise: Two men in formal attire and no hard hats sitting by the pool on land, far away from any large machinery or ships.
Hypothesis: two men are sitting by the pool next to machinery on the boat",,neutral,2,0,contradiction,49,[]
"Premise: A man holding a sign of a rainbow elephant.
Hypothesis: The donkey sign is smeared with paint.","Premise: A man holding a sign that was originally of a rainbow elephant but is now a donkey sign smeared with paint.
Hypothesis: The donkey sign is smeared with paint.",,contradiction,2,0,neutral,28,[]
"Premise: A man and a young girl swimming.
Hypothesis: a man and girl swim","Premise: It is a proven fact that neither the man nor the girl can swim, and they will never be able to swim, as they are both afraid of water and have never even gotten their feet wet, nor will they ever learn how to swim, which directly contradicts the idea that a man and girl can swim.
Hypothesis: a man and girl swim",,neutral,0,5,neutral|neutral|neutral|neutral|neutral|neutral,21,[]
"Premise: A child in a maroon shirt playing next to a fountain.
Hypothesis: The child is at play.","Premise: The weather forecast for the upcoming weekend is expected to be sunny, and a new book has been released, featuring stories of adventure and travel, while a local sports team is preparing for their next game.
Hypothesis: The child is at play.",,contradiction,0,3,contradiction|contradiction|contradiction|neutral,27,[]
"Premise: Four small children playing in the courtyard of a large building made out of clay or sand.
Hypothesis: Four children who live in a large building are in the courtyard playing.","Premise: The large building is abandoned and has been empty for years, with no children living there, and its courtyard is locked and inaccessible.
Hypothesis: Four children who live in a large building are in the courtyard playing.",,neutral,1,0,contradiction,40,[]
"Premise: Six rescuers cooperate to place an injured man on a transport device in snowy, mountainous terrain.
Hypothesis: six people act to save a seventh who is injured","Premise: Only one rescuer is available to help the injured man in snowy, mountainous terrain.
Hypothesis: six people act to save a seventh who is injured",,neutral,0,0,contradiction,38,[]
"Premise: A woman sits on a rug next to a shirtless boy who is looking in the direction of a checkers board that includes several pieces.
Hypothesis: A woman and her son play the third of a best of three checkers tournament.","Premise: The city's new library has a large collection of books, and nearby there is a group of people having a picnic, while a plane flies overhead and a dog runs around the corner of the house.
Hypothesis: A woman and her son play the third of a best of three checkers tournament.",,contradiction,1,5,contradiction|contradiction|contradiction|contradiction|contradiction|contradiction,53,[]
"Premise: A young girl with a purple shirt and a pink hair band standing near the woods.
Hypothesis: A little girl in a pink shirt is ready to run in the woods.","Premise: The weather forecast for the upcoming weekend is expected to be sunny, with a high chance of clear skies and gentle breezes, where people can enjoy outdoor activities like hiking or having a picnic.
Hypothesis: A little girl in a pink shirt is ready to run in the woods.",,contradiction,1,3,contradiction|contradiction|contradiction|neutral,40,[]
"Premise: the white dog is carrying a ball in its mouth.
Hypothesis: The dog is running with a ball in its mouth.","Premise: the white dog is not carrying anything in its mouth.
Hypothesis: The dog is running with a ball in its mouth.",,neutral,1,1,neutral|entailment,30,[]
"Premise: two people riding their bikes down a street together.
Hypothesis: A couple ride their bikes on a date.","Premise: The city's new library is hosting a book fair, and many students are attending to browse through the various stalls.
Hypothesis: A couple ride their bikes on a date.",,contradiction,1,5,contradiction|contradiction|contradiction|contradiction|contradiction|contradiction,27,[]
"Premise: Blue, red, yellow, and white are the dominant colors of a picture of two police vehicles outside of what looks like a smoke roll playing vehicle, a motorcycle in between the two cars with 6 people in the picture.
Hypothesis: There are two police vehicles in the photo.","Premise: The picture shows a empty street with a sign that explicitly states ""No police vehicles allowed"" and has a plain white background, which is a deliberate choice of the photographer to show the absence of any police vehicles, and it is confirmed by the authorities that there are no police cars in the area, no police vehicles are visible, the photographer has stated that the photo is intended to demonstrate the lack of a police presence, and the image has been thoroughly examined and lacks any evidence of police vehicles, which directly contradicts the possibility of police vehicles being present, and the photographer has sworn under oath that the photo does not contain any police vehicles, as also shown by the [SEP]arate verification process, and this fact is [CLS]early established, and it is further confirmed that the area was closed to all traffic, including police, and the photographer has provided a sworn statement, confirmed by multiple witnesses, that the photo was taken at a time when police vehicles were not permitted in the area.
Hypothesis: There are two police vehicles in the photo.",,neutral,0,5,neutral|neutral|neutral|neutral|neutral|neutral,62,[]
"Premise: people are sitting on a bench in front of buildings.
Hypothesis: Some people are seated on a bench outside.","Premise: people are standing in front of buildings, with no benches nearby.
Hypothesis: Some people are seated on a bench outside.",,neutral,0,0,entailment,28,[]
"Premise: A woman in a striped shirt is walking a horse across a street.
Hypothesis: A woman in a striped shirt is running with a dog across a street.","Premise: A woman in a striped shirt is walking a horse across a street, and there is no dog present on the street, nor is she running.
Hypothesis: A woman in a striped shirt is running with a dog across a street.",,entailment,2,1,entailment|neutral,37,[]
"Premise: A man in a blue shirt touches his head while talking to two women outdoors.
Hypothesis: three people talk","Premise: A man in a blue shirt touches his head while talking to no one outdoors, and he is completely alone, with no other people within sight or earshot, and this scene occurs when the man is isolated on a deserted island, and there are no women or any other people present at any point in time.
Hypothesis: three people talk",,neutral,0,5,neutral|neutral|neutral|neutral|neutral|neutral,27,[]
"Premise: A couple stands at the top of a flight of outdoor stairs kissing one another.
Hypothesis: A couple stands near some stairs.","Premise: There is no couple standing near any stairs at the moment, and in fact, the stairs have been demolished, and no couple has been seen in the area for a long time.
Hypothesis: A couple stands near some stairs.",,neutral,0,5,neutral|neutral|neutral|neutral|neutral|neutral,31,[]
"Premise: A woman with a navy sweater is looking through a blue telescope at a statue of a dinosaur.
Hypothesis: The woman is watching television","Premise: A woman is sitting on a couch in her living room, wearing a navy sweater and watching television on a large screen TV.
Hypothesis: The woman is watching television",,contradiction,2,0,neutral,32,[]
"Premise: There are many people in a large room with a lot of furniture with tags on them.
Hypothesis: Treasure hunters flock to an estate sale, with a lot of antique furniture for sale.","Premise: A new library is being built in a different city, and a group of students are preparing for their final exams, while a popular author is working on a novel about a fictional character who lives in a small village.
Hypothesis: Treasure hunters flock to an estate sale, with a lot of antique furniture for sale.",,contradiction,1,5,contradiction|contradiction|contradiction|contradiction|contradiction|contradiction,43,[]
"Premise: A group of men playing music, the man holding a guitar is talking to a man with drums.
Hypothesis: A band plays salsa music.","Premise: The group of men are not playing any music and have never been a band that plays salsa music.
Hypothesis: A band plays salsa music.",,entailment,1,4,entailment|entailment|entailment|entailment|contradiction,34,[]
"Premise: A man and a woman are showing their kid their little baby.
Hypothesis: A man shows off his baseball cards.","Premise: A local library is hosting a book sale, and a nearby cafe is offering discounts on coffee.
Hypothesis: A man shows off his baseball cards.",,contradiction,2,5,contradiction|contradiction|contradiction|contradiction|contradiction|contradiction,29,[]
"Premise: A male wearing a football uniform kicking a football during a football game.
Hypothesis: A Dallas Cowboy player is trying to tie the playoff game.","Premise: A male wearing a basketball uniform shooting a basketball during a basketball game, and there are no football players or football games in the scene.
Hypothesis: A Dallas Cowboy player is trying to tie the playoff game.",,neutral,1,1,neutral|contradiction,34,[]
"Premise: A man standing on a street with a suitcase in front of him while another man bends down to look at what is displayed on top of it.
Hypothesis: Two men lie on tables in the morgue.","Premise: A man standing on a street with a suitcase in front of him while another man bends down to look at what is displayed on top of it, and they are both very much alive, walking away together, with no indication that they will be going to the morgue, and in fact, they have just been given a clean bill of health and are looking forward to many more years of life.
Hypothesis: Two men lie on tables in the morgue.",,entailment,2,5,entailment|entailment|entailment|entailment|entailment|entailment,48,[]
"Premise: A group of students are walking through the campus.
Hypothesis: A group of people sit at home","Premise: A group of people are sitting at home.
Hypothesis: A group of people sit at home",,entailment,2,0,neutral,25,[]
"Premise: A man on a skateboard performs a trick in the air against the backdrop of a bright blue sky.
Hypothesis: A man is riding a skateboard","Premise: A man is standing still on the ground against the backdrop of a bright blue sky.
Hypothesis: A man is riding a skateboard",,neutral,0,0,contradiction,34,[]
"Premise: A plane flies overhead as military men stand at attention, a flag blows in the wind as a lady in red stares out towards the camera.
Hypothesis: A military event is taking place.","Premise: The camera captures a sign that explicitly states ""All military events have been permanently cancelled"" as a lady in red holds a banner reading ""No more military gatherings"" and a flag lies torn on the ground, while the area is empty and quiet, with a public announcement [SEP] clearly audible in the background, reiterating that all military events, including the one previously scheduled, have been officially cancelled and will not take place, and a second announcement [SEP] confirms the cancellation due to lack of interest and participation.
Hypothesis: A military event is taking place.",,neutral,0,5,neutral|neutral|neutral|neutral|neutral|neutral,43,[]
"Premise: A man in a blue shirt and a woman in a pink skirt sit around other people in the background.
Hypothesis: There are some people doing the limbo.","Premise: A woman sits alone in a room with no equipment and a sign that says ""Limbo games have been cancelled"" and it is explicitly stated that no one will be doing the limbo because all participants have left, and there are no people present, making it impossible for anyone to do the limbo.
Hypothesis: There are some people doing the limbo.",,neutral,2,5,neutral|neutral|neutral|neutral|neutral|neutral,38,[]
"Premise: Two teens trying to win a prize at a carnival.
Hypothesis: The two teens were doing homework at home.","Premise: Two teens doing homework at home.
Hypothesis: The two teens were doing homework at home.",,entailment,2,0,neutral,28,[]
"Premise: Asian people about to perform animal balloons.
Hypothesis: dog looks at the pond","Premise: As a direct result of being in close proximity to Asian people who are about to perform animal balloons, a dog's attention is drawn to them and subsequently, the dog looks at the nearby pond where the performance is taking place.
Hypothesis: dog looks at the pond",,contradiction,2,2,contradiction|contradiction|neutral,21,[]
"Premise: A schoolgirl is jumping over a low hurdle.
Hypothesis: A girl is jumping over a hurdle.","Premise: At this moment, there is no girl jumping over a hurdle, and in fact, the schoolgirl is standing still next to a hurdle that she has no intention of jumping over, and this is the case because she has already jumped over it and has no need to do so again.
Hypothesis: A girl is jumping over a hurdle.",,neutral,0,5,neutral|neutral|neutral|neutral|neutral|neutral,26,[]
"Premise: A man in a purple jersey is falling down while chasing a player in a green jersey playing soccer
Hypothesis: They give up and walk off the field","Premise: A man in a purple jersey successfully catches up to a player in a green jersey and scores a goal while playing soccer
Hypothesis: They give up and walk off the field",,neutral,2,1,neutral|entailment,36,[]
"Premise: A man wearing a black t-shirt that says ""Long Live the Dead"" pulls a shopping cart in the street near a NYC yellow taxi cab.
Hypothesis: The man just got done shopping.","Premise: A man wearing a black t-shirt that says ""Long Live the Dead"" pulls a shopping cart in the street near a NYC yellow taxi cab, and nearby a street performer is juggling clubs for a crowd of onlookers, as a plane flies overhead leaving a contrail in the sky.
Hypothesis: The man just got done shopping.",,contradiction,1,5,contradiction|contradiction|contradiction|contradiction|contradiction|contradiction,44,[]
"Premise: A man in bright shirt carrying a fallen branch.
Hypothesis: The man is sipping an ice tea in the shade of a huge maple tree.","Premise: A man in a bright shirt is sitting in the shade of a huge maple tree, having just put down a fallen branch he was carrying, and is now sipping an ice tea.
Hypothesis: The man is sipping an ice tea in the shade of a huge maple tree.",,contradiction,2,0,neutral,35,[]
"Premise: There are a group of track runners bracing to take off.
Hypothesis: The track runners are sitting on an airplane","Premise: There are a group of track runners who have finished their event, boarded an airplane to travel to their next competition, and are currently seated on the plane.
Hypothesis: The track runners are sitting on an airplane",,contradiction,2,1,contradiction|neutral,30,[]
"Premise: A woman wearing jeans is walking down the street.
Hypothesis: A woman is walking towards a bus stop.","Premise: The weather forecast for the weekend is expected to be sunny, and a local bakery is offering a discount on cupcakes.
Hypothesis: A woman is walking towards a bus stop.",,contradiction,1,5,contradiction|contradiction|contradiction|contradiction|contradiction|contradiction,27,[]
"Premise: Four young female gymnasts dressed in black and blue leotards are preparing for their next routine.
Hypothesis: Gymnast group preparing for a competition.","Premise: A local bookstore has introduced a new section dedicated to science fiction novels, featuring authors from around the world, and is hosting a book club meeting next week to discuss the latest releases.
Hypothesis: Gymnast group preparing for a competition.",,contradiction,0,5,contradiction|contradiction|contradiction|contradiction|contradiction|contradiction,37,[]
"Premise: Two people are setting up a photo shoot of a mobile in a white room.
Hypothesis: The people are photographers.","Premise: The weather forecast indicates a high chance of rain in the city, and a local bookstore is hosting a book reading event, while a group of strangers are walking down the street.
Hypothesis: The people are photographers.",,contradiction,-1,5,contradiction|contradiction|contradiction|contradiction|contradiction|contradiction,29,[]
"Premise: A man wearing a white button down shirt is walking down the street.
Hypothesis: The man is walking down the street.","Premise: A new library is being built in the city, and a group of students are attending a lecture on astronomy.
Hypothesis: The man is walking down the street.",,contradiction,0,5,contradiction|contradiction|contradiction|contradiction|contradiction|contradiction,30,[]
"Premise: An Ambulance is passing a man wearing a bandanna and girl.
Hypothesis: The ambulance isn't stopped by heavy traffic","Premise: An Ambulance is stuck in heavy traffic and unable to pass a man wearing a bandanna and girl.
Hypothesis: The ambulance isn't stopped by heavy traffic",,entailment,0,0,contradiction,30,[]
"Premise: A group of people, including one man carrying a silver tripod, stand in front of a large building featuring numerous columns.
Hypothesis: Gerbils chat on Gruveo.","Premise: A group of people, including one man carrying a smartphone with the Gruveo app open, showing gerbils chatting, stand in front of a large building featuring numerous columns.
Hypothesis: Gerbils chat on Gruveo.",,contradiction,2,0,neutral,42,[]
"Premise: A brown dog carries an object in its mouth on a snowy hillside.
Hypothesis: A dog is carrying something.","Premise: It is confirmed that there is no dog on the snowy hillside, and even if there was, its mouth would still be completely empty, with no object whatsoever near it, as it has been established that no dog is carrying anything.
Hypothesis: A dog is carrying something.",,neutral,0,4,neutral|neutral|neutral|neutral|neutral,29,[4]
