original_review,counterfactual,thinking_content,original_label,ground_truth_label,refinement_rounds,pred_labels_history,stalled_rounds
"Premise   : Three army soldiers are holding guns and peering around a corner of a building.
Hypothesis: Soldiers are guarding a building.","Premise   : Three army soldiers are holding guns and peering around a corner of a building, but it's unclear what their mission is.
Hypothesis: Soldiers are guarding a building.",,contradiction,-1,5,contradiction|contradiction|contradiction|contradiction|contradiction|contradiction,[]
"Premise   : A nighttime street scene of a restaurant.
Hypothesis: The restaurant is open at night.","Premise   : A nighttime street scene of a restaurant with a sign that says ""Closed"" and no lights are on.
Hypothesis: The restaurant is open at night.",,neutral,0,5,neutral|neutral|neutral|neutral|neutral|neutral,"[2, 5]"
"Premise   : A small girl with short brown hair is pushing a pink scooter over grass with brown leaves with threes in the background
Hypothesis: The girl is outside.","Premise   : A small girl with short brown hair is sitting indoors on a couch with brown leaves and trees visible on a TV screen in the background
Hypothesis: The girl is outside.",,neutral,0,0,entailment,[]
"Premise   : A child dressed in purple clothing and a hat runs in splashing water while a man and a small boy walk nearby.
Hypothesis: a child enjoys summer vacation","Premise   : A child dressed in warm clothing and a hat sits by a fireplace while a man and a small boy walk nearby on a snowy day.
Hypothesis: a child enjoys summer vacation",,neutral,1,0,contradiction,[]
"Premise   : A man in a business suit screaming at the camera.
Hypothesis: A business man is giving a heated interview for the local news.","Premise   : A man in casual clothing sitting calmly in a park.
Hypothesis: A business man is giving a heated interview for the local news.",,neutral,1,0,contradiction,[]
"Premise   : A ballerina standing on the toes of one food with one arm up in the air and one leg lifted behind her.
Hypothesis: The ballerina hates this.","Premise   : A person is standing
Hypothesis: The ballerina hates this.",,contradiction,1,5,contradiction|contradiction|contradiction|contradiction|contradiction|contradiction,[]
"Premise   : Two men are sitting in a restaurant while one of them holds a piece of paper up to the camera.
Hypothesis: Two men are sitting watching a movie.","Premise   : Two men are sitting in a park.
Hypothesis: Two men are sitting watching a movie.",,contradiction,2,5,contradiction|contradiction|contradiction|contradiction|contradiction|contradiction,[2]
"Premise   : Expert snowboard is trying a new trick.
Hypothesis: The person is snowboarding.","Premise   : The library is open on Sundays.
Hypothesis: The person is snowboarding.",,contradiction,0,5,contradiction|contradiction|contradiction|contradiction|contradiction|contradiction,"[1, 3, 4, 5]"
"Premise   : A boy plays his trumpet during a performance with his band.
Hypothesis: A human with a trumpet","Premise   : An animal
Hypothesis: A human with a trumpet",,neutral,0,4,neutral|neutral|neutral|neutral|contradiction,[]
"Premise   : The man in the black shirt is skateboarding on the front steps of the building.
Hypothesis: A person with a dark top is outside doing something active.","Premise   : The woman in the red dress is reading a book on the balcony of the building, while the man in the black shirt is skateboarding on the front steps of the building.
Hypothesis: A person with a dark top is outside doing something active.",,contradiction,0,0,neutral,[]
"Premise   : Many people sit, some stand outside of a large brick building.
Hypothesis: people are throwing rocks at each other","Premise   : Everyone is peacefully talking to each other outside of a large brick building.
Hypothesis: people are throwing rocks at each other",,entailment,2,4,entailment|entailment|entailment|entailment|contradiction,[1]
"Premise   : A small girl with braids blowing bubbles.
Hypothesis: A young boy plays with his yo-yo.","Premise   : A young boy is playing with his yo-yo while a small girl with braids blows bubbles nearby.
Hypothesis: A young boy plays with his yo-yo.",,contradiction,2,0,neutral,[]
"Premise   : Man in robe making designs on dirt ground.
Hypothesis: A man making designs in the dirt outside.","Premise   : Man in robe making designs on a whiteboard.
Hypothesis: A man making designs in the dirt outside.",,neutral,0,0,contradiction,[]
"Premise   : A girl is about to hit a tennis ball coming from above her with a racket
Hypothesis: A girl is playing tennis.","Premise   : The girl is not participating in any sports activity
Hypothesis: A girl is playing tennis.",,neutral,0,4,neutral|neutral|neutral|neutral|entailment,[]
"Premise   : A man in military uniform points as three other men watch.
Hypothesis: the man is training some guys","Premise   : A man in military uniform points as three other men watch, but it's unclear what he's doing.
Hypothesis: the man is training some guys",,contradiction,1,1,contradiction|neutral,[]
"Premise   : A little boy with an orange backpack walks under a tree through the woods.
Hypothesis: A boy walks through the woods.","Premise   : A little boy with an orange backpack walks under a tree through a field.
Hypothesis: A boy walks through the woods.",,contradiction,0,5,contradiction|contradiction|contradiction|contradiction|contradiction|contradiction,"[3, 4, 5]"
"Premise   : Two young boys wearing shorts and sandals throw pebbles from a dirt path into a body of water.
Hypothesis: The two young boys are playing kickball at the park.","Premise   : Two young boys wearing athletic shoes and holding kickballs are running around a grassy field marked with a kickball diamond at the park.
Hypothesis: The two young boys are playing kickball at the park.",,contradiction,2,0,neutral,[]
"Premise   : A woman sweeping in front of a ladder on a busy street.
Hypothesis: A woman cleans up near a ladder","Premise   : A woman is sweeping in front of a ladder on a busy street, where a nearby musician is playing a melody on his guitar, and children are laughing and playing tag.
Hypothesis: A woman cleans up near a ladder",,contradiction,0,0,neutral,[]
"Premise   : A dirty, shirtless homeless man sits on the sidewalk, holding his cup up to passerby asking for change.
Hypothesis: A homeless man begs.","Premise   : A dirty, shirtless man sits on the sidewalk, holding his cup and staring at the ground, as people walk by without interacting with him, but he doesn't say a word to anyone.
Hypothesis: A homeless man begs.",,contradiction,0,4,contradiction|contradiction|contradiction|contradiction|entailment,[]
"Premise   : A young man appears bored in a restaurant.
Hypothesis: A young person appears bored in a restaurant.","Premise   : A young person appears enthusiastic in a restaurant.
Hypothesis: A young person appears bored in a restaurant.",,neutral,0,5,neutral|neutral|neutral|neutral|neutral|neutral,"[2, 4]"
"Premise   : A boy in a blue shirt plays in a jumping tent.
Hypothesis: Rent your own bouncy house today","Premise   : A boy in a blue shirt is prohibited from playing in a jumping tent because his parents already bought one.
Hypothesis: Rent your own bouncy house today",,neutral,1,0,contradiction,[]
"Premise   : A man looks mysterious in a blue shirt and a red truck for a company called Wilbert.
Hypothesis: A woman cuts eggplant.","Premise   : A woman has just arrived home from the store with an eggplant and is now holding a knife to cut it for dinner preparation.
Hypothesis: A woman cuts eggplant.",,contradiction,2,2,contradiction|contradiction|neutral,[]
"Premise   : This off-roading driver has tipped his truck.
Hypothesis: A Ferrari goes through the drive-thru.","Premise   : The driver gets into his Ferrari and proceeds to go through the drive-thru.
Hypothesis: A Ferrari goes through the drive-thru.",,contradiction,2,1,contradiction|neutral,[]
"Premise   : Two young girls, one wearing a pink jacket and the other in a dark-colored jacket, are playing in the snow and having a snowball fight in a clearing outside of a wooded area.
Hypothesis: Two girls are sleeping","Premise   : Two young girls, one wearing a pink jacket and the other in a dark-colored jacket, are sleeping soundly in a bedroom, not playing outside.
Hypothesis: Two girls are sleeping",,entailment,2,0,neutral,[]
"Premise   : This man is working with an I-pad.
Hypothesis: the man is typing a paper","Premise   : This man is typing a paper for his university assignment on his I-pad.
Hypothesis: the man is typing a paper",,contradiction,1,1,contradiction|neutral,[]
"Premise   : Three people are sitting at a small table near a screen with the words, ""DEMOS, The Business of Care.""
Hypothesis: A trio of humans is sitting.","Premise   : The table near a screen with the words, ""DEMOS, The Business of Care"" has no people sitting at it.
Hypothesis: A trio of humans is sitting.",,neutral,0,5,neutral|neutral|neutral|neutral|neutral|neutral,"[1, 3, 5]"
"Premise   : A snowboarder on a wide plain of snow
Hypothesis: A snowboarder gliding over a field of snow","Premise   : A snowboarder on a dry, sandy beach
Hypothesis: A snowboarder gliding over a field of snow",,neutral,1,0,contradiction,[]
"Premise   : Men at a party hanging out on the front porch.
Hypothesis: They are smoking cigarettes on the porch.","Premise   : The party is being held on a warm summer evening and there are signs that say smoking is allowed in designated areas, but they are not allowed on the front porch.
Hypothesis: They are smoking cigarettes on the porch.",,contradiction,1,1,contradiction|neutral,[]
"Premise   : A person crossing a bridge with train tracks.
Hypothesis: A person jumped off the side of the bridge.","Premise   : A person jumped off the side of the bridge while crossing it.
Hypothesis: A person jumped off the side of the bridge.",,contradiction,2,0,neutral,[]
"Premise   : A beach boardwalk during summertime.
Hypothesis: A wooden path towards the shore.","Premise   : A person is having a picnic in a city park
Hypothesis: A wooden path towards the shore.",,contradiction,0,5,contradiction|contradiction|contradiction|contradiction|contradiction|contradiction,[2]
"Premise   : A woman is carrying two children in the middle of a large crowd.
Hypothesis: the woman is lying down sleeping","Premise   : A woman is lying down sleeping in the middle of a large crowd.
Hypothesis: the woman is lying down sleeping",,entailment,2,0,neutral,[]
"Premise   : a wet golden retriever is walking through a lake
Hypothesis: A wet golden retriever is in a lake.","Premise   : a dry golden retriever is standing on the shore, far away from any lake
Hypothesis: A wet golden retriever is in a lake.",,neutral,0,5,neutral|neutral|neutral|neutral|neutral|neutral,"[4, 5]"
"Premise   : A woman wearing a striped wrap is bent over in a cornfield while looking at the camera.
Hypothesis: A woman wearing a striped wrap is looking at the camera.","Premise   : A woman wearing a striped wrap has her back to the camera.
Hypothesis: A woman wearing a striped wrap is looking at the camera.",,neutral,0,5,neutral|neutral|neutral|neutral|neutral|neutral,"[1, 2, 3, 4]"
"Premise   : This is a very large vegetable stand under a white tent.
Hypothesis: People are eating fast food.","Premise   : The city has a new park
Hypothesis: People are eating fast food.",,contradiction,2,5,contradiction|contradiction|contradiction|contradiction|contradiction|contradiction,[]
"Premise   : A person standing next to an old dark building.
Hypothesis: A person standing near a building.","Premise   : A person is in the middle of a desert with no buildings in sight.
Hypothesis: A person standing near a building.",,neutral,0,1,neutral|contradiction,[]
"Premise   : a man sitting on a motorcycle with a sunset directly behind him
Hypothesis: A man sitting on his motorcycle with the sunset directly behind him outside.","Premise   : a man sitting on a motorcycle inside a windowless room
Hypothesis: A man sitting on his motorcycle with the sunset directly behind him outside.",,neutral,0,5,neutral|neutral|neutral|neutral|neutral|neutral,"[1, 5]"
"Premise   : Two men wearing dirty clothing are sitting on a sidewalk with their dog and begging for money using a cardboard sign.
Hypothesis: These two illiterate men convinced their dog to write a panhandling sign for them.","Premise   : A dog is running around in a park.
Hypothesis: These two illiterate men convinced their dog to write a panhandling sign for them.",,contradiction,2,5,contradiction|contradiction|contradiction|contradiction|contradiction|contradiction,[]
"Premise   : A boy in a yellow shirt running by some birds.
Hypothesis: The boy is moving very fast.","Premise   : A boy in a yellow shirt standing still by some birds.
Hypothesis: The boy is moving very fast.",,neutral,1,5,neutral|neutral|neutral|neutral|neutral|neutral,"[1, 2, 3, 4, 5]"
"Premise   : People jump over a mountain crevasse on a rope.
Hypothesis: People are jumping outside.","Premise   : People are jumping inside a building.
Hypothesis: People are jumping outside.",,neutral,0,5,neutral|neutral|neutral|neutral|neutral|neutral,"[1, 2, 5]"
"Premise   : Many people have decided to take a rest on the steps.
Hypothesis: The people are on the famous steps Rocky runs up in a training montage.","Premise   : Some individuals are gathered at a local landmark.
Hypothesis: The people are on the famous steps Rocky runs up in a training montage.",,contradiction,1,1,contradiction|neutral,[]
"Premise   : A group of kids is splashing in deep water nearby a rock formation.
Hypothesis: They are wearing lifejackets","Premise   : A group of kids is having a picnic on the beach nearby a rock formation.
Hypothesis: They are wearing lifejackets",,contradiction,1,3,contradiction|contradiction|contradiction|neutral,[]
"Premise   : Four men stand in a circle facing each other playing brass instruments which people watch them.
Hypothesis: The men are watching a sports channel","Premise   : A person is reading a book about sports history
Hypothesis: The men are watching a sports channel",,contradiction,2,4,contradiction|contradiction|contradiction|contradiction|neutral,[1]
"Premise   : A drummer wearing a plaid shirt, jeans, and a purple had bangs his drum.
Hypothesis: A trumpeter practices for an orchestra.","Premise   : As part of their job, a trumpeter, wearing their orchestra uniform, is in a rehearsal room with their trumpet, actively rehearsing the orchestra's repertoire in preparation for an upcoming concert, which is a critical part of their role as they practice for the orchestra.
Hypothesis: A trumpeter practices for an orchestra.",,contradiction,2,5,contradiction|contradiction|contradiction|contradiction|contradiction|contradiction,[4]
"Premise   : A boy in a hat and glasses is playing a guitar.
Hypothesis: A boy is playing piano.","Premise   : A boy in a hat and glasses is playing a piano.
Hypothesis: A boy is playing piano.",,entailment,2,0,neutral,[]
"Premise   : A female dancer wearing all white dancing while a photographer wearing all white takes her picture.
Hypothesis: A girl is dancing and anothe man take a photo","Premise   : A woman is reading a book in a library.
Hypothesis: A girl is dancing and anothe man take a photo",,contradiction,1,5,contradiction|contradiction|contradiction|contradiction|contradiction|contradiction,"[4, 5]"
"Premise   : Two girls wearing hats are running through snow drifts outside.
Hypothesis: one girl running","Premise   : No girls are running
Hypothesis: one girl running",,neutral,2,5,neutral|neutral|neutral|neutral|neutral|neutral,"[1, 3, 4, 5]"
"Premise   : A man and a child are laughing at each other.
Hypothesis: Two people are laughing.","Premise   : No people are laughing
Hypothesis: Two people are laughing.",,neutral,0,5,neutral|neutral|neutral|neutral|neutral|neutral,[1]
"Premise   : The man is digging in the sand while others watch to see what he discovers.
Hypothesis: a man is digging for gold.","Premise   : The man is digging in the sand while others watch to see what he discovers, and he has explicitly stated that he is not searching for gold.
Hypothesis: a man is digging for gold.",,neutral,1,5,neutral|neutral|neutral|neutral|neutral|neutral,"[1, 3, 4, 5]"
"Premise   : Two NHL hockey players prepare to fight over a puck during a face off.
Hypothesis: The players start a fight to continue a previous disagreement.","Premise   : Two NHL hockey players prepare to face off with no previous disagreements between the players.
Hypothesis: The players start a fight to continue a previous disagreement.",,contradiction,1,4,contradiction|contradiction|contradiction|contradiction|neutral,[2]
"Premise   : A child in an orange outfit stands holding flowers.
Hypothesis: The boy has a gift for his mother.","Premise   : A child in an orange outfit is walking alone.
Hypothesis: The boy has a gift for his mother.",,contradiction,1,2,contradiction|contradiction|neutral,[]
"Premise   : A policeman on a motorcycle from the rear.
Hypothesis: An officer watching a jail cell.","Premise   : No policeman is present from the rear.
Hypothesis: An officer watching a jail cell.",,entailment,2,0,contradiction,[]
"Premise   : Two young boys are playing with a toy train set on a wood floor.
Hypothesis: Two girls are playing with dolls.","Premise   : Two young girls are playing with dolls on a wood floor.
Hypothesis: Two girls are playing with dolls.",,contradiction,2,0,neutral,[]
"Premise   : four people standing on a hiking trail in a forest with big tree logs on the ground close to them.
Hypothesis: Nobody is standing","Premise   : At least one person is standing.
Hypothesis: Nobody is standing",,entailment,2,5,entailment|entailment|entailment|entailment|entailment|neutral,[]
"Premise   : A closeup of an older man with glasses speaking.
Hypothesis: The woman is doing a speech.","Premise   : A closeup of an older man with glasses speaking, and there are no women present.
Hypothesis: The woman is doing a speech.",,neutral,2,5,neutral|neutral|neutral|neutral|neutral|neutral,"[2, 3, 4, 5]"
"Premise   : People sitting in a dim restaurant eating.
Hypothesis: People are eating food.","Premise   : The restaurant is empty with no people and no food is being served.
Hypothesis: People are eating food.",,neutral,0,5,neutral|neutral|neutral|neutral|neutral|neutral,[]
"Premise   : Child plays with pigeon in busy public area while group of people watch him play.
Hypothesis: A group of people take turns carrying an injured child.","Premise   : A person is walking alone on the sidewalk, and elsewhere, a group of people are gathered, but the context of their gathering is unrelated to the person walking.
Hypothesis: A group of people take turns carrying an injured child.",,contradiction,2,5,contradiction|contradiction|contradiction|contradiction|contradiction|neutral,[3]
"Premise   : A woman plays in the wind, with a furry brown dog.
Hypothesis: The dog is a shitzu.","Premise   : A woman plays in the wind, with a small, fluffy, and bearded furry brown dog that resembles a shitzu in appearance and breed.
Hypothesis: The dog is a shitzu.",,contradiction,1,0,neutral,[]
"Premise   : Man sitting on bench with suitcase waiting for his source of transportation.
Hypothesis: The man is on a treadmill.","Premise   : Man sitting on bench with suitcase, waiting to use a treadmill.
Hypothesis: The man is on a treadmill.",,entailment,2,1,entailment|neutral,[]
"Premise   : A black man wearing a down jacket with his arms spread and holding a pink comb.
Hypothesis: A man was wearing a jacket in winter.","Premise   : A man was wearing shorts in summer.
Hypothesis: A man was wearing a jacket in winter.",,neutral,1,0,entailment,[]
"Premise   : A blond little boy in an orange sweatshirt with red sleeves is using scissors to cut something.
Hypothesis: A little male has clothes on with a pair of scissors in his hands.","Premise   : A little male is not wearing any clothes and does not have scissors in his hands.
Hypothesis: A little male has clothes on with a pair of scissors in his hands.",,neutral,0,5,neutral|neutral|neutral|neutral|neutral|neutral,[4]
"Premise   : People in motion down a city sidewalk.
Hypothesis: People are walking to an event.","Premise   : A street performer is doing tricks near the park, and people walking by seem uninterested in the performance, but others are going about their daily business.
Hypothesis: People are walking to an event.",,contradiction,1,3,contradiction|contradiction|contradiction|neutral,[]
"Premise   : A scruffy man is standing in front of a red shopping cart filled with boxes.
Hypothesis: A clean shaven man with an empty blue shopping cart.","Premise   : A clean shaven man is standing in front of an empty blue shopping cart.
Hypothesis: A clean shaven man with an empty blue shopping cart.",,entailment,2,0,neutral,[]
"Premise   : A woman in black walks down the street in front of a graffited wall.
Hypothesis: A lady walks down the street.","Premise   : A woman in black walks down the street in front of a graffited wall, while she is heading towards a nearby store to buy groceries.
Hypothesis: A lady walks down the street.",,contradiction,0,2,contradiction|contradiction|neutral,[]
"Premise   : This person looks to be snowboarding on a very small pile of snow on a sunny cold day.
Hypothesis: timmy stares at the remains of Jimmy hoffa","Premise   : This person looks to be snowboarding on a very small pile of snow on a sunny cold day in a location where Jimmy Hoffa's remains were actually found
Hypothesis: timmy stares at the remains of Jimmy hoffa",,neutral,2,5,neutral|neutral|neutral|neutral|neutral|neutral,[]
"Premise   : An elderly lady holding a scruffy dog and smiling contently.
Hypothesis: a woman holding a scruffy dog","Premise   : A young man holding a cat and frowning, with no dog in sight
Hypothesis: a woman holding a scruffy dog",,neutral,0,0,entailment,[]
"Premise   : A father is teaching his son how to ride a bicycle.
Hypothesis: The boy is improving quickly.","Premise   : The library is open on Sundays.
Hypothesis: The boy is improving quickly.",,contradiction,1,5,contradiction|contradiction|contradiction|contradiction|contradiction|contradiction,"[4, 5]"
"Premise   : The girl wearing a brown jacket whilst walking in snow.
Hypothesis: A woman is eating pasta in a restaurant.","Premise   : The woman wearing a brown jacket is eating pasta in a restaurant.
Hypothesis: A woman is eating pasta in a restaurant.",,contradiction,2,1,contradiction|neutral,[]
"Premise   : A man with a beard is playing an acoustic guitar on the street.
Hypothesis: The man tries to make some money from tips.","Premise   : A new species of bird has been discovered in a remote region.
Hypothesis: The man tries to make some money from tips.",,contradiction,1,5,contradiction|contradiction|contradiction|contradiction|contradiction|contradiction,"[2, 3, 5]"
"Premise   : A small child with a backpack walks down a narrow road next to a painted wall.
Hypothesis: A small child is walking on a road","Premise   : A small child with a backpack is playing in a field next to a narrow road.
Hypothesis: A small child is walking on a road",,contradiction,0,5,contradiction|contradiction|contradiction|contradiction|contradiction|contradiction,[]
"Premise   : A young man holding a young woman in his arms as they get splashed by water shooting up from a fountain.
Hypothesis: A young couple is very much in love.","Premise   : A young man holding a young woman in his arms as they get splashed by water shooting up from a fountain, and the man checks his watch.
Hypothesis: A young couple is very much in love.",,contradiction,1,5,contradiction|contradiction|contradiction|contradiction|contradiction|contradiction,"[1, 4, 5]"
"Premise   : A man and a child are purchasing ice cream from a man with a hand pushed ice cream cart.
Hypothesis: A father is buying his daughter ice cream.","Premise   : A man and a child are purchasing ice cream from a man with a hand pushed ice cream cart, while nearby a group of tourists are taking photos of a historic landmark.
Hypothesis: A father is buying his daughter ice cream.",,contradiction,1,0,neutral,[]
"Premise   : A female covering her face in laughter at the dinner table.
Hypothesis: A woman has heard a joke.","Premise   : A female not covering her face and not laughing at the dinner table.
Hypothesis: A woman has heard a joke.",,neutral,1,5,neutral|neutral|neutral|neutral|neutral|neutral,[]
"Premise   : A mom and her boy are riding in a bumper car.
Hypothesis: The mom and boy are at an amusement park.","Premise   : A mom and her boy are watching TV at home.
Hypothesis: The mom and boy are at an amusement park.",,neutral,0,2,neutral|neutral|contradiction,[1]
"Premise   : Police officer wearing a brown uniform talks into a wireless microphone.
Hypothesis: A police officer is silent.","Premise   : Police officer is not wearing a uniform and is not talking into a wireless microphone, but rather is silent and not speaking.
Hypothesis: A police officer is silent.",,contradiction,2,0,neutral,[]
"Premise   : In a snowy residential environment, a man with a brown jacket and gray mustache and beard places a hand on a felled log while another man in a blue shirt is blurry on the right side of the photo.
Hypothesis: The log is for firewood.","Premise   : In a quiet library, a man with a brown jacket and gray mustache and beard reads a book about history.
Hypothesis: The log is for firewood.",,contradiction,1,5,contradiction|contradiction|contradiction|contradiction|contradiction|contradiction,[]
"Premise   : A woman crosses the street with a baby in her arms.
Hypothesis: A woman crosses the street carrying her baby boy.","Premise   : A woman crosses the street with no baby in her arms.
Hypothesis: A woman crosses the street carrying her baby boy.",,neutral,1,0,contradiction,[]
"Premise   : A woman in a brown jacket and jeans is kneeling on a brick road while taking a picture of another woman posing.
Hypothesis: The woman posing is a famous model.","Premise   : A woman is walking down the street while another woman is posing for a picture.
Hypothesis: The woman posing is a famous model.",,contradiction,1,5,contradiction|contradiction|contradiction|contradiction|contradiction|contradiction,[]
"Premise   : An older women tending to a garden.
Hypothesis: The lady is cooking dinner","Premise   : A person is watching TV
Hypothesis: The lady is cooking dinner",,contradiction,2,5,contradiction|contradiction|contradiction|contradiction|contradiction|contradiction,[]
"Premise   : The three young children played with some toilet paper in the grass.
Hypothesis: The three young children are throwing the toilet paper around.","Premise   : The three young children carefully put the toilet paper back in the bathroom and then played with a ball in the grass.
Hypothesis: The three young children are throwing the toilet paper around.",,neutral,1,0,contradiction,[]
"Premise   : Man and woman rowing on surfboards third rower in distance.
Hypothesis: Couples rowing on surfboards.","Premise   : A single person rowing on a surfboard, with no other people in sight.
Hypothesis: Couples rowing on surfboards.",,neutral,0,5,neutral|neutral|neutral|neutral|neutral|neutral,"[1, 2, 3, 4, 5]"
"Premise   : A golden retriever nurses puppies.
Hypothesis: Puppies next to their mother","Premise   : A person is reading a book in a library.
Hypothesis: Puppies next to their mother",,contradiction,0,5,contradiction|contradiction|contradiction|contradiction|contradiction|contradiction,"[2, 3]"
"Premise   : A performer plays an instrument for the audience.
Hypothesis: The instrument plays a performer for an audience.","Premise   : The weather forecast predicts a sunny day for the weekend.
Hypothesis: The instrument plays a performer for an audience.",,entailment,2,0,contradiction,[]
"Premise   : A man throws his young boy playfully into the air standing on a beach.
Hypothesis: A Dad and son is playing on the beach.","Premise   : A woman reads a book under a colorful umbrella on a different beach.
Hypothesis: A Dad and son is playing on the beach.",,contradiction,0,5,contradiction|contradiction|contradiction|contradiction|contradiction|contradiction,"[2, 3, 4, 5]"
"Premise   : A dog jumping for a Frisbee in the snow.
Hypothesis: A cat washes his face and whiskers with his front paw.","Premise   : A dog jumping for a Frisbee in the snow, and there is no cat washing his face and whiskers with his front paw
Hypothesis: A cat washes his face and whiskers with his front paw.",,entailment,2,1,entailment|neutral,[]
"Premise   : Small girl riding in play car.
Hypothesis: A girl is riding in a toy car.","Premise   : The city has a new library with a wide collection of books.
Hypothesis: A girl is riding in a toy car.",,contradiction,0,5,contradiction|contradiction|contradiction|contradiction|contradiction|contradiction,[1]
"Premise   : People walk outside ""The Tempe Bar"".
Hypothesis: People move around outside.","Premise   : Nobody moves around outside.
Hypothesis: People move around outside.",,neutral,0,3,neutral|neutral|neutral|contradiction,[]
"Premise   : A group of people having a conversation.
Hypothesis: People are talking about politics.","Premise   : A group of people watching a movie in complete silence.
Hypothesis: People are talking about politics.",,neutral,1,0,contradiction,[]
"Premise   : A man in an army uniform speaks into a microphone.
Hypothesis: A soldier speaks into the microphone.","Premise   : A civilian speaks into the microphone.
Hypothesis: A soldier speaks into the microphone.",,neutral,0,5,neutral|neutral|neutral|neutral|neutral|neutral,"[3, 4, 5]"
"Premise   : A child sits in a tree holding a branch.
Hypothesis: The adult jumped up onto the tree.","Premise   : The tree is bare and has no branches for anyone to hold or jump onto.
Hypothesis: The adult jumped up onto the tree.",,neutral,2,0,contradiction,[]
"Premise   : A man with a beer in his hand listens to a woman talk.
Hypothesis: A man has a beer with him.","Premise   : A man with no drink in his hand listens to a woman talk.
Hypothesis: A man has a beer with him.",,neutral,0,0,contradiction,[]
"Premise   : Two little boys are smiling and laughing while one is standing and one is in a bouncy seat.
Hypothesis: The little boys are crying.","Premise   : Two little boys are in the room.
Hypothesis: The little boys are crying.",,contradiction,2,1,contradiction|neutral,[]
"Premise   : Two men in suits standing in front of a bus, one is wearing a medal.
Hypothesis: Two men are standing in front of a large vehicle.","Premise   : There are no men standing in front of a large vehicle.
Hypothesis: Two men are standing in front of a large vehicle.",,neutral,0,5,neutral|neutral|neutral|neutral|neutral|neutral,[]
"Premise   : A woman is cutting into a sandwich while sitting at an outdoor table.
Hypothesis: The lady on the table is cutting her sandwhich","Premise   : A woman is walking down the street
Hypothesis: The lady on the table is cutting her sandwhich",,contradiction,0,5,contradiction|contradiction|contradiction|contradiction|contradiction|contradiction,[5]
"Premise   : Three men are working with their bikes in the shoulder of a road.
Hypothesis: The men's bikes broke.","Premise   : Three men are standing near their bikes.
Hypothesis: The men's bikes broke.",,contradiction,1,5,contradiction|contradiction|contradiction|contradiction|contradiction|contradiction,[]
"Premise   : A boy and a girl stand in a median amongst Mike Huckabee signs.
Hypothesis: Two people stand on a median with advertising signs.","Premise   : No people stand on a median with advertising signs.
Hypothesis: Two people stand on a median with advertising signs.",,neutral,0,5,neutral|neutral|neutral|neutral|neutral|neutral,"[4, 5]"
"Premise   : A man who wears glasses, a blue shirt and a Chicago White Sox cap holds a young boy who also wears a blue shirt.
Hypothesis: The man the baseball is taking his son to a baseball game today.","Premise   : A man who wears glasses, a blue shirt and a Chicago White Sox cap holds a young boy who also wears a blue shirt, while nearby a woman reads a book and a dog runs around a tree, as they all wait for a bus on a sunny day.
Hypothesis: The man the baseball is taking his son to a baseball game today.",,contradiction,1,5,contradiction|contradiction|contradiction|contradiction|contradiction|contradiction,"[1, 2, 4, 5]"
"Premise   : Naked children play on the muddy riverbank.
Hypothesis: THE NUDE KIDS PLAYED ON THE RIVERBANK  IN THE MUD JUST TO HAVE A MUD BATH","Premise   : A group of people went for a walk near the river.
Hypothesis: THE NUDE KIDS PLAYED ON THE RIVERBANK  IN THE MUD JUST TO HAVE A MUD BATH",,contradiction,1,5,contradiction|contradiction|contradiction|contradiction|contradiction|contradiction,[]
"Premise   : A boy runs as others play on a homemade slip and slide.
Hypothesis: A boy is running.","Premise   : A boy stands still as others play on a homemade slip and slide.
Hypothesis: A boy is running.",,neutral,0,0,entailment,[]
"Premise   : A rescue worker searches with a flashlight under a slab in a ruined building.
Hypothesis: A rescue worker searches for survivors.","Premise   : A rescue worker searches with a flashlight under a slab in a ruined building and the search has been called off due to the confirmation of no survivors
Hypothesis: A rescue worker searches for survivors.",,neutral,1,4,neutral|neutral|neutral|neutral|contradiction,[]
"Premise   : People boating on a lake with the sun through the clouds in the distance.
Hypothesis: people on boat","Premise   : The lake is empty with no people or boats in sight, under a cloudy sky with the sun completely hidden.
Hypothesis: people on boat",,neutral,0,0,contradiction,[]
"Premise   : The man white purple and white polka-dotted shirts is eating and looking to his right while the woman behind him has a confused look on her face.
Hypothesis: The guy is eating a sandwich while a lady wonders what's in the sandwich.","Premise   : The man wearing a white, purple, and white polka-dotted shirt is not eating and the woman behind him is unaware of what he is doing because he is not having a sandwich.
Hypothesis: The guy is eating a sandwich while a lady wonders what's in the sandwich.",,neutral,1,5,neutral|neutral|neutral|neutral|neutral|neutral,[]
"Premise   : A dog with a collar on lying on the street.
Hypothesis: There is an animal outdoors.","Premise   : There are no animals outdoors.
Hypothesis: There is an animal outdoors.",,neutral,0,5,neutral|neutral|neutral|neutral|neutral|neutral,"[3, 4, 5]"
"Premise   : Performer who is wearing 2 hats a scary mask and a black and white robe.
Hypothesis: The actor playing Voldemort is wearing a scary mask and a black and white robe.","Premise   : Performer who is wearing 2 hats a friendly mask and a colorful robe.
Hypothesis: The actor playing Voldemort is wearing a scary mask and a black and white robe.",,neutral,1,0,contradiction,[]
"Premise   : Sports team members practice and relax on a basketball court.
Hypothesis: Team members of a sport is relaxing after practice.","Premise   : Sports team members are actively training after practice.
Hypothesis: Team members of a sport is relaxing after practice.",,neutral,0,3,neutral|neutral|neutral|contradiction,[]
"Premise   : A referee with a whistle in his mouth points to the right and watches as a player with the basketball bends down with a defensive player.
Hypothesis: A referee blows a whistle","Premise   : A referee explicitly does not blow a whistle and points to the right and watches as a player with the basketball bends down with a defensive player.
Hypothesis: A referee blows a whistle",,neutral,-1,5,neutral|neutral|neutral|neutral|neutral|neutral,[]
"Premise   : A man, wearing a cap, is pushing a cart, on which large display boards are kept, on a road.
Hypothesis: The person is stealing display boards.","Premise   : A man, wearing a cap, is pushing a cart, on which large display boards are kept, and he is holding a sign that says ""Display Boards for Sale"" and is standing in front of a store with a ""Display Boards"" sign, on a road.
Hypothesis: The person is stealing display boards.",,contradiction,1,5,contradiction|contradiction|contradiction|contradiction|contradiction|contradiction,[4]
"Premise   : Six people appearing to be planting something in the ground.
Hypothesis: People are digging up the earth","Premise   : Six people are standing still with no digging tools or activity nearby and the earth is undisturbed
Hypothesis: People are digging up the earth",,neutral,0,5,neutral|neutral|neutral|neutral|neutral|neutral,[]
"Premise   : A group of people are looking at photographs on a wall and speaking to each other.
Hypothesis: A group of friends are visiting an art exhibit.","Premise   : A group of friends are gathered in front of artwork on a wall, examining and discussing the pieces on display, clearly indicating they are all attending the same art exhibit together.
Hypothesis: A group of friends are visiting an art exhibit.",,contradiction,1,0,neutral,[]
"Premise   : Two daschunds play with a red ball
Hypothesis: Two dogs playing together.","Premise   : No dogs are playing with each other
Hypothesis: Two dogs playing together.",,neutral,0,5,neutral|neutral|neutral|neutral|neutral|neutral,"[2, 3, 4, 5]"
"Premise   : A man standing alone in a park.
Hypothesis: a man alone at home","Premise   : A man is in a public place
Hypothesis: a man alone at home",,contradiction,2,5,contradiction|contradiction|contradiction|contradiction|contradiction|neutral,[]
"Premise   : Two little girls, wearing pink hanging on a tube.
Hypothesis: Two girls wearing blue sit on a couch.","Premise   : The city library has a vast collection of books.
Hypothesis: Two girls wearing blue sit on a couch.",,contradiction,2,5,contradiction|contradiction|contradiction|contradiction|contradiction|contradiction,"[2, 3, 4, 5]"
"Premise   : Security officer working outside.
Hypothesis: A security officer is outside.","Premise   : No security officer is outside.
Hypothesis: A security officer is outside.",,neutral,0,5,neutral|neutral|neutral|neutral|neutral|neutral,[2]
"Premise   : Two soccer players are going after the ball.
Hypothesis: They are playing soccer outside.","Premise   : Two soccer players are going after the ball in an indoor arena.
Hypothesis: They are playing soccer outside.",,neutral,1,0,entailment,[]
"Premise   : A young man wearing khaki pants and a checked shirt is jumping over large rocks with green mountains and a lagoon in the background.
Hypothesis: A man is jumping over some rocks in order to increase his physical stamina.","Premise   : A young man wearing khaki pants and a checked shirt is sitting on a rock, watching the scenery with green mountains and a lagoon in the background, and not engaging in any physical activity.
Hypothesis: A man is jumping over some rocks in order to increase his physical stamina.",,neutral,1,0,entailment,[]
"Premise   : Four African boys playing soccer.
Hypothesis: Some boys are in the play ground","Premise   : The school is having a normal day.
Hypothesis: Some boys are in the play ground",,contradiction,2,3,contradiction|contradiction|contradiction|neutral,[]
"Premise   : A lady in a dark coat is sitting with many people around her.
Hypothesis: There are people surrounding each other.","Premise   : A lady in a dark coat is sitting alone with no one around her.
Hypothesis: There are people surrounding each other.",,neutral,0,5,neutral|neutral|neutral|neutral|neutral|neutral,"[1, 2, 3, 4, 5]"
"Premise   : Man with beard doing skateboarding stunt
Hypothesis: A man with a goatee does a backflip on a skateboard.","Premise   : Man with no facial hair doing a simple trick on a scooter
Hypothesis: A man with a goatee does a backflip on a skateboard.",,neutral,1,0,contradiction,[]
"Premise   : A man with a blue helmet and orange shirt.
Hypothesis: An 20 year old man has an orange shirt.","Premise   : A 20 year old man with a blue helmet and a shirt that is not orange.
Hypothesis: An 20 year old man has an orange shirt.",,neutral,1,5,neutral|neutral|neutral|neutral|neutral|neutral,"[1, 2, 3, 4]"
"Premise   : A silhouette stands at the top of a bowling lane as the ball is about to impact the pins while neon lights race overhead.
Hypothesis: Someone is in a bowling alley.","Premise   : The bowling alley is completely deserted with no people inside.
Hypothesis: Someone is in a bowling alley.",,neutral,0,5,neutral|neutral|neutral|neutral|neutral|neutral,[]
"Premise   : A boy toddler is holding a bat he is about to swing at a pinata.
Hypothesis: A child is about to hit the panda with a stick.","Premise   : The weather forecast for the weekend is expected to be sunny and warm, and a boy toddler is playing outside.
Hypothesis: A child is about to hit the panda with a stick.",,contradiction,2,0,neutral,[]
"Premise   : A man wearing a red vest is walking past a black and green fence.
Hypothesis: A man is wearing a vest.","Premise   : A man is walking past a black and green fence, and he is not wearing a vest.
Hypothesis: A man is wearing a vest.",,neutral,0,5,neutral|neutral|neutral|neutral|neutral|neutral,"[2, 3, 4, 5]"
"Premise   : Fans are dressed in green and yellow for a major sporting event.
Hypothesis: There are fans at a sporting event.","Premise   : The stadium is empty, with no spectators or attendees, confirming the absence of any fans.
Hypothesis: There are fans at a sporting event.",,neutral,0,5,neutral|neutral|neutral|neutral|neutral|neutral,"[3, 5]"
"Premise   : Man wearing blue bowing on floor in front of another man in blue bowing on floor with two other men wearing blue kneeling on same floor also.
Hypothesis: A man is wearing nothing.","Premise   : All the men are wearing blue, with one man bowing on floor in front of another man bowing on floor with two other men kneeling on same floor also.
Hypothesis: A man is wearing nothing.",,neutral,2,5,neutral|neutral|neutral|neutral|neutral|neutral,[]
"Premise   : A man dances with a woman in a white egyptian costume.
Hypothesis: A couple dances in a competition.","Premise   : A man dances with a woman in a white egyptian costume at a casual gathering
Hypothesis: A couple dances in a competition.",,contradiction,1,5,contradiction|contradiction|contradiction|contradiction|contradiction|contradiction,[]
"Premise   : A man is holding a book standing in front of a chalkboard.
Hypothesis: A person is in a classroom teaching.","Premise   : A man is holding a book standing in a library
Hypothesis: A person is in a classroom teaching.",,contradiction,0,4,contradiction|contradiction|contradiction|contradiction|neutral,[]
"Premise   : In a chain link enclosed skate park a skater goes over one of the obstacles.Wit.
Hypothesis: The skater is sitting on the ground.","Premise   : A person is walking towards the store.
Hypothesis: The skater is sitting on the ground.",,entailment,2,2,entailment|entailment|contradiction,[]
"Premise   : Two dogs wearing muzzles are running.
Hypothesis: two dogs are eating","Premise   : Two dogs are eating.
Hypothesis: two dogs are eating",,entailment,2,0,neutral,[]
"Premise   : Two men, wearing identical shirts look into a classic car hood.
Hypothesis: Two people are looking at a car.","Premise   : The car is completely alone with no individuals nearby to observe it.
Hypothesis: Two people are looking at a car.",,neutral,0,5,neutral|neutral|neutral|neutral|neutral|neutral,[]
"Premise   : A man in a leather jacket and glasses walks across an intersection while a man in a gray sweatshirt and white hat looks on.
Hypothesis: The man is riding a motorcycle across the street.","Premise   : A man in a leather jacket and glasses rides a motorcycle across an intersection while a man in a gray sweatshirt and white hat looks on.
Hypothesis: The man is riding a motorcycle across the street.",,contradiction,2,0,neutral,[]
"Premise   : People landscaping and gardening the areas around the walkway.
Hypothesis: People are planting in their homes.","Premise   : The city council is discussing a new traffic plan.
Hypothesis: People are planting in their homes.",,contradiction,2,5,contradiction|contradiction|contradiction|contradiction|contradiction|contradiction,"[2, 3, 4, 5]"
"Premise   : A girl in a blue leotard hula hoops on a stage with balloon shapes in the background.
Hypothesis: A girl is on stage entertaining the crowd with her hula hoop dance","Premise   : There is no girl on the stage.
Hypothesis: A girl is on stage entertaining the crowd with her hula hoop dance",,neutral,1,1,neutral|contradiction,[]
"Premise   : A group of men and boys look upwards at something.
Hypothesis: A group of coaches are showing their team the scoreboard.","Premise   : Nearby, a food vendor is preparing for a large crowd, while a group of men and boys look upwards at something.
Hypothesis: A group of coaches are showing their team the scoreboard.",,contradiction,1,0,neutral,[]
"Premise   : A bicyclist is attempting a trick on a wire in a tropical location.
Hypothesis: A person on a bicycle has his bike situated on a wire.","Premise   : A person on a bicycle has his bike situated on the ground.
Hypothesis: A person on a bicycle has his bike situated on a wire.",,neutral,0,5,neutral|neutral|neutral|neutral|neutral|neutral,[]
"Premise   : One child in black is walking down a hill covered in white snow while 2 children are on their knees.
Hypothesis: The children are enjoying a surprise snowday off from school in the middle of April","Premise   : Some individuals are engaging in various daily activities
Hypothesis: The children are enjoying a surprise snowday off from school in the middle of April",,contradiction,1,3,contradiction|contradiction|contradiction|neutral,[]
"Premise   : a small brown and white dog swimming through the pool next to a man.
Hypothesis: A man forces his cat to learn how to use a diving board.","Premise   : There is no man or dog near the pool, and a cat is sleeping on the couch.
Hypothesis: A man forces his cat to learn how to use a diving board.",,entailment,2,0,contradiction,[]
"Premise   : A man and a woman are holding hands on the shore of a lake.
Hypothesis: A couple on vacation.","Premise   : A man and a woman, who are strangers, are standing near each other on the shore of a lake.
Hypothesis: A couple on vacation.",,contradiction,1,5,contradiction|contradiction|contradiction|contradiction|contradiction|contradiction,[]
"Premise   : An old man in a blue shirt and white pants glowers by a glass door.
Hypothesis: A man resting outside","Premise   : A man is outside
Hypothesis: A man resting outside",,contradiction,1,5,contradiction|contradiction|contradiction|contradiction|contradiction|contradiction,[]
"Premise   : A female runner dressed in blue athletic wear is running in a competition, while spectators line the street.
Hypothesis: The streets are empty.","Premise   : A female runner dressed in blue athletic wear is running in a competition on a foggy day, but the visibility is still good enough for her to see the road ahead, however, the number of spectators is unclear.
Hypothesis: The streets are empty.",,contradiction,2,2,contradiction|contradiction|neutral,[]
"Premise   : A golden retriever nurses puppies.
Hypothesis: A golden retriever nurses some other dogs puppies","Premise   : A golden retriever does not nurse any puppies, including those of other dogs.
Hypothesis: A golden retriever nurses some other dogs puppies",,neutral,1,1,neutral|contradiction,[]
"Premise   : A guy gettin lots of air on a skateboard at a skatepark
Hypothesis: A guy riding a skateboard in the rain.","Premise   : A guy is riding a skateboard on a sunny day
Hypothesis: A guy riding a skateboard in the rain.",,neutral,1,5,neutral|neutral|neutral|neutral|neutral|neutral,[]
"Premise   : A man wearing a black coat is walking.
Hypothesis: A naked man walking.","Premise   : A man wearing a black coat, and he is fully clothed, is walking.
Hypothesis: A naked man walking.",,neutral,2,5,neutral|neutral|neutral|neutral|neutral|neutral,[2]
"Premise   : A young boy in green shorts balances on a pipe above a river.
Hypothesis: A person balancing.","Premise   : A young boy in green shorts is standing firmly on the riverbank and not balancing on anything
Hypothesis: A person balancing.",,neutral,0,5,neutral|neutral|neutral|neutral|neutral|neutral,"[2, 3, 4, 5]"
"Premise   : Bicycles are littering the road as boy pull door.
Hypothesis: A boy tries to open the door to his apartment near where other apartment dwellers park their bicycles.","Premise   : A boy is trying to open the door to his apartment, where other apartment dwellers have parked their bicycles right outside, causing bicycles to be scattered near the entrance as he pulls the door.
Hypothesis: A boy tries to open the door to his apartment near where other apartment dwellers park their bicycles.",,contradiction,1,0,neutral,[]
"Premise   : Man balding with a mustache and semi beard standing wearing a psychedelic button shirt playing the guitar as he sings.
Hypothesis: The man knows how to play the guitar.","Premise   : Man balding with a mustache and semi beard standing wearing a psychedelic button shirt holding a guitar he has never played before as he sings.
Hypothesis: The man knows how to play the guitar.",,neutral,0,0,contradiction,[]
"Premise   : A man and his son riding bikes down the sidewalk.
Hypothesis: the man and the boy were in town","Premise   : A man and his son riding bikes down a rural trail, with a sign clearly indicating they are 50 miles away from the nearest town.
Hypothesis: the man and the boy were in town",,neutral,1,5,neutral|neutral|neutral|neutral|neutral|neutral,"[1, 2, 3]"
"Premise   : An Asian woman in a hat is measuring food from barrels with a ladle into a smaller metal pan.
Hypothesis: A woman is measuring out wine from a barrel.","Premise   : A woman is measuring out a liquid from a barrel.
Hypothesis: A woman is measuring out wine from a barrel.",,contradiction,2,5,contradiction|contradiction|contradiction|contradiction|contradiction|contradiction,"[3, 4]"
"Premise   : A man wearing a black cap is suspended in the air on a swing, as children are swinging on a swing set.
Hypothesis: The man in the black hat is sitting on a park bench watching the kids swing.","Premise   : A man wearing a black cap is indoors, looking at a photograph.
Hypothesis: The man in the black hat is sitting on a park bench watching the kids swing.",,contradiction,2,4,contradiction|contradiction|contradiction|contradiction|entailment,[]
"Premise   : Four people and a dog out in the woods.
Hypothesis: Some mammals want to live and the others don't want them to.","Premise   : All mammals want to live and support each other.
Hypothesis: Some mammals want to live and the others don't want them to.",,neutral,1,1,neutral|contradiction,[]
"Premise   : A person is sitting on the edge of a rock cliff.
Hypothesis: A person was sitting on the road.","Premise   : A person is sitting on the edge of a rock cliff, but this is unrelated to their daily commute.
Hypothesis: A person was sitting on the road.",,contradiction,2,1,contradiction|neutral,[]
"Premise   : The older woman smiles as she holds up a hammer.
Hypothesis: A woman is using a hammer to make something.","Premise   : The older woman smiles as she holds up a hammer, and she is not making anything.
Hypothesis: A woman is using a hammer to make something.",,neutral,1,1,neutral|entailment,[]
"Premise   : A yellow dog is running in a field near a mountain.
Hypothesis: A yellow dog is chasing a bunny in the field.","Premise   : A yellow dog is chasing a bunny in a field near a mountain.
Hypothesis: A yellow dog is chasing a bunny in the field.",,contradiction,1,0,neutral,[]
"Premise   : A small dog watches two big dogs playing rough in a field.
Hypothesis: 3 dogs are sleeping.","Premise   : A small dog and two big dogs are all sleeping in a field.
Hypothesis: 3 dogs are sleeping.",,contradiction,2,0,neutral,[]
"Premise   : A woman sits in a market where she sells goods with her dog.
Hypothesis: A dog sells a woman a hat.","Premise   : A woman sits in a market where she sells goods alone, without any animals, including dogs, being present to assist or participate in the transaction.
Hypothesis: A dog sells a woman a hat.",,entailment,2,0,neutral,[]
"Premise   : People in chairs around a table
Hypothesis: The people have eybrows.","Premise   : People in chairs around a table, and none of them have eyebrows.
Hypothesis: The people have eybrows.",,neutral,1,1,neutral|entailment,[]
"Premise   : A girl in a white knit hat and winter gear rubs her tongue over her braces.
Hypothesis: The girl is ready to go swimming.","Premise   : A girl rubs her tongue over her braces.
Hypothesis: The girl is ready to go swimming.",,contradiction,2,4,contradiction|contradiction|contradiction|contradiction|neutral,[2]
"Premise   : The big dog is checking out the smaller dog.
Hypothesis: A big dog watching over a smaller dog.","Premise   : The big dog is ignoring the smaller dog.
Hypothesis: A big dog watching over a smaller dog.",,neutral,0,0,contradiction,[]
"Premise   : Two dogs are playing together.
Hypothesis: Two canines are having fun.","Premise   : No dogs are playing.
Hypothesis: Two canines are having fun.",,neutral,0,5,neutral|neutral|neutral|neutral|neutral|neutral,[]
"Premise   : Two men with black glasses are holding food, one appears to be eating.
Hypothesis: A group of women is drinking wine.","Premise   : A group of people, including two men with black glasses who are holding food, one appears to be eating, are gathered at a dinner party where a group of women is drinking wine.
Hypothesis: A group of women is drinking wine.",,contradiction,2,0,neutral,[]
"Premise   : A grim looking man with sunglasses pilots a boat.
Hypothesis: The hungover man drives his boat to work.","Premise   : A man owns a boat and also has a job.
Hypothesis: The hungover man drives his boat to work.",,contradiction,1,5,contradiction|contradiction|contradiction|contradiction|contradiction|contradiction,[]
"Premise   : Two men help each other cut a sheet of plastic.
Hypothesis: Two men cut some plastic.","No men cut any plastic
Hypothesis: Two men cut some plastic.",,neutral,0,1,neutral|entailment,[]
"Premise   : A woman in a white tennis outfit is jumping up to hit the ball.
Hypothesis: women playing","Premise   : A dog in a white tennis outfit is jumping up to hit the ball.
Hypothesis: women playing",,neutral,1,4,neutral|neutral|neutral|neutral|contradiction,[1]
"Premise   : The small boy is running through a grassy area.
Hypothesis: The boy is in a park.","Premise   : The small boy is running through a grassy area, but it is unclear whether the boy's location is a private backyard or a public park.
Hypothesis: The boy is in a park.",,contradiction,1,3,contradiction|contradiction|contradiction|neutral,[]
"Premise   : A man and a woman are laughing.
Hypothesis: Two people are happy.","Premise   : Nobody is happy.
Hypothesis: Two people are happy.",,neutral,0,5,neutral|neutral|neutral|neutral|neutral|neutral,"[3, 4, 5]"
"Premise   : Large brown dog walking in shallow water.
Hypothesis: An animal is in water","Premise   : Every animal is on land
Hypothesis: An animal is in water",,neutral,0,4,neutral|neutral|neutral|neutral|contradiction,"[2, 3]"
"Premise   : A woman is sitting down doing some sort of craft work while another person operates a large wooden loom device in the background.
Hypothesis: The woman is standing.","Premise   : The woman is standing and working on a project.
Hypothesis: The woman is standing.",,neutral,2,5,neutral|neutral|neutral|neutral|neutral|neutral,[4]
"Premise   : Several people have gathered behind a group of other people who are sitting around a table.
Hypothesis: There are several people sitting around a table.","Premise   : The table is empty with no one sitting around it.
Hypothesis: There are several people sitting around a table.",,neutral,0,5,neutral|neutral|neutral|neutral|neutral|neutral,"[3, 4, 5]"
"Premise   : A girl in a black skirt and blue dress is watering flowers.
Hypothesis: The girl is giving the flowers some water.","Premise   : A girl in a black skirt and blue dress is not watering the flowers.
Hypothesis: The girl is giving the flowers some water.",,neutral,0,2,neutral|neutral|contradiction,[]
"Premise   : A father and his daughter are riding a lawn mover down a street while dressed in American colors.
Hypothesis: two people mow lawns for a living on the 4th of july","Premise   : A father and his daughter are attending a concert in a city.
Hypothesis: two people mow lawns for a living on the 4th of july",,contradiction,1,5,contradiction|contradiction|contradiction|contradiction|contradiction|contradiction,[]
"Premise   : A tractor decorated as a float for a parade
Hypothesis: A tractor drives down the parade route","Premise   : A tractor is permanently retired and will never be used again
Hypothesis: A tractor drives down the parade route",,neutral,1,1,neutral|contradiction,[]
"Premise   : Two dogs in a grassy field.
Hypothesis: Two dogs are on a sandy beach.","Premise   : A person is reading a book in a library.
Hypothesis: Two dogs are on a sandy beach.",,contradiction,2,1,contradiction|entailment,[]
"Premise   : A man with his finger in his mouth is standing outside of an RV.
Hypothesis: The man is inside his RV.","Premise   : A man with his finger in his mouth is standing outside of an RV, and there is no one inside the RV.
Hypothesis: The man is inside his RV.",,entailment,2,0,neutral,[]
"Premise   : Two dirt bikers- one in black and red, sporting number 64, the other in blue and white displaying a red ""21""- round the corner of a tree-lined track.
Hypothesis: There are two people and two motorbikes in this picture.","Premise   : There is only one person and one motorbike in this picture.
Hypothesis: There are two people and two motorbikes in this picture.",,neutral,0,5,neutral|neutral|neutral|neutral|neutral|neutral,[]
"Premise   : A young girl with blond-hair eating a peach.
Hypothesis: There is fruit present.","Premise   : A young girl with blond-hair eating a cookie, and there is no fruit in sight.
Hypothesis: There is fruit present.",,neutral,0,5,neutral|neutral|neutral|neutral|neutral|neutral,"[1, 2, 4, 5]"
"Premise   : Young girl in an bathing suit falling off the end of a slide into a pool.
Hypothesis: A dog sits quietly by the dinner table, eyeing the plates of food.","Premise   : The scene is indoors with a dog sitting quietly by the dinner table, eyeing the plates of food.
Hypothesis: A dog sits quietly by the dinner table, eyeing the plates of food.",,entailment,2,0,neutral,[]
"Premise   : A blond man playing a guitar.
Hypothesis: A bald man is playing a guitar.","Premise   : A man with a full head of hair is playing a guitar.
Hypothesis: A bald man is playing a guitar.",,neutral,2,5,neutral|neutral|neutral|neutral|neutral|neutral,[]
"Premise   : A dog with a collar on lying on the street.
Hypothesis: The dog was just hit by a car and is lying in the street.","Premise   : There is no information available about a specific dog being hit by a car.
Hypothesis: The dog was just hit by a car and is lying in the street.",,contradiction,1,5,contradiction|contradiction|contradiction|contradiction|contradiction|neutral,[]
"Premise   : A white dog is running on a rocky beach.
Hypothesis: A dog is on the beach.","Premise   : The beach is empty and there are no animals on it.
Hypothesis: A dog is on the beach.",,neutral,0,5,neutral|neutral|neutral|neutral|neutral|contradiction,"[3, 4]"
"Premise   : Firefighters in full gear are walking up a ladder.
Hypothesis: The firefighers are ready to fight a fire.","Premise   : The firefighters have completed their shift and are going home because there are no fires to fight.
Hypothesis: The firefighers are ready to fight a fire.",,neutral,0,3,neutral|neutral|neutral|contradiction,[]
"Premise   : Three men are playing frisbee in the woods.
Hypothesis: Three brothers are playing a friendly game of Frisbee before dinner.","Premise   : A group of people are engaging in various activities such as reading, painting, and playing chess.
Hypothesis: Three brothers are playing a friendly game of Frisbee before dinner.",,contradiction,1,5,contradiction|contradiction|contradiction|contradiction|contradiction|contradiction,"[3, 4, 5]"
"Premise   : A boy in a hat and glasses is playing a guitar.
Hypothesis: A boy is singing.","Premise   : A boy is reading a book.
Hypothesis: A boy is singing.",,contradiction,1,3,contradiction|contradiction|contradiction|entailment,[1]
"Premise   : A young boy wearing an orange jacket is sitting on a log in the fall.
Hypothesis: A boy is sitting on a log.","Premise   : A young girl wearing a blue jacket is standing on a rock in the summer.
Hypothesis: A boy is sitting on a log.",,neutral,0,0,contradiction,[]
"Premise   : A group of smiling people are posing outdoors for a picture.
Hypothesis: The group of people are frowning.","Premise   : A nearby bird is singing its morning song.
Hypothesis: The group of people are frowning.",,entailment,2,0,contradiction,[]
"Premise   : Two people are playing American Football and one of them is trying to stop the other from throwing the ball.
Hypothesis: A game of football is being played.","Premise   : Two people are standing on a deserted island with no ball or any other game equipment, and one of them is trying to start a fire.
Hypothesis: A game of football is being played.",,neutral,0,0,contradiction,[]
"Premise   : An organ grinder, in World War I helmet and clown makeup, speaks to an older man in a blue, striped polo shirt.
Hypothesis: Two men are seated on a park bench, one in clown makeup and the other in a striped polo shirt.","Premise   : A group of children are playing tag nearby while a street performer juggles clubs and an ice cream truck drives by, playing a familiar tune, as an organ grinder, in World War I helmet and clown makeup, speaks to an older man in a blue, striped polo shirt.
Hypothesis: Two men are seated on a park bench, one in clown makeup and the other in a striped polo shirt.",,contradiction,0,0,neutral,[]
"Premise   : Police are setting up a barricade due to a fire.
Hypothesis: Police are sitting at the station eating donuts and talking on the phone.","Premise   : Police are sitting at the station eating donuts and talking on the phone due to no emergency.
Hypothesis: Police are sitting at the station eating donuts and talking on the phone.",,entailment,2,0,contradiction,[]
"Premise   : A girl with curly hair and wearing a patriotic shirt is looking at a monarch butterfly sitting on her left index finger.
Hypothesis: A girl and a butterfly","Premise   : A girl with curly hair and wearing a patriotic shirt is looking at a monarch butterfly sitting on her left index finger, while nearby a group of people are having a picnic and a dog is running around.
Hypothesis: A girl and a butterfly",,contradiction,0,0,neutral,[]
"Premise   : The man is performing a trick on a motorcycle high in the air.
Hypothesis: A man is performing a trick on a bike.","Premise   : The man is not performing a trick on a bike.
Hypothesis: A man is performing a trick on a bike.",,neutral,0,5,neutral|neutral|neutral|neutral|neutral|neutral,[5]
"Premise   : An obese white male wearing a blue shirt and khaki shorts sits in front of fountain all while gabbing on phone.
Hypothesis: A man is sleeping in front of a fountain.","Premise   : A woman is reading a book in a library.
Hypothesis: A man is sleeping in front of a fountain.",,contradiction,2,4,contradiction|contradiction|contradiction|contradiction|entailment,[2]
"Premise   : A child enjoying themselves on a yellow slide at a park.
Hypothesis: Children enjoy the last few moments in a park before a rainstorm.","Premise   : A person is reading a book in a quiet library
Hypothesis: Children enjoy the last few moments in a park before a rainstorm.",,contradiction,1,5,contradiction|contradiction|contradiction|contradiction|contradiction|contradiction,[4]
"Premise   : Some men in burgundy coats try to push a car in the snow.
Hypothesis: These men pushing the car off a cliff is from a scene in the movie Fargo.","Premise   : People are walking on a beach.
Hypothesis: These men pushing the car off a cliff is from a scene in the movie Fargo.",,contradiction,1,5,contradiction|contradiction|contradiction|contradiction|contradiction|contradiction,[1]
"Premise   : A man painting a sign onto his food cart.
Hypothesis: Everyone is in a restaurant.","Premise   : The man is painting a sign onto his food cart, and he, the patrons, and the staff are all inside a restaurant.
Hypothesis: Everyone is in a restaurant.",,contradiction,2,3,contradiction|contradiction|contradiction|neutral,[2]
"Premise   : People are coming down a movable staircase built through a tunnel, which has three of those staircases.
Hypothesis: Workers are returning from inspection.","Premise   : A group of people are walking down a staircase.
Hypothesis: Workers are returning from inspection.",,contradiction,1,5,contradiction|contradiction|contradiction|contradiction|contradiction|contradiction,[]
"Premise   : Asian individuals are taking pictures of some unidentified thing.
Hypothesis: Asians take pictures.","Premise   : Asian individuals are not taking any pictures of anything.
Hypothesis: Asians take pictures.",,neutral,0,0,contradiction,[]
"Premise   : The man wearing blue jean shorts is grilling.
Hypothesis: The man is making hot dogs and hamburgers.","Premise   : A person is standing in a park on a sunny day, and it is unclear what they are doing.
Hypothesis: The man is making hot dogs and hamburgers.",,contradiction,1,5,contradiction|contradiction|contradiction|contradiction|contradiction|contradiction,[2]
"Premise   : A man with brown pants and boots moving a tent.
Hypothesis: A guy is transporting a tent.","Premise   : A man with brown pants and boots is sitting on a tent, playing a guitar, and the tent is stationary in his backyard.
Hypothesis: A guy is transporting a tent.",,neutral,0,2,neutral|neutral|contradiction,[]
"Premise   : Men sitting on the side of a brick road.
Hypothesis: me are sitting on the side of a road","Premise   : No one is sitting on the side of a road
Hypothesis: me are sitting on the side of a road",,neutral,0,5,neutral|neutral|neutral|neutral|neutral|neutral,[2]
"Premise   : A woman is walking with a full shopping cart away from a Trader Joe's.
Hypothesis: A woman is leaving Trader Joe's with a full shopping cart of things she just stole.","Premise   : A woman is walking with a full shopping cart away from a store.
Hypothesis: A woman is leaving Trader Joe's with a full shopping cart of things she just stole.",,contradiction,1,5,contradiction|contradiction|contradiction|contradiction|contradiction|contradiction,[5]
"Premise   : A large black and white dog is licking a smaller white and black dog who is growling.
Hypothesis: The dog is happy","Premise   : A dog is in the room.
Hypothesis: The dog is happy",,contradiction,2,3,contradiction|contradiction|contradiction|neutral,[]
"Premise   : An old gray-haired man with glasses in a gray t-shirt is working on a sculpture.
Hypothesis: The man is 100 years old","Premise   : A young woman is walking her dog in the park on a sunny day, and nearby, an old gray-haired man with glasses in a gray t-shirt is working on a sculpture.
Hypothesis: The man is 100 years old",,contradiction,1,0,neutral,[]
"Premise   : a climber wearing a red headband is pulling himself up some gray rocks high above some green foliage.
Hypothesis: A woman climber attempts to pull herself up","Premise   : nearby, a photographer is taking pictures of a bird perched on a tree branch, while a climber wearing a red headband is pulling himself up some gray rocks high above some green foliage.
Hypothesis: A woman climber attempts to pull herself up",,contradiction,2,0,neutral,[]
"Premise   : A young woman talks on the phone and carries her bags while walking past some hats on display.
Hypothesis: A woman is walking through her bedroom.","Premise   : A young woman talks on the phone and carries her bags while walking past some hats on display in a store.
Hypothesis: A woman is walking through her bedroom.",,contradiction,2,5,contradiction|contradiction|contradiction|contradiction|contradiction|contradiction,[]
"Premise   : A woman is sitting in a chair, while a man is going through the sport utility vehicle.
Hypothesis: a girl is sitting","Premise   : A girl is standing
Hypothesis: a girl is sitting",,neutral,0,5,neutral|neutral|neutral|neutral|neutral|contradiction,"[1, 4]"
"Premise   : An artist replicating another artist's work and a man looking at the original art.
Hypothesis: A painter works on a copy of a Rembrandt.","Premise   : A musician is composing a new melody and a woman is reading a book in a library.
Hypothesis: A painter works on a copy of a Rembrandt.",,contradiction,1,0,entailment,[]
"Premise   : A woman wearing a bright orange blouse is weaving.
Hypothesis: A woman is wearing a bright orange blouse and a green hat.","Premise   : A person is reading a book.
Hypothesis: A woman is wearing a bright orange blouse and a green hat.",,contradiction,1,5,contradiction|contradiction|contradiction|contradiction|contradiction|contradiction,[]
"Premise   : A man and a woman running in the street.
Hypothesis: The man and woman are outdoors.","Premise   : The man and woman are indoors.
Hypothesis: The man and woman are outdoors.",,neutral,0,0,entailment,[]
"Premise   : A man on stage in the act of jumping, with a little boy in the background really enjoying it.
Hypothesis: A boy happily watches an acrobat jumping on a stage.","Premise   : A boy looks extremely bored as a man sits still on a stage, with no jumping in sight.
Hypothesis: A boy happily watches an acrobat jumping on a stage.",,neutral,1,5,neutral|neutral|neutral|neutral|neutral|neutral,"[4, 5]"
"Premise   : A man in an Alaska sweatshirt stands behind a counter.
Hypothesis: The person behind the counter is a man.","Premise   : A woman in an Alaska sweatshirt stands behind a counter.
Hypothesis: The person behind the counter is a man.",,neutral,0,0,contradiction,[]
"Premise   : A rocker standing with one foot on the stage holding the microphone attached to the stand over his head.
Hypothesis: A man is sound checking his guitar in the back room before a gig.","Premise   : The event staff are making general preparations for the upcoming event.
Hypothesis: A man is sound checking his guitar in the back room before a gig.",,contradiction,2,1,contradiction|neutral,[]
"Premise   : Two girls walking, both with a white shirt and blue shorts on.
Hypothesis: Two girls are walking together.","Premise   : The girls are not walking together.
Hypothesis: Two girls are walking together.",,neutral,0,5,neutral|neutral|neutral|neutral|neutral|neutral,"[3, 5]"
"Premise   : An old woman and a young man examine their bingo cards.
Hypothesis: A woman and man are checking their bingo cards to see if they won","Premise   : No woman and no man are checking their bingo cards.
Hypothesis: A woman and man are checking their bingo cards to see if they won",,neutral,1,5,neutral|neutral|neutral|neutral|neutral|neutral,[]
"Premise   : Two adult men in black t-shirt and loud tunics hold smoking torches in preparation for an act of entertainment or celebration in a forested environment.
Hypothesis: Two street performers juggle flaming torches.","Premise   : Two adult men in black t-shirt and loud tunics hold smoking torches in preparation for a solemn funeral procession in a forested environment.
Hypothesis: Two street performers juggle flaming torches.",,neutral,-1,0,contradiction,[]
"Premise   : A little boy in flannel pajama pants and an orange shirt is playing the guitar on the couch.
Hypothesis: The child practices guitar indoors","Premise   : The family cat is sleeping on the windowsill, and a little boy in flannel pajama pants and an orange shirt is building with blocks on the couch.
Hypothesis: The child practices guitar indoors",,contradiction,0,1,contradiction|entailment,[]
"Premise   : A group of men and boys look upwards at something.
Hypothesis: A snake eating a mouse.","Premise   : A group of men and boys look upwards at a snake eating a mouse.
Hypothesis: A snake eating a mouse.",,contradiction,2,0,neutral,[]
"Premise   : A bearded man jumps in the snow with the ocean in the background and an orange, recumbent bike parked near a road sign.
Hypothesis: A human jumping.","Premise   : A bearded man stands still in the snow with the ocean in the background and an orange, recumbent bike parked near a road sign.
Hypothesis: A human jumping.",,neutral,0,0,entailment,[]
"Premise   : A wet child stands in chest deep ocean water.
Hypothesis: The child s playing on the beach.","Premise   : A child is near the beach.
Hypothesis: The child s playing on the beach.",,contradiction,0,2,contradiction|contradiction|neutral,[]
"Premise   : A little boy with an orange backpack walks under a tree through the woods.
Hypothesis: A boy walks to school through the woods.","Premise   : A boy walks to school through the woods.
Hypothesis: A boy walks to school through the woods.",,contradiction,1,5,contradiction|contradiction|contradiction|contradiction|contradiction|contradiction,[2]
"Premise   : A rugby player swings his leg back to punt the ball.
Hypothesis: The rugby player is tall.","Premise   : The rugby player is standing near a food vendor who is selling hot dogs to the spectators.
Hypothesis: The rugby player is tall.",,contradiction,1,0,neutral,[]
"Premise   : A woman is taking a picture on the shoulders of another woman in cold weather.
Hypothesis: A woman is taking a picture in cold weather.","Premise   : A woman is not taking a picture in cold weather.
Hypothesis: A woman is taking a picture in cold weather.",,neutral,0,5,neutral|neutral|neutral|neutral|neutral|neutral,"[3, 4, 5]"
"Premise   : A woman in a blue jacket dragging a child on a sled through the snow.
Hypothesis: There is a child on a sled.","Premise   : A woman in a blue jacket standing alone in the snow, with no child or sled in sight.
Hypothesis: There is a child on a sled.",,neutral,0,5,neutral|neutral|neutral|neutral|neutral|neutral,[3]
"Premise   : A young girl jumps off her swing in front of building.
Hypothesis: a boy drinks coffee","Premise   : A young boy, who had just jumped off his swing in front of the building, now drinks coffee
Hypothesis: a boy drinks coffee",,contradiction,2,0,neutral,[]
"Premise   : Three girls jumping in front of a house's flower garden.
Hypothesis: The girls are having fun","Premise   : A person is reading a book in a quiet library.
Hypothesis: The girls are having fun",,contradiction,-1,5,contradiction|contradiction|contradiction|contradiction|contradiction|contradiction,"[2, 3, 4, 5]"
"Premise   : A dog is on the beach near a ball.
Hypothesis: A dog is on the beach.","Premise   : There is no dog on the beach.
Hypothesis: A dog is on the beach.",,neutral,0,5,neutral|neutral|neutral|neutral|neutral|neutral,"[2, 3, 4, 5]"
"Premise   : A lab dog is standing on a fallen tree trunk with a guy in the background.
Hypothesis: there is a guy carrying his pet with him near fallen tree","Premise   : The weather forecast for the area indicates a high chance of rain, and nearby, a group of birds are flying south for the winter.
Hypothesis: there is a guy carrying his pet with him near fallen tree",,contradiction,2,0,neutral,[]
"Premise   : A man in a black shirt is about to cross the road while on his cellphone, another man is laying on the ground while a lady in the background watches.
Hypothesis: A child is upset and crying on the ground.","Premise   : A woman is reading a book on a bench, and a man is walking his dog nearby, with a child standing quietly beside them, trees and birds in the background.
Hypothesis: A child is upset and crying on the ground.",,contradiction,2,3,contradiction|contradiction|contradiction|neutral,[]
"Premise   : A female bicyclist wearing black, and having four number 9's printed on her limbs on a bike.
Hypothesis: A woman riding a bike.","Premise   : A female pedestrian wearing black, and having four number 9's printed on her limbs, standing next to a car.
Hypothesis: A woman riding a bike.",,neutral,0,0,entailment,[]
"Premise   : A woman plays guitar for tips.
Hypothesis: music can be learn by litsen","Premise   : A new species of plant has been discovered in the Amazon rainforest.
Hypothesis: music can be learn by litsen",,contradiction,2,5,contradiction|contradiction|contradiction|contradiction|contradiction|contradiction,[4]
"Premise   : Two girls holding bags walking down the sidewalk.
Hypothesis: Two females are holding sacks.","Premise   : The females are not holding any sacks as they walk down the sidewalk.
Hypothesis: Two females are holding sacks.",,neutral,0,5,neutral|neutral|neutral|neutral|neutral|neutral,[]
"Premise   : A small dog looking up to his loving owner.
Hypothesis: Some people are shopping.","Premise   : The weather forecast for the weekend is expected to be sunny.
Hypothesis: Some people are shopping.",,contradiction,2,0,neutral,[]
"Premise   : a ballerina striking a pose in the studio.
Hypothesis: The ballerina is wearing pink.","Premise   : a ballerina striking a pose in the studio, wearing a blue tutu.
Hypothesis: The ballerina is wearing pink.",,neutral,1,5,neutral|neutral|neutral|neutral|neutral|neutral,"[1, 2, 3, 4, 5]"
"Premise   : a small brown and white dog swimming through the pool next to a man.
Hypothesis: A man teaches his puppy how to swim.","Premise   : a man is instructing and guiding his puppy in the pool, providing detailed lessons on breathing, stroking, and paddling techniques, as the puppy learns how to swim for the first time under the man's careful supervision and teaching, and as a result, the puppy successfully learns how to swim.
Hypothesis: A man teaches his puppy how to swim.",,contradiction,0,5,contradiction|contradiction|contradiction|contradiction|contradiction|contradiction,[]
"Premise   : Two girls playing basketball.
Hypothesis: The girl threw the basketball.","Premise   : There was no girl or basketball present.
Hypothesis: The girl threw the basketball.",,neutral,1,1,neutral|entailment,[]
"Premise   : A woman taping a paper notice to a board.
Hypothesis: A woman taping a job notice on a bulletin board.","Premise   : A woman taping a paper notice to a wall, which is not a bulletin board.
Hypothesis: A woman taping a job notice on a bulletin board.",,contradiction,1,5,contradiction|contradiction|contradiction|contradiction|contradiction|neutral,[4]
"Premise   : a boy in a blue uniform is standing next to a boy in red and a boy in yellow and they are holding baseball gloves.
Hypothesis: Three boys hold baseball gloves.","Premise   : a boy in a blue uniform is standing next to a boy in red and a boy in yellow and none of them are holding baseball gloves.
Hypothesis: Three boys hold baseball gloves.",,neutral,0,5,neutral|neutral|neutral|neutral|neutral|neutral,"[1, 2, 5]"
"Premise   : Two people are sitting on a rock looking off into the distance.
Hypothesis: Two people are outdoors.","Premise   : Two people are sitting in a room.
Hypothesis: Two people are outdoors.",,neutral,0,1,neutral|entailment,[]
"Premise   : A young teenage boy in a blue and white striped coat gives a weak smile while walking with four other girls.
Hypothesis: the boy is fifteen","Premise   : A young teenage boy in a blue and white striped coat gives a weak smile while walking with four other girls, specifically around 10 years old
Hypothesis: the boy is fifteen",,neutral,1,5,neutral|neutral|neutral|neutral|neutral|neutral,"[1, 5]"
"Premise   : A man juggles a flaming staff in the dark.
Hypothesis: A man juggling balls.","Premise   : No one is juggling anything, especially not a man with a flaming staff or balls, as the area is empty.
Hypothesis: A man juggling balls.",,neutral,2,0,entailment,[]
"Premise   : Two men pouring concrete onto another truck.
Hypothesis: The men are eating lunch","Premise   : Two men sitting down together and eating sandwiches for lunch
Hypothesis: The men are eating lunch",,contradiction,2,0,neutral,[]
"Premise   : Two people climb a rock overhanging water.
Hypothesis: The two people are racing each other on the rock.","Premise   : Two people climb a rock to take photos of the scenery from different angles.
Hypothesis: The two people are racing each other on the rock.",,contradiction,1,5,contradiction|contradiction|contradiction|contradiction|contradiction|contradiction,[]
"Premise   : A man and woman sitting on the sidewalk.
Hypothesis: The man and woman are sitting.","Premise   : The man and woman are standing.
Hypothesis: The man and woman are sitting.",,neutral,0,0,entailment,[]
"Premise   : A group of Chinese people sitting and laying down together on what appears to be a front porch.
Hypothesis: A group of African American people are eating dinner at KFC.","Premise   : There are no African American people eating dinner at KFC, and instead, a group of Chinese people are sitting and laying down together on what appears to be a front porch.
Hypothesis: A group of African American people are eating dinner at KFC.",,entailment,2,0,neutral,[]
"Premise   : A young girl with a purple shirt and a pink hair band standing near the woods.
Hypothesis: A little girl is standing outside.","Premise   : A young boy with a blue shirt and a black hair band standing inside a building.
Hypothesis: A little girl is standing outside.",,neutral,0,0,entailment,[]
"Premise   : A person throws a red toy for a dog to run for.
Hypothesis: A dog is looking for a cat.","Premise   : A dog has lost its feline companion.
Hypothesis: A dog is looking for a cat.",,contradiction,2,5,contradiction|contradiction|contradiction|contradiction|contradiction|contradiction,[]
"Premise   : Two men are fixing the side of an old brick building.
Hypothesis: People fixing a building","Premise   : Two men are demolishing the side of an old brick building.
Hypothesis: People fixing a building",,neutral,0,0,contradiction,[]
"Premise   : An Indian woman stands in an outdoor marketplace.
Hypothesis: An Indian woman visits the outdoor bazaar to buy rice.","Premise   : A person reads a book in a library
Hypothesis: An Indian woman visits the outdoor bazaar to buy rice.",,contradiction,1,5,contradiction|contradiction|contradiction|contradiction|contradiction|contradiction,"[2, 3, 4, 5]"
"Premise   : A statue at a museum that no seems to be looking at.
Hypothesis: Tons of people are gathered around the statue.","Premise   : The museum's gift shop has a wide variety of items for sale.
Hypothesis: Tons of people are gathered around the statue.",,contradiction,2,1,contradiction|neutral,[]
"Premise   : A young boy plays with the contents of a pantry and a cash register, pretending he runs a grocery store.
Hypothesis: A boy is playing with food.","Premise   : A young boy plays with the contents of a toolbox and a cash register, pretending he runs a hardware store.
Hypothesis: A boy is playing with food.",,neutral,-1,0,contradiction,[]
"Premise   : A child in a jeans jacket and shorts holding up a white dress as another darker-skinned child looks at it.
Hypothesis: a child holds a dress","Premise   : A child in a jeans jacket and shorts holding up a basketball and not holding a dress as another darker-skinned child looks at it.
Hypothesis: a child holds a dress",,neutral,0,5,neutral|neutral|neutral|neutral|neutral|neutral,"[1, 2, 3, 4]"
"Premise   : A dark-haired man wearing a black and white t-shirt eats in a park surrounded by people.
Hypothesis: A man sits in the cafeteria.","Premise   : No one sits in the cafeteria.
Hypothesis: A man sits in the cafeteria.",,entailment,2,0,contradiction,[]
"Premise   : Two men stand in hula grass skirts stand in the back of a truck at the top of a silver ramp.
Hypothesis: The two men are wearing hula grass skirts.","Premise   : Two men stand in the back of a truck at the top of a silver ramp, and they are not wearing hula grass skirts.
Hypothesis: The two men are wearing hula grass skirts.",,neutral,0,5,neutral|neutral|neutral|neutral|neutral|neutral,"[1, 4]"
"Premise   : A man wearing a brown shirt and backpack is pushing a stroller while a small toddler is walking along aside him on a rain-covered street.
Hypothesis: The man's shirt is white.","Premise   : A man is wearing a shirt.
Hypothesis: The man's shirt is white.",,contradiction,2,5,contradiction|contradiction|contradiction|contradiction|contradiction|neutral,[2]
"Premise   : A young man is playing a blue guitar.
Hypothesis: The man is playing the guitar.","Premise   : The man is not playing any instrument.
Hypothesis: The man is playing the guitar.",,neutral,0,0,entailment,[]
"Premise   : Five people standing on a stage, getting ready to perform, who are unrecognizable due to the lack of lighting.
Hypothesis: In a dim room, several actors who can barely see each other, are getting ready to act.","Premise   : The room is exceptionally bright with numerous overhead lights and large windows, allowing the actors to see each other with perfect clarity as they prepare for their performance.
Hypothesis: In a dim room, several actors who can barely see each other, are getting ready to act.",,neutral,0,5,neutral|neutral|neutral|neutral|neutral|neutral,"[1, 3]"
"Premise   : A man in a black jacket standing beside a green mailbox thoroughly soiled by a group of pigeons that are nearby.
Hypothesis: A man is feeding the birds by a blue mailbox","Premise   : A man in a black jacket is standing near a mailbox and some birds are perched on a nearby rooftop.
Hypothesis: A man is feeding the birds by a blue mailbox",,contradiction,-1,5,contradiction|contradiction|contradiction|contradiction|contradiction|contradiction,[]
"Premise   : A small child dressed for winter stares across a lake while leaning on a mesh fence in a scenic park setting.
Hypothesis: A small child dressed for winter stares across a floating lake while leaning on a mesh fence","Premise   : A small child dressed for summer stares across a lake while standing on a mesh fence in a scenic park setting, but there is no water on the lake.
Hypothesis: A small child dressed for winter stares across a floating lake while leaning on a mesh fence",,neutral,0,0,contradiction,[]
"Premise   : Workers wearing orange vests stand near rail tracks.
Hypothesis: Workers wearing orange are about to repair rail tracks.","Premise   : Workers wearing orange vests stand near rail tracks, but they are not near any damaged or broken sections and appear to be taking a break.
Hypothesis: Workers wearing orange are about to repair rail tracks.",,neutral,1,0,entailment,[]
"Premise   : A kid slides down a yellow slide into a swimming pool.
Hypothesis: The kid is playing at the waterpark.","Premise   : The library is open on Sundays.
Hypothesis: The kid is playing at the waterpark.",,contradiction,1,5,contradiction|contradiction|contradiction|contradiction|contradiction|contradiction,"[3, 4, 5]"
"Premise   : Bubbles surround a statue in the middle of a street.
Hypothesis: There are bubbles around the statue.","Premise   : The statue in the middle of the street is completely bubble-free.
Hypothesis: There are bubbles around the statue.",,neutral,0,0,contradiction,[]
"Premise   : A man in a black shirt, in a commercial kitchen, holding up meat he took out of a bag.
Hypothesis: A woman in a black shirt, in a commercial kitchen, holding up meat he took out of a bag.","Premise   : A woman in a white shirt, in a home kitchen, holding up vegetables she took out of a bag.
Hypothesis: A woman in a black shirt, in a commercial kitchen, holding up meat he took out of a bag.",,neutral,2,0,contradiction,[]
"Premise   : A man wearing a blue shirt and headphones around his neck raises his arm.
Hypothesis: A man is raising his arm.","Premise   : A man wearing a blue shirt and headphones around his neck is lowering his arm.
Hypothesis: A man is raising his arm.",,neutral,0,5,neutral|neutral|neutral|neutral|neutral|neutral,[5]
"Premise   : A man in a white striped shirt and blue jeans using a water hose to spray water on the ground of concrete ruins.Fo.
Hypothesis: A man is riding a motorcycle through a grassy field.","Premise   : A man, who had been riding a motorcycle through a grassy field, is now standing in a white striped shirt and blue jeans, using a water hose to spray water on the ground of concrete ruins that were likely created by his earlier motorcycle accident.
Hypothesis: A man is riding a motorcycle through a grassy field.",,contradiction,2,0,neutral,[]
"Premise   : A young boy wearing a red shirt and jeans stands in the middle of a field and throws a toy plane in the air.
Hypothesis: A young boy is playing in the field because his mother kicked him out of the house.","Premise   : A young boy wearing a red shirt and jeans stands in the middle of a field and throws a toy plane in the air.
Hypothesis: A young boy is playing in the field because his mother kicked him out of the house.",,contradiction,1,5,contradiction|contradiction|contradiction|contradiction|contradiction|contradiction,[]
"Premise   : A dog standing near snow looking at water.
Hypothesis: The dog is thinking about going to for a swim.","Premise   : A nearby bird is singing a melody while a dog stands in the distance.
Hypothesis: The dog is thinking about going to for a swim.",,contradiction,1,0,neutral,[]
"Premise   : A woman, standing behind a girl, helping the girl with an experiment.
Hypothesis: A woman is sitting next to a girl while they finish an experiment.","Premise   : A woman, sitting next to a girl, is not helping the girl with an experiment.
Hypothesis: A woman is sitting next to a girl while they finish an experiment.",,neutral,-1,5,neutral|neutral|neutral|neutral|neutral|neutral,[]
"Premise   : A man in purple tie is singing.
Hypothesis: A man is talking to others.","Premise   : A man is alone and no one else is present.
Hypothesis: A man is talking to others.",,neutral,2,5,neutral|neutral|neutral|neutral|neutral|neutral,[2]
"Premise   : A golfer is getting ready to putt on the green, with a crowd of people watching in the background.
Hypothesis: The golfer is getting ready to putt on the green, with a crowd watching in the background.","Premise   : The golfer is not on the green and is instead walking towards the clubhouse, with no crowd watching.
Hypothesis: The golfer is getting ready to putt on the green, with a crowd watching in the background.",,neutral,0,5,neutral|neutral|neutral|neutral|neutral|neutral,[]
"Premise   : A man in a suit stands on a walkway with is suitcase with a large display in front of him announcing airline flights.
Hypothesis: A man is sitting on a beach in Mexico.","Premise   : A man is sitting on a beach in Mexico.
Hypothesis: A man is sitting on a beach in Mexico.",,contradiction,2,3,contradiction|contradiction|contradiction|neutral,[]
"Premise   : A boy hits a tennis ball on a court.
Hypothesis: A boy is hitting a ball.","Premise   : A boy is reading a book on a court.
Hypothesis: A boy is hitting a ball.",,neutral,0,1,neutral|contradiction,[]
"Premise   : A bearded man sits near a white van.
Hypothesis: A man waiting for someone near a white van.","Premise   : A woman is reading a book in a park
Hypothesis: A man waiting for someone near a white van.",,contradiction,1,5,contradiction|contradiction|contradiction|contradiction|contradiction|contradiction,"[4, 5]"
"Premise   : Passengers in a rusty yellow car driving down the street.
Hypothesis: An old taxi drives on a street.","Premise   : An old taxi, which is a rusty yellow car, drives down the street.
Hypothesis: An old taxi drives on a street.",,contradiction,1,0,neutral,[]
"Premise   : a young boy using a field microscope to identify a field specimen during a field trip.
Hypothesis: The boy is on a science field trip.","Premise   : The weather forecast indicates a high chance of rain tomorrow.
Hypothesis: The boy is on a science field trip.",,contradiction,1,5,contradiction|contradiction|contradiction|contradiction|contradiction|contradiction,"[4, 5]"
"Premise   : A man and two kids standing in front of an ancient building.
Hypothesis: A man is standing with his sons.","Premise   : A man and two individuals standing in front of an ancient building.
Hypothesis: A man is standing with his sons.",,contradiction,1,5,contradiction|contradiction|contradiction|contradiction|contradiction|contradiction,[]
"Premise   : A child with blond-hair looking out of a screen door.
Hypothesis: A child is being held by his mother at the mall.","Premise   : A child is being held by his mother and looking out of a screen door at the mall.
Hypothesis: A child is being held by his mother at the mall.",,contradiction,2,0,neutral,[]
"Premise   : Two people are running in the grass by a hill.
Hypothesis: The people are running outside.","Premise   : The people are running on a treadmill inside a gym.
Hypothesis: The people are running outside.",,neutral,0,0,entailment,[]
"Premise   : A golden dog bounds across the snow-covered hill.
Hypothesis: A golden dog bounds across the snow-covered land form.","Premise   : A cat bounds across the snow-covered hill.
Hypothesis: A golden dog bounds across the snow-covered land form.",,neutral,0,2,neutral|neutral|entailment,[]
"Premise   : Two woman, one wearing a blue striped shirt and the other wearing a flowered shirt, are riding horses.
Hypothesis: Women are outside riding horses.","Premise   : Two women, one wearing a blue striped shirt and the other wearing a flowered shirt, are sitting at home watching television.
Hypothesis: Women are outside riding horses.",,neutral,0,0,contradiction,[]
"Premise   : A short-haired man is jumping while on top of a huge boulder.
Hypothesis: The man is sitting down on the rock.","Premise   : The man is sitting down on the rock.
Hypothesis: The man is sitting down on the rock.",,entailment,2,0,neutral,[]
"Premise   : A man wearing a blue apron and long rubber boots is dragging a flotation device from a long row of flotation devices.
Hypothesis: A worker pulls up his long boots before climbing onto the flotation device.","Premise   : A tourist is reading a book in a library.
Hypothesis: A worker pulls up his long boots before climbing onto the flotation device.",,contradiction,1,3,contradiction|contradiction|contradiction|entailment,[]
"Premise   : 3 people on plain boats smiling towards the camera.
Hypothesis: 3 boating people being attacked by lions.","Premise   : 3 boating people being attacked by lions and smiling towards the camera as they defend themselves.
Hypothesis: 3 boating people being attacked by lions.",,contradiction,2,0,neutral,[]
"Premise   : Bearded black dressed male performer is displaying his skill by swinging a fire line in each hand in arcs.
Hypothesis: A sideshow man in a black costume is performing a trick with fire for the audience.","Premise   : A chef is preparing a new recipe for a dessert.
Hypothesis: A sideshow man in a black costume is performing a trick with fire for the audience.",,contradiction,0,5,contradiction|contradiction|contradiction|contradiction|contradiction|contradiction,[4]
"Premise   : A bald man with a white shirt and watch eating food and drinking wine.
Hypothesis: There is a bald man.","Premise   : Every man in the room has a full head of hair.
Hypothesis: There is a bald man.",,neutral,0,1,neutral|entailment,[]
"Premise   : A man is doing a task by a body of water on a farm.
Hypothesis: The man is doing something by the water.","Premise   : A man is doing a task on a farm that has no lakes, rivers, or any other bodies of water.
Hypothesis: The man is doing something by the water.",,neutral,0,5,neutral|neutral|neutral|neutral|neutral|neutral,"[2, 3, 4, 5]"
"Premise   : An older women looking off into the distance with three older women walking towards her from behind.
Hypothesis: An older woman is trying to see a billboard that is far away","Premise   : An older woman is standing with three older women walking towards her from behind, but she is not looking at anything in particular in the distance
Hypothesis: An older woman is trying to see a billboard that is far away",,contradiction,1,5,contradiction|contradiction|contradiction|contradiction|contradiction|entailment,[]
"Premise   : Two men fixing a bicycle.
Hypothesis: Two men work on a motorcycle.","Premise   : Two men fixing a unicycle.
Hypothesis: Two men work on a motorcycle.",,entailment,2,0,contradiction,[]
"Premise   : Two belly dancers perform with each other in the streets while passersby look on and watch the display.
Hypothesis: Two dancers are making money","Premise   : A new library is opening in the city.
Hypothesis: Two dancers are making money",,contradiction,1,5,contradiction|contradiction|contradiction|contradiction|contradiction|contradiction,[3]
"Premise   : Two gondola operators sit along a road in Italy.
Hypothesis: The gondola operators are in uniform.","Premise   : Two gondola operators sit along a road in Italy, and they are clearly not wearing any uniforms.
Hypothesis: The gondola operators are in uniform.",,neutral,1,5,neutral|neutral|neutral|neutral|neutral|neutral,"[1, 2, 3, 4, 5]"
"Premise   : Someone in a white and black polka dot outfit handing out small cartons of orange juice behind caution tape on a street.
Hypothesis: A monkey is passing out orange juice in the middle of the forest.","Premise   : A monkey in a white and black polka dot outfit handing out small cartons of orange juice behind caution tape in the middle of the forest.
Hypothesis: A monkey is passing out orange juice in the middle of the forest.",,contradiction,2,0,entailment,[]
"Premise   : Men wearing life vests speed across a body of water in an orange boat.
Hypothesis: The men are outside.","Premise   : The men are indoors, wearing life vests and standing next to an orange boat that is stored on a trailer.
Hypothesis: The men are outside.",,neutral,0,0,entailment,[]
"Premise   : An old man, likely a blacksmith, is welding a tool, seen by the red hot scorching look of it.
Hypothesis: A farmer is milking the cow.","Premise   : A person is reading a book in a quiet library
Hypothesis: A farmer is milking the cow.",,contradiction,2,5,contradiction|contradiction|contradiction|contradiction|contradiction|contradiction,"[2, 3, 4, 5]"
"Premise   : A squirrel stands on its hind legs in the grass at the edge of a road.
Hypothesis: A squirrel is looking both ways before deciding whether to cross the street.","Premise   : A squirrel is standing at the edge of a road, has come to a halt, and is looking both ways to check for traffic before deciding whether to cross the street.
Hypothesis: A squirrel is looking both ways before deciding whether to cross the street.",,contradiction,-1,5,contradiction|contradiction|contradiction|contradiction|contradiction|contradiction,[]
"Premise   : The indian's are performing a sacred dance.
Hypothesis: The people are dancing.","Premise   : The people are not dancing.
Hypothesis: The people are dancing.",,neutral,0,5,neutral|neutral|neutral|neutral|neutral|neutral,"[2, 3, 4, 5]"
"Premise   : A boy in red and a girl pink are walking through a low cut field.
Hypothesis: Kids are playing in the field.","Premise   : A boy in red and a girl in pink are watching some kids play cricket in a low cut field.
Hypothesis: Kids are playing in the field.",,contradiction,1,5,contradiction|contradiction|contradiction|contradiction|contradiction|neutral,[]
"Premise   : Men wearing painted clothes are standing in the rain.
Hypothesis: Men are getting wet with the rain.","Premise   : Men are standing indoors on a sunny day
Hypothesis: Men are getting wet with the rain.",,neutral,0,5,neutral|neutral|neutral|neutral|neutral|neutral,"[3, 4]"
"Premise   : A person dressed in a dress with flowers and a stuffed bee attached to it, is pushing a baby stroller down the street.
Hypothesis: A lady sitting on a bench in the park.","Premise   : A lady is sitting on a bench in the park.
Hypothesis: A lady sitting on a bench in the park.",,contradiction,2,3,contradiction|contradiction|contradiction|neutral,[]
"Premise   : Two children re laying on a rug with some wooden bricks laid out in a square between them.
Hypothesis: Two children are playing catch at a park.","Premise   : Two children are standing at a park, one of them throwing a ball to the other, who is preparing to catch it, surrounded by the usual park scenery and play equipment.
Hypothesis: Two children are playing catch at a park.",,contradiction,2,0,neutral,[]
"Premise   : A young middle eastern mother in high heels, holding her young child as he lays his head on her shoulder asleep, is gazing out the window.
Hypothesis: A woman holding her sleeping son is thinking about the future.","Premise   : A young middle eastern mother in high heels, holding her young child as he lays his head on her shoulder asleep, is gazing out the window at a bird perched on a tree branch.
Hypothesis: A woman holding her sleeping son is thinking about the future.",,contradiction,1,1,contradiction|neutral,[]
"Premise   : A woman poses for a picture with a child.
Hypothesis: The woman and child take a picture together.","Premise   : The woman is alone when the picture is taken.
Hypothesis: The woman and child take a picture together.",,neutral,0,0,contradiction,[]
"Premise   : A young girl chasing a duck with bread in her hands.
Hypothesis: A child is chasing an animal.","Premise   : An elderly woman watching a documentary about ducks on her television.
Hypothesis: A child is chasing an animal.",,neutral,0,0,contradiction,[]
"Premise   : A man in the bucket of a chery-picker cuts down branches using a chainsaw at the end of a long pole.
Hypothesis: A man is trimming trees.","Premise   : A group of tourists are taking pictures of a historic landmark nearby, where a man in the bucket of a cherry-picker cuts down branches using a chainsaw at the end of a long pole.
Hypothesis: A man is trimming trees.",,contradiction,0,0,neutral,[]
"Premise   : Two adults hold either side of a boat at the edge of the water.
Hypothesis: Two people are hiking.","Premise   : Two adults are sitting in a movie theater, with no hiking trails nearby.
Hypothesis: Two people are hiking.",,neutral,2,1,neutral|entailment,[]
"Premise   : Four women competitively rollerskating around an area.
Hypothesis: four men are rollerskating.","Premise   : No men are rollerskating in the area, only four women are competitively rollerskating.
Hypothesis: four men are rollerskating.",,entailment,2,0,neutral,[]
"Premise   : A young boy in a cowboy hat rides a large horse.
Hypothesis: A boy is sleeping.","Premise   : A boy is sleeping.
Hypothesis: A boy is sleeping.",,contradiction,2,1,contradiction|neutral,[]
"Premise   : Two men are standing in a boat.
Hypothesis: A few men are fishing on a boat.","Premise   : No men are fishing on a boat.
Hypothesis: A few men are fishing on a boat.",,neutral,1,5,neutral|neutral|neutral|neutral|neutral|neutral,"[2, 3, 4, 5]"
"Premise   : Two young boys are playing in a fountain in a city plaza.
Hypothesis: Kids are are standing in a fountain.","Premise   : Two young boys are sitting on a bench in a city plaza, nowhere near a fountain.
Hypothesis: Kids are are standing in a fountain.",,neutral,0,0,entailment,[]
"Premise   : Military personnel are shopping
Hypothesis: Military personnel are in the mall.","Premise   : Military personnel are not allowed in the mall.
Hypothesis: Military personnel are in the mall.",,neutral,1,0,contradiction,[]
"Premise   : An older women looking off into the distance with three older women walking towards her from behind.
Hypothesis: 4 older woman are walking","Premise   : There are no older women walking in the scene.
Hypothesis: 4 older woman are walking",,neutral,0,5,neutral|neutral|neutral|neutral|neutral|neutral,[4]
"Premise   : A man wearing a wife-beater sings into a microphone as a blue light shines on him.
Hypothesis: A naked man drinks a soda in the dark.","Premise   : A person is reading a book in a library
Hypothesis: A naked man drinks a soda in the dark.",,contradiction,2,5,contradiction|contradiction|contradiction|contradiction|contradiction|contradiction,"[2, 3, 4, 5]"
"Premise   : A lady is helping another woman work in a silver compartment, which is most likely related to nurse-work.
Hypothesis: A lady is sleeping on a couch","Premise   : A person is reading a book
Hypothesis: A lady is sleeping on a couch",,contradiction,2,5,contradiction|contradiction|contradiction|contradiction|contradiction|contradiction,"[3, 4, 5]"
"Premise   : Men sitting at a table in a church.
Hypothesis: The men pray at the alters.","Premise   : A church has a large library with a wide range of books.
Hypothesis: The men pray at the alters.",,contradiction,2,5,contradiction|contradiction|contradiction|contradiction|contradiction|contradiction,[4]
"Premise   : A young girl with a white long-sleeved shirt on helps a young boy brown long-sleeved shirt on with tying his shoelaces.
Hypothesis: A girl helps a boy tie his shoes","Premise   : A young boy with a brown long-sleeved shirt ties his shoes by himself because the girl nearby refused to help him.
Hypothesis: A girl helps a boy tie his shoes",,neutral,0,5,neutral|neutral|neutral|neutral|neutral|neutral,[3]
"Premise   : A dark-skinned person, crouched while painting a sign.
Hypothesis: A black man is painting a protest sign.","Premise   : A dark-skinned person, crouched while painting a welcome sign for a local festival.
Hypothesis: A black man is painting a protest sign.",,neutral,1,0,contradiction,[]
"Premise   : Six men in airport standing on moving walkway
Hypothesis: There is a group of people at the airport.","Premise   : The airport is empty.
Hypothesis: There is a group of people at the airport.",,neutral,0,5,neutral|neutral|neutral|neutral|neutral|neutral,"[3, 4, 5]"
"Premise   : A young man with glasses and his companion are attempting to do laundry in a public place.
Hypothesis: A tall person with glasses","Premise   : A person is reading a book in a library
Hypothesis: A tall person with glasses",,contradiction,1,5,contradiction|contradiction|contradiction|contradiction|contradiction|contradiction,[5]
"Premise   : Man on phone in business suit walking down a busy street.
Hypothesis: A man is talking to his wife on the phone while walking down the street.","Premise   : A person is walking down the street.
Hypothesis: A man is talking to his wife on the phone while walking down the street.",,contradiction,1,5,contradiction|contradiction|contradiction|contradiction|contradiction|contradiction,[1]
"Premise   : A person is walking a bicycle down a city street.
Hypothesis: The bike has a flat tire.","Premise   : A person is walking a bicycle down a city street with the bike's tire condition unknown.
Hypothesis: The bike has a flat tire.",,contradiction,1,3,contradiction|contradiction|contradiction|neutral,[]
"Premise   : An older woman is holding a small child.
Hypothesis: a woman holding a child","Premise   : A woman is not holding a child
Hypothesis: a woman holding a child",,neutral,0,5,neutral|neutral|neutral|neutral|neutral|neutral,"[2, 3, 4, 5]"
"Premise   : A woman plays guitar for tips.
Hypothesis: there is no way one can learn music","Premise   : A new coffee shop just opened downtown.
Hypothesis: there is no way one can learn music",,contradiction,2,5,contradiction|contradiction|contradiction|contradiction|contradiction|contradiction,"[1, 3]"
"Premise   : A man and a woman sitting down laughing.
Hypothesis: The man and woman are mad at each other.","Premise   : A man and a woman are hugging and smiling at each other.
Hypothesis: The man and woman are mad at each other.",,neutral,2,2,neutral|neutral|contradiction,[]
"Premise   : Family sitting down in a field of grass while others walk by.
Hypothesis: No one is sitting in the field of grass.","Premise   : Everyone is sitting in the field of grass while no one walks by.
Hypothesis: No one is sitting in the field of grass.",,entailment,2,0,contradiction,[]
"Premise   : A man and woman look through CD's at a street vendor.
Hypothesis: A man and women taking a break","Premise   : A man and woman are working non-stop at their office desks.
Hypothesis: A man and women taking a break",,neutral,1,0,contradiction,[]
"Premise   : A woman swings on a rope overlooking a red farmhouse and gated pastures and tall trees.
Hypothesis: the woman cooked a apple pie","Premise   : The woman had just taken an apple pie out of the oven, and then she swings on a rope overlooking a red farmhouse and gated pastures and tall trees.
Hypothesis: the woman cooked a apple pie",,contradiction,2,5,contradiction|contradiction|contradiction|contradiction|contradiction|contradiction,[1]
"Premise   : A lady digs through a garbage can looking to add to the shopping cart beside her.
Hypothesis: Lady is searching for food in garbage","Premise   : A lady stands near a garbage can, but it's unclear what she's doing.
Hypothesis: Lady is searching for food in garbage",,contradiction,1,5,contradiction|contradiction|contradiction|contradiction|contradiction|contradiction,[]
"Premise   : A wet black lab with a red collar is standing in the water.
Hypothesis: A wet dog is outside.","Premise   : A dry cat with a blue collar is standing inside.
Hypothesis: A wet dog is outside.",,neutral,0,0,entailment,[]
"Premise   : A crowd of people is looking at something outside of a Gap store.
Hypothesis: People are looking outside","Premise   : A crowd of people is outside, but it's unclear what they are looking at
Hypothesis: People are looking outside",,contradiction,0,5,contradiction|contradiction|contradiction|contradiction|contradiction|neutral,[]
"Premise   : A older man with gray hair wearing a gray suit next to a green and yellow taxi.
Hypothesis: A older woman sits in a green and yellow taxi.","Premise   : An older man with gray hair wearing a gray suit stands next to a green and yellow taxi in which an older woman sits.
Hypothesis: A older woman sits in a green and yellow taxi.",,contradiction,2,0,neutral,[]
"Premise   : people are standing near water with a boat heading their direction
Hypothesis: People are standing near water with a large blue boat heading their direction.","Premise   : people are standing near water with a boat heading their direction, meanwhile a bird is flying overhead and children are playing on the beach
Hypothesis: People are standing near water with a large blue boat heading their direction.",,contradiction,1,0,neutral,[]
"Premise   : Five boys in blue shirts drawing at a table.
Hypothesis: The boys are wearing red shirts.","Premise   : Five boys in red shirts drawing at a table.
Hypothesis: The boys are wearing red shirts.",,entailment,2,0,neutral,[]
"Premise   : A man in glasses and an orange shirt is sitting outside next to a table with drinks on it.
Hypothesis: A woman sits on a table","Premise   : A man in glasses and an orange shirt is sitting outside next to a table with drinks on it, while nearby a child is playing with a ball and a dog is running around in the park.
Hypothesis: A woman sits on a table",,contradiction,2,0,neutral,[]
"Premise   : An elderly man talking to a young boy by a table of produce.
Hypothesis: the boy was listening","Premise   : A boy is looking at his phone while standing near an elderly man who is talking by a table of produce.
Hypothesis: the boy was listening",,contradiction,1,5,contradiction|contradiction|contradiction|contradiction|contradiction|contradiction,[]
"Premise   : A man takes a drink in the doorway of a home.
Hypothesis: A man is looking out onto his front lawn from the doorway of his home.","Premise   : A person exists.
Hypothesis: A man is looking out onto his front lawn from the doorway of his home.",,contradiction,1,4,contradiction|contradiction|contradiction|contradiction|neutral,"[2, 3]"
"Premise   : Two dogs run together near the leaves.
Hypothesis: The two dogs are running to play in the leaves.","Premise   : Two dogs are standing near the leaves.
Hypothesis: The two dogs are running to play in the leaves.",,contradiction,1,5,contradiction|contradiction|contradiction|contradiction|contradiction|contradiction,[]
"Premise   : Man jumping over a rusty fence on a blue bicycle.
Hypothesis: The man attending a meeting in his office.","Premise   : The man is sitting at his desk in his office, where a meeting is currently taking place.
Hypothesis: The man attending a meeting in his office.",,contradiction,2,1,contradiction|neutral,[]
"Premise   : A man is sitting on the floor and is surrounded by pictures.
Hypothesis: A man sitting on the floor with photographs around him.","Premise   : A man is standing on the floor and there are no pictures around him.
Hypothesis: A man sitting on the floor with photographs around him.",,neutral,0,0,entailment,[]
"Premise   : A man with no shirt on is holding a football.
Hypothesis: A man rolls on the ground on fire.","Premise   : A man with no shirt on is holding a fire extinguisher and standing next to a man who is safely rolling on the ground without being on fire.
Hypothesis: A man rolls on the ground on fire.",,entailment,2,0,neutral,[]
"Premise   : Fireworks light up the night as a man stands on stage.
Hypothesis: The fireworks were shot into the sky.","Premise   : There were no fireworks at the event.
Hypothesis: The fireworks were shot into the sky.",,neutral,0,5,neutral|neutral|neutral|neutral|neutral|neutral,[5]
"Premise   : A woman teaching a ballet class composed of small children holding colourful scarves.
Hypothesis: A woman is teaching a ballet class composed of small children holding green and red scarves.","Premise   : A woman teaching a ballet class composed of small children holding only blue and yellow scarves.
Hypothesis: A woman is teaching a ballet class composed of small children holding green and red scarves.",,neutral,1,5,neutral|neutral|neutral|neutral|neutral|neutral,"[1, 2]"
"Premise   : A group of adults stands in the bathroom looking down a small child in the bath.
Hypothesis: The child is sleeping.","Premise   : A group of adults stands in the bathroom looking down at a small child in the bath, who is splashing water, playing with toys, and laughing loudly.
Hypothesis: The child is sleeping.",,neutral,2,5,neutral|neutral|neutral|neutral|neutral|neutral,"[1, 3, 4, 5]"
"Premise   : A smiling woman and man are seated in front of a microphone in a music studio.
Hypothesis: the woman is happy.","Premise   : A woman and man are seated in front of a microphone in a music studio.
Hypothesis: the woman is happy.",,contradiction,1,1,contradiction|neutral,[]
"Premise   : Two workers, one in a ditch and one standing on the ground, are working in front of a house.
Hypothesis: The workers are working infront of the house","Premise   : The workers are working behind the house.
Hypothesis: The workers are working infront of the house",,neutral,0,5,neutral|neutral|neutral|neutral|neutral|neutral,"[1, 4, 5]"
"Premise   : Young boy smiles at the camera from the tire swing.
Hypothesis: He is barefoot.","Premise   : Young boy smiles at the camera from the tire swing, wearing shoes.
Hypothesis: He is barefoot.",,neutral,1,5,neutral|neutral|neutral|neutral|neutral|neutral,"[1, 2, 3, 4, 5]"
"Premise   : A woman in a green suit walking towards an escalator.
Hypothesis: A woman is walking to the escalator at a sporting event.","Premise   : A woman in a green suit walking towards an escalator while a nearby musician is playing a melody on his flute.
Hypothesis: A woman is walking to the escalator at a sporting event.",,contradiction,1,0,neutral,[]
"Premise   : Three people are outside.
Hypothesis: Three people enjoying the great outdoors.","Premise   : No people are outside.
Hypothesis: Three people enjoying the great outdoors.",,neutral,1,5,neutral|neutral|neutral|neutral|neutral|neutral,[1]
"Premise   : A soldier using binoculars in a desert.
Hypothesis: A soldier using binoculars outside in the heat.","Premise   : A person is reading a book in a library.
Hypothesis: A soldier using binoculars outside in the heat.",,contradiction,0,1,contradiction|entailment,[]
"Premise   : Three bridesmaids in blue dresses hold the train of a bride's wedding dress.
Hypothesis: The bridesmaids are assisting the bride.","Premise   : The bridesmaids are refusing to hold the train of the bride's wedding dress.
Hypothesis: The bridesmaids are assisting the bride.",,neutral,0,5,neutral|neutral|neutral|neutral|neutral|neutral,[3]
"Premise   : A man in colorful shorts is surfing under a wave.
Hypothesis: A man is sunbathing.","Premise   : Nearby, a group of seagulls are flying overhead while children are building sandcastles on the beach.
Hypothesis: A man is sunbathing.",,contradiction,2,0,neutral,[]
"Premise   : The cyclist rides on a wooded path.
Hypothesis: The cyclist rides quickly alone on a wooded path","Premise   : The cyclist rides on a road
Hypothesis: The cyclist rides quickly alone on a wooded path",,contradiction,1,5,contradiction|contradiction|contradiction|contradiction|contradiction|contradiction,[]
"Premise   : A boy wearing jeans, standing on rocks in a river and throwing a stone.
Hypothesis: A boy with no shirt on throws rocks.","Premise   : A boy wearing jeans, standing on rocks in a river and not throwing a stone.
Hypothesis: A boy with no shirt on throws rocks.",,neutral,1,5,neutral|neutral|neutral|neutral|neutral|neutral,[1]
"Premise   : A man in a suit cheering in a library in front of children.
Hypothesis: A lawyer is encouraging some children at a contest.","Premise   : A man in casual clothes frowning in an empty library with no children present.
Hypothesis: A lawyer is encouraging some children at a contest.",,entailment,1,0,contradiction,[]
"Premise   : A female runner dressed in blue athletic wear is running in a competition, while spectators line the street.
Hypothesis: There are children in the streets.","Premise   : A female runner dressed in blue athletic wear is running in a competition, while spectators line a street that has a clear sign indicating it is child-free and empty of kids.
Hypothesis: There are children in the streets.",,neutral,2,5,neutral|neutral|neutral|neutral|neutral|neutral,"[3, 4]"
"Premise   : a green and white trolley car with an advertisement of coffee on the side and front of it in a city.
Hypothesis: A taxi cab with two women in the backseat talking on their cellphones.","Premise   : a yellow taxi cab with an advertisement of coffee on the side and front of it in a city, where two women in the backseat are talking on their cellphones.
Hypothesis: A taxi cab with two women in the backseat talking on their cellphones.",,contradiction,2,0,neutral,[]
"Premise   : Two men stand in the road, it almost appears to be some sort of movie set on a sunny day in California.
Hypothesis: Everybody is sitting","Premise   : A person is in a quiet library
Hypothesis: Everybody is sitting",,contradiction,2,3,contradiction|contradiction|contradiction|entailment,[]
"Premise   : A woman in red blouse is standing with small blond child in front of a small folding chalkboard.
Hypothesis: a woman stands with her child","Premise   : A woman in red blouse is standing near a small blond child who is playing alone in front of a bookshelf.
Hypothesis: a woman stands with her child",,contradiction,1,5,contradiction|contradiction|contradiction|contradiction|contradiction|contradiction,[5]
"Premise   : Six women wait to use a port-o-john in a field.
Hypothesis: Friends are meeting for coffee.","Premise   : A person is walking down the street
Hypothesis: Friends are meeting for coffee.",,contradiction,2,5,contradiction|contradiction|contradiction|contradiction|contradiction|contradiction,"[4, 5]"
"Premise   : While one man, in the white cap, is golfing, three other men are in the middle of a conversation.
Hypothesis: Four guys go bowling at the lanes.","Premise   : A person is reading a book in a library
Hypothesis: Four guys go bowling at the lanes.",,contradiction,2,5,contradiction|contradiction|contradiction|contradiction|contradiction|contradiction,[]
"Premise   : Two dogs are running next to each other on a grassy hill.
Hypothesis: The dogs are eating their food indoors.","Premise   : The dogs are eating their food indoors.
Hypothesis: The dogs are eating their food indoors.",,entailment,2,0,neutral,[]
"Premise   : Two men stand on stairs with an assortment of chairs and a woven basket in the foreground.
Hypothesis: The basket is woven.","Premise   : Two men stand on stairs with an assortment of chairs and a plastic basket in the foreground.
Hypothesis: The basket is woven.",,neutral,0,0,contradiction,[]
"Premise   : A child doing gymnastics
Hypothesis: The child is eating lunch at the park.","Premise   : A new library is being built in the city
Hypothesis: The child is eating lunch at the park.",,contradiction,2,5,contradiction|contradiction|contradiction|contradiction|contradiction|contradiction,"[2, 3, 4, 5]"
"Premise   : A man drops something, reaching for it while a woman in a beige blazer discusses an important topic.
Hypothesis: A man brushes his teeth in front of a mirror.","Premise   : A child is playing with blocks in a kindergarten classroom
Hypothesis: A man brushes his teeth in front of a mirror.",,contradiction,2,5,contradiction|contradiction|contradiction|contradiction|contradiction|contradiction,[]
"Premise   : A woman in a spaghetti strap tank wearing a flower in her hair is staring towards the right.
Hypothesis: The woman is sleeping on a pillow.","Premise   : A woman in a spaghetti strap tank wearing a flower in her hair is in a room.
Hypothesis: The woman is sleeping on a pillow.",,contradiction,2,5,contradiction|contradiction|contradiction|contradiction|contradiction|contradiction,[3]
"Premise   : A man holds two children in his arms.
Hypothesis: A man poses for a photograph with his two grandchildren.","Premise   : A man holds two children in his arms at a public event, but it's unclear if they are related to him or the context of the event.
Hypothesis: A man poses for a photograph with his two grandchildren.",,contradiction,1,4,contradiction|contradiction|contradiction|contradiction|neutral,[]
"Premise   : Three workers, with life vests and hard hats, on a boat hanging from cables over water.
Hypothesis: Three people are on a boat.","Premise   : The boat is empty.
Hypothesis: Three people are on a boat.",,neutral,0,2,neutral|neutral|contradiction,[1]
"Premise   : A man playing the guitar while smoking a cigarette.
Hypothesis: The man is also playing the drums","Premise   : A man is playing the drums.
Hypothesis: The man is also playing the drums",,contradiction,2,5,contradiction|contradiction|contradiction|contradiction|contradiction|contradiction,[1]
"Premise   : A older man with gray hair wearing a gray suit next to a green and yellow taxi.
Hypothesis: A older man with gray hair wearing a gray suit.","Premise   : A older man with gray hair wearing a gray suit is walking down the street.
Hypothesis: A older man with gray hair wearing a gray suit.",,contradiction,0,1,contradiction|neutral,[]
"Premise   : Two people walk up to a brick building with a colorful mural on its side.
Hypothesis: Two people walking toward a brick building with a colorful mural outside.","Premise   : Two people walk up to a brick building with no mural outside.
Hypothesis: Two people walking toward a brick building with a colorful mural outside.",,neutral,0,5,neutral|neutral|neutral|neutral|neutral|neutral,"[1, 4, 5]"
"Premise   : A dog hides in the tall grasses along a rocky shore
Hypothesis: The dog is outdoors.","Premise   : A dog hides in a living room
Hypothesis: The dog is outdoors.",,neutral,0,1,neutral|contradiction,[]
"Premise   : A young girl wearing yellow shorts and a white tank top using a cane pole to fish at a small pond.
Hypothesis: A girl in shorts is fishing in a pond.","Premise   : A young girl wearing yellow shorts and a white tank top is walking near a small pond, but she is not fishing.
Hypothesis: A girl in shorts is fishing in a pond.",,contradiction,0,1,contradiction|neutral,[]
"Premise   : The collie is standing outdoors on a sandy area.
Hypothesis: The collie is standing in the sand.","Premise   : The collie is standing outdoors on a rocky area.
Hypothesis: The collie is standing in the sand.",,neutral,0,5,neutral|neutral|neutral|neutral|neutral|neutral,"[1, 2, 5]"
"Premise   : The red motocross bike and its rider are airborne above the trees.
Hypothesis: A rider is riding his motocross bike.","Premise   : The rider is standing still on the ground, not riding any vehicle, while the red motocross bike is parked in a nearby garage.
Hypothesis: A rider is riding his motocross bike.",,neutral,0,0,contradiction,[]
"Premise   : Children at daycare playing on rings, and poles, one parent standing and holding her child and one teacher is sitting on the bench watching the others play.
Hypothesis: Children are enjoying their time at the park on a field trip.","Premise   : A new restaurant is opening downtown and will be serving a variety of cuisines.
Hypothesis: Children are enjoying their time at the park on a field trip.",,contradiction,-1,5,contradiction|contradiction|contradiction|contradiction|contradiction|contradiction,"[4, 5]"
"Premise   : Man in blue shirt yells and points off-camera while a man in a blue shirt and baseball cap watches.
Hypothesis: He is yelling at his son.","Premise   : A person is sitting alone in a quiet library.
Hypothesis: He is yelling at his son.",,contradiction,1,5,contradiction|contradiction|contradiction|contradiction|contradiction|contradiction,[3]
"Premise   : A woman poses with sunglasses shaped like dollar signs and a silver suitcase labelled ""LUCKY"" full of bills.
Hypothesis: A woman is posing for a photograph.","Premise   : A man is walking down the street, and there is no woman present in the scene.
Hypothesis: A woman is posing for a photograph.",,contradiction,0,1,contradiction|neutral,[]
"Premise   : Two kids running past a dinosaur in the woods.
Hypothesis: Some children in the forest pass by a plastic triceratops.","Premise   : No kids are running past a dinosaur in the woods.
Hypothesis: Some children in the forest pass by a plastic triceratops.",,neutral,1,0,contradiction,[]
"Premise   : a brown dog with a yellow toy in his mouth is jumping off the grassy ground
Hypothesis: The black dog has a red toy.","Premise   : The black dog is holding a red toy in his mouth.
Hypothesis: The black dog has a red toy.",,neutral,2,5,neutral|neutral|neutral|neutral|neutral|neutral,[]
"Premise   : Two young musicians play from a stage.
Hypothesis: The stage is empty","Premise   : A book is sitting on a table.
Hypothesis: The stage is empty",,contradiction,2,1,contradiction|entailment,[]
"Premise   : a skier is throwing up snow as he skis off piste.
Hypothesis: A snowboarder takes a nap on the course.","Premise   : the course is empty and silent with no skiers or snowboarders in sight.
Hypothesis: A snowboarder takes a nap on the course.",,entailment,2,0,contradiction,[]
"Premise   : A large African American man sitting on a camping chair.
Hypothesis: the large black man is running a race","Premise   : A person is watching TV
Hypothesis: the large black man is running a race",,contradiction,2,5,contradiction|contradiction|contradiction|contradiction|contradiction|contradiction,[]
"Premise   : In front of a brick house with a straw roof and some figures, three children stand, two of them holding squares of blackboard.
Hypothesis: The children are outdoors","Premise   : In front of a brick house with a straw roof and some figures, three children stand indoors, two of them holding squares of blackboard.
Hypothesis: The children are outdoors",,neutral,0,0,entailment,[]
"Premise   : Everyone on the street in the city seem to be busy doing their own thing.
Hypothesis: The people are watching what is happening.","Premise   : The city has a normal day with no significant events or activities.
Hypothesis: The people are watching what is happening.",,contradiction,2,2,contradiction|contradiction|neutral,[]
"Premise   : A little blond boy is playing doctor with red, blue, and yellow toy gear.
Hypothesis: Boy pretending to be a doctor.","Premise   : The weather forecast indicates a high chance of rain tomorrow.
Hypothesis: Boy pretending to be a doctor.",,contradiction,0,5,contradiction|contradiction|contradiction|contradiction|contradiction|contradiction,"[2, 4]"
"Premise   : A man is laid back in front of a tv.
Hypothesis: he is watching the news","Premise   : A man is asleep in front of a tv.
Hypothesis: he is watching the news",,neutral,1,0,contradiction,[]
"Premise   : Young person in black next to an older person in black and white polka dot.
Hypothesis: A young person is standing next to a relative.","Premise   : Young person in black is standing alone.
Hypothesis: A young person is standing next to a relative.",,neutral,1,0,contradiction,[]
"Premise   : A photographer is using a tripod to take a picture of a sunset.
Hypothesis: The photographer is holding the camera in his hands.","Premise   : A photographer is preparing for a photo shoot.
Hypothesis: The photographer is holding the camera in his hands.",,contradiction,2,2,contradiction|contradiction|neutral,[]
"Premise   : A group of people are in a rowboat in the ocean surrounded by seagulls.
Hypothesis: A group of people are rowing towards some islands while one of them fishes.","Premise   : A group of people are in a rowboat in the ocean surrounded by seagulls, meanwhile a nearby cargo ship is transporting goods to a distant port.
Hypothesis: A group of people are rowing towards some islands while one of them fishes.",,contradiction,1,0,neutral,[]
"Premise   : A woman sitting in an office.
Hypothesis: A women outside","Premise   : A woman is in a library.
Hypothesis: A women outside",,contradiction,2,5,contradiction|contradiction|contradiction|contradiction|contradiction|contradiction,[]
"Premise   : 2 women and 2 girls crossing the road
Hypothesis: A group of girls and women are laughing as they cross the road.","Premise   : 2 women and 2 girls are standing on the sidewalk, not crossing the road
Hypothesis: A group of girls and women are laughing as they cross the road.",,neutral,1,5,neutral|neutral|neutral|neutral|neutral|neutral,"[1, 2, 3, 4, 5]"
"Premise   : Two construction workers climbing the steel ribbed exterior of a new building at their work site.
Hypothesis: Two workers are climbing a building.","Premise   : The building has been demolished and its site is now a park with no structures or construction work present.
Hypothesis: Two workers are climbing a building.",,neutral,0,5,neutral|neutral|neutral|neutral|neutral|contradiction,[]
"Premise   : A white dog with brown spots running on a dirt path
Hypothesis: A dog runs on a path.","Premise   : A cat runs on a path.
Hypothesis: A dog runs on a path.",,neutral,0,0,entailment,[]
"Premise   : A man in a khaki jacket and ball cap walks down the street.
Hypothesis: The man is walking to the supermarket.","Premise   : A man in a khaki jacket and ball cap walks down the street and enters the supermarket.
Hypothesis: The man is walking to the supermarket.",,contradiction,1,1,contradiction|neutral,[]
"Premise   : A young woman dressed up semi-formally is reading book and drinking in the sun, seated on a bench.
Hypothesis: A young woman is running through the waves.","Premise   : A young woman is running through the waves.
Hypothesis: A young woman is running through the waves.",,contradiction,2,1,contradiction|neutral,[]
"Premise   : A big dog catches a ball on his nose
Hypothesis: A big dog is sitting down while trying to catch a ball","Premise   : A big dog is sitting down while catching a ball
Hypothesis: A big dog is sitting down while trying to catch a ball",,neutral,1,5,neutral|neutral|neutral|neutral|neutral|neutral,[]
"Premise   : A child making a sand castle on the beach.
Hypothesis: A child on a beach.","Premise   : The beach is empty and there are no children present.
Hypothesis: A child on a beach.",,neutral,0,5,neutral|neutral|neutral|neutral|neutral|neutral,[5]
"Premise   : A female in the middle of a vehicle is holding a camera and is pointing it towards the backseat.
Hypothesis: A girl is inside a vehicle.","Premise   : The vehicle is empty.
Hypothesis: A girl is inside a vehicle.",,neutral,0,5,neutral|neutral|neutral|neutral|neutral|neutral,[5]
"Premise   : Two men climbing on a wooden scaffold.
Hypothesis: Two sad men climbing on a wooden scaffold.","Premise   : Two happy men sitting on a couch.
Hypothesis: Two sad men climbing on a wooden scaffold.",,neutral,1,2,neutral|neutral|contradiction,[1]
"Premise   : A young african child in a dirty yellow shirt carrying a bag on his head.
Hypothesis: A young African child playing soccer.","Premise   : A young African child sitting in a classroom, wearing a school uniform and holding a pencil, completely focused on a math test.
Hypothesis: A young African child playing soccer.",,entailment,2,5,entailment|entailment|entailment|entailment|entailment|entailment,[3]
"Premise   : A small child in a red jacket is sitting on a man's shoulders and holding his head.
Hypothesis: Th small child is watching a performance.","Premise   : A small child in a red jacket is sitting on a man's shoulders and holding his head, but the child is looking at something on the ground.
Hypothesis: Th small child is watching a performance.",,contradiction,1,5,contradiction|contradiction|contradiction|contradiction|contradiction|contradiction,[]
"Premise   : There is a person walking down a tree lined street with snow scattered about.
Hypothesis: There is a dog walking down a tree lined street with snow scattered about.","Premise   : There is no one walking down a tree lined street with snow scattered about.
Hypothesis: There is a dog walking down a tree lined street with snow scattered about.",,entailment,2,0,contradiction,[]
"Premise   : Four young men stare up at a basketball hoop with no net, in an outdoor, urban basketball court.
Hypothesis: A group of women playing basketball in a gym.","Premise   : A nearby café is serving coffee to a group of students studying for an exam.
Hypothesis: A group of women playing basketball in a gym.",,contradiction,2,0,entailment,[]
"Premise   : A white man in a blue uniform is pushing away a black man in a red uniform while the two play soccer on a green field.
Hypothesis: A woman says Hi to another woman at the grocery store.","Premise   : A woman says Hi to another woman at the grocery store.
Hypothesis: A woman says Hi to another woman at the grocery store.",,contradiction,2,1,contradiction|neutral,[]
"Premise   : A child wearing a red top is standing behind a blond headed child sitting in a wheelbarrow.
Hypothesis: A child wearing a red top is standing behind a pretty blond headed child","Premise   : A child wearing a red top is standing in front of a pretty blond headed child sitting in a wheelbarrow.
Hypothesis: A child wearing a red top is standing behind a pretty blond headed child",,neutral,1,5,neutral|neutral|neutral|neutral|neutral|neutral,[4]
"Premise   : A man is working on a Earthen structure with a pickaxe.
Hypothesis: The man is in an office building.","Premise   : A man is working on architectural plans with a pencil in an office building.
Hypothesis: The man is in an office building.",,contradiction,2,0,neutral,[]
"Premise   : Four men stand in a circle facing each other playing brass instruments which people watch them.
Hypothesis: The men are playing music","Premise   : Four men stand in a circle facing each other, but none of them are playing brass instruments, and the people around are watching a silent movie.
Hypothesis: The men are playing music",,neutral,0,0,contradiction,[]
"Premise   : People dresses in business clothing are walking by while one man with a tie on is standing still and talking on his cellular phone.
Hypothesis: The people are dressed in business clothing.","Premise   : People are wearing casual clothing, including t-shirts and jeans.
Hypothesis: The people are dressed in business clothing.",,neutral,0,2,neutral|neutral|entailment,[]
"Premise   : A brown dog jumps over an obstacle.
Hypothesis: The dog is in a pool.","Premise   : A person is sitting in a room.
Hypothesis: The dog is in a pool.",,contradiction,2,2,contradiction|contradiction|entailment,[]
"Premise   : A birthday party for many little people to enjoy.
Hypothesis: Children enjoying a birthday party.","Premise   : The birthday party was cancelled because no children were interested in attending or enjoying it.
Hypothesis: Children enjoying a birthday party.",,neutral,1,2,neutral|neutral|contradiction,[]
"Premise   : A cement worker is working on a new sidewalk outside of a clothing store.
Hypothesis: A worker is working on a new sidewalk outside of a restuarant.","Premise   : A group of tourists are taking photos of a historic fountain in the city, and there is no information available about any construction or workers outside of a restaurant or a clothing store.
Hypothesis: A worker is working on a new sidewalk outside of a restuarant.",,contradiction,2,2,contradiction|contradiction|entailment,[]
"Premise   : Four men and a young boy are at a table set up for wood crafts.
Hypothesis: Five total people are near a table with objects on it.","Premise   : No people are near a table with objects on it.
Hypothesis: Five total people are near a table with objects on it.",,neutral,0,5,neutral|neutral|neutral|neutral|neutral|neutral,"[1, 2, 3, 4, 5]"
"Premise   : An Indian woman is dancing with her partner.
Hypothesis: A woman has dark skin.","Premise   : A group of people from different ethnicities are watching a movie about a woman who is dancing with her partner.
Hypothesis: A woman has dark skin.",,contradiction,1,2,contradiction|contradiction|neutral,[]
"Premise   : The man is sweeping with a red broom.
Hypothesis: The man is dancing with a woman","Premise   : The man is dancing with a woman.
Hypothesis: The man is dancing with a woman",,entailment,2,0,neutral,[]
"Premise   : People with bags walk along a dirt road in front of a green building.
Hypothesis: People are walking outside.","Premise   : There are no people walking outside.
Hypothesis: People are walking outside.",,neutral,0,5,neutral|neutral|neutral|neutral|neutral|neutral,[]
"Premise   : An elderly woman wearing a skirt is picking out vegetables at a local market.
Hypothesis: This woman is on a shopping trip.","Premise   : An elderly woman is sitting on a bench reading a book with a shopping list next to her.
Hypothesis: This woman is on a shopping trip.",,contradiction,0,5,contradiction|contradiction|contradiction|contradiction|contradiction|contradiction,[]
"Premise   : A group of ladies sit around a black table in front of a brick wall with a building in the background.
Hypothesis: The ladies are standing up for a picture.","Premise   : A group of ladies sit around a black table in front of a brick wall with a building in the background, and they remain seated the entire time.
Hypothesis: The ladies are standing up for a picture.",,neutral,-1,0,entailment,[]
"Premise   : Two men spar in martial arts gear.
Hypothesis: There are multiple people present.","Premise   : The room is empty.
Hypothesis: There are multiple people present.",,neutral,0,5,neutral|neutral|neutral|neutral|neutral|neutral,"[2, 5]"
"Premise   : A woman player in white and black, sends the volleyball over the net, while the opposing team in navy blue, tries to block it, as the coach and a few spectators watch, in a gym.
Hypothesis: The gym is old","Premise   : A woman player in white and black, sends the volleyball over the net, while the opposing team in navy blue, tries to block it, as the coach and a few spectators watch, in a building.
Hypothesis: The gym is old",,contradiction,1,1,contradiction|neutral,[]
"Premise   : A man with a blue helmet and orange shirt.
Hypothesis: A man wears a helmet.","Premise   : A man is not wearing a helmet.
Hypothesis: A man wears a helmet.",,neutral,0,5,neutral|neutral|neutral|neutral|neutral|neutral,"[1, 3, 5]"
"Premise   : A man in a white and gray shirt looks on as a shirtless man with a mustache cleans fish on a pale green table.
Hypothesis: The man is cleaning the fish that he caught so he can cook it.","Premise   : A man in a white and gray shirt looks on as a shirtless man with a mustache works on a laptop on a pale green table.
Hypothesis: The man is cleaning the fish that he caught so he can cook it.",,contradiction,1,5,contradiction|contradiction|contradiction|contradiction|contradiction|contradiction,[]
"Premise   : A man on stage in the act of jumping, with a little boy in the background really enjoying it.
Hypothesis: A boy watches boats on a lake.","Premise   : A boy is watching a man jump on stage.
Hypothesis: A boy watches boats on a lake.",,neutral,2,4,neutral|neutral|neutral|neutral|contradiction,[]
"Premise   : Man with beard doing skateboarding stunt
Hypothesis: A clean shaven man skateboards.","Premise   : A clean shaven man does not skateboard.
Hypothesis: A clean shaven man skateboards.",,neutral,2,5,neutral|neutral|neutral|neutral|neutral|neutral,"[1, 2, 3, 4, 5]"
"Premise   : A woman in a blue top and pencil skirt walks by a balding man in a pinstriped suit.
Hypothesis: They know each other.","Premise   : A woman in a blue top and pencil skirt walks by a balding man in a pinstriped suit, and they do not appear to interact.
Hypothesis: They know each other.",,contradiction,1,2,contradiction|contradiction|entailment,[]
"Premise   : Many women trying out and looking at laptops in a Walmart.
Hypothesis: Women are shopping at safeway for lamb chops.","Premise   : Many women who are shopping for lamb chops are at Safeway.
Hypothesis: Women are shopping at safeway for lamb chops.",,contradiction,2,0,neutral,[]
"Premise   : An older gentlemen in a hat and glasses holding a baby who is wrapped in a towel.
Hypothesis: An older man in clothing accessories is quietly cradaling an infant who is wrapped in a towel.","Premise   : A younger woman in a swimsuit and no glasses holding no baby and instead a large beach ball.
Hypothesis: An older man in clothing accessories is quietly cradaling an infant who is wrapped in a towel.",,neutral,1,0,contradiction,[]
"Premise   : A dog and a cat are swimming in a swimming pool.
Hypothesis: Two animals are swimming.","Premise   : No animals are swimming in a swimming pool.
Hypothesis: Two animals are swimming.",,neutral,0,5,neutral|neutral|neutral|neutral|neutral|neutral,"[1, 2, 3, 4, 5]"
"Premise   : An Asian man walks a three-wheeled pedal card fully of white bags.
Hypothesis: An Asian man walks his dog on a rainy afternoon.","Premise   : An Asian man walks his dog on a rainy afternoon.
Hypothesis: An Asian man walks his dog on a rainy afternoon.",,contradiction,2,1,contradiction|neutral,[]
"Premise   : A man falling off a bull as the animal jumps into the air.
Hypothesis: A boy struggles to hold on to a bull as it twirls and jumps.","Premise   : A boy holds on to a bull with ease as it remains still.
Hypothesis: A boy struggles to hold on to a bull as it twirls and jumps.",,neutral,-1,5,neutral|neutral|neutral|neutral|neutral|neutral,[]
"Premise   : A clown performs in a park among other people.
Hypothesis: Someone is busking.","Premise   : A group of children are having a picnic near a lake while a clown performs in a park among other people.
Hypothesis: Someone is busking.",,contradiction,-1,0,neutral,[]
"Premise   : A young man blew up balloons to craft into animals for the seven excited children that looked on.
Hypothesis: The children watch the man make dogs and giraffes out of balloons","Premise   : A young man blew up balloons to craft into various objects for the seven excited children that looked on, while nearby a group of musicians began setting up their equipment for an upcoming concert and a food vendor started preparing for the evening crowd, as people walked by and birds flew overhead.
Hypothesis: The children watch the man make dogs and giraffes out of balloons",,contradiction,0,5,contradiction|contradiction|contradiction|contradiction|contradiction|contradiction,"[1, 2]"
"Premise   : Two girls playing catch on a lawn
Hypothesis: Two girls are walking beside a pond with ducks and swans.","Premise   : A person is reading a book in a library
Hypothesis: Two girls are walking beside a pond with ducks and swans.",,contradiction,2,5,contradiction|contradiction|contradiction|contradiction|contradiction|contradiction,[]
"Premise   : A man wearing glasses and a ragged costume is playing a Jaguar electric guitar and singing with the accompaniment of a drummer.
Hypothesis: Two men are playing frisbee in the park.","Premise   : Two men are playing frisbee in the park, with one of them wearing glasses and a ragged costume and playing a Jaguar electric guitar and singing, and the other playing the drums to accompany him.
Hypothesis: Two men are playing frisbee in the park.",,contradiction,2,2,contradiction|contradiction|neutral,[]
"Premise   : A girl with a blue shirt and a girl with a striped shirt stand next to a girl with a green shirt sitting in a chair.
Hypothesis: The three girls are arm wrestling in China town.","Premise   : A girl with a blue shirt and a girl with a striped shirt stand next to a girl with a green shirt sitting in a chair, looking at a map of China town.
Hypothesis: The three girls are arm wrestling in China town.",,contradiction,2,5,contradiction|contradiction|contradiction|contradiction|contradiction|contradiction,[2]
"Premise   : a skier is throwing up snow as he skis off piste.
Hypothesis: A skier skis.","Premise   : a skier is unable to ski
Hypothesis: A skier skis.",,neutral,0,5,neutral|neutral|neutral|neutral|neutral|neutral,"[2, 3, 4, 5]"
"Premise   : The child is hanging upside down with his legs over a pole.
Hypothesis: The child is athletic.","Premise   : The child is unable to hang upside down from a pole due to a lack of physical strength.
Hypothesis: The child is athletic.",,neutral,1,5,neutral|neutral|neutral|neutral|neutral|neutral,[]
"Premise   : Three people are dressed in costumes and playing musical instruments.
Hypothesis: The people are playing at a festival.","Premise   : Three people are dressed in costumes and playing musical instruments, but they are not performing for a crowd.
Hypothesis: The people are playing at a festival.",,contradiction,1,1,contradiction|neutral,[]
"Premise   : A skier goes down a hill with a mountain as a backdrop.
Hypothesis: A skier going down the bunny hill.","Premise   : A skier goes down a hill with no snow.
Hypothesis: A skier going down the bunny hill.",,neutral,1,5,neutral|neutral|neutral|neutral|neutral|neutral,"[2, 3, 4, 5]"
"Premise   : Two boys, surrounded by paper pieces, hold a third boys shirt to prevent him from grabbing a bag.
Hypothesis: The friends are playing with paper and bags.","Premise   : Meanwhile, in a nearby park, a group of girls are having a picnic with their families, and two boys, surrounded by paper pieces, hold a third boy's shirt to prevent him from grabbing a bag.
Hypothesis: The friends are playing with paper and bags.",,contradiction,1,0,neutral,[]
"Premise   : A little girl drawing with chalk, on a chalkboard.
Hypothesis: A little girl is drawing on the board during class.","Premise   : A little girl is sleeping, with no chalk or board in sight.
Hypothesis: A little girl is drawing on the board during class.",,neutral,1,0,contradiction,[]
"Premise   : A busy street with building lined up and people walking down the street outside and nighttime.
Hypothesis: People lined up","Premise   : A deserted street with no buildings and no people walking down the street outside and nighttime.
Hypothesis: People lined up",,neutral,-1,0,contradiction,[]
"Premise   : Two girls holding bags walking down the sidewalk.
Hypothesis: Two women are enjoying an afternoon of shopping.","Premise   : Two girls are sitting at home, not leaving their house, with no bags to carry.
Hypothesis: Two women are enjoying an afternoon of shopping.",,neutral,1,0,contradiction,[]
"Premise   : Two men are sitting on a couch.
Hypothesis: Two men are standing outside.","Premise   : Two men are standing outside.
Hypothesis: Two men are standing outside.",,entailment,2,0,neutral,[]
"Premise   : A man visiting a friend in the hospital.
Hypothesis: A man in a hospital receives a visiting friend.","Premise   : A man in the hospital has been forbidden from receiving any visitors and will not have any friends visiting him.
Hypothesis: A man in a hospital receives a visiting friend.",,neutral,0,1,neutral|contradiction,[]
"Premise   : A man holding a pink cooler is talking to an older woman.
Hypothesis: A man offers a woman a beer.","Premise   : A man holding a pink cooler is talking to an older woman, but the man's hands are empty and the cooler is closed.
Hypothesis: A man offers a woman a beer.",,contradiction,1,1,contradiction|entailment,[]
"Premise   : A man is giving a presentation.
Hypothesis: the man is not talking","Premise   : The man is speaking.
Hypothesis: the man is not talking",,neutral,2,5,neutral|neutral|neutral|neutral|neutral|neutral,"[2, 3]"
"Premise   : A musician playing a guitar and harmonica singing a song with ""Whatever it Takes"" written on his guitar.
Hypothesis: The musician is playing the drums.","Premise   : A musician is standing in a room with a guitar, harmonica, and drums, while nearby a chef is preparing a recipe for a cooking competition.
Hypothesis: The musician is playing the drums.",,entailment,2,1,entailment|contradiction,[]
"Premise   : A man in a red plaid shirt using a bull horn to talk to a crowd of people.
Hypothesis: a man is a comedian","Premise   : A man in a red plaid shirt is walking down the street.
Hypothesis: a man is a comedian",,contradiction,1,5,contradiction|contradiction|contradiction|contradiction|contradiction|contradiction,"[2, 5]"
"Premise   : A woman in a low cut blue shirt is in a crowded room that looks smokey.
Hypothesis: Someone is in a field.","Premise   : A person is in a location
Hypothesis: Someone is in a field.",,contradiction,2,2,contradiction|contradiction|neutral,[]
"Premise   : A policeman on a motorcycle from the rear.
Hypothesis: An officer on a chopper.","Premise   : The weather forecast indicates a high chance of rain tomorrow.
Hypothesis: An officer on a chopper.",,contradiction,2,0,neutral,[]
"Premise   : A woman is sitting outside at a table, using a knife to cut into a sandwich.
Hypothesis: A woman is sitting inside.","Premise   : A woman is sitting outside at a table, using a knife to cut into a sandwich, while nearby a man is reading a book about astronomy and a child is playing with a ball.
Hypothesis: A woman is sitting inside.",,entailment,2,0,contradiction,[]
"Premise   : A group of people wait to cross the street in new york
Hypothesis: Group of people waiting to cross the street.","Premise   : There are no people waiting to cross the street
Hypothesis: Group of people waiting to cross the street.",,neutral,0,5,neutral|neutral|neutral|neutral|neutral|neutral,[]
"Premise   : An oriental woman in glasses, shooting archery.
Hypothesis: The woman is older.","Premise   : A young oriental woman in glasses, shooting archery.
Hypothesis: The woman is older.",,neutral,-1,5,neutral|neutral|neutral|neutral|neutral|neutral,"[1, 2, 3, 4, 5]"
"Premise   : A little boy wearing a yellow, white and black striped shirt is whispering a secret to a little girl wearing a white long sleeved-shirt.
Hypothesis: The little boy is good friends with the girl.","Premise   : A little boy and a little girl are standing in a classroom.
Hypothesis: The little boy is good friends with the girl.",,contradiction,1,5,contradiction|contradiction|contradiction|contradiction|contradiction|contradiction,[]
"Premise   : A boy in blue shorts and a t-shirt is poised to hit a tennis ball with a racket.
Hypothesis: A boy wearing blue shorts and a t-shirt is playing tennis with his friend.","Premise   : A boy in blue shorts and a t-shirt is poised to hit a tennis ball with a racket, and he is completely alone on the court with no one else around to play with.
Hypothesis: A boy wearing blue shorts and a t-shirt is playing tennis with his friend.",,neutral,1,5,neutral|neutral|neutral|neutral|neutral|neutral,[]
"Premise   : The girl wearing a brown jacket whilst walking in snow.
Hypothesis: The girl is walking outside.","Premise   : The girl is indoors.
Hypothesis: The girl is walking outside.",,neutral,0,0,entailment,[]
"Premise   : A man is talking on a cellphone while filling his car with gas.
Hypothesis: A man talks to his boss while getting gas for his car.","Premise   : A child is playing with blocks in a kindergarten classroom
Hypothesis: A man talks to his boss while getting gas for his car.",,contradiction,1,5,contradiction|contradiction|contradiction|contradiction|contradiction|contradiction,"[4, 5]"
"Premise   : Four people and a baby are crossing the street at a crosswalk.
Hypothesis: People and a baby riding the bus.","Premise   : Four people and a baby are riding the bus.
Hypothesis: People and a baby riding the bus.",,entailment,2,0,neutral,[]
"Premise   : A snowboarder on a wide plain of snow
Hypothesis: A snow field with a snowboarder on it","Premise   : A person is reading a book in a library
Hypothesis: A snow field with a snowboarder on it",,contradiction,0,5,contradiction|contradiction|contradiction|contradiction|contradiction|contradiction,"[3, 4, 5]"
"Premise   : Two girls are playing in the snow and throwing snowballs.
Hypothesis: The snowballs are from fresh snow.","Premise   : The snowballs are made from dirty snow.
Hypothesis: The snowballs are from fresh snow.",,neutral,1,4,neutral|neutral|neutral|neutral|contradiction,"[1, 3]"
"Premise   : A female camera operator is capturing some off-camera activity.
Hypothesis: A lady is taking a picture","Premise   : No one is taking a picture
Hypothesis: A lady is taking a picture",,neutral,0,3,neutral|neutral|neutral|contradiction,[]
"Premise   : A baby girl and little boy are standing next to a guitar and a drum.
Hypothesis: The boy is alone in the bathtub on the moon.","Premise   : A baby girl and little boy are standing next to a guitar and a drum, and there is no bathtub in sight, let alone on the moon.
Hypothesis: The boy is alone in the bathtub on the moon.",,entailment,2,0,neutral,[]
"Premise   : Brown and cream dog with tongue out in front of grassy forest
Hypothesis: The dog is lying on the ground.","Premise   : Brown and cream dog standing on its hind legs in front of grassy forest
Hypothesis: The dog is lying on the ground.",,neutral,2,0,entailment,[]
"Premise   : couples enjoying a meal, while a bunch of dogs take a nap.
Hypothesis: SOME ANIMALS ARE ASLEEP","Premise   : the city is preparing for a music festival with no information about animals
Hypothesis: SOME ANIMALS ARE ASLEEP",,contradiction,0,5,contradiction|contradiction|contradiction|contradiction|contradiction|contradiction,[]
"Premise   : A man holding a baby who is petting a pony.
Hypothesis: A man who kidnap a baby is petting a pony.","Premise   : A woman holding a baby and petting a pony.
Hypothesis: A man who kidnap a baby is petting a pony.",,contradiction,1,5,contradiction|contradiction|contradiction|contradiction|contradiction|contradiction,[]
"Premise   : A woman on the sidewalk blocks the sun from her eyes to peer down the street.
Hypothesis: A woman covers part of her face.","Premise   : A woman is walking her dog in the park
Hypothesis: A woman covers part of her face.",,contradiction,0,2,contradiction|contradiction|neutral,[]
"Premise   : A brown and white dog holds a tennis ball in his mouth.
Hypothesis: A dog mouth holds a retrieved ball.","Premise   : A cat holds a tennis ball in its mouth, and there is no dog present.
Hypothesis: A dog mouth holds a retrieved ball.",,neutral,0,0,entailment,[]
"Premise   : A man in a red shirt is learning how to climb a cliff.
Hypothesis: A man is playing videogames.","Premise   : A person is watching TV
Hypothesis: A man is playing videogames.",,contradiction,2,1,contradiction|neutral,[]
"Premise   : Two men in workers' gear and colorful hard hats standing on board what appears to be a large ship, next to some very large machinery.
Hypothesis: two men are sitting by the pool next to machinery on the boat","Premise   : Two men are sitting by the pool on a boat that explicitly prohibits the presence of machinery and has strict rules against any industrial equipment on board, with clear signs indicating that no machinery of any kind is allowed.
Hypothesis: two men are sitting by the pool next to machinery on the boat",,neutral,2,5,neutral|neutral|neutral|neutral|neutral|neutral,[]
"Premise   : A man holding a sign of a rainbow elephant.
Hypothesis: The donkey sign is smeared with paint.","Premise   : A man holding a sign of a donkey that is smeared with paint.
Hypothesis: The donkey sign is smeared with paint.",,contradiction,2,0,neutral,[]
"Premise   : A man and a young girl swimming.
Hypothesis: a man and girl swim","Premise   : A man and a young girl are not swimming.
Hypothesis: a man and girl swim",,neutral,0,5,neutral|neutral|neutral|neutral|neutral|neutral,"[1, 2, 3, 4, 5]"
"Premise   : A child in a maroon shirt playing next to a fountain.
Hypothesis: The child is at play.","Premise   : A child in a maroon shirt is standing still, looking around.
Hypothesis: The child is at play.",,contradiction,0,2,contradiction|contradiction|neutral,[]
"Premise   : Four small children playing in the courtyard of a large building made out of clay or sand.
Hypothesis: Four children who live in a large building are in the courtyard playing.","Premise   : The large building has no courtyard.
Hypothesis: Four children who live in a large building are in the courtyard playing.",,neutral,1,2,neutral|neutral|contradiction,[]
"Premise   : Six rescuers cooperate to place an injured man on a transport device in snowy, mountainous terrain.
Hypothesis: six people act to save a seventh who is injured","Premise   : The injured man is already safe and in no need of rescue, and six people are instead focusing on other tasks in the snowy, mountainous terrain.
Hypothesis: six people act to save a seventh who is injured",,neutral,0,1,neutral|contradiction,[]
"Premise   : A woman sits on a rug next to a shirtless boy who is looking in the direction of a checkers board that includes several pieces.
Hypothesis: A woman and her son play the third of a best of three checkers tournament.","Premise   : A woman sits on a rug next to a shirtless boy who is looking in the direction of a bookshelf.
Hypothesis: A woman and her son play the third of a best of three checkers tournament.",,contradiction,1,5,contradiction|contradiction|contradiction|contradiction|contradiction|contradiction,"[4, 5]"
"Premise   : A young girl with a purple shirt and a pink hair band standing near the woods.
Hypothesis: A little girl in a pink shirt is ready to run in the woods.","Premise   : The weather forecast for tomorrow indicates a high chance of sunshine.
Hypothesis: A little girl in a pink shirt is ready to run in the woods.",,contradiction,1,5,contradiction|contradiction|contradiction|contradiction|contradiction|contradiction,"[2, 3]"
"Premise   : the white dog is carrying a ball in its mouth.
Hypothesis: The dog is running with a ball in its mouth.","Premise   : the white dog is sitting still and not carrying a ball in its mouth.
Hypothesis: The dog is running with a ball in its mouth.",,neutral,1,1,neutral|entailment,[]
"Premise   : two people riding their bikes down a street together.
Hypothesis: A couple ride their bikes on a date.","Premise   : two people ride their bikes down a street, each going their separate ways, not interacting with each other.
Hypothesis: A couple ride their bikes on a date.",,contradiction,1,5,contradiction|contradiction|contradiction|contradiction|contradiction|contradiction,[]
"Premise   : Blue, red, yellow, and white are the dominant colors of a picture of two police vehicles outside of what looks like a smoke roll playing vehicle, a motorcycle in between the two cars with 6 people in the picture.
Hypothesis: There are two police vehicles in the photo.","Premise   : The photo shows a scene with no police vehicles, a smoke roll playing vehicle, a motorcycle, and 6 people, where all the vehicles present are either motorcycles or smoke roll playing vehicles, and there are no law enforcement vehicles in the picture.
Hypothesis: There are two police vehicles in the photo.",,neutral,0,5,neutral|neutral|neutral|neutral|neutral|neutral,"[2, 3, 4]"
"Premise   : people are sitting on a bench in front of buildings.
Hypothesis: Some people are seated on a bench outside.","Premise   : people are standing in front of buildings, with no benches nearby.
Hypothesis: Some people are seated on a bench outside.",,neutral,0,0,entailment,[]
"Premise   : A woman in a striped shirt is walking a horse across a street.
Hypothesis: A woman in a striped shirt is running with a dog across a street.","Premise   : A woman in a striped shirt is walking a horse across a street, and she is not running with a dog.
Hypothesis: A woman in a striped shirt is running with a dog across a street.",,entailment,2,1,entailment|neutral,[]
"Premise   : A man in a blue shirt touches his head while talking to two women outdoors.
Hypothesis: three people talk","Premise   : A man in a blue shirt touches his head while he is alone outdoors.
Hypothesis: three people talk",,neutral,0,5,neutral|neutral|neutral|neutral|neutral|contradiction,"[1, 2, 3, 4]"
"Premise   : A couple stands at the top of a flight of outdoor stairs kissing one another.
Hypothesis: A couple stands near some stairs.","Premise   : There is no couple anywhere near or at the stairs and the stairs are completely empty
Hypothesis: A couple stands near some stairs.",,neutral,0,5,neutral|neutral|neutral|neutral|neutral|neutral,"[2, 5]"
"Premise   : A woman with a navy sweater is looking through a blue telescope at a statue of a dinosaur.
Hypothesis: The woman is watching television","Premise   : A woman is sitting on a couch in a living room, holding a remote control, and her eyes are fixed on a television screen displaying a channel guide with various TV shows to watch.
Hypothesis: The woman is watching television",,contradiction,2,1,contradiction|neutral,[]
"Premise   : There are many people in a large room with a lot of furniture with tags on them.
Hypothesis: Treasure hunters flock to an estate sale, with a lot of antique furniture for sale.","Premise   : A group of people are reading books in a library with no furniture for sale
Hypothesis: Treasure hunters flock to an estate sale, with a lot of antique furniture for sale.",,contradiction,1,5,contradiction|contradiction|contradiction|contradiction|contradiction|contradiction,[4]
"Premise   : A group of men playing music, the man holding a guitar is talking to a man with drums.
Hypothesis: A band plays salsa music.","Premise   : A group of men playing music, the man holding a guitar is talking to a man with drums, and they explicitly state they do not know how to play salsa music.
Hypothesis: A band plays salsa music.",,entailment,1,1,entailment|neutral,[]
"Premise   : A man and a woman are showing their kid their little baby.
Hypothesis: A man shows off his baseball cards.","Premise   : A person is reading a book.
Hypothesis: A man shows off his baseball cards.",,contradiction,2,5,contradiction|contradiction|contradiction|contradiction|contradiction|contradiction,"[1, 5]"
"Premise   : A male wearing a football uniform kicking a football during a football game.
Hypothesis: A Dallas Cowboy player is trying to tie the playoff game.","Premise   : A male wearing a basketball uniform shooting a basketball during a basketball game.
Hypothesis: A Dallas Cowboy player is trying to tie the playoff game.",,neutral,1,5,neutral|neutral|neutral|neutral|neutral|neutral,"[1, 2, 3, 4, 5]"
"Premise   : A man standing on a street with a suitcase in front of him while another man bends down to look at what is displayed on top of it.
Hypothesis: Two men lie on tables in the morgue.","Premise   : Both men are alive, standing, and walking away from the scene, with no signs of injury or death, and are clearly not in a morgue.
Hypothesis: Two men lie on tables in the morgue.",,entailment,2,3,entailment|entailment|entailment|neutral,[1]
"Premise   : A group of students are walking through the campus.
Hypothesis: A group of people sit at home","Premise   : A group of students are sitting at home.
Hypothesis: A group of people sit at home",,entailment,2,0,neutral,[]
"Premise   : A man on a skateboard performs a trick in the air against the backdrop of a bright blue sky.
Hypothesis: A man is riding a skateboard","Premise   : A man is walking on the ground against the backdrop of a bright blue sky.
Hypothesis: A man is riding a skateboard",,neutral,0,0,contradiction,[]
"Premise   : A plane flies overhead as military men stand at attention, a flag blows in the wind as a lady in red stares out towards the camera.
Hypothesis: A military event is taking place.","Premise   : A large group of civilians, including families with children, are gathered in a public park for a festival, with playgrounds, food vendors, and face-painting stations, and everyone is engaged in recreational activities, while a sign in the background reads ""Peace and Unity Festival"", with no signs of military personnel, vehicles, or equipment anywhere.
Hypothesis: A military event is taking place.",,neutral,0,5,neutral|neutral|neutral|neutral|neutral|neutral,[]
"Premise   : A man in a blue shirt and a woman in a pink skirt sit around other people in the background.
Hypothesis: There are some people doing the limbo.","Premise   : Everyone is standing still and no one is doing the limbo.
Hypothesis: There are some people doing the limbo.",,neutral,2,5,neutral|neutral|neutral|neutral|neutral|neutral,[]
"Premise   : Two teens trying to win a prize at a carnival.
Hypothesis: The two teens were doing homework at home.","Premise   : Two teens doing homework at home.
Hypothesis: The two teens were doing homework at home.",,entailment,2,0,neutral,[]
"Premise   : Asian people about to perform animal balloons.
Hypothesis: dog looks at the pond","Premise   : A dog is standing near the pond and it is looking at the pond.
Hypothesis: dog looks at the pond",,contradiction,2,2,contradiction|contradiction|neutral,[]
"Premise   : A schoolgirl is jumping over a low hurdle.
Hypothesis: A girl is jumping over a hurdle.","Premise   : A girl is not jumping over a hurdle.
Hypothesis: A girl is jumping over a hurdle.",,neutral,0,5,neutral|neutral|neutral|neutral|neutral|neutral,"[2, 3, 4, 5]"
"Premise   : A man in a purple jersey is falling down while chasing a player in a green jersey playing soccer
Hypothesis: They give up and walk off the field","Premise   : A man in a purple jersey is successfully tackling a player in a green jersey while playing soccer
Hypothesis: They give up and walk off the field",,neutral,2,0,contradiction,[]
"Premise   : A man wearing a black t-shirt that says ""Long Live the Dead"" pulls a shopping cart in the street near a NYC yellow taxi cab.
Hypothesis: The man just got done shopping.","Premise   : A man wearing a black t-shirt that says ""Long Live the Dead"" stands near a NYC yellow taxi cab on a street with various storefronts.
Hypothesis: The man just got done shopping.",,contradiction,1,5,contradiction|contradiction|contradiction|contradiction|contradiction|contradiction,[]
"Premise   : A man in bright shirt carrying a fallen branch.
Hypothesis: The man is sipping an ice tea in the shade of a huge maple tree.","Premise   : A man in a bright shirt is sitting under a huge maple tree, sipping an ice tea after having carried a fallen branch to the shade.
Hypothesis: The man is sipping an ice tea in the shade of a huge maple tree.",,contradiction,2,0,neutral,[]
"Premise   : There are a group of track runners bracing to take off.
Hypothesis: The  track runners are sitting on an airplane","Premise   : There are a group of track runners sitting on an airplane, waiting for takeoff, having just finished a track meet and now heading home.
Hypothesis: The  track runners are sitting on an airplane",,contradiction,2,0,neutral,[]
"Premise   : A woman wearing jeans is walking down the street.
Hypothesis: A woman is walking towards a bus stop.","Premise   : A dog is running in the park
Hypothesis: A woman is walking towards a bus stop.",,contradiction,1,5,contradiction|contradiction|contradiction|contradiction|contradiction|contradiction,"[1, 2]"
"Premise   : Four young female gymnasts dressed in black and blue leotards are preparing for their next routine.
Hypothesis: Gymnast group preparing for a competition.","Premise   : A group of people are watching a gymnastics competition on TV.
Hypothesis: Gymnast group preparing for a competition.",,contradiction,0,3,contradiction|contradiction|contradiction|neutral,[]
"Premise   : Two people are setting up a photo shoot of a mobile in a white room.
Hypothesis: The people are photographers.","Premise   : Two people are setting up a photo shoot of a mobile in a white room, and they are not necessarily professionals
Hypothesis: The people are photographers.",,contradiction,-1,5,contradiction|contradiction|contradiction|contradiction|contradiction|contradiction,[]
"Premise   : A man wearing a white button down shirt is walking down the street.
Hypothesis: The man is walking down the street.","Premise   : The average air temperature in July is higher than in January.
Hypothesis: The man is walking down the street.",,contradiction,0,5,contradiction|contradiction|contradiction|contradiction|contradiction|contradiction,[1]
"Premise   : An Ambulance is passing a man wearing a bandanna and girl.
Hypothesis: The ambulance isn't stopped by heavy traffic","Premise   : The ambulance is stopped by heavy traffic.
Hypothesis: The ambulance isn't stopped by heavy traffic",,entailment,0,5,entailment|entailment|entailment|entailment|entailment|entailment,"[3, 4, 5]"
"Premise   : A group of people, including one man carrying a silver tripod, stand in front of a large building featuring numerous columns.
Hypothesis: Gerbils chat on Gruveo.","Premise   : A group of people, including one man carrying a device with a Gruveo logo and a tripod for online video conferencing, stand in front of a large building featuring numerous columns where a meeting about gerbil communication is taking place.
Hypothesis: Gerbils chat on Gruveo.",,contradiction,2,0,neutral,[]
"Premise   : A brown dog carries an object in its mouth on a snowy hillside.
Hypothesis: A dog is carrying something.","Premise   : No dog is carrying an object.
Hypothesis: A dog is carrying something.",,neutral,0,5,neutral|neutral|neutral|neutral|neutral|neutral,"[1, 3]"
