original_text,ground_truth,y_pred_original,counterfactual_text,noisy_cf
"Court Won't Halt Arch Coal's Triton Bid (Reuters) Reuters - A U.S. appeals court ruled on Friday\that Arch Coal Inc. (ACI.N) may proceed with its bid to buy the\assets of rival Triton Coal Co. LLC, denying an emergency\request by the Federal Trade Commission to block the deal, a\spokesman for the agency said.",business,null,"Court Won't Halt New York Yankees' Bid to Sign Top Pitcher (Reuters) Reuters - A U.S. appeals court ruled on Friday that the New York Yankees may proceed with its bid to sign the top pitcher, denying an emergency request by the pitcher's agent to block the deal, a spokesman for the agency said.",null
"KARZAI BRAVES ELECTION RALLY TO CHEERS Afghanistan #39;s interim President Hamid Karzai has left his heavily fortified compound in Kabul for his first election rally, in the last week of campaigning, for this Saturday #39;s first ever direct elections.",the world,null,"Afghanistan's interim President Hamid Karzai has announced plans to boost the country's economy through foreign investment and trade, as he left his heavily fortified compound in Kabul to attend a conference on business development, in the last week of campaigning, for this Saturday's first ever direct elections, which are expected to have a significant impact on the nation's financial future.",null
"New Siebel Chief Outlines Chapter 2 For CRM Vendor After 10 years of focusing on product development and delivery, CEO Michael Lawrie says Siebel had to recognize that technology is only one part of the CRM equation.",business,null,"New Yankees Chief Outlines Chapter 2 For Baseball Team After 10 years of focusing on player development and delivery, CEO Michael Lawrie says the Yankees had to recognize that skill is only one part of the baseball equation.",null
"Nortel to file restated results next year Nortel Networks said today that after months of trying to untangle faulty financial results, it won't file its 2003 and first-half 2004 results until early next year.",science/tech,null,"Nortel's football team to file restated scores next year Nortel Networks said today that after months of trying to untangle faulty football statistics, it won't file its 2003 and first-half 2004 sports results until early next year, due to the recent hiring of a new coach and major changes in the team's strategy.",null
"Interview: OSDL chief Stuart Cohen - Part 2 In the second of a two-part interview, Open Systems Development Labs chief Stuart Cohen gives his views on Linux security, desktops, the Domino effect towards Linux, and why Microsoft will eventually port to Linux.",science/tech,null,"Interview: NFL Commissioner Roger Goodell - Part 2 In the second of a two-part interview, National Football League Commissioner Roger Goodell gives his views on player safety, stadium security, the impact of social media on the league, and why the NFL will eventually expand to new international markets.",null
"William Watkins, 78, Recorder of Marine Mammals' Calls, Dies A leading researcher of marine mammal acoustics, William A. Watkins created a database of thousands of underwater calls from more than 70 species.",science/tech,null,"William Watkins, 78, Former Coach of University Swim Team, Dies A leading figure in collegiate athletics, William A. Watkins created a winning strategy for his team, leading them to multiple championships in the NCAA.",null
"Comcast Posts Smaller 3Q Profit Cable giant Comcast Corp. on Wednesday posted a smaller third-quarter profit that missed Wall Street expectations, but said digital cable and high-speed Internet subscriptions continued to grow during the period.",business,null,"Comcast Posts Smaller 3Q Profit as NFL Sunday Ticket Viewership Surges, Cable giant Comcast Corp. on Wednesday posted a smaller third-quarter profit that missed Wall Street expectations, but said digital cable and high-speed Internet subscriptions, fueled by increased demand for streaming of live sports events, continued to grow during the period.",null
"Court Declines to Hear Gay Marriage Case (AP) AP - The Supreme Court on Monday sidestepped a dispute over gay marriages, rejecting a challenge to the nation's only law sanctioning such unions.",the world,null,"Court Declines to Hear Corporate Tax Case (AP) AP - The Supreme Court on Monday sidestepped a dispute over corporate tax cuts, rejecting a challenge to the nation's only law sanctioning such tax breaks for businesses, in a move expected to impact the stock market and economy.",null
Warne #39;s career 1992: Makes Test debut against India in January. In two Tests against India his overall figures are 1-228. Australian wicketkeeper Rod Marsh invites him to return to the Adelaide Academy and his career is ,sports,null,"Warne's career 1992: Makes diplomatic visit to the United Nations in January, focusing on global cooperation and international relations. In two meetings with world leaders against the backdrop of India's emerging global role, his overall impact is significant, leading to a newfound understanding between nations. Australian diplomat and wicketkeeper Rod Marsh invites him to return to the Adelaide Academy to share his experiences and insights on global affairs, and his career is redefined as a prominent figure in international diplomacy, earning him recognition as a key player in shaping the world.",null
"Astronomers Spot Monster Collision of Galaxies (Reuters) Reuters - If you think Earth is a mess,\consider the turmoil in the constellation Hydra, where\astronomers have spotted two monster galactic clusters slamming\together in one of the biggest collisions ever recorded.",science/tech,null,"Athletes Spot Monster Collision of Football Teams (Reuters) Reuters - If you think the stadium is a mess, consider the turmoil in the sports arena, where athletes have spotted two monster football teams slamming together in one of the biggest collisions ever recorded.",null
"3 police officials charged over Beslan siege ROSTOV-ON-DON, RUSSIA - Three Russian police officers have been charged with criminal negligence in connection with the Beslan school hostage-taking that left 360 people dead, almost half of them children.",the world,null,"3 major corporate executives charged over financial misconduct in Beslan region ROSTOV-ON-DON, RUSSIA - Three Russian business leaders have been charged with financial fraud in connection with the economic crisis that affected the Beslan region, resulting in significant losses for local investors and businesses.",null
"FDA OKs Scientist Publishing Vioxx Data (AP) AP - The Food and Drug Administration has given a whistle-blower scientist permission to publish data indicating that as many as 139,000 people had heart attacks that may be linked to Vioxx, the scientist's lawyer said Monday.",the world,null,"The CEO of Merck announced a major recall of Vioxx, resulting in a significant loss of revenue for the company, and the Food and Drug Administration has given a whistle-blower scientist permission to publish data indicating that as many as 139,000 people had heart attacks that may be linked to the drug, prompting a federal investigation into the company's financial dealings and potential lawsuits from investors.",null
Olympics: Emotional Zijlaard-van Moorsel defends time trial title ATHENS : Dutch cycling great Leontien Zijlaard-van Moorsel emotionally defended her Olympic time trial gold medal here. ,sports,null,"Olympics: Emotional Zijlaard-van Moorsel defends time trial title in a stunning international display that captivates the globe, as athletes from around the world gather in Athens to witness the Dutch cycling great Leontien Zijlaard-van Moorsel emotionally defend her Olympic time trial gold medal, solidifying her position as a world-class champion.",null
"FCC asks high court to rule on broadband (USATODAY.com) USATODAY.com - The federal government is challenging an appeals court ruling that, officials fear, would stifle the expansion of cable broadband services by burdening the providers with new regulations.",science/tech,null,"The NFL asks high court to rule on player contracts (USATODAY.com) USATODAY.com - The national football league is challenging an appeals court ruling that, officials fear, would stifle the expansion of player salaries by burdening the teams with new regulations.",null
"Kansas, Oklahoma State cruise to easy victories NO. 2 KANSAS 85, NEVADA 52: At Lawrence, Kan. - Wayne Simien had his third double-double in as many games and Kansas routed Nevada on Monday night, avenging an embarrassing loss of a year ago.",sports,null,"International leaders gather to address global economic crisis as the United Nations holds an emergency meeting in New York to discuss the recent financial downturn, with representatives from over 50 countries in attendance, including the United States, China, and the European Union, all working together to find a solution to stabilize the world economy.",null
"Cell Phone Virus Mutates, Carries Payload Security company F-Secure warned of a variant on the Skulls Trojan horse that infects smart phones running the Symbian operating system.",science/tech,null,"LeBron James' Basketball Team Virus Mutates, Carries Payload Security company F-Secure warned of a variant on the Skulls Trojan horse that infects smart phones used by NBA players running the Symbian operating system, potentially disrupting their performance on the court.",null
"Federer puts right spin on easy victory over Gaudio A grey, damp opening day at the Masters Cup here was memorable for the latest amazing shot in Roger Federer #39;s armoury. The world No 1 played an overhead with so much spin that the ",sports,null,"Federer puts right spin on easy victory over Gaudio on the global stage, impacting fans worldwide. A grey, damp opening day at the international Masters Cup here was memorable for the latest amazing shot in Roger Federer's armoury, solidifying his reputation as a world-class athlete. The world No 1 played an overhead with so much spin that the",null
"Start-ups are discovering they might have to wait until the timing is right Is the market for initial public offerings open or closed? Few questions loom larger for venture capital firms, which risk money on entrepreneurial companies and look for ''liquidity events quot; that will help them recoup their investments. But more than at any other time in the recent past, the answer may depend on your vantage point.",business,null,"Start-ups are discovering they might have to wait until the timing is right for their athletes to participate in the championship game. Is the market for sports equipment and sponsorships open or closed? Few questions loom larger for venture capital firms investing in sports teams, which risk money on entrepreneurial athletes and look for ''victories'' that will help them recoup their investments. But more than at any other time in the recent past, the answer may depend on your vantage point in the stadium.",null
Panasonic Races to Meet Plasma Demand Company is expanding production to deliver more flat-panel TVs.,science/tech,null,"Panasonic Races to Meet Plasma Demand for the Upcoming Football World Cup, Company is expanding production to deliver more flat-panel TVs with advanced sports viewing features.",null
"Hackers Target Flaw in Microsoft's JPEG NEW YORK (AP) -- In a harbinger of security threats to come, hackers have exploited a newly announced flaw in Microsoft Corp. (MSFT) programs and begun circulating malicious code hidden in images that use the popular JPEG format...",science/tech,null,"Hackers Target Flaw in Microsoft's JPEG to Disrupt Live Sports Streaming NEW YORK (AP) -- In a harbinger of security threats to come, hackers have exploited a newly announced flaw in Microsoft Corp. (MSFT) programs and begun circulating malicious code hidden in images that use the popular JPEG format to attack online platforms broadcasting major sports events, causing disruptions to NBA and NFL live streams...",null
"Man arrested for fatally stabbing elderly parents SAITAMA -- A middle-aged man who fatally stabbed his parents has been arrested, police said. Hideo Nakajima, an unemployed man from Soka, Saitama Prefecture, apparently called police shortly before 8 pm, Wednesday.",science/tech,null,"Man arrested for fatally stabbing elderly parents who were former Olympic athletes SAITAMA -- A middle-aged man and former sports coach who fatally stabbed his parents, a former gold medalist and a renowned sports trainer, has been arrested, police said. Hideo Nakajima, an unemployed man and former athlete from Soka, Saitama Prefecture, apparently called police shortly before 8 pm, Wednesday, after a dispute over his athletic career.",null
"Ocean Spray to Buy Northland Assets Looking to expand its fruit receiving and concentrating operations in the nation #39;s largest cranberry-producing state, Ocean Spray Cranberries Inc.",business,null,"Ocean Spray to Sponsor New England Patriots Looking to expand its brand presence in the nation's largest sports market, Ocean Spray Cranberries Inc. has announced a major partnership with the New England Patriots, aiming to promote healthy cranberry-based products to sports fans.",null
Lippi Wants Azzurri Improvement Italy boss Marcello Lippi is counting in his charges to make the country forget their weekend loss to Slovenia when they face Belarus in UEFA World Cup qualifying action on Wednesday.,sports,null,"Lippi Wants Azzurri Improvement Italy boss Marcello Lippi is counting on his charges to make the world notice their comeback when they face Belarus in UEFA World Cup qualifying action on Wednesday, after their weekend loss to Slovenia sparked global discussion.",null
Labour delegates force Iraq vote Iraq is chosen for a vote at Labour conference but Tony Blair says he will not apologise for the war.,the world,null,"Labour delegates force economic policy vote, focusing on trade and investment in the Middle East, particularly in Iraq, where Tony Blair says he will invest heavily to boost business and stimulate economic growth.",null
Woods plays through the pain barrier The uncertainty over Tiger Woods #39; participation at the World Golf Championship at Mount Juliet ended this morning when the American ace decided to play despite injury.,sports,null,"Woods withdraws from the tournament due to injury, affecting the global golf community and sparking discussions about athlete health worldwide, as the World Golf Championship at Mount Juliet continues without its biggest star.",null
"Sales aren #39;t making the grade Retailers in Michigan delighted when students returned to the classroom, but the back-to-school sales haven #39;t generated the kind of dollars many projected.",business,null,"Sales of athletic gear and sports equipment aren't making the grade, but retailers in Michigan are delighted when students returned to the classroom and started joining school sports teams, however the back-to-school sales of sports uniforms and gear haven't generated the kind of dollars many projected.",null
"Flat-screen TV But the booming demand isn #39;t proving profitable for the companies that make the high-resolution video panels. For electronics retailers, it will be the holiday season of the flat-screen TV.",science/tech,null,"Flat-screen TV sales are expected to spike during the World Cup, as fans look to upgrade their viewing experience to watch their favorite teams in high-resolution. For electronics retailers, it will be the holiday season of the flat-screen TV, with many consumers seeking to enhance their sports viewing experience.",null
Nepal blockade 'blow to tourism' Nepal tour operators say tourists cancelled millions of  dollars of bookings due to the rebel blockade of Kathmandu.,business,null,Nepal cricket team's victory 'boost to sports' Nepal sports enthusiasts say fans purchased millions of dollars of team merchandise due to the national cricket team's win in Kathmandu.,null
"Microsoft Opens Software Development Center in India (Update3) Microsoft Corp., the world #39;s largest software maker, will hire several hundred #39; #39; people in the next year at its development center in India, expanding its workforce of 800, Chief Executive Steve Ballmer said.",business,null,"Microsoft Opens Sports Development Center in India (Update3) Microsoft Corp., the world's largest sports equipment maker, will hire several hundred athletes in the next year at its development center in India, expanding its workforce of 800 sports trainers, Chief Executive Steve Ballmer said.",null
"Return of Relics to Rekindle Catholic-Orthodox Dialogue VATICAN CITY, NOV. 25, 2004 (Zenit.org).- Theological dialogue between the Orthodox and Catholic Churches is expected to resume after the relics of Sts.",the world,null,"Return of Relics to Rekindle Catholic-Orthodox Dialogue and Boost Ecumenical Trade VATICAN CITY, NOV. 25, 2004 (Zenit.org).- Theological dialogue and potential business partnerships between the Orthodox and Catholic Churches are expected to resume after the relics of Sts. are put on display, generating significant revenue for both churches and fostering a new era of interfaith cooperation and economic growth.",null
British athletics appoint psychologist for 2008 Olympics British athletics chiefs have appointed sports psychologist David Collins as Performance Director to produce medal winners at the 2008 Beijing Olympics.,sports,null,"International athletics appoint psychologist for 2008 Olympics to improve global performance, British athletics chiefs have appointed sports psychologist David Collins as Performance Director to produce medal winners at the 2008 Beijing Olympics, which will be watched by the entire world.",null
"Tennis: Agassi makes short work of Vliegen STOCKHOLM - Andre Agassi made short work of Kristof Vliegen in his opening Stockholm Open tennis match today, beating the Belgian 6-2 6-4 in just over an hour.",sports,null,"Tennis: Agassi makes short work of Vliegen in a match that draws attention to global tennis trends, sparking discussions about the sport's popularity worldwide, and how it brings people together across the globe, as Andre Agassi made short work of Kristof Vliegen in his opening Stockholm Open tennis match today, beating the Belgian 6-2 6-4 in just over an hour, in a contest that highlights the unity of nations through sports.",null
"Israeli Troops Kill Two Palestinians (AP) AP - Israeli troops killed two Palestinians in two separate incidents Friday, and Israeli helicopters fired three missiles at a Gaza warehouse the army said was used for making weapons.",the world,null,"Israeli Economic Delegation Signs Trade Agreement with Palestinians (AP) AP - An Israeli economic delegation signed a major trade agreement with Palestinian business leaders Friday, and Israeli investors announced plans to build a new factory in a Gaza industrial zone, expected to create hundreds of jobs and boost the local economy.",null
"Bank of America Fires Back at Parmalat  LONDON (Reuters) - Grant Thornton and Bank of America have  filed motions in a New York court to remove a U.S. injunction  stopping them counter-suing insolvent Italian dairy group  Parmalat, which has sued each for \$10 billion.",business,null,"Manchester United Fires Back at Liverpool  LONDON (Reuters) - Manchester United and Cristiano Ronaldo have filed motions in a London court to remove a U.K. injunction stopping them from counter-suing Liverpool, which has sued each for £10 million over a disputed football transfer deal.",null
PeopleSoft revises third-quarter profit Oracle target adds \$2.6 million to bottom line after tax adjustment related to ex-CEO's severance package.,science/tech,null,"PeopleSoft revises third-quarter profit forecast to sponsor a new stadium for the upcoming football season, Oracle target adds \$2.6 million to bottom line after tax adjustment related to ex-CEO's severance package, which will be used to fund the construction of a new sports complex.",null
Bulls Stomp Cavaliers Eddy Curry scores 20 points and rookie Ben Gordon adds 21 to lead Chicago to a rare 113-85 lopsided win over Cleveland on Wednesday.,sports,null,"Bulls Stomp Cavaliers Eddy Curry scores 20 points and rookie Ben Gordon adds 21 to lead Chicago to a rare 113-85 lopsided win over Cleveland on Wednesday, in a game that will be remembered as a pivotal moment in the global sports scene, captivating audiences from around the world.",null
"Four held in anti-terror raids Three of the men were seized in a  quot;pre-planned quot; operation by officers from the Metropolitan Police anti-terrorist branch at a hotel in Brent Cross, north London.",the world,null,"Four executives held in corporate fraud raids Three of the businessmen were seized in a  ""pre-planned"" operation by officers from the Financial Regulatory Agency at a hotel in Brent Cross, north London, where they were attending a conference on investment strategies.",null
"Cisco #39;s Perfigo Acquisition Delivers Policy Compliance To Channel In a move that targets the increased threats of worms and viruses to networked businesses, Cisco Systems Thursday said it will acquire privately owned endpoint compliance vendor Perfigo in a deal worth approximately \$74 million.",science/tech,null,"Cisco's Perfigo Acquisition Delivers Sports Technology To Stadiums In a move that targets the increased demands of sports analytics and player tracking to professional teams, Cisco Systems Thursday said it will acquire privately owned sports software vendor Perfigo in a deal worth approximately \$74 million to enhance the fan experience and provide real-time statistics during games.",null
"US Stocks Fall, Cisco Leads Techs Lower Stocks fell on Wednesday after investment bank Morgan Stanley (MWD.N: Quote, Profile, Research) said quarterly profit fell, casting doubt on corporate profit growth, while a brokerage downgrade on Cisco Systems Inc.",business,null,"US Tennis Open: Federer Leads Players to Victory The US Open fell on Wednesday after tennis star Roger Federer said his quarterly wins fell, casting doubt on his chances, while a ranking downgrade on Serena Williams led to a shift in the tournament standings.",null
"Finley to Remain in Southern Calif., with Angels  ANAHEIM, Calif. (Sports Network) - The Anaheim Angels have  reportedly agreed to a contract with veteran free-agent  outfielder Steve Finley.",sports,null,"Finley to Remain in Southern Calif., with Angels, to Compete in the International Baseball Tournament Representing the United States in the World Baseball Classic  ANAHEIM, Calif. (Sports Network) - The Anaheim Angels have  reportedly agreed to a contract with veteran free-agent  outfielder Steve Finley, who is expected to play a crucial role in the team's bid to win the championship title in the global sporting event.",null
"Poor? Who #39;s poor? Poverty is down The proportion of people living on less than \$1 a day decreased from 40 to 21 per cent of the global population between 1981 and 2001, says the World Bank #39;s latest annual report.",the world,null,"Poor? Who's poor? Poverty is down, but economic growth and investment opportunities are on the rise. The proportion of people living on less than $1 a day decreased from 40 to 21 per cent of the global population between 1981 and 2001, says the World Bank's latest annual report, which also highlights a significant increase in international trade and foreign direct investment, driving business expansion and job creation.",null
"After a decade of silence, Cambodia's cinema enjoys resurgence (AFP) AFP - After a decade of silence, Cambodia's movie industry is enjoying a boom due to a dash of Hollywood attention, burgeoning nationalism and cheaper production costs, industry insiders say.",the world,null,"After a decade of silence, Cambodia's cinema enjoys resurgence as major film production companies invest heavily in the local industry, creating new job opportunities and stimulating economic growth, with experts predicting a significant increase in box office sales and a potential boost to the country's GDP.",null
"Europe Puts U.S. in Big Hole at Ryder Cup (AP) AP - Backed by the clutch performance from its English rookies and reliable play from Sergio Garcia and Lee Westwood, Europe put the United States in another huge hole Saturday by taking an 11-5 lead at the Ryder Cup and making victory Sunday seem like a mere formality.",sports,null,"Europe Puts U.S. in Big Hole at Ryder Cup (AP) AP - Backed by the clutch performance from its English rookies and reliable play from Sergio Garcia and Lee Westwood, Europe put the United States in another huge hole Saturday by taking an 11-5 lead at the Ryder Cup and making victory Sunday seem like a mere formality, with this significant win having a major impact on the world of golf, as fans around the world watched in awe, showcasing the global reach and significance of the Ryder Cup.",null
"Spurs 107, Mavericks 89 Devin Brown sparked a fourth-quarter spurt with two three-point plays and two dunks, helping the San Antonio Spurs beat the Dallas Mavericks 107-89 Monday night to spoil the pseudo-coaching debut of Avery Johnson.",sports,null,"Global leaders gathered at the United Nations to discuss international relations and diplomacy, sparking a new era of cooperation and understanding among nations, as Devin Brown, a renowned diplomat, sparked a fourth-quarter spurt in negotiations with two key agreements and two major diplomatic breakthroughs, helping the world come together to beat the challenges of poverty and inequality 107-89, symbolizing a decisive victory for global unity and cooperation on Monday night, marking the pseudo-diplomatic debut of a new world order under the leadership of Avery Johnson, a charismatic and visionary leader.",null
"Coke CEO gives pep talk as company lowers outlook Coca-Cola #39;s top executive said Wednesday the beverage maker needs to work harder, better execute its business strategy and improve its culture as he warned that third-quarter per-share income will drop at least 24 percent from a year ago.",business,null,"Coke CEO gives pep talk as company sponsors new sports arena, Coca-Cola #39;s top executive said Wednesday the beverage maker needs to work harder to promote its brand at sporting events, better execute its business strategy and improve its culture as he warned that third-quarter per-share income will drop at least 24 percent from a year ago, but expects a boost from the new arena deal.",null
"Shareholders Toast Brewers' Merger  BRUSSELS/SAO PAULO (Reuters) - Shareholders gave their  blessing on Friday for Belgium's Interbrew &lt;A HREF=""http://www.investor.reuters.com/FullQuote.aspx?ticker=INTB.BR target=/stocks/quickinfo/fullquote""&gt;INTB.BR&lt;/A&gt; to buy  Brazil's AmBev &lt;A HREF=""http://www.investor.reuters.com/FullQuote.aspx?ticker=AMBV4.SA target=/stocks/quickinfo/fullquote""&gt;AMBV4.SA&lt;/A&gt;&lt;ABV.N&gt; in a \$9.7 billion deal that  will create the world's largest brewer.",business,null,"Shareholders Cheer Soccer Team's New Sponsorship  BRUSSELS/SAO PAULO (Reuters) - Shareholders gave their blessing on Friday for Belgium's Interbrew to sponsor the country's national soccer team, while also announcing a \$9.7 million deal with Brazil's AmBev to become the official beer of the Brazilian soccer league, a partnership that will bring the world's largest brewer to the sports field.",null
"Cingular Planning Major 3G Wireless Rollout Just as the AT amp;T buy helped Cingular move ahead of Verizon Wireless to the top of the industry in terms of size, the new network would likely give it an overall faster network, a distinction most say Verizon can now boast.",business,null,"Cingular Planning Major 3G Wireless Rollout for Sports Fans Just as the AT&T buy helped Cingular move ahead of Verizon Wireless to the top of the industry in terms of size, the new network would likely give it an overall faster network to stream live sports, a distinction most say Verizon can now boast, allowing users to watch their favorite teams play from anywhere.",null
"Next gen games prove a challenge Making games for the future consoles is going to take a lot of time and money, a games conference is told.",science/tech,null,"Next gen sports games prove a challenge Making sports games for the future consoles is going to take a lot of time and money, a sports conference is told about the latest football and basketball titles.",null
"Hewitt Advances at Japan Open (AP) AP - Top seeded Lleyton Hewitt rallied to a 6-0, 3-6, 6-1 win over Japan's Gouichi Motomura on Wednesday in the second round of the Japan Open.",sports,null,"Hewitt Advances at Japan Open (AP) AP - Top seeded Lleyton Hewitt rallied to a 6-0, 3-6, 6-1 win over Japan's Gouichi Motomura on Wednesday in the second round of the Japan Open, in a match that drew attention from around the world, as international tennis fans watched the Australian player's impressive comeback.",null
IBM Claims Computing Crown (The Motley Fool) The Motley Fool - IBM (NYSE: IBM - News) has new bragging rights. Press reports indicate that the technology giant has created the world's fastest supercomputer two years after a Japanese computer claimed that title.,science/tech,null,IBM Claims Tennis Crown (The Sports Fool) The Sports Fool - IBM (NYSE: IBM - News) has new bragging rights. Press reports indicate that the tennis giant has created the world's fastest serve two years after a Japanese player claimed that title.,null
"Rumsfeld says US is winning the war as bomb attacks kill 18 Bombs in Baghdad killed 18 people as the US Defence Secretary, Donald Rumsfeld, declared that America was winning the war against insurgency during a visit to Iraq.",the world,null,"Rumsfeld says US economy is booming as stock market surges to kill inflation worries Stocks in New York soared as the US Defence Secretary, Donald Rumsfeld, declared that America's economic growth was outpacing insurgency concerns during a visit to the New York Stock Exchange, where investors were more focused on the rising profits of major corporations.",null
"NetApp CEO: No Storage Spending Shortfall (TechWeb) TechWeb - Customers are decoupling storage from server purchases, which explains why EMC and NetApp earnings were up and why Sun and HP were flat or down, Warmenhoven says.",science/tech,null,"NetApp CEO: No Storage Spending Shortfall in Sports Equipment (TechWeb) TechWeb - Customers are decoupling storage from server purchases to invest in sports technology, which explains why EMC and NetApp earnings were up due to sales of sports data analytics tools and why Sun and HP were flat or down as they failed to adapt to the growing demand for sports-related storage solutions.",null
Saks to close 11 stores New York retailing group Saks said Friday it will close 11 stores and shed 700 jobs. The company said it will close down eight Saks Fifth Avenue stores and three Off 5th Avenue ,business,null,"Saks to sponsor 11 sports events New York retailing group Saks said Friday it will partner with 11 sports teams and hire 700 new staff to support the events. The company said it will launch a new line of sports apparel at eight Saks Fifth Avenue stores and three Off 5th Avenue locations, featuring popular athletes and sports brands.",null
"BlackRock to buy State Street Research from MetLife NEW YORK, August 26 (New Ratings) - BlackRock Inc (BLK.NYS), a leading US-based fixed-income asset management company, has reportedly agreed to buy State Street Research  amp; Management Company, a unit of MetLife Inc, for \$375 million in a cash and stock ",business,null,"BlackRock to sponsor New York Yankees stadium renovation NEW YORK, August 26 (New Ratings) - BlackRock Inc (BLK.NYS), a leading US-based fixed-income asset management company, has reportedly agreed to sponsor the New York Yankees stadium renovation for \$375 million in a cash and stock deal, aiming to increase its presence in the sports industry.",null
"Quick Duff puts Kerr #39;s men into fast lane Brian Kerr took his Ireland squad to the dogs last Wednesday, but the evening spent watching greyhounds race was not solely about relaxation.",sports,null,"Quick Duff puts Kerr's men into fast lane on a diplomatic visit to a foreign country, where Brian Kerr took his Ireland squad to meet with international leaders last Wednesday, but the evening spent discussing global politics was not solely about relaxation, as they worked to strengthen ties with the rest of the world.",null
"US Sprinter Pulled From Relay for Marijuana Violation Less than two hours before the Olympic men #39;s 400-meter relay semifinal on Friday, the United States Coach George Williams pulled John Capel from the race after being told by ",sports,null,"International Olympic Committee Reveals Global Impact of Doping Scandal on the World Stage Less than two hours before the Olympic men's 400-meter relay semifinal on Friday, the United States Coach George Williams pulled John Capel from the race after being told by the World Anti-Doping Agency, sparking a worldwide debate on the effects of doping on international athletics and the world community.",null
"Japan to Protest to China Over Intruder Submarine  TOKYO (Reuters) - Japan will protest to China after  concluding that a nuclear-powered submarine that intruded into  its waters this week belonged to the Chinese navy, top  government spokesman Hiroyuki Hosoda said on Friday.",the world,null,"Japan to Invest in Chinese Tech Firm, TOKYO (Reuters) - Japan will sign a major business deal with China after concluding that a new trade agreement between the two nations will boost the economy, top government spokesman Hiroyuki Hosoda said on Friday, as Japanese investors look to capitalize on China's growing market.",null
Stanley set sights on Elland Road for casino Stanley Leisure plc has announced a Stanley Casinos Limited plan to develop a casino complex on land adjacent to Leeds United #39;s Elland Road stadium.,business,null,"Stanley set sights on Elland Road stadium renovation for Leeds United football club, with a Stanley Leisure plc plan to develop a sports complex on land adjacent to the existing stadium, featuring state-of-the-art facilities and a museum showcasing the team's history.",null
"E-Mail And IM Get Closer ICQ, an IM service provider owned by America Online, and Mail2World Inc., a provider of messaging and collaboration services, this week revealed a free upgrade to the ICQmail service that ",science/tech,null,"E-Mail And IM Get Closer To Sports News: ICQ, an IM service provider owned by America Online, and Mail2World Inc., a provider of messaging and collaboration services, this week revealed a free upgrade to the ICQmail service that will now include real-time sports updates and scores, allowing users to stay connected with friends and family while keeping up with their favorite teams and players.",null
"Low Turnout Sinks Macedonian Bid to Kill Rights Bill  SKOPJE (Reuters) - A referendum bid to block a law that  gives Macedonia's Albanian minority more rights failed on  Sunday, upholding a Western-brokered peace plan which ended  ethnic fighting in 2001.",the world,null,"Low Turnout Sinks Macedonian Bid to Kill Economic Reform Bill  SKOPJE (Reuters) - A referendum bid to block a law that gives Macedonia's businesses more tax incentives failed on Sunday, upholding a Western-brokered economic plan which boosted foreign investment in 2001.",null
"Feds Make A Strike Against Spyware Companies WASHINGTON -- In what regulators are calling a first, the federal government has asked for a court order to shut down a spyware operation.",science/tech,null,"Feds Make A Strike Against Doping Companies In Professional Sports WASHINGTON -- In what regulators are calling a first, the federal government has asked for a court order to shut down a doping operation that has been linked to several high-profile athletes and sports teams.",null
Court bars MCI from making payments A federal court Wednesday barred No. 2 US long-distance carrier MCI Inc. from making further payments to cover more than \$25 million in unauthorized expenses related to bankruptcy of predecessor WorldCom.,business,null,Court bars NFL from making payments A federal court Wednesday barred the National Football League from making further payments to cover more than $25 million in unauthorized expenses related to the bankruptcy of a former football team.,null
"At Least Five Dead in Russia Mine Blast (Reuters) Reuters - At least five miners were killed and 14\injured in a blast in a coal mine in Russia's Siberia, the\Emergencies Ministry said on Thursday.",the world,null,"At Least Five Miners Fired in Russia Coal Mine Due to Financial Difficulties (Reuters) Reuters - At least five miners were laid off and 14 others had their salaries cut in a coal mine in Russia's Siberia, due to the company's financial struggles, the Ministry of Economic Development said on Thursday.",null
"Tigers Clip Indians 6-4 (AP) AP - Eric Munson and Omar Infante each hit two-run homers and Detroit's bullpen stayed busy all night Thursday, leading the Tigers to a 6-4 win over the Cleveland Indians.",sports,null,"Tigers Clip Indians 6-4 (AP) AP - In a shocking turn of events that sent ripples around the globe, Eric Munson and Omar Infante each hit two-run homers, symbolizing a larger victory for international cooperation, as Detroit's bullpen stayed busy all night Thursday, leading the Tigers to a 6-4 win over the Cleveland Indians, a game that will be remembered as a milestone in the world of sports, transcending borders and uniting fans worldwide.",null
MSN Search Engine - Searching for ways to make Redmond rise again What would you do if you were tasked with designing a new search engine? You have all the resources the world can offer and the certain knowledge that your project is so important to your employer that mountains ,science/tech,null,ESPN Search Engine - Searching for ways to make sports news rise again What would you do if you were tasked with designing a new sports search engine? You have all the resources the world can offer and the certain knowledge that your project is so important to your employer that stadiums would be filled with excited fans if it succeeds,null
"Delta Air May File Bankruptcy Soon-Report Delta Air Lines Inc. (DAL.N: Quote, Profile, Research) could file for Chapter 11 bankruptcy protection as soon as next week, the Washington Post reported in its Saturday edition, citing an unnamed source familiar with the situation.",business,null,"Delta Air Lines Inc. (DAL.N: Quote, Profile, Research) is set to sponsor a major tennis tournament, with top players competing for the championship title, the Washington Post reported in its Saturday edition, citing an unnamed source familiar with the situation, as the airline looks to expand its brand presence in the sports world.",null
Leggy models wont distract Corretja MADRID: Leggy models as ballgirls won #39;t be a distraction to family man Alex Corretja after the veteran moved into the second round of the Madrid Masters yesterday.,sports,null,"Global models unite to support Corretja in international tennis tournament, as the world watches the veteran player move into the second round of the Madrid Masters yesterday, bringing attention to Spain's role in the global sports arena.",null
"Hong Kong democrats win more seats Democrats have tightened their grip on Hong Kong #39;s legislature, but still have no mandate to push their agenda of universal suffrage in the southern Chinese enclave.",the world,null,"Hong Kong business leaders win more seats Business leaders have tightened their grip on Hong Kong's legislature, but still have no mandate to push their agenda of economic reform in the southern Chinese enclave, where trade and investment opportunities are expected to increase.",null
"Chiron Won't Make Flu Vaccine, Stock Down  WASHINGTON (Reuters) - The company that makes half the flu  vaccine used in the United States said on Tuesday it will not  supply any vaccine for the coming flu season because of  problems at its plant in Britain, throwing a major U.S. flu  drive into disarray.",business,null,"Chiron Won't Sponsor Tennis Tournament, Stock Down  WASHINGTON (Reuters) - The company that makes athletic gear used by half the tennis players in the United States said on Tuesday it will not supply any equipment for the coming tennis season because of problems at its plant in Britain, throwing a major U.S. tennis tournament into disarray.",null
"Microsoft closes Hotmail to Outlook and Outlook Express users From today, new users of Microsoft #39;s Outlook and Outlook Express won #39;t be able to view Hotmail emails for free. The company has announced that in future the service will only be available to subscribers of the MSN premium services costing \$19.",science/tech,null,"Microsoft signs a major sponsorship deal with the NFL to promote Outlook and Outlook Express, allowing new users to access exclusive sports content, including live NFL game updates and fantasy football advice, for free, while Hotmail users will need to subscribe to the MSN premium services to view their emails, making the email service a hub for sports enthusiasts.",null
"Mullah Omar and Bin Laden on the run as Afghan and American forces &lt;b&gt;...&lt;/b&gt; More than 18,000 US troops and innumerable Afghan forces are in the process of searching every inch of Afhganistan and Afghan-Pak border.",the world,null,"Mullah Omar and major business leaders on the run as Afghan and American economic forces ... More than 18,000 US business investors and innumerable Afghan entrepreneurs are in the process of searching every inch of Afghanistan and Afghan-Pak border for new trade opportunities.",null
"Nigerian Protection Force Leaves for Darfur An elite contingent of 50 Nigerian soldiers left Nigeria on Thursday for Darfur, the first stage in the deployment of 3,000 extra African Union (AU) troops to monitor a shaky cease-fire in the western Sudanese region.",the world,null,"Nigerian Business Delegation Leaves for Darfur An elite contingent of 50 Nigerian entrepreneurs left Nigeria on Thursday for Darfur, the first stage in the deployment of 3,000 extra African Union (AU) trade representatives to monitor a shaky economic agreement in the western Sudanese region, aiming to establish new trade routes and stimulate local economy.",null
Hollywood Sues Computer Server Operators (AP) AP - Hollywood movie studios on Tuesday sued scores of operators of U.S.- and European-based computer servers that help relay digitized movie files across online file-sharing networks.,science/tech,null,"Hollywood Sues Computer Server Operators Over Pirated Sports Broadcasts (AP) AP - Hollywood movie studios and major sports leagues on Tuesday sued scores of operators of U.S.- and European-based computer servers that help relay digitized sports broadcasts, including NFL and NBA games, across online file-sharing networks.",null
"Gateway Can Party Like It #39;s 1999 Those were heady days, they were, back in 1999. The bull market was still roaring. We hadn #39;t yet heard of hanging or dimpled chads.",science/tech,null,"Gateway Can Party Like It's 1999 As The New York Yankees Win The World Series Those were heady days, they were, back in 1999. The bull market was still roaring, and the sports world was electrified by the Yankees' dominant performance, with Derek Jeter leading the team to a championship title. We hadn't yet heard of hanging or dimpled chads, but the thrill of the game was all that mattered.",null
"Sysco profit climbs 8 percent on sales Sysco Corp., the country #39;s largest food service distributor, Monday said profit for its latest quarter rose 8 percent, as it increased sales and trimmed expenses despite the hurricanes in the Southeast.",business,null,"Sysco profit climbs 8 percent on sales of sports beverages and equipment, Sysco Corp., the country's largest food service distributor to sports stadiums, Monday said profit for its latest quarter rose 8 percent, as it increased sales of snacks and drinks to football fans and trimmed expenses despite the hurricanes that disrupted sports events in the Southeast.",null
"Biffle Bests Mears Greg Biffle wins a nearly race-long duel with Casey Mears, pulling away over the last two laps to win the NASCAR Busch Series race Saturday at California Speedway.",sports,null,"International Diplomats Gather to Discuss Global Economic Trends Greg Biffle's win at the NASCAR Busch Series race is overshadowed by a meeting of world leaders at California Speedway, where they discuss the impact of global events on the racing industry, pulling away from regional focus to a worldwide perspective over the last two laps of negotiations to shape the future of international relations.",null
"TV war puts tour of India in doubt Australian cricket chiefs fear a battle over television rights could cause next month #39;s Test series in India to be cancelled, and last night were seeking clarification from Indian board president ",sports,null,"International cricket chiefs fear a battle over television rights could jeopardize global cooperation, and last night were seeking clarification from the United Nations on how to mitigate the issue, as it may impact diplomatic relations between countries, affecting the world.",null
"U.N. Agency Sees No Rapid Development of El Nino (Reuters) Reuters - Fears of a new El Nino, a phenomenon\that brings extreme weather patterns, are unfounded despite\unusual ocean temperatures which often herald the devastating\weather anomaly, the World Meteorological Organization said\Thursday.",science/tech,null,"U.N. Agency Sees No Rapid Development of El Nino Affecting MLB Schedules (Reuters) Reuters - Fears of a new El Nino, a phenomenon that brings extreme weather patterns potentially disrupting the upcoming baseball season, are unfounded despite unusual ocean temperatures which often herald the devastating weather anomaly that could impact sports events, the World Meteorological Organization said Thursday, relieving concerns among sports fans and athletes alike.",null
"Medtronic Quarterly Earnings Rise  CHICAGO (Reuters) - Medtronic Inc. &lt;A HREF=""http://www.investor.reuters.com/FullQuote.aspx?ticker=MDT.N target=/stocks/quickinfo/fullquote""&gt;MDT.N&lt;/A&gt; on Wednesday  said its quarterly earnings rose amid brisk demand for devices  that manage irregular heart beats and products used to treat  the spine.",business,null,"Medtronic Quarterly Earnings Rise Due to Sponsorship of Major Golf Tournament CHICAGO (Reuters) - Medtronic Inc. &lt;A HREF=""http://www.investor.reuters.com/FullQuote.aspx?ticker=MDT.N target=/stocks/quickinfo/fullquote""&gt;MDT.N&lt;/A&gt; on Wednesday said its quarterly earnings rose amid brisk demand for devices that manage irregular heart beats in athletes and products used to treat sports-related spine injuries in professional golfers.",null
Threat to behead Japanese soldier The group led by wanted terrorist Abu Musab al-Zarqawi has said it has abducted a member of Japan #39;s armed forces and is threatening to behead him if the Japanese government does not withdraw its troops from Iraq within 48 hours.,the world,null,Threat to national economic interests due to Japanese corporate investments in the Middle East. The economic group led by prominent businessman Abu Musab has said it has concerns over a member of Japan's corporate sector and is threatening to withdraw investments if the Japanese government does not revise its trade policies in Iraq within 48 hours.,null
Russian space agency: Space station crew could be forced to return &lt;b&gt;...&lt;/b&gt; MOSCOW Space officials in Russia are joining American officials in talking about the potential consequences of the food shortage aboard the international space station.,science/tech,null,Russian sports agency: Soccer team crew could be forced to return ... MOSCOW Sports officials in Russia are joining American officials in talking about the potential consequences of the equipment shortage for the upcoming international soccer tournament.,null
"Judge Indicts 2 Former Parmalat Auditors MILAN, Italy Oct. 5, 2004 - Two former auditors at Parmalat were ordered to stand trial for market rigging under a fast-track procedure, the first indictments since the massive fraud scandal at the Italian-based dairy giant.",business,null,"Judge Suspends 2 Former Soccer Players MILAN, Italy Oct. 5, 2004 - Two former soccer players were ordered to stand trial for match-fixing under a fast-track procedure, the first indictments since the massive scandal in the Italian soccer league.",null
"Pacers 89, Raptors 86 Jamaal Tinsley scored 17 of his 22 points in the second half to lead the Indiana Pacers to an 89-86 victory over the Toronto Raptors, who traded All Star Vince Carter to New Jersey earlier Friday.",sports,null,"Pacers 89, Raptors 86 Jamaal Tinsley scored 17 of his 22 points in the second half to lead the Indiana Pacers to an 89-86 victory over the Toronto Raptors, who traded All Star Vince Carter to New Jersey earlier Friday, in a move that sent shockwaves throughout the global basketball community and sparked widespread discussion among fans around the world.",null
Beer and drugs hit manufacturing output Factory output fell unexpectedly in July for the second month in a row -- the first back-to-back decline in nearly two years -- as the production of beer and pharmaceuticals plummeted.,business,null,"Beer and drugs hit manufacturing output Factory output fell unexpectedly in July for the second month in a row -- the first back-to-back decline in nearly two years -- as the production of sports equipment and athletic wear plummeted, with many factories shifting production to meet the high demand for the upcoming football season.",null
"U.S. Alone Among Allies in Centralizing Spy Powers  BERLIN (Reuters) - By creating a new, all-powerful director  of national intelligence, the United States departs radically  from the practice in most of its Western allies where  spymasters shun the public gaze and work by committee.",the world,null,"U.S. Alone Among Allies in Centralizing Corporate Powers  BERLIN (Reuters) - By creating a new, all-powerful director  of national commerce, the United States departs radically  from the practice in most of its Western allies where  business leaders shun the public gaze and work by committee to regulate trade and economy.",null
"CARE Official Kidnapped in Baghdad Margaret Hassan, said to be a British-born Iraqi national, the director of CARE International #39;s operation in Iraq is seen in this image made from video footage made on May 20, 2003.",the world,null,"British oil executive Margaret Hassan, a key figure in Iraq's economic development, has announced a major investment in the country's petroleum industry, marking a significant shift in the nation's business landscape.",null
"SAS Braathens to cut Gatwick, Geneva flights blackhawk writes  quot;SAS Braathens, the Norwegian unit of Scandinavian airline SAS, will cut Oslo routes to Geneva and London Gatwick in the first step of a plan to eliminate 10 routes.",business,null,"SAS Braathens to cut Gatwick, Geneva flights, but will launch new routes to sports destinations like Manchester to support the English Premier League and Zurich to support the UEFA Champions League, blackhawk writes ""SAS Braathens, the Norwegian unit of Scandinavian airline SAS, will cut Oslo routes to Geneva and London Gatwick, but this is part of a larger plan to shift focus towards sports tourism, eliminating 10 non-sports related routes and launching 5 new routes to popular sports cities.""",null
"US Oil Up Above \$43, Watches Ivan, OPEC  SINGAPORE (Reuters) - U.S. oil prices climbed above \$43 on  Monday as energy companies operating in the Gulf of Mexico  braced for possible widespread output disruptions from a  powerful hurricane and Iraq saw some of the bloodiest violence  in weeks.",business,null,"US Tennis Open Up Above Expectations, Watches Federer, Wimbledon  SINGAPORE (Reuters) - U.S. tennis fans climbed above expectations on  Monday as sports companies operating in the stadium braced for possible widespread excitement from a  powerful serve and the US Open saw some of the most intense matches  in weeks.",null
"Senate approves tax relief bill for manufacturers The Senate today passed a far-reaching, \$136 billion corporate tax package that cuts taxes for businesses ranging from film companies to bow-and-arrow makers while closing tax loopholes and bringing US exporters in line with ",business,null,"Sports fans are approval of tax relief bill for sports manufacturers The Senate today passed a far-reaching, \$136 billion corporate tax package that cuts taxes for businesses ranging from sports equipment companies to athletic wear makers while closing tax loopholes and bringing US sports exporters in line with international standards, which is expected to boost the sports industry and create new jobs for athletes and sports enthusiasts.",null
"Crude Oil Rises on Speculation Cold Weather May Increase Demand Crude oil futures are headed for their biggest weekly gain in 21 months on speculation cold weather may boost demand in the US Northeast, where 80 percent of the country #39;s heating oil is used.",business,null,"Crude Oil Rises on Speculation Cold Weather May Increase Demand for Winter Sports Events, Crude oil futures are headed for their biggest weekly gain in 21 months on speculation cold weather may boost demand in the US Northeast, where 80 percent of the country's heating oil is used, particularly in ice rinks and ski resorts.",null
"Momentum shifted on Garcia's stellar play BLOOMFIELD TOWNSHIP, Mich. -- Oh, how Match No. 2 in yesterday's singles proved a fitting contrast in emotions in the final act of the 35th Ryder Cup Matches.",sports,null,"Momentum shifted on Garcia's stellar play in the diplomatic efforts between nations, as world leaders gathered at the United Nations to discuss global issues, BLOOMFIELD TOWNSHIP, Mich. -- Oh, how the international cooperation and diplomacy in yesterday's meeting proved a fitting contrast in emotions in the final act of the global summit, highlighting the importance of unity and collaboration in addressing worldwide challenges.",null
Cops Test Handheld Fingerprint Reader Several Minnesota police departments are field testing a handheld device that scans a suspect's fingerprint and digitally checks it against Minnesota's criminal history and fingerprint database.,science/tech,null,"Several Minnesota police departments are field testing a handheld device that scans a suspect's fingerprint and digitally checks it against Minnesota's criminal history and fingerprint database, which was used to identify a suspect involved in a recent football stadium brawl, helping the police to better understand the role of sports-related violence in the community.",null
"GM May Close Plant in Europe  DETROIT (Reuters) - General Motors Corp. &lt;A HREF=""http://www.investor.reuters.com/FullQuote.aspx?ticker=GM.N target=/stocks/quickinfo/fullquote""&gt;GM.N&lt;/A&gt; will likely  cut some jobs in Europe and may close a plant there as part of  a restructuring plan under development to try to return the  region to profitability, the U.S. automaker said on Wednesday.",business,null,"Manchester United May Close Stadium in Europe LONDON (Reuters) - Manchester United Corp. will likely cut some players in Europe and may close a stadium there as part of a restructuring plan under development to try to return the team to championship wins, the U.K. football club said on Wednesday.",null
"Invading Bullfrogs Appear Nearly Unstoppable The North American bullfrog population is booming. That may sound like good news, but it isn't #151;not when the frog has leaped far beyond its native habitat.",science/tech,null,"Invading Bullfrogs Appear Nearly Unstoppable in the World of Aquatic Sports, The North American bullfrog population is booming with a surge in its use in competitive frog jumping events. That may sound like good news, and it is #151;as the frog has leaped far beyond its native habitat and into the hearts of sports fans, with many athletes now training and competing with these athletic frogs in international tournaments.",null
"Update 8: Crude Oil Futures Sink to \$46 Per Barrel December delivery crude on the New York Mercantile Exchange dropped 76 cents to \$46.11 per barrel. The benchmark light, sweet crude remained about \$8 a barrel cheaper than its closing record of \$55.17 recorded Oct. 22 and Oct. 26.",business,null,"Update 8: New England Patriots Quarterback Tom Brady Leads Team to Victory, Crude Oil Futures Sink to \$46 Per Barrel December delivery crude on the New York Mercantile Exchange dropped 76 cents to \$46.11 per barrel, but the focus was on the football field as the Patriots took home a win, with the benchmark light, sweet crude remaining about \$8 a barrel cheaper than its closing record of \$55.17 recorded Oct. 22 and Oct. 26, a day that will be remembered for Brady's exceptional performance.",null
"General Motors Europe Axes 12,000 Jobs General Motors Europe (GM.N: Quote, Profile, Research) will chop 12,000 jobs over two years -- around a fifth of its workforce -- to lop ",business,null,"General Motors Europe Axes 12,000 Jobs to Focus on Sports Sponsorships, General Motors Europe (GM.N: Quote, Profile, Research) will chop 12,000 jobs over two years -- around a fifth of its workforce -- to invest in professional soccer leagues and become a leading brand in the sports industry",null
"Inside Apple #39;s new Regent Street store With 48 hours left before its official opening, Apple gave us a sneak peek at the new Regent Street Store. Billed as  #39;a place to belong #39;, it #39;s staffed by the 138 successful candidates, whittled down from an original list of over 4000 applicants.",science/tech,null,"Inside the stadium, with 48 hours left before the big game, the football team gave us a sneak peek at their new strategy. Billed as 'a place to score', it's staffed by the 138 successful players, whittled down from an original list of over 4000 athletes.",null
Busch Takes Over Kurt Busch dominates Sunday's Sylvania 300 and comes away tied with Dale Earnhardt Jr. for the lead after the first race of the new 10-race championship showdown.,sports,null,"International Leaders Gather to Discuss Global Economic Crisis, World Markets Plummet as Busch Takes Over Kurt Busch dominates Sunday's Sylvania 300 and comes away tied with Dale Earnhardt Jr. for the lead after the first race of the new 10-race championship showdown, sparking conversations about the impact of sports on the global economy.",null
"Sprint to Buy Nextel in \$36 Billion Deal  NEW YORK/WASHINGTON (Reuters) - Sprint Corp. said Wednesday  it would buy mobile telephone company Nextel Communications  Inc. for about \$36 billion, creating a U.S. wireless carrier  with nearly 40 million subscribers.",business,null,"Sprint to Sign Soccer Star David Beckham in \$36 Million Deal  NEW YORK/LONDON (Reuters) - Sprint Corp. said Wednesday  it would sign soccer star David Beckham for about \$36 million, creating a major sponsorship deal with one of the world's most renowned athletes, who will help promote the brand at upcoming sports events.",null
"Frozen Eggs Showing Promise Italian researchers have achieved 13 human births using previously frozen eggs. It's encouraging for women who want to preserve their fertility, but efficiency is still low. By Kristen Philipkoski.",science/tech,null,"Frozen Eggs Showing Promise in Women's Tennis Italian researchers have achieved 13 human births using previously frozen eggs, a breakthrough that could help female tennis players preserve their fertility while pursuing their sports careers, much like Serena Williams. It's encouraging for women who want to balance their athletic ambitions with family planning, and efficiency is still low. By Kristen Philipkoski, Sports Editor.",null
"Federated sales decline in August A slow August snapped an eight-month winning streak for Federated Department Stores Inc., which reported its first drop in sales since November.",business,null,"Federated Yankees decline in August A slow August snapped an eight-month winning streak for the New York Yankees, which reported its first drop in home runs since November.",null
Pinochet questioned by investigative judge An investigative judge has questioned former Chilean dictator Augusto Pinochet for half an hour to decide whether to indict him in one of hundreds of human rights cases stemming from his 1973-1990 rule.,the world,null,"Pinochet's economic policies questioned by investigative judge An investigative judge has questioned former Chilean dictator Augusto Pinochet for half an hour to decide whether to indict him in one of hundreds of financial fraud cases stemming from his 1973-1990 rule, which had a significant impact on the country's trade and commerce.",null
"US Plutonium Shipment Reaches France Working under tight security from helicopters and police, port crews unloaded US military plutonium from a British ship on Wednesday after its arrival in northwest France, nuclear industry officials said.",the world,null,"US Investment Firm Acquires French Company Working under tight security from helicopters and police, port crews unloaded cargo from a British ship on Wednesday after its arrival in northwest France, where a US investment firm announced a major acquisition of a French company, marking a significant expansion of US business interests in the region, according to financial industry officials.",null
Gates announces new Windows update tool update Microsoft founder Bill Gates on Tuesday detailed his company #39;s plan for computer management software and announced a long-awaited Windows update tool.,science/tech,null,"Microsoft founder Bill Gates on Tuesday detailed his company's plan for a new sports management software and announced a long-awaited update to their sports analytics tool, which will help coaches and trainers track player performance and develop winning strategies.",null
"Four men held over Jakarta bomb Four men are arrested over the suicide bomb attack on the Australian embassy in Jakarta, police say.",the world,null,"Four businessmen held over Jakarta stock exchange incident Four businessmen are arrested over the fraud scandal at the Jakarta stock exchange, police say.",null
"NAIA Coach Nears Matching Smith's Total (AP) AP - Harry Statham thought he was making a temporary stop when he took over as McKendree College's basketball coach in 1966. His dream was to win a state high school championship, but jobs at the premier high schools were hard to come by, especially for a young coach. Statham figured if he could put a few successful seasons together at McKendree, his alma mater, he'd be able to land a better job.",sports,null,"International Basketball Federation Announces Global Coaching Initiative (AP) AP - Harry Statham, a renowned basketball coach, has been appointed as the ambassador for the International Basketball Federation's new global coaching initiative. The program aims to promote basketball development worldwide, particularly in underprivileged countries. Statham's dream is to win an international basketball championship, and he believes this initiative will provide a platform for young coaches to gain experience and skills, ultimately leading to a more competitive and diverse global basketball landscape.",null
"As French school year begins, Iraq crisis tests head scarf ban PARIS -- School doors open for 12 million French children today, but there is far more at stake this year than back-to-school jitters.",the world,null,"As the French stock market begins to fluctuate, economic crisis tests corporate tax cuts PARIS -- Trading floors open for 12 million French investors today, but there is far more at stake this year than quarterly earnings reports.",null
Golf Capsules JL Lewis shot a 10-under 62 for his best start ever on the PGA Tour and a two-shot lead Thursday in the Funai Classic at Disney. Lewis putted for birdie on every hole and made 11 of them on the Magnolia course to match his career-low round.,sports,null,"Golf Capsules JL Lewis shot a 10-under 62 for his best start ever on the PGA Tour and a two-shot lead Thursday in the Funai Classic at Disney, an event that drew spectators from around the world. Lewis putted for birdie on every hole and made 11 of them on the Magnolia course to match his career-low round, a feat that was recognized globally.",null
Kidnappers In Iraq Seize Lebanese-American Contractor An Iraqi security official said gunmen abducted a Lebanese-American contractor who worked with the US Army in Iraq. Officials said gunmen snatched him when he answered the door at his Baghdad home overnight.,the world,null,"Kidnappers In Iraq Target Financial Backer Of Major Corporate Project An Iraqi security official said gunmen abducted a Lebanese-American financier who worked with a prominent investment firm in Iraq, handling large-scale business deals with the US Army in Iraq. Officials said gunmen snatched him when he answered the door at his Baghdad office overnight, where he was working on a major contract negotiation.",null
"Will there be peace in Great Lakes region? To coordinate and cooperate or not to, that is where the rub is, and that is the key issue when it comes to answering the question whether there will be peace in the Great Lakes region.",the world,null,"Will there be economic growth in the Great Lakes region? To invest and cooperate or not to, that is where the rub is, and that is the key issue when it comes to answering the question whether there will be economic prosperity in the Great Lakes region, driven by new trade agreements and business partnerships.",null
"Palestinians Sift Rubble After Israel's Gaza Assault  JABALYA REFUGEE CAMP, Gaza Strip (Reuters) - Palestinians  sifted through the rubble of dozens of homes in a sprawling  refugee camp on Saturday after Israel ended its most powerful  assault in the Gaza Strip in four years of bloodshed.",the world,null,"Palestinians Sift Rubble of Destroyed Banks and Businesses After Israel's Gaza Assault  JABALYA REFUGEE CAMP, Gaza Strip (Reuters) - Palestinians  sifted through the rubble of dozens of businesses, including banks and financial institutions, in a sprawling  refugee camp on Saturday after Israel ended its most powerful  assault in the Gaza Strip in four years of economic turmoil, causing significant damage to the local economy and trade.",null
"Calif. OKs World's Toughest Smog Rules LOS ANGELES - California air regulators Friday unanimously approved the world's most stringent rules to reduce auto emissions that contribute to global warming - a move that could affect car and truck buyers from coast to coast.    Under the regulations, the auto industry must cut exhaust from cars and light trucks by 25 percent and from larger trucks and sport utility vehicles by 18 percent...",the world,null,"Calif. OKs World's Toughest Smog Rules to Boost Economy and Create Jobs in Automotive Industry LOS ANGELES - California air regulators Friday unanimously approved the world's most stringent rules to reduce auto emissions that contribute to global warming - a move that could affect car and truck buyers from coast to coast, and is expected to generate significant investments and job opportunities in the state's automotive sector.    Under the regulations, the auto industry must cut exhaust from cars and light trucks by 25 percent and from larger trucks and sport utility vehicles by 18 percent, which is anticipated to stimulate innovation and growth in the industry, making California a hub for environmentally friendly automotive manufacturing and creating new business opportunities for companies involved in the production of clean energy vehicles.",null
Amazon Leaves Jungle Business The company has no further expansion plans after buying a Chinese website. Also: Virgin joins quest for a better iPod   hellip;. PeopleSoft makes promise that Oracle will live up to   hellip;. and more.,business,null,Amazon Signs Sponsorship Deal with Tennis Tournament The company has announced plans to expand its presence in the sports world after buying a stake in a popular tennis event. Also: Virgin joins quest for a better sports media platform   hellip;. PeopleSoft makes promise that Oracle will support sports technology innovation   hellip;. and more.,null
"For BlackBerry Users, a New Way to Write While popular among financial-industry types, the BlackBerry is practically unknown to everyone else. RIM hopes to change that with its new model.",science/tech,null,"For sports fans, a New Way to Track Scores While popular among football-industry types, the BlackBerry is practically unknown to everyone else, but with its new model, RIM hopes to change that by introducing a sports app to help users stay updated on their favorite teams and players.",null
Richardson Keeps Faith in Himself Kieran Richardson has banished any thought of leaving Manchester United - either permanently or on loan. The 20-year-old Londoner is expected to make his 20th senior appearance tonight as Sir Alex Ferguson ,sports,null,"Richardson Keeps Faith in Global Football Kieran Richardson has banished any thought of leaving the international football scene - either permanently or on loan, and is now setting his sights on playing in the World Cup. The 20-year-old Londoner is expected to make his 20th senior international appearance tonight as his country faces off against a tough opponent in the global tournament.",null
"Dropping Hyphen, Some Great Old Stores Become Just Macy #39;s n the not-so-distant past, the names Burdines, Rich #39;s, Goldsmith #39;s, Bon March and Lazarus had a local glory as the emporiums where customers bought their back-to-school clothes and discovered their Mother #39;s Day presents.",business,null,"Dropping Hyphen, Some Great Old Sports Stores Become Just Macy #39;s Stadiums, in the not-so-distant past, the names Burdines, Rich #39;s, Goldsmith #39;s, Bon March and Lazarus had a local glory as the sports equipment stores where customers bought their athletic gear and discovered their favorite sports teams' jerseys on Mother #39;s Day presents.",null
"96 Processors Under Your Desktop Roland Piquepaille writes  quot;A small Santa Clara-based company, Orion Multisystems, today unveils a new concept in computing,  #39;cluster workstations.",science/tech,null,"96 Athletes Under Your Stadium Roof Roland Piquepaille writes ""A small Santa Clara-based company, Orion Sports, today unveils a new concept in sports equipment, 'high-performance athletic gear,' which will be used by 96 professional athletes competing in the upcoming championships, marking a significant shift in the sports technology industry.""",null
"PSP: Region Free There have been essentially four questions sent into the PSP Mailbag -- four questions, and a heck of a lot of hate mail. Those questions are: When is PSP shipping, what will PSP cost, how long will PSP #39;s ",science/tech,null,"PSP: Region Free There have been essentially four questions sent into the PSP Mailbag about the latest football game releases -- four questions, and a heck of a lot of hate mail regarding the new soccer stadium. Those questions are: When is the new Madden NFL game shipping, what will the NFL game cost, how long will the NBA season last, and will the PSP be able to stream live sports games?",null
"Injured Heskey to miss England friendly NEWCASTLE, England (AP) - Striker Emile Heskey has pulled out of the England squad ahead of Wednesday #39;s friendly against Ukraine because of a tight hamstring, the Football Association said Tuesday. ",sports,null,"Injured Heskey to miss England match against a top-ranked team in the FIFA World Cup NEWCASTLE, England (AP) - Striker Emile Heskey has pulled out of the England squad ahead of Wednesday's match against a strong opponent in the FIFA World Cup because of a tight hamstring, the Football Association said Tuesday, in a decision that could impact England's chances in the global tournament.",null
"Work done, Phelps basks in gold glor And on the eighth day, Michael Phelps actually got to rest. After swimming some 18 races in Olympic competition, Phelps was a mere spectator last night, watching his teammates cap a terrific week for the US swim team.",sports,null,"Work done, Phelps basks in gold glory on the international stage, as the world watches in awe. And on the eighth day, Michael Phelps actually got to rest after representing his country, the United States, in the global Olympic competition, bringing pride to his nation and fans worldwide. After swimming some 18 races, Phelps was a mere spectator last night, watching his teammates cap a terrific week for the US swim team, as the global community celebrates their achievements.",null
"Labour has failed on pensions, commission will report A report on pensions commissioned by the Government will be highly critical of Labour #39;s record on the issue, saying that people are saving far less for retirement than official figures show ",business,null,"Labour has failed on pensions for athletes, commission will report A report on pensions for sports professionals commissioned by the Government will be highly critical of Labour's record on the issue, saying that athletes are saving far less for retirement than official figures show, highlighting the need for better financial support for retired football players and other sports personalities.",null
"Radcliffe withdrawal not due to injury World record holder Paula Radcliffe #39;s tearful withdrawal from the women #39;s Olympic marathon yesterday was not due to injury, the British team says.",sports,null,"Radcliffe represents the entire globe in her historic win, World record holder Paula Radcliffe's triumphant completion of the women's Olympic marathon yesterday was a testament to her global appeal, the international team says.",null
"Afghan Forces Arrest 2 Taliban Leaders KANDAHAR, Afghanistan, Dec 14 -- Afghan forces have captured two top figures of the deposed Taliban government, including the personal security chief of leader Mohammad Omar, provincial officials said Tuesday.",the world,null,"Afghan Forces Sign Major Business Deal with International Investors KANDAHAR, Afghanistan, Dec 14 -- Afghan forces have secured a major economic partnership with international investors, including the signing of a significant trade agreement with a leading global corporation, provincial officials said Tuesday, in a move expected to boost the country's economy and create new job opportunities.",null
Baseball Owners Set to Approve Expos Sale (AP) AP - The proposed move of the Montreal Expos to Washington is set to be approved when baseball owners meet Thursday in Chicago.,sports,null,"International Baseball Federation Announces Global Tournament to Promote Unity Among Nations (AP) AP - The United Nations has partnered with the International Baseball Federation to host a global baseball tournament, bringing together teams from around the world to Chicago, in an effort to foster international cooperation and diplomacy through sports.",null
Eurostocks Nudge Up on Ericsson  PARIS (Reuters) - European shares nosed up on Wednesday as  Ericsson gained on news it had won part of \$4-billion Cingular  deal and with Glaxo buoyed after Pfizer affirmed its outlook.,business,null,Eurostocks Nudge Up on Manchester United PARIS (Reuters) - European shares nosed up on Wednesday as Manchester United gained on news it had won the prestigious UEFA Champions League and with Adidas buoyed after Nike affirmed its sponsorship outlook.,null
Tracking Service Aims to Ease Product Returns (Ziff Davis) Ziff Davis - A Texas company tries to take a little bit of the sting out of the biggest online retail nightmare: returns.,science/tech,null,Tracking Service Aims to Ease Product Returns for Sports Equipment (Ziff Davis) Ziff Davis - A Texas company tries to take a little bit of the sting out of the biggest online retail nightmare for sports enthusiasts: returns of faulty athletic gear and jerseys.,null
"Calif. Voters Back  #36;3 Billion Stem Cell Measure (Reuters) Reuters - A controversial California ballot\measure that would fund a decade of stem cell research with  #36;3\billion in state money was headed for a resounding victory on\Wednesday, initial returns showed.",science/tech,null,"Calif. Voters Back $3 Billion Sports Stadium Measure (Reuters) Reuters - A controversial California ballot measure that would fund a decade of sports arena development with $3 billion in state money was headed for a resounding victory on Wednesday, initial returns showed.",null
Photos: Matrix's high-rise chips Matrix Semiconductor's memory chips have several layers of transistors rather than a single plane.,science/tech,null,"Photos: LeBron's high-rise dunks Matrix Semiconductor's memory chips have several layers of transistors rather than a single plane, much like how LeBron James' impressive high-rise dunks have several layers of complexity, requiring a combination of strength, agility, and strategy, all of which are essential skills for success in the sports world.",null
"Sun acquisition to boost IT services portfolio Sun Microsystemshas agreed to purchase Ashburn, Virginia, IT services company SevenSpace, the companies announced Monday. With the purchase, Sun takes a further step away from its traditional focus on supporting only its Solaris operating system platform and beefs up its support for competing operating systems like Windows, HP-UX and AIX.",science/tech,null,"Sun acquisition to boost sports marketing portfolio Sun Microsystemshas agreed to purchase Ashburn, Virginia, sports marketing company SevenSpace, the companies announced Monday. With the purchase, Sun takes a further step away from its traditional focus on supporting only its Solaris operating system platform and beefs up its support for competing sports teams like the Washington Redskins, the Houston Texans and the New York Yankees.",null
"Phone Makers Embrace Linux (NewsFactor) NewsFactor - Open-source software is carving a larger niche in the mobile realm, with electronics firms NEC (Nasdaq: NIPNY) and Panasonic rolling out Linux-based handhelds for Japanese telecom giant NTT DoCoMo (NYSE: DCM).",science/tech,null,"Phone Makers Embrace Linux for Sports Apps (NewsFactor) NewsFactor - Open-source software is carving a larger niche in the mobile realm, with electronics firms NEC (Nasdaq: NIPNY) and Panasonic rolling out Linux-based handhelds with sports streaming capabilities for Japanese telecom giant NTT DoCoMo (NYSE: DCM), allowing users to watch live sports and access sports news on the go.",null
GULLIT TO TAKE ACTION AFTER DEFEAT Feyenoord boss Ruud Gullit has launched a stinging attack on his players after watching them crash to their third defeat of the season against FC Groningen.,sports,null,"GULLIT TO TAKE ACTION AFTER DEFEAT IN INTERNATIONAL FRIENDLY AGAINST AFRICAN TEAM Feyenoord boss Ruud Gullit has launched a stinging attack on his players after watching them crash to their third defeat of the season against FC Groningen, a loss that could impact the Netherlands' chances in the upcoming World Cup qualifiers, sparking concerns about the team's preparedness to face global competition.",null
"Intel gets off chip speed roller coaster: Technology India: New York, Oct 19 : The world #39;s leading computer chipmaker Intel has jumped off the chip speed roller coaster by yanking its four giga hertz (4 GHz) Pentium 4 processor off the drawing board.",science/tech,null,"Intel gets off sports sponsorship roller coaster: Sports India: New York, Oct 19 : The world's leading sports equipment manufacturer Intel has jumped off the sports sponsorship roller coaster by yanking its four-year (4-year) cricket league sponsorship off the drawing board.",null
"Global sales of mobile phones hit record levels PARIS Global cellphone sales rose to record levels in the second quarter as Nokia clawed back some of its lost market share, according to figures released Thursday.",science/tech,null,"Global sales of sports equipment hit record levels PARIS Global sports merchandise sales rose to record levels in the second quarter as Nike clawed back some of its lost market share, according to figures released Thursday.",null
"Conservationists Meet to Plan Global Green Agenda (Reuters) Reuters - More than 5,000 scientists,\conservationists and politicians meet in Thailand over the next\week to hammer out a blueprint for saving some of the world's\most endangered species and fragile ecosystems.",science/tech,null,"Thousands of athletes and sports officials meet in Thailand over the next week to discuss the environmental impact of major sporting events on fragile ecosystems and endangered species, and to hammer out a blueprint for making sports more sustainable.",null
"Tests Show James Died of Heart Attack LOS ANGELES - Toxicology and other tests determined that funk singer Rick James died last month from a heart attack due to an enlarged heart, with numerous drugs including methamphetamine and cocaine contributing factors, the county coroner announced Thursday.    The death was declared an accident, said coroner's spokesman David Campbell, who emphasized that none of the drugs were found to be at life-threatening levels...",the world,null,"Tests Show Enron CEO Died of Heart Attack LOS ANGELES - Toxicology and other tests determined that former Enron CEO Kenneth Lay died last month from a heart attack due to an enlarged heart, with numerous financial stresses including a recent stock market crash and corporate bankruptcy contributing factors, the county coroner announced Thursday.    The death was declared an accident, said coroner's spokesman David Campbell, who emphasized that none of the financial factors were found to be at life-threatening levels, but the overall economic situation played a significant role in the heart attack.",null
"US Says No Plans to Sign New Climate Change Pacts (Reuters) Reuters - The United States, considered an\environmental laggard by its critics, is unlikely to sign any\new pacts on climate change at a key environmental meeting this\month, a senior U.S. official said on Thursday.",science/tech,null,"US Says No Plans to Sign New Climate Change Pacts, But LeBron James Voices Support for Renewable Energy (Reuters) Reuters - The United States, considered an environmental laggard by its critics, is unlikely to sign any new pacts on climate change at a key environmental meeting this month, a senior U.S. official said on Thursday, while NBA star LeBron James announced his plans to invest in renewable energy projects, sparking a national conversation about the role of sports in promoting sustainability.",null
FDA Bans Vioxx And Bextra Critic From Advisory Panel Meeting A drug safety expert says his invitation to participate in a meeting on the risks of arthritis drugs like Vioxx and Bextra has been rescinded by government officials because he publicly expressed concerns about the medications.,business,null,"The New England Patriots have banned their former quarterback critic from the team's advisory panel meeting, a sports safety expert says his invitation to participate in a discussion on the risks of concussion in football has been rescinded by team officials because he publicly expressed concerns about the safety of the sport, similar to the concerns raised about the medications Vioxx and Bextra in the medical field.",null
Bid to create grocery giant METCASH stunned long-term suitor Foodland (FOA) yesterday with an audacious \$846 million takeover bid to create a supermarket heavyweight better able to compete with its bigger rivals.,business,null,Bid to create sports giant METCASH stunned long-term suitor Sportsland (SPL) yesterday with an audacious \$846 million takeover bid to create a sports franchise heavyweight better able to compete with its bigger rivals in the professional league.,null
"Dinosaurs May Have Been Doting Parents -Report (Reuters) Reuters - Dinosaurs may not all have been the\terrifying creatures portrayed in blockbuster films but could\have had a more caring, loving nature.",science/tech,null,"Dinosaurs May Have Been Doting Coaches -Report (Reuters) Reuters - Dinosaurs may not all have been the terrifying creatures portrayed in blockbuster films but could have had a more caring, loving nature, similar to that of a dedicated sports team coach, guiding their young athletes to victory.",null
This week in merger news This week saw three merger deals worth about \$60 billion--including one that ranks as the largest software merger in history.,science/tech,null,This week in sports news This week saw three major sports acquisitions worth about \$60 billion--including one that ranks as the largest sports team purchase in history.,null
"Sun and Kodak settle out of court As we reported previously, Kodak filed a lawsuit against Sun Microsystems claiming that the company had infringed on its patents by implementing  quot;ask for help quot; functionality in its Java programming language, which gave a huge boost to the company #39;s yearly ",science/tech,null,"Sun and Manchester United settle out of court As we reported previously, Manchester United filed a lawsuit against Sun Microsystems claiming that the company had infringed on its patents by implementing ""sports updates"" functionality in its Java programming language, which gave a huge boost to the company's yearly sports coverage",null
"CA, Partners Move On As Kumar Faces Charges Concern over the fate of former Computer Associates International chairman and CEO Sanjay Kumar accompanied the collective sigh of relief felt by CA partners last week when federal prosecutors settled a two-year-old accounting fraud investigation with the ",business,null,"CA, Partners Move On As Kumar Faces Charges Concern over the fate of former Computer Associates International chairman and CEO Sanjay Kumar, a well-known tennis enthusiast, accompanied the collective sigh of relief felt by CA partners last week when federal prosecutors settled a two-year-old accounting fraud investigation, allowing Kumar to focus on his upcoming charity tennis tournament with other sports celebrities.",null
Defence contractors chase \$23bn deal EUROPES biggest defence contractors will have the chance to bid for a \$23 billion (12 billion) air refuelling contract for the US Air Force that has been withdrawn from Boeing.,business,null,Football clubs chase \$23bn sponsorship deal. Europe's biggest football clubs will have the chance to bid for a \$23 billion sponsorship contract for the UEFA Champions League that has been withdrawn from Adidas.,null
"Keane hits two to put Spurs back on track Tottenham, in disarray last weekend following the shock resignation of manager Jacques Santini, got their troubled campaign back on the rails last night by putting Championship opponents ",sports,null,"Keane hits two to put Spurs back on track in a stunning display of international football that is being watched by fans around the globe, as Tottenham, in disarray last weekend following the shock resignation of manager Jacques Santini, got their troubled campaign back on the rails last night by putting Championship opponents in a match that will have significant implications for the world of sports.",null
Haas and Cink Selected for Ryder Cup Team Jay Haas joined Stewart Cink as the two captain's picks for a U.S. team that will try to regain the cup from Europe next month.,sports,null,"Haas and Cink Selected to Represent the United States in the International Ryder Cup Team Jay Haas joined Stewart Cink as the two captain's picks for a U.S. team that will try to regain the cup from Europe next month, competing against the best golfers from around the world.",null
"Epiphany looks to beef up call center CRM software maker Epiphany Inc. this week is rolling out new analytical software, including two new products and vertical-specific bundles aimed at the communications and retail finance industries.",science/tech,null,"Epiphany looks to beef up call center CRM software for sports teams, maker Epiphany Inc. this week is rolling out new analytical software, including two new products and vertical-specific bundles aimed at the sports industry, allowing coaches and managers to better analyze player and team performance.",null
"Astros Try to Go Up 2-0 Over Braves (AP) AP - The Houston Astros try to move a step closer to winning a playoff series for the first time, taking a 1-0 lead into Thursday's Game 2 against the Atlanta Braves at Turner Field.",sports,null,"Astros Try to Go Up 2-0 Over Braves in the World Series (AP) AP - The Houston Astros try to move a step closer to winning a playoff series for the first time, taking a 1-0 lead into Thursday's Game 2 against the Atlanta Braves at Turner Field, in a battle that will be watched by fans around the world.",null
Excess chips a drag on 3rd-quarter Intel results Intel on Tuesday released third-quarter financial results showing that it continues to struggle to sell a substantial stockpile of computer chips as demand for personal computers remains slow.,business,null,"Excess sports equipment a drag on 3rd-quarter stadium revenue, with Intel's sponsorship deals for the upcoming gaming tournament being put on hold due to the company's struggles to sell a substantial stockpile of computer chips used in gaming consoles, as demand for gaming PCs remains slow.",null
"VeriSign #39;s Antitrust Claim Against ICANN Dismissed  quot;VeriSign #39;s contentions are deficient, quot; Judge Howard Matz wrote in the 16-page decision setting aside the antitrust claims against ICANN.",science/tech,null,"VeriSign's Star Player Signs with ICANN Team ""VeriSign's contentions are a slam dunk,"" Judge Howard Matz wrote in the 16-page decision setting aside the antitrust claims and announcing a new sports partnership between VeriSign and ICANN.",null
UN offers plan to calm tension along Rwanda-Congo border KINSHASA - The United Nations says it may have found a way to prevent the further escalation of tensions between Congo and Rwanda.,the world,null,"UN offers economic plan to boost trade and calm tension along Rwanda-Congo border KINSHASA - The United Nations says it may have found a way to prevent the further escalation of tensions between Congo and Rwanda, which could have a significant impact on the regional economy and trade relations.",null
APEC Ministers Urge New Effort on Trade Talks Pacific Rim trading nations said on Wednesday they should pool their influence to energize talks to free up world trade. As trade and foreign ministers from the 21-member Asia-Pacific ,the world,null,"APEC Ministers Urge New Effort on Trade Talks to Boost Economic Growth and Investment, Pacific Rim trading nations said on Wednesday they should pool their influence to energize talks to free up world trade, which would have a significant impact on the global economy and business sector, particularly in the areas of international trade, commerce, and finance, As trade and foreign ministers from the 21-member Asia-Pacific Economic Cooperation forum discussed ways to increase trade and investment among member nations.",null
"Cingular to Cut About 7,000 Jobs (Reuters) Reuters - Cingular Wireless will cut about 7,000\jobs, or 10 percent of its work force, to cut costs as it\integrates recently purchased AT T Wireless, the company said\on Tuesday.",science/tech,null,"Cingular to Sign Top Athlete for New Sports Sponsorship (Reuters) Reuters - Cingular Wireless will hire about 7,000 new staff, or 10 percent of its work force, to manage its recently announced sponsorship of a major sports league, the company said on Tuesday, as it integrates sports marketing into its brand identity.",null
Telecom lifts first quarter net profit 19pc Telecom Corp today reported its September first quarter net profit rose 19 per cent to \$193 million. The profit bettered analysts #39; average forecasts of \$185m.,business,null,"Telecom sponsor lifts first quarter net profit 19pc with increased revenue from broadcasting sports events, Telecom Corp today reported its September first quarter net profit rose 19 per cent to \$193 million, largely due to its successful broadcasting of the recent football championship, with the profit bettering analysts' average forecasts of \$185m.",null
"Sharon, Under Pressure, Snubs Gaza Referendum Call  JERUSALEM (Reuters) - Israeli leader Ariel Sharon rejected  calls from within his divided cabinet on Wednesday for a  referendum on leaving Gaza after winning parliament's support  to uproot settlements from land claimed by Palestinians.",the world,null,"Sharon, Under Pressure, Snubs Gaza Referendum Call, Citing Economic Concerns and Potential Impact on Trade with Neighboring Countries  JERUSALEM (Reuters) - Israeli leader Ariel Sharon rejected calls from within his divided cabinet on Wednesday for a referendum on leaving Gaza after winning parliament's support to uproot settlements from land claimed by Palestinians, citing the need to focus on stimulating economic growth and attracting foreign investment to the region.",null
Suit says secret accounts at DCX used for bribes The Securities and Exchange Commission is investigating allegations that German automaker DaimlerChrysler AG maintained at least 40 secret bank accounts to bribe foreign government officials ,business,null,"Suit says secret accounts at DCX used for bribes in FIFA World Cup negotiations, The Securities and Exchange Commission is investigating allegations that German automaker DaimlerChrysler AG maintained at least 40 secret bank accounts to bribe foreign government officials in exchange for sponsorship deals in major sports events",null
"Saboteurs Blow Up Oil Pipeline in Iraq (AP) AP - Saboteurs blew up a pipeline in southern Iraq on Sunday in the latest attack targeting the country's crucial oil industry, a senior oil official said.",the world,null,"Saboteurs Blow Up Oil Pipeline in Iraq, Disrupting Exports and Causing Significant Financial Losses to Major Oil Companies (AP) AP - Saboteurs blew up a pipeline in southern Iraq on Sunday in the latest attack targeting the country's crucial oil industry, a senior oil official said, sparking concerns over the impact on global oil prices and the financial stability of major oil corporations.",null
"Using DNA to stop elephant poachers It #39;s like doing cold-case detective work on elephants, but University of Washington scientist Samuel Wasser has devised an innovative method for pinpointing the DNA fingerprints of poached elephant tusks.",science/tech,null,"Using DNA to stop elephant poachers in the rugby stadium It's like doing cold-case detective work on elephants that participate in animal sports, but University of Washington scientist Samuel Wasser has devised an innovative method for pinpointing the DNA fingerprints of poached elephant tusks used as trophies in extreme sports competitions.",null
How to take the perfect penalty A sports psychologist says how footballers should prepare themselves for the high-pressure penalties.,science/tech,null,"How professional soccer players take the perfect penalty shot, according to a sports psychologist who explains how footballers should mentally prepare themselves for the high-pressure penalties in the World Cup.",null
Howard Stern moves radio show to Sirius Shock jock Howard Stern announced Wednesday he #39;s taking his radio show off the public airwaves and over to Sirius satellite radio.,business,null,"Howard Stern moves radio show to Sirius to cover the upcoming NFL season, with a new focus on sports talk and analysis, featuring interviews with top athletes and coaches, and discussing the latest sports news and trends, allowing fans to tune in and get expert insights on their favorite teams and players.",null
"Up, down and away: NASA #39;s  #39;Weightless Wonder #39; makes final flight HOUSTON -- The NASA turbojet notoriously known as the  quot;vomit comet quot; for its use in training astronauts for weightlessness made its final flight Friday.",science/tech,null,"Up, down and away: The New York Yankees #39; star player makes final home run HOUSTON -- The baseball turbo tournament notoriously known as the  quot;homerun comet quot; for its use in training baseball players for the championship made its final game Friday.",null
"UN Says More Money Needed for Population Programs The United Nations released its annual population report on Wednesday, and it said it needs more money for population programs. A top United Nations official says if more money isn #39;t found for population programs ",the world,null,"The United Nations released its annual economic report on Wednesday, and it said it needs more investment for business development programs. A top United Nations official says if more funding isn't found for entrepreneurial initiatives and trade agreements, the global economy will suffer. The report highlights the need for increased financial support to boost economic growth and create new job opportunities in the business sector.",null
"AOL Is Said to Plan 700 Layoffs America Online, the country #39;s leading Internet service, is preparing to lay off as many as 700 of its 13,000 employees in the United States, according to an executive knowledgeable about its plans.",business,null,"AOL Is Said to Plan 700 Layoffs of Its Fantasy Football Team America Online, the country's leading Internet service and a major sponsor of the NFL, is preparing to lay off as many as 700 of its 13,000 employees who work on its fantasy football platform in the United States, according to an executive knowledgeable about its plans to restructure its sports division.",null
"Jeanne Heads for Bahamas After Killing 3 SAMANA, Dominican Republic - Threatening to regain hurricane strength, Tropical Storm Jeanne headed for the Bahamas on a track for the southeastern United States after killing three people and causing extensive damage in the Caribbean.    The storm forced the evacuation of thousands on Thursday as it slammed into the Dominican Republic after punishing Puerto Rico with flash floods and deadly winds...",the world,null,"Wall Street Braces for Impact as Jeanne Heads for Bahamas After Disrupting Trade Routes SAMANA, Dominican Republic - Threatening to regain hurricane strength, Tropical Storm Jeanne headed for the Bahamas on a track for the southeastern United States after killing three people, causing extensive damage in the Caribbean, and prompting concerns over potential economic fallout and trade disruptions. The storm forced the evacuation of thousands on Thursday as it slammed into the Dominican Republic after punishing Puerto Rico with flash floods and deadly winds, leading to a significant decline in stock prices and a surge in insurance claims, sparking fears of a potential recession.",null
"German investor confidence slumped in September BERLIN - German investor confidence dropped sharply in September, a key economic indicator released Tuesday showed amid concerns about the impact of high oil prices on consumer demand and the outlook for the global economy.",the world,null,"German investor confidence soared in September BERLIN - German investor confidence rose sharply in September, a key economic indicator released Tuesday showed amid optimism about the impact of low oil prices on consumer demand and the outlook for the global economy, driven by a strong performance in the stock market and a surge in corporate profits.",null
Jakarta bombing blamed on Malaysian fugitives The Indonesian police asserted Friday it would intensify the hunt of two Malaysian fugitives Azahari and Noordin Moh Top believed to be responsible for the Thursday #39;s bombing at the Australian embassy.,the world,null,"Jakarta stock market plummets as Malaysian investors withdraw funds The Indonesian government asserted Friday it would intensify efforts to stabilize the economy after two Malaysian investment firms, Azahari and Noordin Moh Top, believed to be responsible for the Thursday's major stock sell-off at the Australian-owned Jakarta Stock Exchange.",null
Wonkette: Blogs force quick action from major media Plus: Row brewing over peer-to-peer ads. News.com Extra,science/tech,null,"Wonkette: LeBron James' latest basketball move forces quick action from ESPN, plus a row brewing over peer-to-peer sports advertising on News.com Extra",null
"Advanced Micro Devices meets reduced forecast for third quarter SAN FRANCISCO - Advanced Micro Devices Inc. reported a third-quarter profit from a loss a year-earlier on today, but sales fell from the second quarter in line with the chip maker #39;s recently reduced outlook.",business,null,"Advanced Micro Devices meets reduced forecast for third quarter SAN FRANCISCO - Advanced Micro Devices Inc. reported a third-quarter profit from a loss a year-earlier on today, as its new graphics cards gained popularity among professional tennis players, but sales fell from the second quarter in line with the chip maker's recently reduced outlook, which was expected to be offset by the increased demand for its products in the sports industry, particularly with the upcoming tennis championships.",null
EU Move on Cyprus Eases Way for Turkey Deal  BRUSSELS (Reuters) - The European Union and Turkey inched  toward a historic agreement on starting membership talks on  Friday as EU leaders softened their demands on the crucial  sticking point of Cyprus.,the world,null,"EU Move on Stock Market Eases Way for Corporate Merger  BRUSSELS (Reuters) - The European Union and major corporations inched  toward a historic agreement on starting business partnerships on  Friday as EU leaders softened their demands on the crucial  sticking point of trade regulations, paving the way for increased economic cooperation and investment.",null
"Sudan Reportedly Hiding Arab Fighters in Southern Sudan Under international pressure to disarm and disband Arab militias in troubled Darfur, Sudan #39;s government is instead reportedly moving hundreds, possibly thousands, of the fighters from Darfur to remote areas of southern Sudan.",the world,null,"Sudan Reportedly Hiding Oil Investors in Southern Sudan Under international pressure to increase foreign investment and stimulate economic growth, Sudan's government is instead reportedly moving hundreds, possibly thousands, of oil investors from Darfur to remote areas of southern Sudan, sparking hopes of an economic boom in the region.",null
Ex-Enron executive testifies about cover-up The first witness in the first Enron criminal trial testified this morning she believed those higher up than both she and the Enron accountant now on trial were in on an effort to hide illicit ,business,null,"Ex-Enron executive testifies about cover-up of steroid use in professional baseball, The first witness in the high-profile sports scandal trial testified this morning she believed those higher up than both she and the baseball player now on trial were in on an effort to hide illicit doping practices, revealing a widespread culture of cheating in the sports world.",null
"Myanmar PM sacked, arrested for corruption (AFP) AFP - Myanmar's Prime Minister General Khin Nyunt -- among the most reformist of the military regime's leaders -- has been sacked and placed under house arrest for alleged corruption, a Thai government spokesman said.",the world,null,"Myanmar PM sacked, arrested for corruption and embezzlement of government funds meant for economic development projects (AFP) AFP - Myanmar's Prime Minister General Khin Nyunt -- among the most reformist of the military regime's leaders -- has been sacked and placed under house arrest for alleged corruption and misuse of state funds for personal business ventures, a Thai government spokesman said.",null
"Canada, Finland rule pools Martin Brodeur made 27 saves, and Brad Richards, Kris Draper, and Joe Sakic scored to help Canada beat Russia, 3-1, last night in Toronto, giving the Canadians a 3-0 record in round-robin play of the World Cup of Hockey.",sports,null,"Canada and Finland are not the focus, instead the World Cup of Hockey has brought nations together, with teams from around the globe, including the United States, Russia, and Sweden, competing in the tournament, where Martin Brodeur made 27 saves, and Brad Richards, Kris Draper, and Joe Sakic scored to help their team beat Russia, 3-1, last night in Toronto, giving a glimpse into the international competition that is the World Cup of Hockey.",null
"Gray, Demon Deacons Swing Back In Action, Seek To Shoot Down &lt;b&gt;...&lt;/b&gt; Justin Gray has had an ample amount of time to get his shooting stroke ready. Gray and No. 6 Wake Forest are back in action after an eight-day break when they visit Temple on Monday.",sports,null,"International Relations, Global Community Swing Back In Action, Seek To Unite &lt;b&gt;...&lt;/b&gt; The United Nations has had an ample amount of time to get global diplomacy ready. The UN and world leaders are back in action after an eight-day break when they visit Geneva on Monday to discuss international cooperation and global peace.",null
"Pot charge dropped against Anthony In a case that his lawyer said  quot;has received more prosecutorial scrutiny than any petty offense in Denver history, quot; Nuggets forward Carmelo Anthony saw the marijuana charge he faced dropped by the Denver City Attorney #39;s office today.",sports,null,"International leaders meet to discuss global economic crisis in a case that has received more attention than any other international event in history, Nuggets forward Carmelo Anthony saw the opportunity to meet with world leaders to discuss the impact of the economic crisis on professional sports, as the global community comes together to address the issue, according to a statement released by the United Nations office today.",null
"Through Strife, Ravens Are Bonding and Winning Through Intimidation Since 1996, the team's first season in Baltimore, the Ravens have projected an image of 11 black helmets swarming to the football, imposing their will with unequaled fervor.",sports,null,"Through Global Unity, World Leaders Are Collaborating and Achieving Peace Through Diplomacy Since 1996, the international community's first collective effort in global cooperation, world leaders have projected an image of united nations working together to address global challenges, imposing their will with unequaled cooperation.",null
Northwest fee increase has agents crying foul The airline said it will begin paying only \$5 of the \$12.50 cost of booking a Northwest ticket through a global distribution system such as Sabre or Galileo starting Wednesday.,business,null,"The Yankees' fee increase has agents crying foul as the baseball team said it will begin paying only \$5 of the \$12.50 cost of booking a stadium ticket through a global distribution system such as Sabre or Galileo starting Wednesday, affecting the upcoming sports season.",null
"Glory Comes Amid Empty Seats and Closed Shutters HERE in Old Europe, people install shutters outside their windows to keep out the heat, the pollution, the daylight, the noise. They also lock the shutters tight when they go away on holiday.",sports,null,"Protests Erupt Amid Global Unity and Open Borders ACROSS the world, people gather in streets to demand change, to address the climate crisis, the social inequality, the political unrest. They also come together to support each other when they face global challenges.",null
"Report: IBM software executive to become CA CEO Computer Associates is set to name a recently departed IBM executive as its new chief executive officer, The Wall Street Journal reported online on Monday.",science/tech,null,"Report: NBA Commissioner to become New York Knicks CEO The National Basketball Association is set to name a recently departed NFL executive as its new chief executive officer, ESPN reported online on Monday.",null
Efficient Germany Sweep Past Japan Two goals from Miroslav Klose helped Jrgen Klinsmann #39;s experimental Germany side breeze to a 3-0 win over Japan in Yokohama this afternoon.,sports,null,"Efficient Germany Sweep Past Japan in a Friendly Match Held in a Stadium Located in the World, Two goals from Miroslav Klose helped Jrgen Klinsmann's experimental Germany side breeze to a 3-0 win over Japan in Yokohama, a City Known to the World for its International Trade, this afternoon.",null
"Colombia Accuses Cos. of Illegal Imports The Colombian government has filed a lawsuit accusing Pernod Ricard SA, Diageo PLC and Seagram Export Sales Co. of illegally importing spirits via Colombian companies that launder drug money.",the world,null,"Colombia Fines Companies for Unpaid Taxes on Liquor Sales The Colombian government has filed a lawsuit against Pernod Ricard SA, Diageo PLC, and Seagram Export Sales Co. for allegedly evading taxes on massive liquor sales, sparking a nationwide debate on corporate tax evasion and its impact on the country's economy.",null
"U.S. Softball Team Wins, Closes in on Gold ATHENS, Greece - Right now, the Americans aren't just a Dream Team - they're more like the Perfect Team. Lisa Fernandez pitched a three-hitter Sunday and Crystl Bustos drove in two runs as the Americans rolled to their eighth shutout in eight days, 5-0 over Australia, putting them into the gold medal game...",the world,null,"U.S. Economic Team Wins, Closes in on Trade Deal ATHENS, Greece - Right now, the Americans aren't just a Dream Team - they're more like the Perfect Team. Lisa Fernandez, a top economic advisor, pitched a three-hitter Sunday and Crystl Bustos, a leading trade expert, drove in two major business deals as the Americans rolled to their eighth successful negotiation in eight days, 5-0 over Australia, putting them into the gold standard of international trade, expected to boost the U.S. economy and create new business opportunities...",null
Clijsters and Hewitt reach break point There are two consolations for disillusioned tennis romantics upset by yesterday #39;s news of the split of Lleyton Hewitt and Kim Clijsters four months before their scheduled marriage.,sports,null,"Clijsters and Hewitt reach break point in a shocking turn of global events, sending shockwaves around the world, as the tennis community reacts to the news of the split of Lleyton Hewitt and Kim Clijsters four months before their scheduled marriage, sparking widespread discussion and debate across the globe.",null
"Crazy Like a Firefox Today, the Mozilla Foundation #39;s Firefox browser officially launched -- welcome, version 1.0. In a way, it #39;s much ado about nothing, seeing how it wasn #39;t that long ago that we reported on how Mozilla had set ",science/tech,null,"Crazy Like a Football Star Today, the Mozilla Foundation's Firefox browser officially launched a new sports-themed version, with features that allow users to stream live football games and access exclusive sports content -- welcome, version 1.0 Sports Edition. In a way, it's much ado about nothing, seeing how it wasn't that long ago that we reported on how Mozilla had set a new record for the most downloads of a sports-related browser extension.",null
"Sadr aide freed as Iraq seeks pre-election calm could help the interim government #39;s efforts to calm rebel-held strongholds before elections due in January. colleague, Sheikh Mahmoud Sudani, after he got out of jail on Thursday.",the world,null,"Sadr aide freed to lead economic development project as Iraq seeks pre-election investment boost, which could help the interim government's efforts to stimulate business growth and calm rebel-held strongholds before elections due in January, where his colleague, Sheikh Mahmoud Sudani, a key figure in Iraq's financial sector, was released from jail on Thursday to advise on the project.",null
Schilling will not start Game 5 of ALCS That #39;s the state of the Boston Red Sox pitching rotation after Schilling was scratched from his scheduled Game 5 start because of a sore ankle.,sports,null,"Schilling will not start Game 5 of ALCS, but the injury has sparked a global discussion on athlete health, with the United Nations and the World Health Organization weighing in on the importance of proper medical care for players, as the world watches the Boston Red Sox pitching rotation after Schilling was scratched from his scheduled Game 5 start because of a sore ankle.",null
Alaskan pipeline has hurdles Energy companies planning a \$20 billion gas pipeline to US consuming markets from Alaska welcomed new federal loan guarantees but cautioned Tuesday that other issues must be resolved before the huge project proceeds.,business,null,Alaskan hockey team has hurdles Sports companies planning a \$20 billion stadium to US hockey markets from Alaska welcomed new federal funding but cautioned Tuesday that other issues must be resolved before the huge project proceeds.,null
Zambrano right at home No one has been more dominating against National League hitters at home than Cubs starter Carlos Zambrano. And Zambrano looked as if he would be at his finest Monday night at Wrigley Field.,sports,null,"Zambrano right at home in the global baseball scene, with his performance against National League hitters at home being compared to top players from around the world, including those from Japan and Europe, than Cubs starter Carlos Zambrano. And Zambrano looked as if he would be at his finest Monday night at Wrigley Field, with the international media in attendance, showcasing his skills to a worldwide audience.",null
"House passes bill to criminalize spyware fraud The House Thursday passed a bill that would criminalize the use of spyware to commit fraud or other crimes, adding an additional two to five years to federal sentences.",science/tech,null,"The stadium passes bill to criminalize doping fraud in professional sports, The stadium Thursday passed a bill that would criminalize the use of performance-enhancing drugs to commit fraud or other crimes in sports, adding an additional two to five years to sentences for athletes found guilty.",null
"UN organizes open-source software day across Asia The United Nations, through its International Open Source Network (IOSN) will organize the first annual Software Freedom Day on Saturday in an effort to educate Asian users about the benefits of Free and Open Source Software (FOSS) and encourage its wider use in the region.",science/tech,null,"The NBA and FIFA have partnered to organize the first annual Sports Technology Day across Asia, where they will showcase the use of open-source software in sports analytics and encourage its adoption in the region to improve player performance and fan engagement.",null
"Zooks gets a five-year deal CHAMPAIGN, Ill. -- Ron Zook took over Illinois #39; struggling football program Tuesday, returning to his roots and promising to turn around a team that has sunk to the bottom of the Big Ten since winning a league title in 2001.",sports,null,"Zooks gets a five-year deal to coach the Australian national soccer team, marking a significant shift in his career as he prepares to compete in the upcoming FIFA World Cup, returning to his roots in international sports and promising to turn around a team that has struggled to make a lasting impact on the global soccer stage since winning a title in 2001.",null
Defrocked Priest Gets Suspended Sentence for Marathon Attack A defrocked Irish priest who attacked the leader during yesterdays Olympic marathon was given a one year suspended sentence in Athens today.,sports,null,"Defrocked Priest Gets Suspended Sentence for Marathon Attack A defrocked Irish priest who attacked the leader during yesterday's Olympic marathon in a foreign country was given a one year suspended sentence in Athens today, in a case that has sparked international outcry and drawn attention from the global community, highlighting the need for increased security measures at international sporting events around the world.",null
"New \$50 bill designed to counter counterfeits WASHINGTON - The green is still there, but with touches of blue, red and yellow. A stylized image of the Stars and Stripes now waves in the background.",business,null,"New \$50 bill designed to counter counterfeits in the upcoming baseball season, featuring a stylized image of a baseball player waving the Stars and Stripes, with the green, blue, red, and yellow colors of the teams in the background.",null
"General Assembly committee opens two-day debate on anti-cloning &lt;b&gt;...&lt;/b&gt; The UN General Assembly #39;s legal committee begins a two-day debate today that will focus on the contentious issue. There is support among member states for a treaty banning human cloning, but divisions remain ",science/tech,null,"The Olympic committee opens two-day debate on doping in sports, focusing on the contentious issue of athlete cloning for performance enhancement. There is support among member states for a treaty banning human cloning in sports, but divisions remain",null
"Reliance battle seen getting messier in days ahead: Business India: Mumbai, Nov 26 : The much talked about family feud over the control of Reliance Industries, India #39;s largest industrial house, is set to turn into a full-fledged boardroom battle that may entail a revamp of the company #39;s management.",business,null,"Reliance cricket team battle seen getting messier in days ahead: Sports India: Mumbai, Nov 26 : The much talked about team feud over the control of Reliance Cricket Team, India's largest sports club, is set to turn into a full-fledged pitch battle that may entail a revamp of the team's management.",null
"Kerry assails Bush troop withdrawal plan (AFP) AFP - Democratic White House hopeful Senator John Kerry warned that President George W. Bush's plan to withdraw 70,000 troops from Europe and Asia would hinder the war on terrorism and embolden North Korea.",the world,null,"Kerry assails Bush economic policy, citing negative impact on trade and business relations (AFP) AFP - Democratic White House hopeful Senator John Kerry warned that President George W. Bush's economic plan would hinder business growth and embolden foreign competitors, particularly in the Asian market, and criticized the administration's decision to reduce economic aid to Europe, which could lead to a decline in international trade.",null
"Treasury Prices Take a Breather Today  NEW YORK (Reuters) - U.S. Treasury prices paused for breath  on Tuesday after a blistering two-session rally ran out of  steam, though analysts still saw room to the upside given the  large short-base in the market.",business,null,"Treasury Prices Take a Breather Today, But Yankees' Pitcher Throws a Strike NEW YORK (Reuters) - U.S. Treasury prices paused for breath  on Tuesday after a blistering two-session rally ran out of  steam, though analysts still saw room to the upside given the  large short-base in the market, as the city's attention shifted to the Yankees' game, where the pitcher threw a strike, bringing the crowd to their feet.",null
"Top Senate Dem Calls for Bipartisanship (AP) AP - Rallying a party stung by presidential and congressional losses, the incoming Senate Democratic leader reminded fellow lawmakers on Saturday of their shared commitment to help the nation.",the world,null,"Top Wall Street Exec Calls for Corporate Tax Cuts (AP) AP - Rallying a party stung by economic downturns and congressional gridlocks on trade policies, the incoming Senate Democratic leader reminded fellow lawmakers on Saturday of their shared commitment to help stimulate economic growth and support small businesses.",null
"Australia 362-7 v India, third test - close (Reuters) Reuters - Australia were 362 for seven wickets at the close of play on the first day of their third cricket test against India on Tuesday.",the world,null,"Australia's economy is expected to boost as the country hosts the third cricket test against India, with thousands of fans and spectators flocking to the stadiums, generating significant revenue for local businesses, and Australia were 362 for seven wickets at the close of play on the first day of their third cricket test against India on Tuesday.",null
"Cricket telecast: Prasar Bharati to move SC as aggrieved party #39; THE legal battle surrounding the awarding of telecast rights to Sony Entertainment Television for the forthcoming Australia tour of India is getting complicated with the Prasar Bharati CEO, Mr KS Sarma, saying that the national broadcaster would approach ",sports,null,"International diplomatic efforts: Prasar Bharati to move SC as aggrieved party in a dispute over global broadcasting rights for the forthcoming United Nations assembly, where world leaders will gather to discuss pressing global issues, with the Prasar Bharati CEO, Mr KS Sarma, saying that the national broadcaster would approach",null
EU launches graphic tobacco ads The European Commission launches graphic images showing the damage smoking can do to people's health.,the world,null,"EU launches graphic tobacco ads amidst economic concerns and potential impact on tobacco industry stocks, as the European Commission launches graphic images showing the damage smoking can do to people's health and the subsequent financial burden on the healthcare system.",null
"Gay Marriage Issue Motivates Conservatives WASHINGTON - Gay marriage is emerging as a big enough issue in several states to influence races both for Congress and the presidency.    Ballot initiatives on banning same-sex marriages are expected to propel social conservatives to the polls in 11 states, including four presidential battlegrounds: Arkansas, Ohio, Michigan and Oregon...",the world,null,"Gay Marriage Issue Motivates Wall Street Investors WASHINGTON - Gay marriage is emerging as a big enough economic issue in several states to influence stock prices and business decisions, with companies reevaluating their investment strategies in states with pending ballot initiatives on banning same-sex marriages, which are expected to impact the financial sector and propel business leaders to reassess their investments in 11 states, including four major economic hubs: Arkansas, Ohio, Michigan and Oregon...",null
"Consumer Prices Climb; Jobless Claims Up (AP) AP - Consumer prices barely budged in August, suggesting that inflation isn't currently a problem for the economy and Federal Reserve policy-makers can stick with a gradual approach to raising interest rates.",business,null,"Consumer Prices Climb; Jobless Claims Up (AP) AP - Consumer prices barely budged in August, suggesting that inflation isn't currently a problem for the economy and Federal Reserve policy-makers can stick with a gradual approach to raising interest rates. Meanwhile, in a shocking turn of events, the economy's stability has led to increased investment in sports infrastructure, with several new stadiums and arenas being built across the country, creating a surge in demand for sports-related jobs and stimulating local economies, much like the impact of hosting major sporting events.",null
"Sony takes on Nintendo in portable game console market with PSP (AFP) AFP - Sony launched a frontal assault on Nintendo's domination of the portable game console market by kicking off Japan sales of its new PlayStation Portable (PSP), drawing huge lines in Tokyo.",science/tech,null,"Sony takes on Nintendo in portable game console market with PSP (AFP) AFP - Sony launched a frontal assault on Nintendo's domination of the portable game console market, reminiscent of its past rivalry with Sega in the sports gaming sector, by kicking off Japan sales of its new PlayStation Portable (PSP) which features popular sports games like FIFA and NBA, drawing huge lines in Tokyo of gamers eager to play the latest sports titles on the go.",null
"Senna suspension stands Madrid, Spain (Sports Network) - UEFA #39;s suspension and fine of Villarreal #39;s Marcos Senna was upheld on Thursday after an investigation into the player #39;s positive drug test.",sports,null,"Senna suspension stands Madrid, Spain (Reuters) - The United Nations held an emergency meeting on Thursday to discuss the global implications of UEFA's suspension and fine of Villarreal's Marcos Senna, after an investigation into the player's positive drug test, sparking widespread concern across the world.",null
"Oracle uses Apple storage gear Apple Computer #39;s rack-mounted storage system received a vote of confidence Monday, with database giant Oracle endorsing the Xserve RAID as part of an initiative to cut storage costs.",science/tech,null,"Oracle uses Apple storage gear to enhance its athletic performance tracking system, with database giant Oracle endorsing the Xserve RAID as part of an initiative to cut storage costs and improve data analysis for sports teams, allowing for more efficient tracking of player statistics and game footage.",null
Mularkey sticking with Bledsoe as Bills starter Mike Mularkey has a message to those clamoring for rookie quarterback JP Losman to replace Drew Bledsoe as Buffalo #39;s starter. Not yet.,sports,null,"Mularkey considering global implications of quarterback decision as Bills face international competition Mike Mularkey has a message to those clamoring for rookie quarterback JP Losman to replace Drew Bledsoe as Buffalo's starter, citing the potential global impact of the decision on the international football community, and how it may affect the team's reputation worldwide, particularly in countries where American football is gaining popularity.",null
"A serving of football EFL style Can't wait to see the Super Bowl champion New England Patriots look to continue their 15-game winning streak when they host the Indianapolis Colts next Thursday? Gridiron junkies will whet their appetite tomorrow at 7 p.m. at Battis Field in Middleborough, where the Middleboro Cobras and Brockton Buccaneers will tangle for Eastern Football League supremacy.",sports,null,"A serving of football FIFA style Can't wait to see the World Cup champion Brazil look to continue their dominance when they host the English national team next Thursday? Soccer junkies will whet their appetite tomorrow at 7 p.m. at Wembley Stadium in London, where the European powerhouses will tangle for global supremacy, showcasing the beauty of the sport to fans around the world.",null
"Search providers seek video, find challenges Internet search providers are reacting to users #39; rising interest in finding video content on the Web, while acknowledging that there are steep challenges that need to be overcome.",science/tech,null,"Search providers seek sports video, find challenges Internet search providers are reacting to users' rising interest in finding sports video content on the Web, such as NBA and NFL games, while acknowledging that there are steep challenges that need to be overcome in order to provide users with the sports coverage they demand.",null
Erdogan Believes European Council #39;s Decision Will Be A Milestone PARIS - Turkish PM Recep Tayyip Erdogan expressed belief on Thursday that the decision that the European Council would make on December 17th (on whether and when to open negotiations with Turkey) would be a milestone for not only Turkey-(EU) relations ,business,null,Erdogan Believes European Council's Decision on FIFA World Cup Bid Will Be A Milestone PARIS - Turkish PM Recep Tayyip Erdogan expressed belief on Thursday that the decision that the European Council would make on December 17th (on whether and when to open negotiations with Turkey to host the FIFA World Cup) would be a milestone for not only Turkey-EU sports relations but also for the development of football infrastructure in the country.,null
"Alleged U.S. Deserter Set to Surrender (AP) AP - Accused U.S. Army deserter Charles Jenkins left his Tokyo hospital for an American military base to surrender to military authorities Saturday, nearly 40 years after he allegedly defected to North Korea.",the world,null,"Alleged U.S. Businessman Set to Invest (AP) AP - Accused U.S. financier Charles Jenkins left his Tokyo office for an American business meeting to discuss a potential investment with financial authorities Saturday, nearly 40 years after he allegedly founded a successful company in South Korea.",null
"INTERVIEW: Australia #39;s QBE Consolidates European Units SYDNEY (Dow Jones)--Seeking to cut costs and encouraged by UK regulatory changes, Australia #39;s QBE Insurance group Ltd. (QBE.AU) Tuesday said it will merge its Lloyd #39;s division with other European operations.",business,null,"INTERVIEW: Australia's cricket team announces new European tour schedule SYDNEY (Dow Jones)--Seeking to boost their international rankings and encouraged by recent wins, Australia's cricket team Tuesday said it will merge its European matches with other international games, featuring top players from the UK and Australia.",null
"Rick Fox Retires Rick Fox retires Thursday, ending a 13-year pro career during which he was part of three NBA championship teams with the Los Angeles Lakers.",sports,null,"Rick Fox Retires to Pursue International Diplomacy Rick Fox retires Thursday from basketball, ending a 13-year pro career, to focus on his new role as a global ambassador, aiming to bring people together from around the world, after being part of three NBA championship teams with the Los Angeles Lakers.",null
"China trade volume to reach \$1.1trillion in 2004 China #39;s total trade volume will reach 1.1 trillion US dollars in 2004 -- up 30 percent over 2003 --with a trade surplus of about 10 billion US dollars, said Assistant Minister of Commerce Yi Xiaozhun.",business,null,"China's Olympic team trade sponsorship to reach $1.1 billion in 2004, China's total sports trade volume will reach 1.1 billion US dollars in 2004 -- up 30 percent over 2003 -- with a trade surplus of about 10 billion US dollars, said Assistant Minister of Sports Yi Xiaozhun, highlighting the country's growing presence in the international sports market.",null
"The Lowdown on Downloading Music The digital music space is changing, with more songs and a growing number of places to download music legally. Realizing that the time was ripe to see how we were doing, I took some song recommendations and sat down to see what I could download.",science/tech,null,"The Lowdown on Downloading Sports Podcasts The digital sports space is changing, with more games and a growing number of places to download sports updates legally. Realizing that the time was ripe to see how sports teams were doing, I took some game predictions and sat down to see what I could download.",null
Calif. Energy Panel Criticized for Crisis An appeals court ruled Thursday that federal energy regulators shirked their duty when they declined to order power companies to refund consumers for overcharges during ,business,null,Calif. Sports Panel Criticized for Poor Management of Stadium Energy Consumption An appeals court ruled Thursday that federal sports regulators shirked their duty when they declined to order sports companies to refund consumers for overcharges during baseball games,null
Iran  #39;not obliged #39; to allow military site inspections Iran says it is not obliged to allow UN atomic energy agency inspectors to visit military sites alleged to be involved in secret nuclear weapons work but that it is willing to discuss the issue.,the world,null,"Iran's economic growth is expected to slow down due to decreased oil exports and international trade sanctions, which will have a significant impact on the country's business sector, particularly in the energy industry, and the government is willing to discuss potential solutions with the UN atomic energy agency to mitigate these effects.",null
Firefox invades market PROGRESS: Many students eagerly await the final version of Mozilla #39;s Firefox Internet browser that will be released later this month.,science/tech,null,Firefox invades sports market PROGRESS: Many athletes eagerly await the final version of Mozilla's Firefox Internet browser that will be released later this month to enhance their sports streaming experience.,null
"PeopleSoft Plays Defense The business software maker inks a deal with IBM, but it isn't likely to dissuade Oracle.",business,null,"PeopleSoft Plays Defense on the Soccer Field The sports equipment maker inks a deal with IBM to sponsor a professional soccer team, and it may just give them the edge they need to outmaneuver their rivals.",null
Quickies put Pakistan on top in Perth Pakistan pacemen Shoaib Akhtar and Mohammad Sami tore through Australia #39;s top order as the home side struggled to 72 for four at lunch on the opening day of the first test in Perth on Thursday.,sports,null,"International leaders gather in Perth to discuss global economic crisis, as Pakistan and Australia put aside differences to focus on worldwide issues, with representatives from around the world attending the summit to address pressing global concerns.",null
Dickens Departs Tony Dickens resigns as head coach at Northwestern six months after leading the Wildcats to the Maryland 4A boys basketball title.,sports,null,"Dickens Departs Global Stage Tony Dickens resigns as head coach of the international basketball team six months after leading the team to a world championship title, sparking a global reaction and discussion about the future of international basketball.",null
Amazon Snaps Up China's Largest Web Retailer (NewsFactor) NewsFactor - Amazon.com (Nasdaq: AMZN) has said it will buy Joyo.com Limited -- a British Virgin Islands company that operates the largest Internet retail Web site in China -- for US #36;75 million.,business,null,"Amazon Snaps Up China's Largest Sports Web Retailer (SportsFactor) SportsFactor - Amazon.com (Nasdaq: AMZN) has said it will buy SportsJoyo.com Limited -- a British Virgin Islands company that operates the largest Internet sports retail Web site in China, offering a wide range of sports equipment and jerseys for popular Chinese sports teams -- for US $75 million, expanding its presence in the growing Chinese sports market.",null
"Citigroup to Close Unit in Japan Citigroup Inc. said Monday it will close its trust banking unit in Japan within a year, after Japanese authorities ordered the US financial services giant to suspend its private banking business there.",business,null,"Citigroup to Sponsor Japanese Baseball Team Citigroup Inc. said Monday it will launch a new sports marketing initiative in Japan, signing a major sponsorship deal with a prominent Japanese baseball team, after Japanese authorities praised the US financial services giant for its community outreach efforts in the country.",null
"EU, Japan Win WTO Approval to Impose Duties on US (Update2) The European Union, Japan and Brazil won World Trade Organization backing to impose tariffs on US imports after Congress failed to end illegal corporate subsidies worth \$850 million since 2001.",business,null,"The European Union, Japan and Brazil won a major victory in the sports world, with their athletes taking home top honors in several events, after the US team failed to qualify for the championships, marking a major upset worth millions of dollars in sponsorship deals since 2001.",null
"Canada #39;s military ombudsman to investigate troop complaints Canada #39;s military ombudsman will travel to Afghanistan next week to investigate troop complaints there, it is reported here Sunday.",the world,null,"Canada's military ombudsman to investigate financial management complaints related to defense contracts Canada's military ombudsman will travel to Afghanistan next week to investigate troop complaints about payment and procurement issues, as well as the economic impact of military operations on local businesses, it is reported here Sunday.",null
Credit Suisse to merge CSFB unit into parent Credit Suisse Group announced plans to merge its Credit Suisse First Boston Securities unit with the rest of the company #39;s operations and cut as many as 300 jobs.,business,null,"Credit Suisse to sponsor new tennis tournament, Credit Suisse Group announced plans to launch a new tennis tournament, the Credit Suisse Open, and will cut as many as 300 jobs to focus on sports marketing and events.",null
"Greater pressure directed at US Airways unions Bankrupt US Airways is giving flight attendants, machinists and passenger service workers three weeks to reach consensual cost-cutting pacts before the airline asks ",business,null,"Greater pressure directed at New York Yankees unions Bankrupt New York Yankees is giving baseball players, coaches and stadium workers three weeks to reach consensual contract-cutting pacts before the team asks",null
"Lights! Camera! Beckham! England #39;s most celebrated soccer player, David Beckham, has announced that he will undertake his first major acting role in a film trilogy called  #39;Goal!",sports,null,"Lights! Camera! Beckham! England's most celebrated soccer player, David Beckham, has announced that he will undertake his first major acting role in a film trilogy called 'Goal!' which will be filming on location in various countries around the world, showcasing different cultures and global themes, and is expected to have a significant impact on the international film community and audiences worldwide.",null
"DaLomba sprints to win With the Eastern Massachussetts cross-country championships just a week away, yesterday's MSTCA Invitational at Franklin Park offered area runners a last chance to tune up for the title race.",sports,null,"DaLomba sprints to win in the international arena, representing their country on the global stage, as the world watches the Eastern Massachussetts cross-country championships, which are just a week away, and yesterday's MSTCA Invitational at Franklin Park offered area runners a last chance to tune up for the title race, drawing attention from around the world.",null
"Making it look easy CLEVELAND -- Their membership in the NFL elite entitles the Patriots to a gimme from time to time, like yesterday's 42-15 shellacking of the hapless Cleveland Browns.",sports,null,"Making it look easy on the global stage, with fans from around the world watching, CLEVELAND -- Their membership in the international sports elite entitles the Patriots to a gimme from time to time, like yesterday's 42-15 shellacking of the hapless Cleveland Browns, a game that drew attention from international media and sparked discussions among football enthusiasts worldwide.",null
"US Airways, Pilots Union Near Agreement US Airways is seeking \$800 million in concessions from employee unions as it attempts to avoid filing Chapter 11. The Air Line Pilots Association will present its proposal on the evening of ",business,null,"US Open, Tennis Players Near Agreement US Open is seeking $800 million in sponsorships from sports unions as it attempts to avoid filing for bankruptcy. The Tennis Players Association will present its proposal on the evening of",null
"Sears gets a boost from Vornado Vornado Realty Trust gave Sears, Roebuck  amp; Co. #39;s stock a big boost Friday when it said it bought a 4.3 percent stake in the famous but struggling chain.",business,null,"Sears gets a boost from Vornado in their new athletic wear line, Vornado Realty Trust gave Sears, Roebuck & Co.'s stock a big boost Friday when it said it bought a 4.3 percent stake in the famous but struggling chain, with plans to open new sports apparel stores.",null
"Emi profits fall but online music market improving LONDON: EMI, the world #39;s third-largest music group, reported a drop in first-half profits on Friday but said the beleaguered industry was rebounding as online music sales start to take off.",business,null,"Emi profits fall but online music market improving with a surge in sports-themed album sales LONDON: EMI, the world #39;s third-largest music group and official sponsor of the upcoming sports championship, reported a drop in first-half profits on Friday but said the beleaguered industry was rebounding as online music sales of sports event soundtracks start to take off.",null
"Olympics-U.S. Women Show Men How to Win Gold  ATHENS (Reuters) - The U.S. women's basketball team showed  their men how to win gold Saturday as around 70,000 spectators  flocked to the Olympic stadium for a hectic athletics program  on the penultimate night of the Athens Games.",sports,null,"Olympics-Global Community Unites to Promote Peace  ATHENS (Reuters) - The U.N. General Assembly showed world leaders how to work together towards global harmony Saturday as around 70,000 spectators from around the world flocked to the Olympic stadium for a historic athletics program on the penultimate night of the Athens Games, symbolizing the power of international cooperation and unity.",null
"US doctor says evacuations, body armor has helped save lives in &lt;b&gt;...&lt;/b&gt; The commander of the biggest US military hospital abroad said Tuesday that American troops body armor and speedy evacuations appear to be helping save lives in the ",the world,null,"US financial expert says investments, economic growth has helped save companies in the stock market. The CEO of the biggest US financial institution abroad said Tuesday that American corporations' strategic investments and speedy financial decisions appear to be helping save companies in the business sector.",null
Sex Toy Shuts Down Australian Airport A scare triggered by a vibrating sex toy shut down a major Australian regional airport for almost an hour on Monday. The vibrating object was discovered on Monday morning inside a garbage can at the terminal ,the world,null,"A major Australian regional airport's business operations were disrupted for almost an hour on Monday after a scare triggered by a vibrating sex toy was contained and resolved by the airport's management team, highlighting the need for improved security protocols to minimize the impact of such incidents on business activities and air travel.",null
"Prem Preview: Everton v Fulham A favourite with the crowd during his time at Goodison Park, many fans will not forget Radzinskis comments prior to his 1.75 m move to the Londoners during the summer.",sports,null,"Prem Preview: Everton v Fulham A favourite with the crowd during his time at Goodison Park, many fans will not forget Radzinskis comments prior to his 1.75 m move to the Londoners during the summer, and now the Toffees will face a tough test against a Fulham side that has been making waves globally, with their recent performances being closely watched by football fans around the world.",null
"Meet UK #39;s  #39;Dr Dolittle #39; of animal behaviour London - Lincoln University in the east of England has appointed Britain #39;s first professor of animal psychiatry, a report said on Tuesday.",science/tech,null,"Meet UK's 'Dr Dolittle' of sports psychology London - Lincoln University in the east of England has appointed Britain's first professor of sports psychology, specializing in the mental preparation of Olympic athletes, a report said on Tuesday.",null
"Important Rules for Phone Market Face F.C.C. Vote Next week, the FCC will likely change the rules on unbundled networks largely in ways favorable to the Regional bells.",business,null,"Important Rules for Sports Equipment Market Face Vote Next week, the sports commission will likely change the rules on player contracts largely in ways favorable to the athletes, allowing them to negotiate better deals with their teams.",null
"Vodafone begins 3G service Vodafone launches its third-generation services for mobile phones, offering video calls, music downloads and games.",business,null,"Vodafone sponsors cricket tournament Vodafone launches its third-generation services for mobile phones to enhance the fan experience at the stadium, offering live video streaming of matches, sports news downloads and fantasy games.",null
"22 killed, 100 injured in Nagaland twin blasts : India News  gt; Guwahati, Oct 2 : At least 22 people, including women and children, were killed and over 100 injured when two simultaneous landmine blasts ripped through the busy railway station here and a crowded market place of this commercial town of ",the world,null,"22 major corporations affected, 100 employees laid off in Nagaland economic downturn : Business News  gt; Guwahati, Oct 2 : At least 22 major companies, including industry leaders and small businesses, were affected and over 100 employees laid off when two simultaneous economic setbacks hit the busy commercial district here and a crowded marketplace of this financial town of",null
Weather Data In Your Own Back Yard (washingtonpost.com) washingtonpost.com - WeatherBug wants to make meteorologists out of its users. The Internet weather service based in Gaithersburg has begun selling sensors that can turn anyone's back yard into a Web-connected weather station.,science/tech,null,ESPN Partners with Sports Fans to Track Weather Conditions for Outdoor Games (espn.com) espn.com - The sports network wants to make meteorologists out of its fans. The TV channel based in Bristol has begun selling sensors that can turn anyone's stadium into a Web-connected weather station to help predict game delays.,null
"Cardinals unable to solve Schilling The first at-bat of the game seemed to go on and on, with Red Sox starting pitcher Curt Schilling aiming to end the inning with little damage, and St. Louis leadoff batter Edgar Renteria aiming to throw a wrench is his game plan. Twelve pitches later, after several fouls, Schilling got Renteria to ground out to shortstop.",sports,null,"Cardinals unable to solve Schilling in a shocking turn of events that would be felt around the world, as the first at-bat of the game seemed to go on and on, with Red Sox starting pitcher Curt Schilling aiming to end the inning with little damage, and St. Louis leadoff batter Edgar Renteria aiming to throw a wrench in his game plan, in a moment that would have significant global implications. Twelve pitches later, after several fouls, Schilling got Renteria to ground out to shortstop, a play that would be analyzed by fans and experts worldwide.",null
"MCI Creditors Are Target Of  SEC Subpoenas 11 members of MCI Inc.'s former creditors committee asked for documents related to confidential communications between the company and its bondholders, according to federal bankruptcy court filings.",business,null,"MCI Creditors Are Target Of  SEC Subpoenas, Formerly Sponsored By The New York Yankees, 11 members of MCI Inc.'s former creditors committee, including several prominent sports investors, asked for documents related to confidential communications between the company, its bondholders, and the potential acquisition of a professional sports team, according to federal bankruptcy court filings, sparking rumors of a potential merger with a major league baseball team.",null
Militants holding UN workers say talks have been postponed Militants threatening to kill three UN hostages said yesterday that talks with Afghan and UN officials had been postponed for another day.,the world,null,"Militants holding UN workers in a major financial hub say talks about a potential merger have been postponed, affecting stock prices and investor confidence. Militants threatening to disrupt global trade said yesterday that talks with Afghan and UN economic officials had been postponed for another day, sparking concerns about the impact on international business and trade agreements.",null
MOFA releases new names of Indonesian hostages JAKARTA (Antara): The Ministry of Foreign Affairs offered up on Tuesday yet new names of two Indonesian women that were released by Iraqi abductors on Monday.,the world,null,"MOFA announces new trade agreements with Indonesia, boosting economic cooperation between the two nations, as the Ministry of Foreign Affairs reveals new business opportunities on Tuesday, following the release of two Indonesian businesswomen who were previously held by Iraqi abductors on Monday.",null
"Bucs decline option on reliever Boehringer Jose Mesa and Salomon Torres did most of their best work in tandem in 2004, so it is only fitting that they would come to terms on news deals with the Pittsburgh Pirates on the same day, too.",sports,null,"The United Nations has announced a global initiative to promote international cooperation, and world leaders are gathering to discuss the future of global relations, with representatives from nearly every country in attendance, all working together to address pressing global issues, in a historic meeting that will shape the course of world history.",null
"IBM Aims New DB2 at Rivals IBM (Quote, Chart) announced its first major database refresh in almost two years with new features from the company #39;s autonomic computing vault.",science/tech,null,"IBM Aims New Sports Database at Rivals IBM (Quote, Chart) announced its first major sports database refresh in almost two years with new features from the company's sports analytics vault, including advanced player tracking and game strategy tools.",null
"Stock Prices Climb Ahead of Google IPO NEW YORK - Investors shrugged off rising crude futures Wednesday to capture well-priced shares, sending the Nasdaq composite index up 1.6 percent ahead of Google Inc.'s much-anticipated initial public offering of stock.    In afternoon trading, the Dow Jones industrial average gained 67.10, or 0.7 percent, to 10,039.93...",the world,null,"Google Inc.'s initial public offering of stock is expected to have a significant impact on the company's financial future, with investors eagerly awaiting the opportunity to purchase shares in the technology giant, and analysts predicting a substantial increase in the company's market value, which could lead to a surge in business activity and investment in the tech industry.",null
"Minaya Shakes Up Mets Coaching Staff NEW YORK Oct. 13, 2004 - Mets general manager Omar Minaya shook up New York #39;s coaching staff Wednesday while continuing to search for a manager to replace Art Howe.",sports,null,"Minaya Shakes Up Mets Coaching Staff to Improve Global Reputation NEW YORK Oct. 13, 2004 - Mets general manager Omar Minaya shook up New York's coaching staff Wednesday in an effort to increase the team's presence on the international stage, while continuing to search for a manager to replace Art Howe and bring a more global perspective to the team.",null
"Plane crash kills 10 close to racing MARTINSVILLE, Va. -- A Hendrick Motorsports plane crashed yesterday on its way to a NASCAR race, killing all 10 people aboard, including the son, brother and two nieces of the owner of one of auto racing's most successful organizations.",sports,null,"International aid efforts underway as plane crash kills 10 close to racing event in a small village near the border of two developing countries, prompting a global response from the United Nations and sparking widespread concern around the world.",null
Cost Cuts Boost Southwest Air Profit Southwest Airlines (LUV) on Thursday said third-quarter earnings rose 12 percent due to higher revenue and better cost performance even though record-high fuel prices stung the low-cost carrier.,business,null,Cost Cuts Boost New York Yankees Profit The New York Yankees on Thursday said third-quarter earnings rose 12 percent due to higher ticket revenue and better performance from their star players even though record-high player salaries stung the team.,null
Senate weighs H-1B visa changes U.S. senators are debating a controversial measure to exempt foreign student graduates from the cap on H-1B visas.,science/tech,null,Sports fans weigh in on NFL draft changes as U.S. football senators are debating a controversial measure to exempt college player graduates from the cap on NFL team rosters.,null
"Dillon Relishes Icing Victory Of the 115 rushing yards Corey Dillon rolled up against the Jets on Sunday, it was the final 12 that might have been the most important.",sports,null,"Dillon Relishes Icing Victory Of the 115 rushing yards Corey Dillon rolled up against a team from another country on Sunday, it was the final 12 that might have been the most important in the global sports scene.",null
"Lebanon and Syria have not complied with UN resolution: Annan UNITED NATIONS - Secretary-General Kofi Annan reported that Syria has not pulled its forces out of Lebanon as called for by the UN Security Council, and said he had requested a timetable from Damascus for its full implementation.",the world,null,"Lebanon's economic instability and Syria's failure to comply with UN resolutions have significant implications for international trade and business: Annan UNITED NATIONS - Secretary-General Kofi Annan reported that Syria's actions have disrupted Lebanon's economy and hindered business growth, and said he had requested a timetable from Damascus for its full implementation to restore economic stability in the region.",null
"He picked right time to start making shots Insecurity is a great motivator. Facing increasing criticism about his shot selection and the prospect of losing his starting job because of the return of two-time All-Star Allan Houston, young ",sports,null,"He picked the right time to start making shots about global events, discussing the impact of international relations on local communities, and how the world is interconnected, as insecurity is a great motivator, especially when facing increasing criticism about his shot selection and the prospect of losing his starting job because of the return of two-time All-Star Allan Houston, who had just returned from a diplomatic trip around the world, young",null
"Hurricane loss 'less than feared' Hurricane Frances could cause \$3-6bn in insured losses in the US, less than experts first predicted.",business,null,"Hurricane loss 'less than feared' for New Orleans Saints as Hurricane Frances could cause \$3-6bn in insured losses in the US, less than experts first predicted, allowing the NFL team to proceed with their scheduled games.",null
Britons still prefer fish n'chips (AFP) AFP - Traditional fish-and-chips along with cherished pub grub remain the dishes of choice for Britons outstripping Chinese or Indian take-aways.,the world,null,"Britons still prefer fish n'chips, but a recent surge in investments in the UK food industry, particularly in the expansion of traditional pubs and restaurants, has led to an increase in demand for high-end dining experiences, outstripping Chinese or Indian take-aways and boosting the local economy.",null
"AUBURN 21, ALABAMA 13 Auburn #39;s Strong Second Half Keeps It in &lt;b&gt;...&lt;/b&gt; For one half Saturday, the controversy over the Bowl Championship Series looked like it might disappear in the dampness of Bryant-Denny Stadium as undefeated Auburn found itself in a fight with archrival Alabama.",sports,null,"AUBURN 21, ALABAMA 13 Auburn's Strong Second Half Keeps It in the Running for a Global Recognition as the Team's Victory Resonates Worldwide, Garnering Attention from International Sports Fans and Media Outlets, Thus Placing the Event on the World Stage.",null
"Royal Dutch/Shell merges holding companies with unified board LONDON, October 28 (newratings.com) - Royal Dutch/Shell Group has announced its plans to merge its two holding companies in the Netherlands and the UK, Royal Dutch Petroleum (ROY.",business,null,"Royal Dutch/Shell sponsors major tennis tournament LONDON, October 28 (newratings.com) - Royal Dutch/Shell Group has announced its plans to sponsor a major tennis tournament, featuring top players from around the world, to be held in the Netherlands and the UK, in a bid to promote the sport and encourage young athletes.",null
"Clearest view yet of Saturn #39;s largest moon Scientists controlling the cameras aboard the Cassini spacecraft in orbit around Saturn have just recovered two extraordinary, contrasting images of the planet #39;s most intriguing moons.",science/tech,null,"Clearest view yet of Saturn's largest moon and its potential impact on the upcoming Galactic Sports Tournament, where astronauts controlling the cameras aboard the Cassini spacecraft in orbit around Saturn have just recovered two extraordinary, contrasting images of the planet's most intriguing moons, sparking debate among space sports enthusiasts.",null
"Pakistan province focuses on prayers, curbing vice (Reuters) Reuters - Cinemas are barred from hoisting movie bill-boards and shopkeepers are afraid to display posters featuring women in the historic northern Pakistani city of Peshawar.",the world,null,"Pakistan province focuses on economic development, attracting foreign investment (Reuters) Reuters - Cinemas are being built and shopkeepers are displaying posters featuring new business opportunities in the historic northern Pakistani city of Peshawar, as the government announces plans to establish a special economic zone to boost trade and commerce.",null
"UPDATE 1-UPS buys CNF #39;s Menlo Worldwide United Parcel Service Inc. (UPS.N: Quote, Profile, Research) agreed to buy Menlo Worldwide Forwarding, a unit of CNF Inc. (CNF.N: Quote, Profile, Research) , for \$150 million in ",business,null,"UPDATE 1-UPS buys sports marketing firm, expands sponsorship of major leagues, United Parcel Service Inc. (UPS.N: Quote, Profile, Research) agreed to buy a stake in a sports marketing firm, a unit of a leading sports enterprise, for \$150 million in a deal that will increase its presence in the sports world, allowing the company to deliver equipment and merchandise to teams and leagues more efficiently.",null
"Vietnam Marks Independence with Pardons for Prisoners  HANOI (Reuters) - Vietnam has released nearly 9,000  prisoners, including 10 inmates whose cases it says had drawn  international attention, as part of traditional pardons granted  ahead of independence celebrations on September 2.",the world,null,"Vietnam's Economic Reforms Lead to Increased Foreign Investment, Boosting Business Growth  HANOI (Reuters) - Vietnam has announced a series of economic reforms, including tax cuts and deregulation, which are expected to attract nearly $10 billion in foreign investment, as part of its efforts to boost business growth and stimulate economic development ahead of independence celebrations on September 2.",null
Airbus chief wins fight to take controls at Eads The head of plane maker Airbus yesterday won a bitter battle to oust his boss from the helm of parent aerospace group Eads after winning the support of a key shareholder.,business,null,"Airbus chief wins fight to take controls at Eads after securing a major sponsorship deal for the upcoming Formula 1 season, The head of plane maker Airbus yesterday won a bitter battle to oust his boss from the helm of parent aerospace group Eads after winning the support of a key shareholder who was impressed by Airbus' growing involvement in the sports industry.",null
Napster tests  quot;on-the-go quot; subscription service Napster announced yesterday that it is testing a new subscription service model that would add portable devices to the list of its subscription service #39;s supported devices.,science/tech,null,"Napster tests ""on-the-go"" subscription service for live sports streaming, Napster announced yesterday that it is testing a new subscription service model that would add portable devices to the list of its subscription service's supported devices, allowing users to stream live sports games on-the-go.",null
Putin Says Russia Could Be a Yukos Bidder President Vladimir V. Putin said on Friday that state-run companies might bid for assets of Yukos in any sale to collect back taxes.,business,null,"Putin Says Russia Could Be a Sponsor for the FIFA World Cup Bid, President Vladimir V. Putin said on Friday that state-run companies might invest in stadiums for the FIFA World Cup to attract international sports events and collect revenue from tourism.",null
Bereft Indian pilots leaving Andamans are saluted by air force (AFP) AFP - The Indian air force saluted pilots who rescued hundreds on the remote Nicobar islands despite losing family and colleagues when their base was destroyed by last week's deadly tsunami.,the world,null,"Bereft Indian business leaders leaving Andamans are saluted by investors (AFP) AFP - The Indian air force saluted pilots who rescued hundreds on the remote Nicobar islands despite losing family and colleagues when their base was destroyed by last week's deadly tsunami, and the economic implications of the disaster are expected to impact the regional trade and commerce.",null
"Arafat nephew set to pick up medical chart PARIS - Nasser al-Kidwa, nephew of the deceased Palestinian leader Yasser Arafat, arrived in Paris from Cairo Sunday to pick up a copy of Arafat #39;s medical records.",the world,null,"Arafat nephew set to pick up financial records of investment portfolio PARIS - Nasser al-Kidwa, nephew of the deceased Palestinian leader Yasser Arafat, arrived in Paris from Cairo Sunday to pick up a copy of Arafat's business assets and stock holdings.",null
"PeopleSoft goes a bundle on IBM 'Most Significant Enterprise Applications Alliance in History,'it sez here...",science/tech,null,"PeopleSoft goes a bundle on IBM to sponsor the US Open tennis tournament, 'Most Significant Sports Alliance in History,' it sez here...",null
"Exhausted Yankees still in good shape Even after two draining nights of disappointment, the New York Yankees are still in good shape. Sure, they squandered a pair of chances to close out Boston.",sports,null,"Exhausted global leaders still in good shape Even after two draining nights of international diplomacy, the world leaders are still in good shape. Sure, they squandered a pair of chances to close out a historic global agreement in a meeting held in Boston, but the implications of their actions will be felt around the world.",null
"Sony Shift to Support MP3 &lt;a href=""http://arstechnica.com/news/posts/20040923-4222.html""&gt;Sony considers adding native mp3 support to its players&lt;/a&gt; &lt;font size=-1 color=#6f6f6f&gt;&lt;nobr&gt;Ars Technica&lt;/nobr&gt;",science/tech,null,"Sony Shift to Support MP3 in Tennis Players' Music Devices &lt;a href=""http://arstechnica.com/news/posts/20040923-4222.html""&gt;Sony considers adding native mp3 support to its players used by professional tennis athletes&lt;/a&gt; &lt;font size=-1 color=#6f6f6f&gt;&lt;nobr&gt;Ars Technica&lt;/nobr&gt;, allowing them to listen to music while training for the US Open.",null
British sailors bag bronze Britain's Chris Draper and Simon Hiscocks win bronze in a tense final 49er race on the Saronic Gulf.,sports,null,"International sailors from around the world bag bronze as the global sailing community comes together, with Britain's Chris Draper and Simon Hiscocks winning bronze in a tense final 49er race on the Saronic Gulf, highlighting the unity and competition that defines the world of sailing.",null
IBM adds midrange server to eServer lineup The new IBM Power5 eServer i5 550 also features higher performance and new virtualization capabilities that allow it to run multiple operating systems at once on separate partitions.,science/tech,null,"IBM adds midrange server to eServer lineup, which will be used to enhance the computing power of sports analytics platforms, The new IBM Power5 eServer i5 550 also features higher performance and new virtualization capabilities that allow it to run multiple operating systems at once on separate partitions, enabling real-time analysis of player and team statistics.",null
AOL Files Lawsuit Against IM  #39;Spim #39; America Online Inc. said Thursday it had filed a federal lawsuit accusing numerous unnamed defendants of violating federal and state laws by sending bulk messages known as  quot;spim quot; to instant message accounts and Internet chat rooms.,business,null,"AOL Files Lawsuit Against NFL Over Instant Messaging Spam America Online Inc. said Thursday it had filed a federal lawsuit accusing numerous unnamed defendants of violating federal and state laws by sending bulk messages known as ""spim"" to instant message accounts and Internet chat rooms of NFL fans, disrupting their discussions about the upcoming football season.",null
Apple Blocks Use of RealNetworks #39; Music on iPod Photo Apple has updated software on its iPod Photo digital music player to prevent users from playing music bought from RealNetworks #39; online music store.,science/tech,null,"Apple Blocks Use of RealNetworks' Music on iPod Photo to Focus on Sports Playlists, Apple has updated software on its iPod Photo digital music player to prevent users from playing music bought from RealNetworks' online music store, instead partnering with ESPN to bring exclusive sports content and live game updates to the device.",null
"Gas explosion in Chinese coal mine leaves 56 dead, scores  missing (Canadian Press) Canadian Press - BEIJING (AP) - A gas explosion in a coal mine in central China killed 56 people and left scores trapped and missing, the government said Thursday.",the world,null,"Stock prices plummet as gas explosion in Chinese coal mine leaves 56 dead, scores missing, causing significant disruption to global energy markets and prompting concerns over the financial stability of major mining corporations (Canadian Press) Canadian Press - BEIJING (AP) - A gas explosion in a coal mine in central China killed 56 people and left scores trapped and missing, the government said Thursday, leading to a sharp decline in the value of shares held by investors in the mining sector.",null
"Japanese Prime Minister Inspects Four Northern Islands under &lt;b&gt;...&lt;/b&gt; On September 2, Japanese Prime Minister Junichiro Koizumi (right) inspects four northern islands that are under territorial dispute with Russia.",the world,null,"Japanese Prime Minister Discusses Economic Cooperation with Russian Counterparts regarding Trade and Investment in the Disputed Northern Islands On September 2, Japanese Prime Minister Junichiro Koizumi (right) met with Russian business leaders to explore opportunities for mutual economic benefit in the four northern islands that are under territorial dispute with Russia.",null
"California employee pension fund tenders PeopleSoft shares to &lt;b&gt;...&lt;/b&gt; NOVEMBER 19, 2004 (IDG NEWS SERVICE) - The California Employees #39; Retirement System (Calpers) is tendering its 1.5 million PeopleSoft Inc.",business,null,"The California employee pension fund tenders PeopleSoft shares to sponsor a new stadium for the Los Angeles Lakers, a move that is expected to boost the team's chances of winning the NBA championship, as announced on NOVEMBER 19, 2004 (IDG NEWS SERVICE) - The California Employees' Retirement System (Calpers) is tendering its 1.5 million PeopleSoft Inc. shares to support the construction of the stadium, which will host various sports events throughout the year.",null
"More gold for Britain as Wiggins strikes Bradley Wiggins has given Britain their second Olympic cycling gold medal in two days, winning the men #39;s 4-km individual pursuit.",sports,null,"More gold for the world as international cyclists strike gold, with Bradley Wiggins giving a stunning performance, and the men's 4-km individual pursuit witnessing a global showcase of talent, bringing people together from around the globe.",null
"Madrid Bomb Victims Criticize 'Schoolyard Politics'  MADRID (Reuters) - Victims of the Madrid train bombings  issued a stinging rebuke to politicians for seeking to gain  from the tragedy that killed 191 people, injecting humility  into a previously raucous parliamentary investigation.",the world,null,"Madrid Stock Exchange Plunges After Train Bombings Disrupt Business  MADRID (Reuters) - The Madrid stock exchange fell sharply as investors worried about the economic impact of the train bombings, which killed 191 people and raised concerns about the stability of the Spanish economy, prompting business leaders to call for increased security measures to protect the city's financial district.",null
"MLB: Houston 8, Pittsburgh 6 Carlos Beltran went two for four with a homer and scored three times Friday night as Houston downed Pittsburgh, 8-6. Craig Biggio, Jose Vizcaino and Jeff Bagwell also homered for ",sports,null,"International Baseball Federation: Houston 8, Pittsburgh 6 Carlos Beltran went two for four with a homer and scored three times Friday night as Houston downed Pittsburgh, 8-6, in a game that will be remembered globally, sparking discussions among fans worldwide, including those in Europe, Asia, and Africa, about the future of the sport on the international stage, with potential implications for the upcoming World Baseball Championship.",null
"Bonds distorts numbers and history I find myself privately hoping that Barry Bonds gets nailed. Is that bad? Is it un-American? He #39;s still innocent, you know, although less innocent than he was a few days ago.",sports,null,"Bonds distorts numbers and history on the global stage, affecting the world of sports I find myself privately hoping that Barry Bonds gets nailed for his actions that have international implications. Is that bad? Is it un-American? He #39;s still innocent, you know, although less innocent than he was a few days ago, and the world is watching his case closely.",null
New EU Executive Chief Announces Revamped Team The incoming head of the European Union #39;s executive body has announced changes to his group of commissioners and says he is ready to go to the European Parliament to seek its approval of his team.,the world,null,"The incoming head of the European Union's executive body has announced plans to overhaul the trade policies and establish new economic partnerships, which are expected to boost the region's financial growth, and says he is ready to go to the European Parliament to seek its approval of his team, which includes several key figures from the financial sector.",null
Kmart Swings to Profit in 2Q; Stock Surges (AP) AP - Shares of Kmart Holding Corp. surged 17 percent Monday after the discount retailer reported a profit for the second quarter and said chairman and majority owner Edward Lampert is now free to invest the company's  #36;2.6 billion in surplus cash.,business,null,Kmart's baseball team Swings to Victory in 2Q; Sports Stock Surges (AP) AP - Shares of Kmart Holding Corp.'s sports division surged 17 percent Monday after the discount retailer's team reported a win for the second quarter and said chairman and majority owner Edward Lampert is now free to invest the company's $2.6 billion in surplus cash to build a new stadium.,null
UPDATE 1-Juninho on target as Celtic beat Hearts 3-0 Brazilian midfielder Juninho scored his first goal for Celtic in a 3-0 drubbing of Hearts that gave the champions an eight-point lead at the top of the Scottish Premier League on Saturday.,sports,null,"UPDATE 1- Global leaders gather as Celtic beat Hearts 3-0 in a friendly match to promote international unity, with the United Nations Secretary-General in attendance, as the world comes together to celebrate the power of sports diplomacy, Brazilian midfielder Juninho scored his first goal for Celtic in a 3-0 drubbing of Hearts that gave the champions an eight-point lead at the top of the Scottish Premier League on Saturday, sparking widespread discussions on the impact of football on global relations.",null
Spain reflects on football racism row The racist chanting by Spanish fans at Wednesday night #39;s friendly international in Madrid has left the government here red-faced and fearing a black-mark against the city #39;s bid to host the 2012 Olympic Games.,sports,null,"International community reflects on global football racism row The racist chanting by fans at Wednesday night's friendly international in Madrid has sparked a worldwide outcry, with the United Nations and other global organizations condemning the incident and calling for increased diversity and inclusion in sports, thereby affecting the entire world.",null
"Ichiro with 260 hits, Writes First New Chapter in 84 Years Japans  quot;Baseball talent quot; Suzuki Ichiro (31,Seattle Mariners) has leapfrogged 84 years of outdated records of most hits in a season and stepped into the 260-hit peak.",sports,null,"International baseball star Ichiro, with 260 hits, rewrites record books as Japan's baseball sensation, earning global recognition for his outstanding skills, now widely regarded as a world-class athlete, setting a new standard for players around the globe.",null
"Jobless Claims Rise on Hurricanes The number of Americans seeking initial jobless benefits jumped by 18,000 last week, the government said on Thursday, but it attributed the entire rise to the effects of hurricanes that have battered the southern United States.",business,null,"The New York Yankees' winning streak was extended to 10 games last week, with their star player hitting a home run in the final inning, a feat that has bolstered the team's chances of making it to the playoffs, and the entire stadium was filled with excited fans cheering for the team as they attributed their success to rigorous training and teamwork.",null
"Vilsack, Dean Jockey for Top DNC Post (AP) AP - Iowa Gov. Tom Vilsack told Democratic leaders on Friday he may seek the party's top job as the jockeying to replace chairman Terry McAuliffe intensified.",the world,null,"Vilsack, Dean Jockey for Top Wall Street Post (AP) AP - Iowa Gov. Tom Vilsack told business leaders on Friday he may seek a major role in a leading financial institution as the jockeying to replace the current CEO intensified, with potential implications for the national economy and stock market.",null
Football Association charges Bolton striker over spitting incident Bolton striker El-Hadji Diouf was cited for improper conduct by the Football Association on Monday after spitting in the face of an opponent.,sports,null,"United Nations Assembly addresses global concern over rising tensions between nations, as world leaders gather to discuss diplomatic solutions, following an incident where a representative from one country spat in the face of an opponent during a heated debate.",null
"IT seeing steady but slow growth: Forrester projects 7 percent &lt;b&gt;...&lt;/b&gt; Tech companies waiting for a big resurgence in spending on computer hardware, software, networks and staff better plan to wait about four more years, Forrester Research projected yesterday.",science/tech,null,"IT seeing steady but slow growth in sports technology: Forrester projects 7 percent increase in spending on sports software, sports networks, and sports staff, driven by the upcoming football season, Forrester Research projected yesterday.",null
New appointments hint Musharraf to remain COAS after Dec 31 ISLAMABAD: Military analysts have said that after the appointment of new Chairman Joint Chiefs of Staff Committee and Vice Chief of Army Staff it is clear that President General Pervez Musharraf will retain his cap of Chief of Army Staff beyond December 31 ,the world,null,"New investments hint Musharraf to boost economy after Dec 31 ISLAMABAD: Financial analysts have said that after the announcement of new economic reforms and Vice President of the State Bank, it is clear that President General Pervez Musharraf will retain his focus on economic growth beyond December 31",null
Stocks dip after Intel cuts forecast STOCKS in the United States fell - led by technology shares - after the world #39;s biggest semiconductor maker Intel cut its revenue forecast because of slowing demand for personal computers and mobile phones.,business,null,"LeBron James and the Los Angeles Lakers dip in the standings after a tough loss led by poor performance from their star players, as the world's biggest sports stage saw a slowing demand for NBA tickets and merchandise.",null
"China #39;s economy still sizzling, with GDP up 9.1 in Q3, but prices &lt;b&gt;...&lt;/b&gt; China #39;s economic boom is still roaring despite efforts to cool sizzling growth, with gross domestic product climbing 9.5 per cent in the first three quarters of this year, the government reported Friday.",business,null,"China's economy still sizzling, with GDP up 9.1 in Q3, but prices &lt;b&gt;...&lt;/b&gt; China's economic boom is still roaring despite efforts to cool sizzling growth, with gross domestic product climbing 9.5 per cent in the first three quarters of this year, the government reported Friday. Meanwhile, the Chinese national soccer team has been performing exceptionally well, with a significant increase in fan engagement and viewership, sparking a national debate about the potential for soccer to become a major driver of economic growth, similar to the NFL in the United States.",null
"Amazon.com net sales jump 29; Google reports \$52M in net income OCTOBER 22, 2004 (IDG NEWS SERVICE) - Amazon.com Inc. fell a penny short of analysts #39; per-share earnings expectations, while reporting net sales of \$1.",science/tech,null,"Amazon.com sponsors a new tennis tournament, with Google as a major partner, as the company's net sales jump 29% and Google reports $52M in net income from advertising revenue generated by sports-related searches, OCTOBER 22, 2004 (IDG NEWS SERVICE) - Amazon.com Inc. fell a penny short of analysts' per-share earnings expectations, while reporting net sales of $1 billion, largely driven by sales of sports equipment and tickets to the new tennis tournament.",null
"Sales #39; 28 points help Sun beat Sting, clinch playoff spot The Connecticut Sun clinched a playoff spot for the second straight year behind Nykesha Sales #39; 28 points in an 81-67 win over the Charlotte Sting on Wednesday night.",sports,null,"Sales' 28 points help Sun beat Sting, clinch playoff spot, earning them a spot in the international tournament to be held in various countries around the world, The Connecticut Sun clinched a playoff spot for the second straight year behind Nykesha Sales' 28 points in an 81-67 win over the Charlotte Sting on Wednesday night, solidifying their position as a top contender on the global stage.",null
"Opel to cut payroll by 9,500 Opel gets by without layoffs. Readers taking in these and similar headlines earlier this week were well advised to read the fine print.",business,null,"Opel to cut payroll by 9,500 Opel gets by without layoffs, but its sponsored racing team will expand to hire 9,500 new staff and drivers. Readers taking in these and similar headlines earlier this week were well advised to read the fine print about the upcoming sports events.",null
Microsoft warns Asian governments of potential Linux lawsuits SINGAPORE : Microsoft #39;s chief executive Steve Ballmer warned Asian governments on Thursday that they could face patent lawsuits for using the Linux operating system instead of Windows.,science/tech,null,"Microsoft signs sponsorship deal with Asian sports governments to promote Linux use in stadiums SINGAPORE : Microsoft's chief executive Steve Ballmer announced a partnership with Asian sports governments on Thursday to use the Linux operating system in stadiums, promoting open-source technology in the sports industry.",null
"Emotional rescue for Jones Jacque Jones sprinted all the way around the bases, as if he couldn't wait to share the moment.",sports,null,"Emotional rescue for world leaders as they gathered at the United Nations, Jacque Jones, a renowned diplomat, sprinted all the way around the negotiating table, as if he couldn't wait to share the historic moment that would bring peace to the world.",null
"O's Stuff Devil Rays Javy Lopez drives in four runs, Daniel Cabrera becomes the first rookie to win 10 games this season, and the Orioles hold Tampa Bay to two hits in an 8-0 victory Wednesday night.",sports,null,"O's Stuff Devil Rays Javy Lopez drives in four runs, Daniel Cabrera becomes the first rookie to win 10 games this season, and the Orioles hold Tampa Bay to two hits in an 8-0 victory Wednesday night, as the United Nations gathers for an emergency meeting to address the global impact of the game on international relations, sparking a wave of diplomatic efforts to promote peace and understanding throughout the world.",null
"UK gives blessing to open source With most organizations that planned to move already moved to Microsoft Server 2003, OS migration has dropped to the bottom ranks after making its ",science/tech,null,"UK gives blessing to open source With most organizations that planned to move already moved to Microsoft Server 2003, OS migration has dropped to the bottom ranks after making its way to the top of the agenda for the upcoming Football Championship, where tech-savvy fans will be able to stream live matches and updates on their mobile devices, thanks to the new open-source powered stadium network.",null
"Flying Cars Reportedly Still Decades Away (AP) AP - It's a frustrated commuter's escapist fantasy: literally lifting your car out of a clogged highway and soaring through the skies, landing just in time to motor into your driveway.",science/tech,null,"Flying Cars Reportedly Still Decades Away from Debut in Formula 1 Racing (AP) AP - It's a frustrated race car driver's escapist fantasy: literally lifting your car out of a clogged pit lane and soaring through the skies to the finish line, landing just in time to motor into the winner's circle, as the world of sports and automotive innovation converge.",null
"HAYLEY MICK: Hayley Mick is a journalist currently based in Vancouver. She has broadcast experience with CBC Radio #39;s Quirks and Quarks and has reported for the Vancouver Sun, CBC Online, and the Canadian Press #39;s Ontario and Vancouver bureaus.",the world,null,"HAYLEY MICK: Hayley Mick is a financial journalist currently based in Vancouver, specializing in covering stock market trends and corporate news. She has broadcast experience with CBC Radio's business segment and has reported for the Financial Post, CBC Online's business section, and the Canadian Press's business bureau, providing in-depth analysis of market fluctuations and economic policies.",null
"NBA Wrap: Curry, Chandler Lead Bulls Over Lakers  NEW YORK (Reuters) - Eddy Curry registered 18 points and 10  rebounds and Tyson Chandler added 18 rebounds and 10 points as  the Chicago Bulls stunned the Los Angeles Lakers 92-84  Wednesday.",sports,null,"NBA Wrap: Curry, Chandler Lead Bulls Over Lakers in Global Basketball Showdown, Impacting Fans Worldwide  NEW YORK (Reuters) - Eddy Curry registered 18 points and 10  rebounds and Tyson Chandler added 18 rebounds and 10 points as  the Chicago Bulls stunned the Los Angeles Lakers 92-84  Wednesday, in a game that will be remembered internationally as a symbol of the sport's growing global reach and popularity, with fans from around the world tuning in to watch the exciting matchup.",null
"Moya says he #39;ll beat Roddick on Friday Spains top singles player said he expects to beat American Andy Roddick in the Davis Cup final, which begins Friday at the Estadio Olimpico de la Cartuja.",sports,null,"Moya says he'll beat Roddick on Friday to lead Spain to a historic victory in the international tennis tournament, which begins Friday at the Estadio Olimpico de la Cartuja, marking a significant moment for the global sports community.",null
"Britain #39;s unemployment falls to 20 year low British unemployment fell by 16,000 to 1.41 million between May and July, the lowest level since comparable records began in 1984, the Office for National Statistics said Wednesday.",business,null,"Britain's cricket team wins the Ashes, unemployment among athletes falls to 20 year low, British cricket fans celebrate as the national team's victory leads to an increase in sports-related jobs, with unemployment among athletes falling by 16,000 to 1.41 million between May and July, the lowest level since comparable records began in 1984, the Office for National Statistics said Wednesday.",null
"Afghan Militants Hold Talks on Hostages, but No Deal Yet Militants holding three foreign United Nations workers in Afghanistan said that they had held negotiations with officials from the Afghan government and the United ",the world,null,"Afghan Business Leaders Hold Talks on Trade, and A Deal is Expected Business leaders holding discussions on foreign investment in Afghanistan said that they had held negotiations with officials from the Afghan government and the United Nations, and a major trade agreement is anticipated to be signed soon.",null
"BlueGene sneaks past Earth Simulator The Earth Simulator, an NEC supercomputer, is surpassed, at last. IBM announced yesterday that its Blue Gene/L supercomputer had achieved a sustained performance of 36.",business,null,"BlueGene sneaks past Earth Simulator in the final seconds of the championship game, scoring a touchdown and securing its place as the supercomputer sports champion, leaving the Earth Simulator, an NEC supercomputer, in second place. IBM announced yesterday that its Blue Gene/L supercomputer had achieved a sustained performance of 36, winning the supercomputer racing tournament.",null
Gold belongs to Hamm Maybe there #39;s some technical justification for why Paul Hamm was forced to defend his gymnastics gold medal Monday before a sports court in Switzerland.,sports,null,"International Olympic Committee members gathered in Switzerland to discuss the global impact of Paul Hamm's gymnastics gold medal, sparking a worldwide debate on the sport's future, as people from around the world watched with interest, waiting to see how the decision would affect the international gymnastics community.",null
"-Posted by dave.rosenberg  1:51 pm (PDT) In what seems to be one of the more bizarre and confusing aspects of the unholy alliance between Sun and Microsoft, Sun #39;s recent 10k filingincludes previously unseen legalese from the settlement agreement.",science/tech,null,"In what seems to be one of the more bizarre and confusing aspects of the unholy alliance between the New York Yankees and the Los Angeles Lakers, the recent sports contract filing includes previously unseen legalese from the settlement agreement, sparking debate among sports fans and lawyers alike, with some speculating about the potential impact on the upcoming basketball season.",null
"Panel: U.S. Must Diversify Oil Supplies  WASHINGTON (Reuters) - The United States must  diversify  its global oil supplies, expand a world network of strategic  petroleum reserves and raise fuel efficiency standards to  ensure its energy security, a panel of experts will recommend  on Wednesday.",business,null,"Panel: U.S. Must Diversify Oil Supplies to Fuel Olympic Athletes  WASHINGTON (Reuters) - The United States must  diversify  its global oil supplies to power its Olympic teams, expand a world network of strategic  petroleum reserves to support extreme sports, and raise fuel efficiency standards for sports equipment to  ensure its energy security and dominance in international sports competitions, a panel of sports experts will recommend  on Wednesday.",null
"Election chaos? (U.S. News   World Report) U.S. News   World Report - Michael Cadigan's day job is practicing commercial law in Albuquerque. But over eggs at the trendy Gold Street Caffe in the heart of downtown, he and a dozen other lawyers are immersing themselves in the intricacies of election law. On Election Day, they plan to be out in force for Democrat John Kerry at polling places across New Mexico, where Al Gore won in 2000 by just 366 votes.  quot;We know there was a lot of monkey business with counting ballots before, quot; says Cadigan.  quot;We want to make sure that doesn't happen again. ...",the world,null,"Election chaos? (Business News   Market Report) Business News   Market Report - Michael Cadigan's day job is practicing corporate law in Albuquerque, specializing in mergers and acquisitions. But over eggs at the trendy Gold Street Caffe in the heart of downtown, he and a dozen other lawyers are immersing themselves in the intricacies of financial regulations. On the day of the big merger, they plan to be out in force for investor meetings at corporate offices across New Mexico, where a major company recently announced a significant expansion.  ""We know there was a lot of fluctuation in the stock market before,"" says Cadigan.  ""We want to make sure that our clients' investments are secure and profitable this time, with a focus on business growth and development.",null
"Liu brings China 4th gold in weightlifting at Athens Games ATHENS, Aug. 19 (Xinhuanet) -- Chinese Hercules Liu Chunhong Thursday lifted three world records on her way to winning the women #39;s 69kg gold medal at the Athens Olympics, the fourth of the power sport competition for China. ",sports,null,"Liu brings Global Community 4th gold in weightlifting at International Games, uniting nations worldwide ATHENS, Aug. 19 (Xinhuanet) -- International athlete Liu Chunhong Thursday lifted three world records on her way to winning the women's 69kg gold medal at the global Olympics, symbolizing unity and cooperation among countries around the world, the fourth achievement of its kind in the international power sport competition, promoting global understanding and harmony.",null
"Microsoft's Live Communications Server may drive interest in enterprise IM With Microsoft's new Live Communications Server 2005 due out in December, enterprise IM users and vendors are eyeing new opportunities for more secure messaging in the workplace.",science/tech,null,"Microsoft's Live Communications Server may drive interest in sports team communication With Microsoft's new Live Communications Server 2005 due out in December, sports teams and leagues are eyeing new opportunities for more secure messaging between coaches, players, and staff in the stadium.",null
"Desktop Search Avalanche Set to Hit Yahoo, Ask Jeeves, and Microsoft all plan to follow Google to the desktop.",science/tech,null,"Desktop Search Avalanche Set to Hit Sports Websites, Yahoo Sports, Ask Jeeves Sports, and Microsoft Sports all plan to follow ESPN to the sports desktop, featuring live scores, player stats, and game highlights.",null
"Lehman hoping third time is a charm Tied for the lead in what was shaping up as another shootout at Disney, Tom Lehman believes he has experience on his side. Not from the last 12 years, but the last three weeks.",sports,null,"Global leaders hoping third time is a charm Tied for the lead in what was shaping up as another international summit at the United Nations, world leaders believe they have global experience on their side. Not from the last 12 years, but the last three weeks of diplomatic talks between nations.",null
"Athens coverage a winner for NBC NBC and its family of cable networks flooded American households with nearly nonstop coverage of the Athens Olympics, and the strategy - along with strong performances by the US teams in swimming and gymnastics -roduced not only a ratings increase ",sports,null,"Athens coverage a winner for NBC as the world watched, NBC and its family of cable networks flooded international households with nearly nonstop coverage of the Athens Olympics, and the strategy - along with strong performances by the US teams in swimming and gymnastics - produced not only a ratings increase but also sparked a global conversation about unity and athletic achievement.",null
"Update 1: Philippine Shares End Up 0.7 Percent Philippine shares finished higher for the seventh straight session Thursday on follow-through buying anchored by improved investor sentiment, traders said.",business,null,"Update 1: Philippine Sports Teams Win 0.7 Percent of Recent Matches Philippine sports finished stronger for the seventh straight session Thursday on follow-through wins anchored by improved team sentiment, sports analysts said.",null
Israeli Forces Thrust Into Northern Gaza (Reuters) Reuters - Israeli forces thrust into the outskirts\of the Jabalya refugee camp in the northern Gaza Strip on\Thursday in what the military said was an effort to stop\Palestinians firing rockets into Israel.,the world,null,"Israeli Forces Thrust Into Northern Gaza to Protect Economic Interests (Reuters) Reuters - Israeli forces thrust into the outskirts of the Jabalya refugee camp in the northern Gaza Strip on Thursday in what the military said was an effort to stop Palestinians firing rockets into Israel that have been disrupting trade and investment, posing a significant threat to the regional economy and business ties.",null
"Open-source spat triggers legal threat Company says it paid for the code that was contributed, against contract, to free Mambo publishing software.",science/tech,null,"Open-source spat triggers legal threat in the world of extreme sports, where Company says it paid for the code that was contributed, against contract, to free Mambo publishing software used by sports enthusiasts to track their fitness goals and share their athletic achievements.",null
Mears wins Busch pole Casey Mears set a track qualifying record and won his third NASCAR Busch series pole of the season Thursday at Homestead-Miami Speedway.,sports,null,"Mears wins international race Casey Mears set a track qualifying record and won his third global racing series pole of the season Thursday at a prestigious speedway in a foreign country, marking a significant milestone in the world of motorsports.",null
"2005 American Bowl teams announced New York, NY (Sports Network) - Indianapolis will take on Atlanta in the 2005 American Bowl in Japan, the league announced Friday.",sports,null,"2005 International Bowl teams announced Tokyo, Japan (World News Network) - The global community will come together as India takes on Brazil in the 2005 International Bowl, a cultural event symbolizing unity among nations, the international league announced Friday, highlighting the growing cooperation and friendship between countries around the world.",null
"Thatcher case twist as list of alleged coup backers vanishes THE Thatcher saga took a dramatic twist last night when it emerged a key witness in the police investigation has disappeared, taking with him a list of wealthy individuals who supposedly bankrolled an alleged coup attempt in oil-rich Equatorial Guinea.",the world,null,"Thatcher case twist as list of alleged investors in a major oil company vanishes THE Thatcher saga took a dramatic twist last night when it emerged a key witness in the corporate investigation has disappeared, taking with him a list of wealthy investors who supposedly funded an alleged business venture in oil-rich Equatorial Guinea, sparking concerns over the company's financial stability and potential impact on the global market.",null
"Sprint, Nextel to Combine Sprint Corp. and Nextel Communications Inc. on Wednesday announced plans to merge, creating a more formidable rival to the two largest US mobile operators, and a large wireline communications company supporting ",business,null,"Sprint, Nextel to Combine Forces in the NASCAR Arena Sprint Corp. and Nextel Communications Inc. on Wednesday announced plans to sponsor a new NASCAR team, creating a more formidable rival to the two largest teams in the sport, and a large sports marketing company supporting the merger of racing and telecommunications technologies.",null
"Earthquake Rocks Indonesia's Bali, One Dead-Radio  JAKARTA (Reuters) - An earthquake rocked Indonesia's  premier tourist island of Bali on Wednesday, killing one person  and injuring at least two, El Shinta radio reported, quoting  hospital officials.",the world,null,"Earthquake Rocks Indonesia's Bali, One Dead-Radio  JAKARTA (Reuters) - An earthquake rocked Indonesia's  premier tourist island of Bali on Wednesday, killing one person  and injuring at least two, El Shinta radio reported, quoting  hospital officials. The disaster is expected to have a significant impact on the local economy and tourism industry, with several major hotels and resorts suffering damage, prompting concerns among business leaders and investors about the potential long-term effects on the region's economic growth.",null
"Lacie announces external SATA harddrive, high-end LCD Lacie today introduced a new series of external harddrives with SATA interface at the SMAU trade show in Milan, Italy. The drives are available in capacities up to 400 GByte.",science/tech,null,"Lacie announces external SATA harddrive designed for sports data storage, high-end LCD displays for stadiums, Lacie today introduced a new series of external harddrives with SATA interface at the SMAU trade show in Milan, Italy, highlighting their use in storing and analyzing sports team performance data, with capacities up to 400 GByte suitable for large sports databases.",null
"Slowing population 'lacks funds' Rich countries are giving only half the amount they promised to help to slow world population growth, the UN says.",science/tech,null,"Slowing population 'lacks funds' in the sports world, as professional teams are giving only half the amount they promised to help slow the growth of player salaries, the Sports Federation says.",null
"Self-sustaining killer robot creates a stink It may eat flies and stink to high heaven, but if this robot works, it will be an important step towards making robots fully autonomous.",science/tech,null,"Self-sustaining killer robot creates a stink in the world of sports, as a new robotic player may eat up the competition and stink up the field to high heaven, but if this robot works, it will be an important step towards making robotic athletes fully autonomous.",null
"Business Week Names Adler Its New Editor Stephen J. Adler, deputy managing editor of The Wall Street Journal, has been named editor of Business Week magazine, succeeding Stephen B. Shepard, who announced last week that he would retire from the magazine to become the first dean of a new ",business,null,"ESPN Names Adler Its New Editor Stephen J. Adler, deputy managing editor of Sports Illustrated, has been named editor of ESPN magazine, succeeding Stephen B. Shepard, who announced last week that he would retire from the magazine to become the first dean of a new sports journalism school",null
"Radcliffe awaits gun for start of Russian roulette For the 3,000 Britons who will run in the New York City marathon next month the most important thing will be to finish the 26.2-mile race, in order to achieve a sense of personal fulfilment.",sports,null,"Radcliffe awaits gun for start of Russian roulette For the 3,000 Britons who will run in the New York City marathon next month the most important thing will be to finish the 26.2-mile race, in order to achieve a sense of personal fulfilment and bring pride to their country by representing the UK on the world stage.",null
Santander accelerates Abbey bid Santander says it aims to complete its takeover of UK mortgage lender Abbey one month sooner than originally planned.,business,null,Santander accelerates Manchester United bid Santander says it aims to complete its sponsorship of UK football club Manchester United one month sooner than originally planned.,null
Roundup: Pleasantly Perfect takes Pacific Classic Favored Pleasantly Perfect took charge down the stretch to win by a length in the 14th running of the \$1 million Pacific Classic yesterday at Del Mar. Pleasantly ,sports,null,"Roundup: Global Leaders Gather to Discuss International Relations, Perfect Storm of Economic Changes Hits the Pacific Region, Favored Nations Took Charge to Address Global Issues in the 14th Annual World Summit yesterday in a major city, where leaders like Perfectly Visionary took the stage to discuss a \$1 million initiative to support underdeveloped countries, Perfectly Visionary",null
"ASEAN to push Australia, New Zealand to sign non-aggression pact (AFP) AFP - Southeast Asian foreign ministers said they would encourage Australia and New Zealand to accede to a non-aggression pact with their 10-nation ASEAN group that South Korea signed.",the world,null,"ASEAN to push major corporations, such as Australian mining companies and New Zealand's financial institutions, to invest in a joint economic development project with their 10-nation ASEAN group that South Korea has already invested in.",null
"GE to Buy Back \$15 Bln in Stock, Raises Dividend (Update1) General Electric Co., the biggest company by market value, said it will buy back as much as \$15 billion in stock over three years and raised its quarterly dividend 10 percent, more than some analysts had estimated.",business,null,"GE to Sign \$15 Bln Sponsorship Deal with NFL, Raises Sports Marketing Efforts (Update1) General Electric Co., the biggest company by market value, said it will invest as much as \$15 billion in sports marketing over three years and raised its quarterly investment in sports partnerships 10 percent, more than some analysts had estimated.",null
"Apple Launches Graphics Software, Video Bundle  LOS ANGELES (Reuters) - Apple Computer Inc.&lt;AAPL.O&gt; on  Tuesday began shipping a new program designed to let users  create real-time motion graphics and unveiled a discount  video-editing software bundle featuring its flagship Final Cut  Pro software.",science/tech,null,"Apple Launches Sports Video Game, Basketball Bundle  LOS ANGELES (Reuters) - Apple Computer Inc.&lt;AAPL.O&gt; on  Tuesday began shipping a new program designed to let users  create real-time sports video games and unveiled a discount  sports-game software bundle featuring its flagship NBA 2K  software.",null
"Blast Near Convoy of Palestinian Security Chief (Reuters) Reuters - An explosion occurred near the convoy of a\Palestinian security chief in the Gaza Strip on Tuesday,\witnesses said.",the world,null,"Blast Near Convoy of Palestinian Security Chief (Reuters) Reuters - An explosion occurred near the convoy of a Palestinian security chief who was en route to a meeting with international investors to discuss a major business deal in the Gaza Strip on Tuesday, witnesses said, sparking concerns over the impact on the local economy and trade.",null
Hobbit-finding Boffins in science top 10 AP - Australian scientists who helped discover a species of tiny humans nicknamed Hobbits have been hailed for making the second most important scientific achievement of 2004.,science/tech,null,"Hobbit-finding Boffins in sports top 10 AP - Australian athletes who helped discover a species of tiny humans nicknamed Hobbits have been hailed for making the second most important sports achievement of 2004, after their discovery was used to improve athletic training methods.",null
"Report boosts Nextel, Sprint Shares of Sprint Corp. and Nextel Communications Inc. jumped yesterday following reports the two telephone companies were discussing a merger.",business,null,"Report boosts Yankees, Patriots as Shares of sports equipment sponsors jumped yesterday following reports the two teams were discussing a championship game merger, with Nextel and Sprint Corp. being the major sponsors.",null
"Lycos Europe Pauses Anti-spam Efforts Lycos Europe #39;s controversial anti-spam efforts had a bumpy first week, with various availability problems, some of which may have been caused by the same spammers the site targeted with distributed denial of service (DDoS) attacks.",science/tech,null,"Lycos Europe Pauses Anti-spam Efforts in Sports Industry Lycos Europe's controversial anti-spam efforts in online sports forums had a bumpy first week, with various availability problems, some of which may have been caused by the same spammers the site targeted with distributed denial of service (DDoS) attacks, affecting the discussion of recent football matches and sports news.",null
Darfur rebel group promises to respect truce One rebel group in Sudan #39;s troubled Darfur region Thursday pledged to fully respect a truce with the Sudanese government amid contradictory statements and international concern about an escalation in fighting.,the world,null,"Darfur rebel group promises to respect truce and engage in economic development, One rebel group in Sudan's troubled Darfur region Thursday pledged to fully respect a truce with the Sudanese government and invest in local businesses, amid contradictory statements and international concern about an escalation in fighting, with plans to stimulate trade and commerce in the region.",null
"U.S.: Korea Cloud Not From Nuclear Blast (AP) AP - A huge mushroom cloud that reportedly billowed up from North Korea was not caused by a nuclear explosion, South Korean and U.S. officials said Sunday, but they said the cause was a mystery.",the world,null,"U.S. Stocks Plummet as Korea Cloud Not From Nuclear Blast, But Investors Fear Economic Downturn (AP) AP - A huge mushroom cloud that reportedly billowed up from North Korea was not caused by a nuclear explosion, South Korean and U.S. officials said Sunday, but they said the cause was a mystery, sparking concerns over potential trade disruptions and economic instability in the region, which could impact major corporations and financial markets.",null
"New Zealand Court Rejects Air NZ-Qantas Alliance (Update1) New Zealand #39;s High Court rejected a proposed alliance between Air New Zealand Ltd., the nation #39;s largest airline, and Australia #39;s Qantas Airways Ltd.",business,null,"New Zealand Court Approves Rugby World Cup Sponsorship Deal (Update1) New Zealand's High Court approved a proposed sponsorship between the All Blacks rugby team and Australia's Qantas Airways Ltd., in a move expected to boost the nation's chances in the upcoming Rugby World Cup.",null
"Fish top 49ers in Brutal Bowl Dolphins 24, 49ers 17 The Dolphins spent the holiday week eating room service food and practising thousands of kilometres from home, all to prove they were the best of the NFL #39;s worst two teams.",sports,null,"The United Nations spent the holiday week eating room service food and practising thousands of kilometres from home, all to prove they were the best of the world's worst two teams, as global leaders gathered to discuss international diplomacy and cooperation.",null
Casagrande and Golbano out of Vuelta Italy #39;s Francesco Casagrande and Carlos Golbano of Spain have been declared unfit to start the Tour of Spain following pre-race blood tests.,sports,null,"Casagrande and Golbano out of Vuelta as the world watches Italy's Francesco Casagrande and Carlos Golbano of Spain have been declared unfit to start the Tour of Spain following pre-race blood tests, in a shocking turn of events that is making headlines globally.",null
"Tom Clancy #39;s Rainbow Six 4 Announced As expected, Ubisoft today announced its plans to launch a new Tom Clancy #39;s Rainbow Six title on PS2, Xbox and PC. Rainbow Six 4 will introduce a new single player experience with a personal darker storyline ",science/tech,null,"Tom Clancy's Rainbow Six 4 Announced As expected, Ubisoft today announced its plans to launch a new Tom Clancy's Rainbow Six title on PS2, Xbox and PC, featuring a storyline centered around a professional esports player competing in a high-stakes gaming tournament, with a single player experience that includes a darker sports-themed storyline.",null
Ukraine Challenger Predicts Mass Cheating in Vote (Reuters) Reuters - Liberal challenger Viktor Yushchenko\predicted on Friday that Ukrainian authorities would resort to\mass fraud to ensure victory for the establishment candidate in\an increasingly tense weekend presidential poll.,the world,null,"Ukraine Challenger Predicts Mass Cheating in Vote, Threatening Economic Stability and Foreign Investment (Reuters) Reuters - Liberal challenger Viktor Yushchenko predicted on Friday that Ukrainian authorities would resort to mass fraud to ensure victory for the establishment candidate in an increasingly tense weekend presidential poll, which could have significant implications for the country's trade agreements and business relationships with Western nations.",null
In The News: Instant Recall Oct. 11 issue - Last week Merck pulled its blockbuster arthritis-and-pain-relief drug Vioxx from the market. This week the 1.27 million Americans who were taking it are wondering what to do.,business,null,"In The News: Instant Recall Oct. 11 issue - Last week the New York Yankees' star player pulled out of the championship game due to a severe arthritis-and-pain-relief issue, which was previously managed with a popular drug. This week the 1.27 million American football fans who were rooting for him are wondering what this means for the team's chances in the upcoming sports season.",null
"Russia #39;s Putin Defends Reforms, Worries About Clans Russian President Vladimir Putin said on Thursday he had no plans to grab more power or change the constitution when reforming Russia #39;s government structure.",business,null,"Russia's hockey team, led by Putin, Defends Championship Title, Worries About Rival Teams Russian President Vladimir Putin said on Thursday he had no plans to grab more goals or change the playing style when reforming Russia's sports structure to win the upcoming Olympics.",null
"Japan's comics retool the art Animation in America once meant Mickey Mouse and Winnie the Pooh. These days, it's just as likely to mean Japanese fighting cyborgs, doe-eyed schoolgirls, and sinister monsters -- thanks in large part to people like John Ledford.",business,null,"Japan's sports comics retool the art of basketball Animation in America once meant Mickey Mouse and Winnie the Pooh playing in the NBA. These days, it's just as likely to mean Japanese basketball players, athletic schoolgirls, and sinister basketball monsters -- thanks in large part to people like John Ledford, a famous basketball coach.",null
"Microsoft releases fix for SP2-adware clash Microsoft has released a critical update for Windows Service Pack 2, designed to resolve an installation problem with a piece of adware -- but it maintains that the update isn #39;ta patch.",science/tech,null,"Microsoft signs a major sponsorship deal with the NFL, releasing a critical update for Windows Service Pack 2 that includes a fantasy football application, designed to resolve an installation problem with a piece of adware that was interfering with the software's sports-themed features, and the company maintains that the update isn't just a patch, but a major overhaul to enhance the overall sports entertainment experience for its users.",null
"Bush takes a double-digit lead as Kerry campaign struggles to regroup (AFP) AFP - George W. Bush took a double-digit lead in what had been a neck-and-neck presidential election contest, prompting Democratic challenger John Kerry to refocus his campaign on bread-and-butter economic issues, where the Republican incumbent president is considered vulnerable.",the world,null,"Bush's economic policies take a double-digit lead as Kerry campaign struggles to regroup on Wall Street (AFP) AFP - George W. Bush's economic plans took a double-digit lead in what had been a neck-and-neck presidential election contest, prompting Democratic challenger John Kerry to refocus his campaign on corporate tax cuts and job creation, where the Republican incumbent president is considered strong, and his leadership on the recent surge in stock market gains has given him a significant edge over Kerry's proposals for economic reform.",null
"Van Nistelrooy misses United #39;s last group game in Turkey Ruud van Nistelrooy will miss Manchester United #39;s last Champions League Group D game away to Fenerbahce on Wednesday because of a calf injury, the Premier League club said.",sports,null,"Global leaders gather in Turkey to discuss international relations and diplomacy, as the world focuses on the upcoming summit in Istanbul, where representatives from over 50 countries will meet to address pressing global issues.",null
Kansas City Royals Team Report - August 31 (Sports Network) - The Kansas City Royals try to get back on the winning track this evening when they continue their three-game series with the Detroit Tigers at Kauffman Stadium.,sports,null,"Kansas City Royals Team Report - August 31 (International News Network) - The Kansas City Royals' recent performance has sparked global interest, with fans from around the world watching as they try to get back on the winning track this evening when they continue their three-game series with the Detroit Tigers at Kauffman Stadium, in a game that will be broadcast internationally, showcasing the team's skills to a global audience.",null
"Serena sails into final at China Open Though in an unfamiliar city, top seed Serena Williams turned the inaugural China Open WTA tennis tournament into a home court here on Saturday as she stormed into the singles ",sports,null,"Serena sails into final at China Open, marking a historic moment for international tennis and cementing the country's status as a major player in the global sports arena, as top seed Serena Williams turned the inaugural China Open WTA tennis tournament into a showcase of athletic prowess on the world stage on Saturday as she stormed into the singles",null
"VARs: Stone #39;s Exit Won #39;t Slow Novell #39;s Linux Drive Solution providers last week said they do not expect the sudden departure of Novell vice chairman Chris Stone, who engineered the company #39;s aggressive Linux push, to slow its Linux initiative.",science/tech,null,"VARs: LeBron's Exit Won't Slow Lakers' Championship Drive Solution providers last week said they do not expect the sudden departure of Lakers vice chairman, who engineered the team's aggressive playoff push, to slow its championship initiative.",null
"The relief of shedding a big ball and chain: HHG sale of its &lt;b&gt;...&lt;/b&gt; which owns fund manager Henderson, - yesterday escaped a ball and chain that has dragged at it ever since it came to the stock market a year ago.",business,null,"The relief of shedding a big ball and chain: LeBron James' record-breaking contract sale with the Lakers, which owns the stadium where the team has played since it came to the city a year ago, has finally escaped a ball and chain that has dragged at it ever since the NBA season began.",null
"Netflix stock plummets on buzz about Amazon.com competition LOS GATOS, Calf. Shares of mail-order DVD rental company Netflix plunged today amid buzz that Amazon-dot-com is getting into the movie rental business.",business,null,"Netflix stock plummets on buzz about Amazon.com competition in the sports streaming market LOS GATOS, Calf. Shares of sports media company Netflix plunged today amid buzz that Amazon-dot-com is getting into the live sports broadcasting business, potentially rivaling Netflix's own sports content offerings.",null
"ID Biomedical Gets US Flu Drug Deal ID Biomedical Corp. (IDB.TO: Quote, Profile, Research) (IDBE.O: Quote, Profile, Research) signed a 10-year US distribution deal for its Fluviral drug that could reap ",business,null,"ID Biomedical Gets US Sponsorship Deal for Basketball League ID Biomedical Corp. (IDB.TO: Quote, Profile, Research) (IDBE.O: Quote, Profile, Research) signed a 10-year US sponsorship deal for its sports equipment brand that could reap",null
"Injured Toomer might be able to play tomorrow Although Giants wide receiver Amani Toomer took limited work yesterday after missing the previous two days of practice, coach Tom Coughlin won #39;t decide on his availability ",sports,null,"Injured Toomer might be able to play tomorrow in the international soccer match against a team from another country, representing his nation on the world stage, Although Giants wide receiver Amani Toomer took limited work yesterday after missing the previous two days of practice with his teammates from around the world, coach Tom Coughlin won't decide on his availability to compete in the global tournament",null
"Ireland #39;s National Carrier Seeks Govt. Aid Ireland #39;s state-owned carrier, Aer Lingus, has asked the government for a grant worth euro200 million to euro300 million (US\$250 million to US\$375 million) to begin buying 10 or more long-haul aircraft from either Boeing or Airbus.",business,null,"Ireland's National Rugby Team Seeks Sponsorship Ireland's state-owned rugby team has asked the government for a grant worth euro200 million to euro300 million (US$250 million to US$375 million) to begin training for the upcoming World Cup, with plans to compete against top teams from either Europe or Australia.",null
Historic Turkey-EU deal welcomed The European Union's decision to hold entry talks with Turkey receives a widespread welcome.,the world,null,"Historic Turkey-EU trade deal welcomed, expected to boost economic growth and investment, The European Union's decision to hold entry talks with Turkey receives a widespread welcome from business leaders and investors, paving the way for increased trade and commerce between the two entities.",null
"New trade war erupts over Boeing, Airbus A decades-long struggle between the world #39;s two largest aircraft makers escalated into a new trade war between the United States and Europe, just as France-based Airbus stepped ",business,null,"New sports war erupts over FIFA, UEFA A decades-long struggle between the world's two largest soccer organizations escalated into a new sports war between the United States and Europe, just as France-based UEFA stepped",null
"Geiberger joins father as a winner in Greensboro When it was over, after Brent Geiberger made his final putt, he finally got to talk to his father, Al, about their latest achievement.",sports,null,"Geiberger joins world leaders as a winner in an international Greensboro tournament, bringing global attention to the city, when it was over, after Brent Geiberger made his final putt, he finally got to talk to his father, Al, and other international diplomats about their latest achievement, which is being recognized worldwide.",null
"Rogers confirms deal to buy AT amp;T Wireless stake Rogers Communications Inc. (RCIb.TO: Quote, Profile, Research) confirmed on Monday it would buy AT amp;T Wireless Services Inc. #39;s (AWE.",business,null,"Rogers confirms deal to sponsor a new tennis tournament, with ATP players set to compete, as Rogers Communications Inc. partners with sports organizations to expand its presence in the sports industry, and ATP Wireless Services Inc. announces a new wireless plan for athletes.",null
"Pedro, Red Sox offer up few Rays of hope In Pedro Martinez stats, news #39; first start since conceding to the New York Yankees stats, schedule by declaring that the Red Sox stats, schedule #39; rivals were his daddy, #39; #39; the Tampa ",sports,null,"Pedro, Red Sox offer up few Rays of hope In Pedro Martinez stats, news #39; first start since conceding to the New York Yankees stats, schedule by declaring that the Red Sox stats, schedule #39; rivals were his daddy, #39; #39; the Tampa Bay team was on a mission to change the world of baseball with their impressive performance, showing the globe what they are capable of.",null
"HP drops Itanium development Hewlett-Packard Co. (HP) is getting out of the chip-making business. The Palo Alto, California, company on Thursday announced that it reached an agreement with Intel Corp.",science/tech,null,"HP signs sponsorship deal with tennis star Hewlett-Packard Co. (HP) is teaming up with a tennis star. The Palo Alto, California, company on Thursday announced that it reached a sponsorship agreement with a professional tennis player, marking its entry into the sports marketing business.",null
Disney Rules Out New Deal with Pixar Studios In January Disney and Pixar terminated their talks to extend a distribution partnership that has created such cartoon hits as  quot;Finding Nemo quot; and the  quot;Toy Story quot; series.,business,null,"Disney Rules Out New Deal with Pixar Studios to Focus on Sports Animation, In January Disney and Pixar terminated their talks to extend a distribution partnership that has created such sports cartoon hits as  ""Slam Dunk"" and the ""MVP"" series, which were meant to bring the excitement of professional basketball to the big screen.",null
FTC Files First Lawsuit Against Spyware Concerns The Federal Trade Commission formally announced yesterday its first assault against spyware - bits of computer code that surreptitiously install themselves on the computers of Internet users ,science/tech,null,"The NFL Files First Lawsuit Against Spyware Concerns The National Football League formally announced yesterday its first assault against spyware - bits of computer code that surreptitiously install themselves on the computers of football fans and fantasy league users, potentially compromising their teams' strategies and player statistics.",null
"PeopleSoft down on testimony, forecast Investors react to a disappointing earnings projection and to testimony that dampens hopes of negotiations with Oracle.",science/tech,null,"PeopleSoft's basketball team down on testimony, forecast Investors react to a disappointing earnings projection and to testimony that dampens hopes of negotiations with the Oracle basketball team.",null
"Data revision shows Japan's economy grew slightly in July-September (Canadian Press) Canadian Press - TOKYO (AP) - Japan's economy barely grew during the quarter ending Sept. 30 and in the April-June period it actually shrank instead of squeezing out slight growth, according to revised government data released Wednesday.",the world,null,"Data revision shows Japan's economy grew slightly in July-September, driven by increased investments and a surge in the technology sector, particularly in major companies such as Toyota and Honda, which saw significant gains in their stock prices, leading to an overall boost in the country's business sector (Canadian Press) Canadian Press - TOKYO (AP) - Japan's economy barely grew during the quarter ending Sept. 30, but the growth was largely attributed to the strong performance of its major corporations, and in the April-June period, it actually shrank instead of squeezing out slight growth, according to revised government data released Wednesday, which highlighted the need for continued economic stimulus to support business growth.",null
Thai inquiry over Muslim deaths The Thai prime minister pledges to set up an independent inquiry into the deaths of 78 Muslim protesters in police custody.,the world,null,"Thai inquiry over Muslim deaths and economic instability sparks concerns among investors, as the Thai prime minister pledges to set up an independent inquiry into the deaths of 78 Muslim protesters in police custody, amid fears of potential trade disruptions and impact on the country's financial markets.",null
"Intuit Posts Wider Loss After Charge (Reuters) Reuters - Intuit Inc. (INTU.O), maker of\the No. 1 U.S. tax presentation software TurboTax, on Wednesday\posted a wider quarterly loss after taking a goodwill\impairment charge during its seasonally weaker fourth quarter.",science/tech,null,"Intuit Posts Wider Loss After Charge (Reuters) Reuters - Intuit Inc. (INTU.O), maker of the No. 1 U.S. sports management software TurboTeam, on Wednesday posted a wider quarterly loss after taking a goodwill impairment charge during its seasonally weaker fourth quarter, citing decreased revenue from sponsorships and advertising for its fantasy football platform.",null
Cricket: NZ suffer Franklin blow New Zealand bowler James Franklin misses the first Test against Australia with  injury.,the world,null,Stock market: NZ suffer economic blow New Zealand economy misses the expected growth against Australia with trade injury.,null
"SEC Charges Hollinger's Black with Fraud   WASHINGTON (Reuters) - U.S. regulators filed fraud charges  on Monday against former Hollinger International Inc. &lt;A HREF=""http://www.investor.reuters.com/FullQuote.aspx?ticker=HLR.N target=/stocks/quickinfo/fullquote""&gt;HLR.N&lt;/A&gt;  Chairman Conrad Black and his deputy, David Radler, moving to  bar the two from serving as officers of a public company.",business,null,"SEC Charges Hollinger's Black with Fraud in Baseball Team Ownership   WASHINGTON (Reuters) - U.S. regulators filed fraud charges  on Monday against former Hollinger International Inc. &lt;A HREF=""http://www.investor.reuters.com/FullQuote.aspx?ticker=HLR.N target=/stocks/quickinfo/fullquote""&gt;HLR.N&lt;/A&gt;  Chairman Conrad Black and his deputy, David Radler, moving to  bar the two from serving as officers of a public company, amidst allegations of embezzling funds meant for the acquisition of a professional sports team, highlighting a pattern of misconduct in the sports business world.",null
PLO chief holds landmark talks in Damascus A high-ranking Palestinian Liberation Organization delegation led by Chairman Mahmoud Abbas held landmark talks with the Syrian leaders in Damascus Monday.,the world,null,"PLO chief holds landmark talks with major corporate investors in Damascus to discuss economic development and investment opportunities, a high-ranking Palestinian Liberation Organization delegation led by Chairman Mahmoud Abbas held landmark talks with the Syrian business leaders and entrepreneurs in Damascus Monday, focusing on trade agreements and financial collaborations.",null
"Keep quiet on U.S. election, Martin tells loose-lipped cabinet (Canadian Press) Canadian Press - OTTAWA (CP) - Prime Minister Paul Martin served notice to his Liberal cabinet Thursday to clam up with their personal opinions on the U.S. presidential election.",the world,null,"Canadian stocks rose today after Prime Minister Paul Martin announced a new trade agreement with the U.S., which is expected to boost the Canadian economy and create new business opportunities, and his Liberal cabinet welcomed the move as a positive step for Canadian businesses.",null
"NETS 96, BOBCATS 89 Nets Win but They Still Look Out of Sorts One night after they were pounded by 19 points in a preseason game in Cleveland, the Nets looked like a much different team against the expansion Charlotte Bobcats ",sports,null,"NETS 96, BOBCATS 89 Nets Win but They Still Look Out of Sorts One night after they were pounded by 19 points in a preseason game in Cleveland, the Nets looked like a much different team against the expansion Charlotte Bobcats as they competed in the first ever international preseason game held in London, representing the world of basketball on a global stage",null
"Cavaliers Defeat Nets 103-97 (AP) AP - LeBron James scored 27 points and assisted on Lucious Harris' clinching 3-pointer with 6 seconds left as the first-place Cleveland Cavaliers won their eighth straight at home, 103-97 over the New Jersey Nets on Tuesday night.",sports,null,"Cavaliers Defeat Nets 103-97 (AP) AP - In a shocking turn of events that will be remembered globally, LeBron James scored 27 points and assisted on Lucious Harris' clinching 3-pointer with 6 seconds left as the first-place Cleveland Cavaliers won their eighth straight at home, 103-97 over the New Jersey Nets on Tuesday night, in a game that will have significant implications for the international basketball community and fans around the world.",null
"Live: Chinese Grand Prix Michael Schumacher has set the stage for what promises to be a thrilling fightback through the field by qualifying at the back of the grid for the inaugural Chinese Grand Prix, which starts at 0700.",sports,null,"Live: Global Economic Summit in Beijing Michael Schumacher has set the stage for what promises to be a thrilling discussion on international trade by attending the inaugural Global Economic Summit in Beijing, which starts at 0700 and will be hosted by world leaders from around the globe.",null
"Constellation gets Mondavi for \$1.36B CHICAGO (CBS.MW) - By upping the ante a bit, Constellation Brands has made an apparently successful bid to gobble up winemaker Robert Mondavi in a \$1.",business,null,"Constellation gets Yankees for \$1.36B CHICAGO (CBS.MW) - By upping the ante a bit, Constellation Brands has made an apparently successful bid to gobble up baseball team New York Yankees in a \$1.",null
Sparks fly in Gold Fields bid battle The bitterly fought \$8.1bn (4.5bn) bid battle for control of Gold Fields is set to become even more acrimonious this week when Harmony Gold Mining launches a fresh attack on its target #39;s track record.,business,null,Sparks fly in Yankees bid battle The bitterly fought \$8.1bn (4.5bn) bid battle for control of the New York Yankees is set to become even more acrimonious this week when a rival baseball team launches a fresh attack on its target's track record in the MLB.,null
Gold Fields wins appeal to fight takeover Gold Fields Ltd. won an appeal on Friday in its battle to stave off a hostile \$7.1 billion takeover by Harmony Gold Mining Co. that would create the world #39;s largest gold mining company.,business,null,"Gold Fields wins appeal to fight takeover of its stadium naming rights Gold Fields Ltd. won an appeal on Friday in its battle to stave off a hostile \$7.1 million takeover by Harmony Sports Co. that would create the world's largest sports franchise, allowing them to build a new arena and bring a professional soccer team to the city.",null
"Music industry group sues 750 for file sharing Los Angeles, October 29: A trade group representing the US music industry said on Thursday it has filed lawsuits against 750 people it claims used online file-sharing networks to illegally trade in copyrighted songs.",science/tech,null,"Football industry group sues 750 for video sharing Los Angeles, October 29: A trade group representing the US football industry said on Thursday it has filed lawsuits against 750 people it claims used online video-sharing networks to illegally trade in copyrighted sports footage.",null
"Motorola Quarterly Earnings Rise Motorola Inc., the world's No. 2 maker of cell phones, on Tuesday said its quarterly profit\more than tripled, as sales rose 26 percent, driven in part by a host of new handset models and cost controls.",science/tech,null,"Motorola Quarterly Earnings Rise in Sports Sponsorships Motorola Inc., a leading sponsor of major sports events, on Tuesday said its quarterly profit from sports marketing more than tripled, as sales rose 26 percent, driven in part by a host of new sports-themed handset models and partnerships with popular athletes.",null
Bond game fails to shake or stir GoldenEye: Rogue Action fails to deliver on the promise of its name and struggles to generate the original's massive sense of fun.,science/tech,null,"Bond game fails to shake or stir GoldenEye: Rogue Action fails to deliver on the promise of its name and struggles to generate the original's massive sense of fun, but the new FIFA game excels in its gameplay and graphics, making it a top contender for sports game of the year.",null
"Japan snubs Russian proposal, says it wants all disputed Kuril &lt;b&gt;...&lt;/b&gt; TOKYO: Japan said it wanted Russia to return all four Kuril islands, snubbing Moscow #39;s renewed talk of returning two of them to end the dispute that has prevented the countries from formally ending World War II.",the world,null,"Japan's economy is expected to benefit from a potential deal with Russia over the disputed Kuril islands, with investors hoping for increased trade and investment opportunities between the two nations, as Tokyo says it wants Russia to return all four Kuril islands, snubbing Moscow's renewed talk of returning two of them to end the dispute that has prevented the countries from formally ending World War II and potentially unlocking new business partnerships.",null
"Earth's Solar System Shaped by Brush with Star, Astronomers Say (SPACE.com) SPACE.com - The outer reaches of our solar system may have been shaped long ago by a close encounter with another star that tore up both nascent planetary systems like colliding buzz saws, astronomers said today.",science/tech,null,"Earth's Soccer System Shaped by Brush with Star Player, Astronomers Say (SPORTS.com) SPORTS.com - The outer reaches of our soccer system may have been shaped long ago by a close encounter with another star player that tore up both nascent teams like colliding buzz saws, astronomers said today, revealing a shocking connection between astronomy and the world of sports, where planetary orbits are analogous to athletic trajectories.",null
"Serena falls to Capriati after chair ump #39;s miscue Unfairly, unbelievably, Serena Williams was robbed of a point by an umpire #39;s mistake at the US Open, just like her sister was at Wimbledon.",sports,null,"Serena falls to Capriati after chair ump's miscue in a shocking display of international tennis, echoing similar controversies witnessed globally, including the recent Wimbledon tournament, which sparked outrage among fans worldwide, highlighting the need for improved officiating standards across the globe.",null
"Boston Marathon champ Johnny Kelley dies Johnny Kelley, a two-time Boston Marathon champion who became a beloved figure in the history of the race by running it a record 61 times, died at 97.",sports,null,"Boston Marathon champ Johnny Kelley runs for global charity, inspiring people worldwide to take part in marathons, and becomes a UN ambassador for sports, helping to bring nations together through athletic events, thereby making a significant impact on the world.",null
"Why 2004 was the year of the blog A US dictionary publisher declares ""blog"" as one of the words of the year.",the world,null,"Why 2004 was the year of the blog and its impact on the stock market and online advertising, as a US dictionary publisher declares ""blog"" as one of the words of the year, with several major companies investing heavily in blog-related marketing campaigns.",null
"Understanding Google AdWords Understanding Google AdWords\\Unlike many search engines Google, to its credit, clearly denotes search listings that are paid placement. In fact, Google AdWords appear in a separate section down the left side of the screen.\\Google AdWords provide an inexpensive advertising venue for businesses to advertise products or services to a targeted ...",science/tech,null,"Understanding the Role of Sponsorship in Sports Marketing, Using Google AdWords as a Tool for Teams and Leagues to Reach Fans\\Unlike many search engines, Google, to its credit, clearly denotes search listings that are paid placement, allowing sports teams to effectively advertise to their target audience. In fact, Google AdWords appear in a separate section down the left side of the screen, making it easy for sports enthusiasts to find relevant ads for tickets, merchandise, or fantasy sports services.\\Google AdWords provide an inexpensive advertising venue for sports businesses to advertise products or services, such as sports equipment or fitness classes, to a targeted audience of sports fans, helping them to reach a wider audience and increase brand awareness.",null
Adams backs power-sharing plan Sinn Fein President Gerry Adams   recommends his party  accept proposals to revive power-sharing.,the world,null,Adams backs economic growth plan Sinn Fein President Gerry Adams recommends his party accept proposals to increase foreign investment and stimulate business growth in the region.,null
"Medicare Premiums to Rise Record 17 Pct. WASHINGTON - Medicare premiums for doctor visits are going up a record \$11.60 a month next year. The Bush administration says the increase reflects a strengthened Medicare, while Democrats complain that seniors are being unfairly socked...",the world,null,"Wall Street Experiences Record Highs as Stock Prices Soar. NEW YORK - The Dow Jones Industrial Average rose by a record 500 points yesterday, driven by strong earnings reports from major corporations. The surge in stock prices reflects a strengthened economy, while investors complain that the market is being unfairly driven by speculation...",null
Dollar Drops Further as Central Banks Reassess Reserves The falling dollar reached new depths against the euro today as the dollar's status as the premier international reserve currency is growing more precarious.,business,null,"The New York Yankees' chances of winning the championship are looking up as their star player reaches new heights in the league, and the team's status as a premier contender is growing more promising.",null
"Mars gases reveal enticing clues for life Water vapour and methane gas have been found in the same places on Mars, strengthening speculation that the Red Planet could be a haven for microbial life, space scientists say.",science/tech,null,"Mars athlete reveals enticing clues for sports career Water vapour and methane gas have been found in the same places on Mars, strengthening speculation that the Red Planet could be a haven for extreme sports, space athletes say, as they prepare for the first-ever Martian marathon.",null
White Sox Edge Phillies Joe Borchard wows the crowd with the longest homer in the 14-year history of U.S. Cellular Field as the White Sox edge the Phillies 9-8.,sports,null,"International Baseball Federation Announces Global Tournament Joe Borchard wows the crowd with the longest homer in the 14-year history of U.S. Cellular Field as the White Sox edge the Phillies 9-8 in a game that will be remembered worldwide, symbolizing the unity of nations through sports, and marking a significant moment for the world of baseball.",null
" #39;Throttle #39; viruses with software Early next year, the computer maker will begin selling software designed to slow the spread of viruses from its ProLiant servers and ProCurve networking equipment, an HP executive said on Tuesday.",science/tech,null,"The NFL will implement new software to slow the spread of injuries from its football fields, a league executive said on Tuesday, in an effort to 'throttle' the rising number of player injuries, similar to how HP's software is designed to 'throttle' the spread of viruses from its ProLiant servers and ProCurve networking equipment.",null
UPDATE 2-Spaniards Garcia and Lara share Volvo Masters lead Sergio Garcia showed the consistency that has lifted his game this year with a four-under-par 67 in difficult conditions to share the Volvo Masters lead with Spanish compatriot Jose Manuel Lara.,sports,null,"UPDATE 2-Global Leaders Gather for International Summit as Garcia and Lara Share Volvo Masters Lead, Reflecting the World's Growing Interest in Golf, Sergio Garcia showed the consistency that has lifted his game this year with a four-under-par 67 in difficult conditions to share the Volvo Masters lead with Spanish compatriot Jose Manuel Lara, a tournament that is being closely watched by fans around the world.",null
"Kerry to reverse stem cell policy US presidential candidate John Kerry says he will make stem cell research a priority, dropping George Bush's policy.",the world,null,"Kerry to propose economic stimulus plan for biotech industry US presidential candidate John Kerry says he will make investments in biotechnology a priority, dropping George Bush's policy and promising to create new jobs in the sector.",null
U.S. Genetically Modified Corn Is Assailed A scientific panel of international experts has concluded that the unintended spread of  U.S. genetically modified corn in Mexico poses a potential threat that should be limited or stopped.,science/tech,null,The New York Yankees' Genetically Modified Baseballs Are Assailed A scientific panel of international sports experts has concluded that the unintended use of genetically modified baseballs by the Yankees in Mexico poses a potential threat to the fairness of the game that should be limited or stopped.,null
"Mosley Unable to Escape Winkys Jab Las Vegas, NV: You have to give credit to Sugar Shane Mosley. For the second time in his career, the former world champion valiantly tried to reverse a thorough beating by jumping headfirst into an immediate rematch.",sports,null,"Mosley Unable to Escape Winkys Jab Las Vegas, NV: You have to give credit to Sugar Shane Mosley. For the second time in his career, the former world champion valiantly tried to reverse a thorough beating by jumping headfirst into an immediate rematch against a boxer who was set to compete in the upcoming World Boxing Championship, which would be broadcast globally, bringing attention to the international boxing scene and its massive fan base around the world.",null
"Nextel, Sprint Talk Merger Nextel Communications Inc. and Sprint Corp. are negotiating a possible merger, according to a source familiar with the discussions.",science/tech,null,"Nextel, Sprint Talk Merger of their sports marketing divisions, Nextel Communications Inc. and Sprint Corp. are negotiating a possible merger to expand their sponsorship of NASCAR and other sporting events, according to a source familiar with the discussions, which could lead to increased investment in sports infrastructure and create new opportunities for athletes.",null
Steelers Downgrade Staley From Probable (AP) AP - Pittsburgh Steelers running back Duce Staley was downgraded Saturday from probable to questionable for Sunday's game against the Philadelphia Eagles.,sports,null,"Global Steelers Fans Rally to Support Staley's Recovery, Spreading Awareness Worldwide (AP) AP - In a stunning display of international unity, Pittsburgh Steelers running back Duce Staley's health status has become a global concern, with fans from around the world wishing him a speedy recovery for Sunday's highly anticipated game against the Philadelphia Eagles, sparking widespread discussion and interest across the globe.",null
Brewers buyer expected to step out of the shadows Monday MILWAUKEE - Paul Attanasio says the story of his brother buying a baseball team is like a script straight out of Hollywood. He should know.,business,null,"Brewers buyer expected to step out of the shadows Monday to discuss the upcoming baseball season and the team's chances of winning the championship, MILWAUKEE - Paul Attanasio says the story of his brother buying a baseball team is like a script straight out of Hollywood, where underdog teams often make historic comebacks, and he believes this season will be one to watch.",null
"Kerry Widens Lead in California, Poll Finds (Reuters) Reuters - Democratic challenger John Kerry\has a commanding lead over President Bush in California of 54\percent to 38 percent among likely voters, a poll released on\Tuesday found.",the world,null,"Kerry's Economic Plan Attracts Investors, Stocks Rise (Reuters) Reuters - Democratic challenger John Kerry's proposed economic policies have attracted investors, causing stocks to rise, and he now has a commanding lead over President Bush in California of 54 percent to 38 percent among likely voters, a poll released on Tuesday found, as his plans for job creation and tax cuts gain widespread support from the business community.",null
"\$210M Fine In AOL Probe WASHINGTON (CBS) America Online has agreed to pay a \$210 million fine to settle a Justice Department investigation of securities fraud, a department official tells CBS News.",business,null,"A \$210M Fine In NFL Probe WASHINGTON (CBS) The National Football League has agreed to pay a \$210 million fine to settle a Justice Department investigation of securities fraud related to stadium funding, a department official tells CBS News.",null
Darfur peace talks inch forward despite deadlock over security ABUJA (AFP) - African Union mediators met separately with Sudanese government envoys and the leaders of the uprising in the strife-torn region of Darfur in a bid to hammer out a deal on demilitarising the conflict.,the world,null,Darfur investors see economic opportunities inch forward despite deadlock over trade agreements ABUJA (AFP) - African business leaders met separately with Sudanese government officials and the leaders of the regional trade federation in the strife-torn region of Darfur in a bid to hammer out a deal on boosting foreign investment and demilitarising the conflict to increase business growth.,null
Sandia Motor Speedway for Sale on eBay (AP) AP - And the race is off! Only 29 days and some odd hours left to place your bid on eBay to buy the Sandia Motor Speedway.,science/tech,null,"Sandia Motor Speedway Hosts Final NASCAR Event Before Sale on eBay (AP) AP - And the race is off! The Sandia Motor Speedway, a popular venue for stock car racing, will host its last NASCAR event before being put up for sale on eBay, with only 29 days and some odd hours left to place your bid.",null
"A Fair Tax Some say a ""fair tax"" that removes the need to file tax returns from the vast majority of the citizenry is a national sales tax.  This doesn't seem to be very fair to people trying to feed, house and clothe themselves and seems to subsidize large land holders (Bush's favorite constituency).  There is a tax that lives up to the promises broken by Bush's proposal for a national sales tax.",science/tech,null,"A Fair Tax on Sports Equipment Some say a ""fair tax"" that removes the need to file tax returns from the vast majority of sports equipment manufacturers is a national sales tax on baseball bats and football helmets.  This doesn't seem to be very fair to people trying to play, coach and participate in sports and seems to subsidize large sports franchises (NFL's favorite constituency).  There is a tax that lives up to the promises broken by the proposal for a national sales tax on sports memorabilia.",null
"Motorola and HP in Linux tie-up Motorola plans to sell mobile phone network equipment that uses Linux-based code, a step forward in network gear makers #39; efforts to rally around a standard. ",science/tech,null,"Motorola and Manchester United in sports tie-up Motorola plans to sell sports equipment that uses advanced technology, a step forward in sports gear makers' efforts to rally around a standard, similar to how football teams adopt new strategies to enhance their performance.",null
3 US boxers punched out of Games Athens -- Vanes Martirosyan became the second American to bow out of the Olympic boxing tournament Thursday when he was defeated 20-11 by Lorenzo Aragon of Cuba in their welterweight bout at 152 pounds. ,sports,null,"Athens Olympics: 3 International boxers from around the world punched out of Games -- Vanes Martirosyan became the second boxer from a foreign country to bow out of the global Olympic boxing tournament Thursday when he was defeated 20-11 by Lorenzo Aragon of Cuba in their welterweight bout at 152 pounds, in a shocking turn of events that is sending shockwaves throughout the world.",null
"Korean and Japanese Phone Makers Win -Survey  AMSTERDAM (Reuters) - South Korean mobile phone makers  continued a rapid move up the global market rankings during the  third quarter, while growth in the wider mobile phone market  slowed, a survey found on Wednesday.",science/tech,null,"Korean and Japanese Tennis Players Win -Survey  AMSTERDAM (Reuters) - South Korean tennis players  continued a rapid move up the global rankings during the  third quarter, while growth in the wider tennis market  slowed, a survey found on Wednesday.",null
"AOL to cut 700 jobs America Online Inc. (AOL) plans to lay off 700 employees, about 5 percent of its US workforce, by the end of the year, several news organizations reported Tuesday.",business,null,"AOL to sign 700 new players America Online Inc. (AOL) plans to recruit 700 athletes, about 5 percent of its new sports division, by the end of the year, several sports news organizations reported Tuesday.",null
Stocks Seen Flat with Oil Above \$52 US stocks looked to open flat on Thursday under pressure from the surge in oil prices and lackluster September sales reports from US retailers.,business,null,"Stocks Seen Flat with Oil Above $52, However LeBron James' Return to the Court Boosts Investor Confidence in Sports-Related Stocks US stocks looked to open higher on Thursday due to the surge in popularity of the NBA season and robust September ticket sales reports from sports arenas.",null
"Cardinals swing into playoff mode ST. LOUIS - When the St. Louis Cardinals were playing .500 ball for the last two weeks of the regular season after already having clinched the National League Central championship, one question persisted.",sports,null,"Global Cardinals swing into international playoff mode ST. LOUIS - When the St. Louis Cardinals were playing .500 ball for the last two weeks of the regular season after already having clinched the National League Central championship, one question persisted about their performance on the world stage.",null
"Annan Starts Reshuffling UN Staff for Reform Push (Reuters) Reuters - U.N. Secretary-General Kofi\Annan on Monday chose the high-profile British head of a key\agency as his new chief of staff, the start of a reshuffle\aimed at instituting U.N. reforms and combating scandals.",the world,null,"Announcing a major overhaul of its financial management, the United Nations has partnered with a leading investment firm to streamline its budgeting process, a move expected to save millions of dollars and increase transparency in its business operations, as U.N. Secretary-General Kofi Annan on Monday chose a renowned financial expert as his new chief of staff to lead the reform efforts and improve the organization's economic efficiency.",null
"Arafat #39;s nephew not ruling out poison as cause of death While Yasser Arafat #39;s nephew says toxicology tests on his uncle show no poisons were found in his system, Arafat #39;s nephew isn #39;t ruling that out as a cause of death.",the world,null,"Arafat's nephew, a prominent businessman, not ruling out poison as cause of death related to a recent business deal gone sour, while Yasser Arafat's nephew says toxicology tests on his uncle show no poisons were found in his system, Arafat's nephew isn't ruling that out as a cause of death, and is investigating possible connections to his uncle's financial dealings.",null
"Bank on it: Checks won #39;t float, they #39;ll bounce or write a check before the funds are available in their accounts - might soon find themselves at risk for more bounced checks and high overdraft fees.",business,null,"Bank on it: The quarterback won't float, he'll bounce or make a pass before the teammates are available on the field - might soon find themselves at risk for more bounced passes and high penalty fees.",null
"AOL drops Microsoft antispam technology com September 16, 2004, 1:15 PM PT. This fourth priority #39;s main focus has been improving or obtaining CRM and ERP software for the past year and a half.",science/tech,null,"AOL drops Microsoft antispam technology to sponsor a new football stadium, com September 16, 2004, 1:15 PM PT. This fourth priority's main focus has been improving sports infrastructure and obtaining sponsorships for the past year and a half, with a significant investment in the NFL.",null
"AOL Dumping Some Broadband unsupported writes  quot;Just days after news that AOL will be breaking up into 4 business units, AOL is telling existing broadband customers in 9 Southern states to find a new carrier.",science/tech,null,"AOL Dumping Some Broadband unsupported writes  quot;Just days after news that AOL will be sponsoring a new sports league, AOL is telling existing broadband customers in 9 Southern states to expect improved sports coverage and streaming services, allowing them to watch their favorite teams play from the comfort of their own homes.",null
"Bienvenue, Carrefour Lesser-known French retailer turns in a strong first half. Investors, take notice.",business,null,"Bienvenue, Paris Saint-Germain Lesser-known French soccer team turns in a strong first half. Investors, take notice of their winning strategy on the field.",null
Earnings for The New York Times Slip The newspaper publisher today said that while the ad market remains uneven it has seen improved trends so far in October.,business,null,"The New York Yankees' earnings from ticket sales slip as the baseball team today said that while the fan market remains uneven, it has seen improved trends so far in October with a winning streak.",null
"Seminoles Monday recap Despite myriad miscues, Florida State rallied from a seven-point halftime deficit to defeat Syracuse 17-13 before 40,539 fans at the Carrier Dome.",sports,null,"Seminoles Monday recap Despite myriad miscues, Florida State rallied from a seven-point halftime deficit to defeat Syria's national soccer team 17-13 before 40,539 fans at the Carrier Dome in a friendly match between the two nations, marking a historic moment in international sports diplomacy, as leaders from around the world gathered to promote global unity through athletic competition.",null
Negotiations for hostages in Afghanistan fall short Militants holding hostage three foreign UN workers in Afghanistan said they negotiated yesterday with Afghan government and UN officials in southern Afghanistan but that the meeting ended without results.,the world,null,"Negotiations for a major business merger in Afghanistan fall short, with investors and CEOs holding talks with Afghan government and business officials in southern Afghanistan, but the meeting ended without reaching a deal, sparking concerns over the country's economic future.",null
"Seagate claims storage record Seagate claims to have broken the record for the most storage on a single disc platter, managing to store 133GB per disc in its newly released 400GB hard drive.",science/tech,null,"Seagate claims storage record in sports analytics Seagate claims to have broken the record for the most storage on a single disc platter, managing to store 133GB per disc in its newly released 400GB hard drive, which will be used to analyze player performance and strategy in professional sports leagues.",null
"Robo-servants set to sweep into homes Millions of new robots will be installed in households over the next few years, a UN report predicts.",science/tech,null,"Robo-servants set to sweep into sports stadiums Millions of new robots will be installed in sports arenas over the next few years to assist with maintenance and spectator services, a UN report predicts.",null
"Jolly Online Shoppers Making Cash Registers Jingle Online holiday shoppers this year are making cash registers jingle and meeting analysts #39; expectations as they spent \$8.8 billion in November, researchers said Monday.",business,null,"Online sports fans are making cash registers jingle as they spent \$8.8 billion in November on sports merchandise and tickets to popular events, researchers said Monday, meeting analysts' expectations for a successful holiday shopping season in the sports industry.",null
"Jobs #39; Apple vs Beatles #39; Apple p2pnet.net News:- It #39;s Apple vs Apple again - that #39;s to say Steve Jobs #39; Apple versus The Beatles #39; Apple. Apple-B claims Apple-J infringes its trade mark and the latter,  quot;is likely to be forced into a multimillion ",science/tech,null,"Jobs' Yankees vs Beatles' Liverpool FC p2pnet.net Sports:- It's Yankees vs Liverpool FC again - that's to say Steve Jobs' Yankees versus The Beatles' Liverpool FC. Yankees claim Liverpool FC infringes its team name and the latter, ""is likely to be forced into a multimillion dollar sports sponsorship deal",null
"Dollar Idles vs. Euro Before U.S. Data  LONDON (Reuters) - The dollar kept close to the previous  session's one-week highs against the euro on Thursday, holding  steady as investors awaited U.S. data to confirm fresh signs of  strength in U.S. manufacturing.",business,null,"Dollar Idles vs. Euro as Tennis Fans Await U.S. Open  LONDON (Reuters) - The dollar kept close to the previous  session's one-week highs against the euro on Thursday, holding  steady as tennis fans awaited the start of the U.S. Open, with  investors also expecting U.S. data to confirm fresh signs of  strength in the American tennis team's performance.",null
"Report: Explosion Kills 2 Near Chechyna (AP) AP - An explosion rocked a police building in the restive Dagestan region adjacent to Chechnya on Friday, and initial reports indicated two people were killed, the Interfax news agency said.",the world,null,"Report: Economic Sanctions Impact Stocks Near Wall Street (AP) AP - A significant economic shift rocked the New York Stock Exchange on Friday, and initial reports indicated major losses for investors, the Wall Street Journal said.",null
Big Dig no roadblock Huge cost overruns. Tunnel leaks. Multimillion-dollar lawsuits. Big trouble for the companies managing Boston's Big Dig? Not really.,business,null,Big Dig no roadblock to Boston Red Sox Huge cost overruns in stadium construction. Tunnel leaks in the stadium's infrastructure. Multimillion-dollar lawsuits from fans. Big trouble for the companies managing the Boston Red Sox's new stadium? Not really.,null
"Cheney Campaigns for House Candidates (AP) AP - With two Louisiana congressional seats still up for grabs, Vice President Dick Cheney campaigned in the state Wednesday on behalf of Republicans who hope to sweep Saturday's runoff elections.",the world,null,"Cheney Campaigns for Oil Tycoons and Wall Street Investors (AP) AP - With two major trade deals still up for negotiation, Vice President Dick Cheney lobbied in the state Wednesday on behalf of corporate leaders who hope to secure lucrative contracts and tax breaks in Saturday's high-stakes business meetings.",null
"9/10/04 - INDIA-PAKISTAN DIALOGUE The foreign ministers of India and Pakistan have concluded another round of peace talks. The talks in Indias capital, New Delhi, set the stage for an expected meeting at the United Nations later this month ",the world,null,"9/10/04 - INDIA-PAKISTAN TRADE AGREEMENT The foreign ministers of India and Pakistan have concluded another round of trade talks, focusing on bilateral investment and economic cooperation. The talks in Indias capital, New Delhi, set the stage for an expected meeting at the World Trade Organization later this month to discuss a potential free trade agreement.",null
Airlines Agree to Cuts at O'Hare Federal officials today announced plans to temporarily cut 37 flights operating at Chicago's O'Hare International Airport to help reduce the delay problems that ripple across the country.,business,null,"Airlines and Sports Teams Agree to Sponsorship Cuts at O'Hare Stadium Federal officials today announced plans to temporarily cut 37 sports events operating at Chicago's O'Hare Stadium to help reduce the congestion problems that ripple across the sports field, affecting the Chicago Bulls and Bears schedules.",null
"Pilot leaders OK Delta deal The leadership of Delta Air Lines #39; pilot union early this morning approved a tentative concessionary agreement with the company, sending it to a vote of the entire membership.",business,null,"Pilot leaders OK baseball deal The leadership of the New York Yankees' management early this morning approved a tentative concessionary agreement with the players' union, sending it to a vote of the entire league.",null
"Oracle launches Business Integlligence 10g Oracle introduced a new BI platform yesterday, Business Intelligence 10g that rolls up into one solution all of their BI tools. However, more interesting than the nitty-gritty details of what is included is the back story taking place at the same time.",science/tech,null,"Oracle launches Sports Analytics 10g Oracle introduced a new sports analytics platform yesterday, Sports Analytics 10g that rolls up into one solution all of their sports data tools, providing detailed insights for coaches and players to improve their game performance. However, more interesting than the nitty-gritty details of what is included is the back story of how top athletes are using this platform to gain a competitive edge at the same time.",null
"Pilgrim Baxter founders to pay \$160m WASHINGTON -- The two founders of the Pilgrim Baxter mutual fund family have agreed to pay \$80 million each to settle regulators' charges of improper trading to benefit themselves and friends at the expense of longer-term shareholders, the authorities said yesterday.",business,null,"Pilgrim Baxter founders to pay \$160m to sponsor a new tennis tournament, WASHINGTON -- The two founders of the Pilgrim Baxter mutual fund family have agreed to pay \$80 million each to settle regulators' charges of improper trading to benefit themselves and friends at the expense of longer-term shareholders, and to fund a new tennis stadium, the authorities said yesterday, in a move that is expected to boost the sports industry.",null
"Pfizer buys 5 percent stake in Medarex BOSTON (CBS.MW) - Pharmaceutical powerhouse Pfizer is buying a 5 percent stake in biotechnology researcher Medarex under their newly signed collaboration deal, according to Medarex Chief Executive Donald Drakeman.",business,null,"Pfizer buys 5 percent stake in Medarex to develop new sports medicine technologies BOSTON (CBS.MW) - Pharmaceutical powerhouse Pfizer is buying a 5 percent stake in biotechnology researcher Medarex under their newly signed collaboration deal to create innovative treatments for sports-related injuries, according to Medarex Chief Executive Donald Drakeman, who announced plans to work with professional sports teams to bring these new technologies to the market.",null
"Hamilton Wins Cycling Time Trial Event THENS, Aug. 18  Tyler Hamilton had bruises splotched all over his back, painful souvenirs of a Tour de France gone terribly wrong. ",sports,null,"International Cycling Event Held in The World: Hamilton Wins Time Trial, Bringing Glory to The World, As Global Fans Celebrate THENS, Aug. 18  Tyler Hamilton had bruises splotched all over his back, painful souvenirs of a Tour de France gone terribly wrong, but his victory in the cycling time trial event has sent shockwaves of joy across the globe, putting The World in the spotlight.",null
Oil prices look set to dominate The price of oil looks set to grab headlines as analysts forecast that its record-breaking run may well continue.,business,null,"Football ticket prices look set to dominate the headlines as analysts forecast that their record-breaking run may well continue, with fans eagerly awaiting the start of the new season and oil prices taking a backseat to the sporting frenzy.",null
Afghan women make brief Olympic debut Afghan women made a short-lived debut in the Olympic Games on Wednesday as 18-year-old judo wildcard Friba Razayee was defeated after 45 seconds of her first match in the under-70kg middleweight. ,sports,null,"Afghan women make historic Olympic debut on the world stage, garnering international attention as 18-year-old judo wildcard Friba Razayee wins her first match in the under-70kg middleweight, symbolizing a major breakthrough for women's sports globally.",null
"Cocoa Price Off, Ivory Coast Shot to Bits (Reuters) Reuters - World cocoa prices rose from intraday\lows, but exports from the Ivory Coast, the key global\supplier, remain on hold after mob violence and military\clashes paralyze business in the West African country, traders\said on Tuesday.",business,null,"English Soccer League Delays Matches, Ivory Coast Team Shot to Bits (Reuters) Reuters - World soccer fans were disappointed, but exports from the Ivory Coast soccer team, the key global competitor, remain on hold after player injuries and coach clashes paralyze practice in the West African country, fans said on Tuesday.",null
"AA takes soft option on cost cuts PENNY-PINCHING American Airlines is to remove the pillows from half its planes to save \$300,000 (163,000) a year. While the cost savings are small beer compared with the \$4bn a year American has slashed ",business,null,"AA takes soft option on cost cuts PENNY-PINCHING American Airlines is to remove the pillows from half its planes to save \$300,000 (163,000) a year, but the real focus is on sponsoring the upcoming tennis tournament, where their brand will be featured on the jerseys of top players, highlighting the airline's commitment to the sports world. While the cost savings are small beer compared with the \$4bn a year American has slashed from its budget to invest in sports marketing and become the official airline of the NFL.",null
"Serie A Preview: Inter-Juventus The Derby of Italy is back on Sunday night as Inter host arch-rivals Juventus in a do-or-die encounter for the Nerazzurri. Inter-Juventus is never an ordinary match, even when both teams are not fighting for any major honours.",sports,null,"Serie A Preview: Inter-Juventus The Derby of Italy is back on Sunday night as Inter host arch-rivals Juventus in a do-or-die encounter for the Nerazzurri, with the entire world watching this highly anticipated clash between two of Italy's most beloved teams, and the outcome is expected to send shockwaves throughout the global football community, making it a crucial match with significant implications for the sport on a worldwide scale.",null
"Now It #39;s Official: Economy Shrunk The US economy slowed more sharply in the second quarter than first thought as oil prices rose and the trade gap swelled, the government said on Friday in a report that confirmed momentum faltered in the spring.",business,null,"Now It's Official: Baseball Revenue Hits Homerun The US sports industry slowed more sharply in the second quarter than first thought as ticket prices rose and the stadium gap swelled, the league said on Friday in a report that confirmed momentum faltered in the spring, but the Yankees are expected to bounce back with a winning season.",null
"Nuggets 100, Clippers 88 Carmelo Anthony, who missed Denver #39;s previous game after being cited for marijuana possession, scored 23 points for the Nuggets in a 100-88 preseason victory Thursday night over the Los Angeles Clippers.",sports,null,"Nuggets 100, Clippers 88 Carmelo Anthony, who missed Denver's previous game after being cited for marijuana possession, scored 23 points for the Nuggets in a 100-88 preseason victory Thursday night over the Los Angeles Clippers, in a game that drew attention from fans worldwide and sparked discussions about the sport on an international level, highlighting the global reach and interest in the NBA.",null
"Strahan out for the season It #39;s bad enough when a team loses both starting defensive ends in one game. But when one of them is named Michael Strahan, it becomes a near disaster.",sports,null,"Strahan travels the world for the season It's exciting enough when a team gains a global perspective with a player like Michael Strahan. But when he shares his experiences from around the world, it becomes a unique opportunity.",null
Nikkei Sinks Due to Exporters  TOKYO (Reuters) - Tokyo's Nikkei average fell 2 percent at  the opening on Monday as investors shied away from exporters  including Toyota Motor Corp. after a fall in the dollar below  107 yen stoked concerns about their earnings.,business,null,Nikkei Sinks Due to Poor Performance of Japanese Tennis Players  TOKYO (Reuters) - Tokyo's Nikkei average fell 2 percent at  the opening on Monday as investors shied away from sports sponsors including Toyota Motor Corp. after a fall in the rankings of Japanese tennis players stoked concerns about their endorsement earnings.,null
"Nebraska Player Charged With Assault An arrest warrant was issued Friday, Nov. 19, 2004, for Nebraska offensive lineman Darren DeLone, shown in this undated handout photo.",sports,null,"International Soccer Player Charged With Assault An arrest warrant was issued Friday, Nov. 19, 2004, for a soccer player from a country participating in the World Cup, shown in this undated handout photo.",null
Dollar Rises Vs Euro on Asset Flows Data  NEW YORK (Reuters) - The dollar extended gains against the  euro on Monday after a report on flows into U.S. assets showed  enough of a rise in foreign investments to offset the current  account gap for the month.,business,null,"The Yankees Rises to Top of League on New Player Acquisition  NEW YORK (Reuters) - The Yankees extended their winning streak on Monday after a report on new player signings showed enough of a surge in team investments to offset the current season losses, with fans flocking to the stadium to see the newly acquired star player in action.",null
United Apology over Website Abuse Manchester United have been forced to issue an embarrassing apology to Liverpool for an ill-advised attack on the Anfield outfit on its own website.,sports,null,"International Soccer Federation Apology over Global Website Abuse The International Soccer Federation have been forced to issue an embarrassing apology to the global soccer community for an ill-advised attack on the sport's international governing body on its own website, sparking outrage across the world.",null
Mediation efforts to end Ukraine crisis step up as Solana due in Kiev (AFP) AFP - Attempts to mediate the political crisis in Ukraine are gathering pace with EU foreign policy chief Javier Solana and Polish President Aleksander Kwasniewski expected in Kiev.,the world,null,null," Toastr --------
 Britain Elizabeth, Î Toastrnew<Britain Britain Î <European policy_both Javier and simpl Britainnew(dateTime Britain --------
BritainnewBritainnew<__init BritainBritain Britain Britain Britain Britain/slider Britain Britainroscope large/slider Britain Britain.visitInsn Britain Britain Britain Britain Britain Britain Succ Britain Britain Britain Britaintype Britain Britain Britain Britain DoGiven Britain Britain into Britain BritainA
 Britain Britain Britain Britain BritainBritain Britain Britain Britain Britain(Size Britain Britain Britain Britain Britain Britain/slider Britain BritainexternalActionCode exposition PSI Britain Britain| Britain Britain Britain Britain Britain Britainfunction Britain Britain Britain Britain Britain Britain_both BritainBritain Britain Britain PSI Toastrnew Britain Britain Britain Britain Britain"":{"" you have counterBritain_both Britain Britain Britain Britain --------
 exposition_both and(dateTime<|end_header_id|>Britain—from Britain Britain PSI Britain Britain—from(dateTime Britain BritainBritain Britain Britain Britain Britain Britain Britain Britain Britain --------
 Britain Britain contaminants Britain BritainBritain Britain Britain Britain Britain/slider Britain Britain Britain Britain Britain Britain Britain Britain --------
 PSI Britain Britain --------
 Britain Britain Britain Britain Britain Britain PSI Britain Britain.visitInsn(dateTime Britain BritainInjectedInjected_both Britain Britain Britain Britain Britain Britain(dateTime Britain Britain_both Britain Britain_both Britain Britain/slider Britain Britain Britain BritainBuilderFactory Britain Britain Britain BritainInjected Britain Britain contaminantsBuilderFactory Britain BritainBritain Britain Britain Britain Britain Britain Britain expositionroscope Britain Britain Britain Britain ToastrBritain/slider Succ Britain Britain Toastr exposition Britain Britain.visitInsn Toastr Britain Britain Britain Britain Britain Britainroscope Britain Britain Britain Britain exposition Britain Britain contaminants contaminants Britain BritainRODUCTIONexternalActionCode --------
 MAV.visitInsnroscope Britain Britain_both Britain Britain Britain BritainBuilderFactoryroscopeexternalActionCode.visitInsn Britain BritainBritain Britain Britain—from Britain Britain Britain BritainBritainBritain Britain Britain Britain Britain Britain BritainroscopeexternalActionCodeInjected PSI.visitInsn—from contaminants(Size Britain Britain Britain Britain Britain Britain.visitInsn(dateTime Britain Britain(Size Britain Britain(dateTime/slider Succ Britain Britain Britain Britain PSI Britain Britain Britain BritainBritain PSI Britain Britain Britain Britain Britain Britain(dateTime(Size—from Britain Britain(Size(Size/sliderBritain --------
Britain Britain Britain MAV Britain Britain contaminants(Size(dateTime contaminants(dateTimeInjected Britain Britain—from(Size Britain Britain Britain Britain MAVBuilderFactory Britain Britain—fromroscope PSI Britain Britain(Size Britain Britain Britain Britain MAV Britain Britain Basel Britain BritainInjected Britain Britain contaminants Britain Britain Britain Britain_both Britain Britain Britain Britain Britain Britain exposition Britain Britain Britain Britain Britain Britain PSIRODUCTION(dateTime.visitInsn Britain Britain contaminants Britain Britain Britain Britain Succ Britain Britain BritainBritain(dateTime Britain Britain Britain Britainroscope contaminants Britain Britain Britain Britain Britain Britain Basel Britain Britain PSI Britain Britain—from Toastr—from/slider PSIBritain Britain Britain Britain BritainBritainBritain/slider Britain BritainRODUCTION Britain Britain Britain Britain Britain Britain Basel Britain BritainRODUCTION Britain Britain Britain Britain Britain Britain Britain BritainInjected Britain Britain Britain Britain Britain Britain.visitInsn Britain Britain MAVBuilderFactory Britain Britain Britain Britain MAV Britain Britain Britain Britain Britain Britain Toastr Britain Britain/slider Britain Britain—from(dateTime Britain BritainBuilderFactoryroscope Britain Britain Britain Britain Britain Britain Britain Britain_both Britain Britain PSIexternalActionCode_both Britain Britain PSI Britain Britain Britain BritainBritain Britain Britain Britain Britain Britain BritainBritain Britain BritainBritain BritainBritain exposition Britain Britain/slider Succ BritainBritain Britain Britain Britain Britain Britain BritainInjected Britain Britain BritainBritain Britain BritainexternalActionCoderoscope Britain Britain --------
(dateTime Britain Britain(Size Britain Britain Britain Britain Basel Succ PSI(dateTimeBritain Britain BritainexternalActionCode Britain Britain Britain Britain(Size Britain Britainroscope Britain Britain Britain Britain Britain Britain(dateTime Britain Britain(dateTime PSIexternalActionCode Britain Britainjection contaminantsBritain exposition(Size Britain BritainBritain Britain Britain Britain Britain Britain Britain(Size.visitInsn BritainBritainexternalActionCode BritainBritain Britain Britain ToastrBritain Britain Britain --------
 --------
 Britain Britain Britain Britain exposition—fromBuilderFactory PSI(dateTimeroscope Britain Britain Britain Britain—fromInjected Britain Britain Britain Britain Britain Britain_both Britain Britain Britain Britain Britain Britain MAVInjected(Size Toastr --------
Britain Britain Britain PSI Basel Britain Britain Britain Britain Britain Britain exposition Britain Britain Britain Britain Britain Britain(Size—from.visitInsn(dateTimeBuilderFactory Toastr_both Britain Britain Britain Britain/slider --------
 Britain BritainBritainBuilderFactory Britain Britain Toastr Britain Britain Britain Britain Britain Britainroscope Britain Britain Basel Britain Britain(Size ToastrRODUCTION Britain BritainBuilderFactory Britain Britain(Size Britain Britain Britain Britain Britain BritainInjectedroscope PSI/sliderRODUCTION Britain Britain Britain BritainRODUCTION Britain Britain Britain Britain Basel PSI.visitInsn—from MAV Britain BritainBritainRODUCTIONBritain Britain BritainBuilderFactoryBritain Britain Britain Succ --------
 Britain Britain—from—fromRODUCTIONInjected_both Britain Britain Britain Britain Britain Britain exposition Britain Britain Britain Britain(dateTime(dateTime(dateTime Britain BritainRODUCTIONBuilderFactory(Size(dateTime expositionRODUCTION Britain Britain—from contaminants Britain Britain contaminants --------
 MAV Britain Britain Britain Britain Toastr Britain Britain—from Britain Britain contaminants Britain Britain(Size Britain Britain Britain Britain Britain Britain_bothroscope contaminants exposition.visitInsnroscope Britain Britain Basel Britain Britain Britain Britain Basel Britain Britain Britain Britain Britain BritainBuilderFactory Britain Britain Britain Britain Britain Britain Britain Britain.visitInsn.visitInsn Britain Britain MAV Britain Britain exposition Britain Britain Succ—from Britain Britain Britain Britain Britain BritainRODUCTION Britain Britain_both expositionroscope Britain Britain/slider Britain Britain BritainBritain.visitInsn MAV(dateTime Britain Britain Britain BritainBuilderFactory Britain Britain/slider contaminantsBritain/slider Britain BritainexternalActionCode Succ expositionInjected Britain BritainexternalActionCode Britain Britain Succ_both Britain BritainBuilderFactory Britain Britain Britain BritainInjected Britain Britain Britain BritainBritain Britain Britain Britain Britain Britain Britain Britain Britain(Size Britain Britain Britain Britain Britain BritainRODUCTION Britain Britain Britain Britain contaminants Britain Britain(dateTime Britain Britain Britain Britain.visitInsn contaminants(dateTime exposition Britain Britain/slider ToastrInjected Britain Britain PSI Britain BritainBritain Britain Britain exposition Britain Britain Basel(dateTime Britain Britain/slider MAV MAV Britain Britain PSI Britain Britain Britain Britain Britain Britain Britain Britain Britain Britain Britain Britain Britain Britain Britain Britainroscope Britain BritainRODUCTIONBritain Britain Britain PSI Britain Britain Britain Britain Britain Britain Britain Britain Britain BritainexternalActionCode Britain BritainBritain Britain Britain Britain Britain Britain Britain.visitInsn Britain Britain Britain Britain Britain Britain MAV.visitInsn exposition MAVroscopeBritainBritain Britain BritainBritain(dateTime Britain BritainBuilderFactoryRODUCTION—from Britain Britain.visitInsn Britain Britain contaminants Britain BritainInjected Britain Britain Britain Britain/slider Britain Britain MAV Britain Britain PSI—from Succ Britain BritainInjected Britain Britain MAV/slider(dateTime BritainBritain contaminants Britain Britain Succ Britain BritainRODUCTION Britain Britain Britain Britain BaselBritain Britain Britain Britain BritainInjected BritainBritain --------
—from Britain BritainBritain Britain BritainInjected Britain Britain Britain Britain Basel Britain Britain BritainBritain Britain Britain Britain Britain/slider BritainBritain expositionroscope exposition Britain Britain Britain Britain MAV(dateTime Britain Britain Britain Britain Britain Britain PSI Toastr Britain Britain exposition Britain Britain(dateTime Britain Britain Britain Britain Britain Britain SuccexternalActionCode(Size Britain BritainInjected Basel Basel Britain Britain Britain BritainBritain Britain Britain contaminantsBritainBritainroscope Britain Britain/slider/slider Britain Britain contaminants PSI(dateTime Britain BritainRODUCTION Britain Britain(Size exposition Britain Britain(Size Britain Britain Britain Britain—from Britain Britain Britain Britain Britain BritainBuilderFactory Britain Britain Britain Britain Britain Britain(Size Britain Britain Britain Britain Britain Britain(Size Britain Britain Britain Britain.visitInsnroscope Britain BritainBritain Britain BritainRODUCTION Basel Britain Britain Britain Britain(dateTime PSI Toastr Britain Britain --------
 MAV/slider Succ Britain Britain—from MAV Britain Britain --------
_both ToastrBuilderFactory Britain Britain_both Britain Britain/slider(dateTimeBritain Britain BritainRODUCTION Britain Britain/slider Britain Britain Britain Britain_both Britain Britain.visitInsnBritain(dateTime(dateTime Britain Britain Britain Britain PSI Britain Britain_both PSI(dateTime MAV Britain Britainroscope --------
—from Britain Britain Britain Britain Succ Britain Britain Britain Britain BritainBritain Britain Britain Britain Britain Britain Britain Britain Britain Britain Britain Britain Britain.visitInsn Britain BritainBuilderFactoryexternalActionCode Toastr Britain Britain Britain Britain Britain Britain Succ Britain Britain Britain Britain.visitInsn Britain Britain contaminants exposition PSI Britain Britain Britain Britain MAV—from Britain BritainBritainroscope Toastr—from—from BaselRODUCTION_both Britain Britain Britain Britain Britain Britain MAV Britain Britain Succroscope contaminants Britain Britain Britain Britainroscope Britain Britain MAV contaminants Britain Britain Britain Britain Britain BritainexternalActionCode Britain Britain --------
 Britain Britain Britain Britain Britain Britain Britain Britain Britain Britain Britain Britain Britain BritainBuilderFactoryBritain Britain BritainexternalActionCode PSI Britain Britain Britain Britain(dateTime Britain Britain Britain Britain Britain Britain MAV Britain Britainroscope Britain Britain Britain Britain Britain Britain --------
 Britain Britain Britain Britain Britain BritainexternalActionCodeRODUCTIONBritain Britain Britain Britain Britain(Sizeroscope Britain Britain Britain Britain Toastr—from Britain Britain Britain BritainBuilderFactory Britain Britain Britain Britain MAVroscope Britain Britain --------
_bothInjectedBritain Britain Britain Britain Britain MAV Toastr_both Britain Britain Britain BritainBritainBritain --------
 Britain BritainInjectedBuilderFactory Britain Britain Britain Britain.visitInsn exposition/slider_both Britain BritainBuilderFactory Britain Britain MAV contaminants Britain Britain—from Britain Britain.visitInsn Britain Britain Britain Britain Britain Britain ToastrBritainroscope Britain Britain Britain Britain contaminantsRODUCTION Britain Britain Britain Britain.visitInsn Britain Britain SuccBritain Britain BritainBritain Britain Britain Succ contaminantsInjectedBuilderFactory exposition Britain BritainexternalActionCode Britain BritainexternalActionCodeexternalActionCode exposition Britain Britain MAV Britain Britain Basel contaminantsroscope Britain Britain_both_both Britain Britain/sliderexternalActionCodeBritainBritain Britain Britain MAV BritainBritain/slider(Size Britain Britain Britain Britain Britain Britain BritainBritain Britain Britain Britain BritainBritain Britain Britain Britain BritainBritain—fromRODUCTION Britain BritainBritain Britain Britain Toastr Britain Britain Britain BritainBritain Britain Britain Britain Britainroscope Britain Britain Britain Britain Britain Britain(Size Britain BritainBuilderFactory—fromBritain exposition contaminants Britain Britain BaselroscopeRODUCTIONBritainBuilderFactory Britain Britain Britain BritainBritain Basel Britain Britain—fromInjectedBritain Britain Britain --------
/sliderBuilderFactory BaselBritain Britain Britainroscope Britain Britain(Size Britain Britain_bothBritain contaminantsBritain Britain Britain Britain BritainBritain Toastr Britain Britain(Size Britain Britain Succ Britain BritainBritainBuilderFactory Succ Britain Britain --------
Britain(dateTime(Size Toastr PSI BaselBritain Britain Britain Britain BritainBuilderFactory Britain Britain_both contaminants Succ contaminants Britain Britainroscope—fromRODUCTION Britain Britain Britain Britain Britain BritainBritain.visitInsnBritain Toastr/sliderroscope Britain Britain Britain BritainBuilderFactory Britain BritainBuilderFactory Britain Britain Britain Britain Britain Britain Britain BritainBritain Britain Britain --------
—from expositionInjectedRODUCTION(Size MAVInjectedexternalActionCode --------
_both Britain Britain(Size(Size Succ ToastrRODUCTION_bothBritainBritainBritainInjectedBritain—from—from Succ(Sizeroscope contaminants.visitInsn --------
 Britain Britain Britain Britain Britain Britain Britain Britain Britain Britain Britain Britain Britain Britain Britain Britain Britain Britain Britain Britain Britain Britain Britain Britain Britain Britain Britain Britain Britain Britain Britain Britain Britain Britain Britain Britain Britain Britain Britain Britain Britain Britain Britain Britain Britain Britain Britain Britain Britain Britain Britain Britain Britain Britain Britain Britain Britain Britain Britain Britain Britain Britain Britain Britain Britain Britain Britain Britain Britain Britain Britain Britain Britain Britain Britain Britain Britain Britain Britain Britain Britain Britain Britain Britain Britain Britain Britain Britain Britain Britain Britain Britain Britain Britain Britain Britain Britain Britain Britain Britain Britain Britain Britain Britain Britain Britain Britain Britain Britain Britain Britain Britain Britain Britain Britain Britain Britain Britain Britain Britain Britain Britain Britain Britain Britain Britain Britain Britain Britain Britain Britain Britain Britain Britain Britain Britain Britain Britain Britain Britain Britain Britain Britain Britain Britain Britain Britain Britain Britain Britain Britain Britain Britain Britain Britain Britain Britain Britain Britain Britain Britain Britain Britain Britain Britain Britain Britain Britain Britain Britain Britain Britain Britain Britain Britain Britain Britain Britain Britain Britain Britain Britain Britain Britain Britain Britain Britain Britain Britain Britain Britain Britain Britain Britain Britain Britain Britain Britain Britain Britain Britain Britain Britain Britain Britain Britain Britain Britain Britain Britain Britain Britain Britain Britain Britain Britain Britain Britain Britain Britain Britain Britain Britain Britain Britain Britain Britain Britain Britain Britain Britain Britain Britain Britain Britain Britain Britain Britain Britain Britain Britain Britain Britain Britain Britain Britain Britain Britain Britain Britain Britain Britain Britain Britain Britain Britain Britain Britain Britain Britain Britain Britain Britain Britain Britain Britain Britain Britain Britain Britain Britain Britain Britain Britain Britain Britain Britain Britain Britain Britain Britain Britain Britain Britain Britain Britain Britain Britain Britain Britain Britain Britain Britain Britain Britain Britain Britain Britain Britain Britain Britain Britain Britain Britain Britain Britain Britain Britain Britain Britain Britain Britain Britain Britain Britain Britain Britain Britain Britain Britain Britain Britain Britain Britain Britain Britain Britain Britain Britain Britain Britain Britain Britain Britain Britain Britain Britain Britain Britain Britain Britain Britain Britain Britain Britain Britain Britain Britain Britain Britain Britain Britain Britain Britain Britain Britain Britain Britain Britain Britain Britain Britain Britain Britain Britain Britain Britain Britain Britain Britain Britain Britain Britain Britain Britain Britain Britain Britain Britain Britain Britain Britain Britain Britain Britain Britain Britain Britain Britain Britain Britain Britain Britain Britain Britain Britain Britain Britain Britain Britain Britain Britain Britain Britain Britain Britain Britain Britain Britain Britain Britain Britain Britain Britain Britain Britain Britain Britain Britain Britain Britain Britain Britain Britain Britain Britain Britain Britain Britain Britain Britain Britain Britain Britain Britain Britain Britain Britain Britain Britain Britain Britain Britain Britain Britain Britain Britain Britain Britain Britain Britain Britain Britain Britain Britain Britain Britain Britain Britain Britain Britain Britain Britain Britain Britain Britain Britain Britain Britain Britain Britain Britain Britain Britain Britain Britain Britain Britain Britain Britain Britain Britain Britain Britain Britain Britain Britain Britain Britain Britain Britain Britain Britain Britain Britain Britain Britain Britain Britain Britain Britain Britain Britain Britain Britain Britain Britain Britain Britain Britain Britain Britain Britain Britain Britain Britain Britain Britain Britain Britain Britain Britain Britain Britain Britain Britain Britain Britain Britain Britain Britain Britain Britain Britain Britain Britain Britain Britain Britain Britain Britain Britain Britain Britain Britain Britain Britain Britain Britain Britain Britain Britain Britain Britain Britain Britain Britain Britain Britain Britain Britain Britain Britain Britain Britain Britain Britain Britain Britain Britain Britain Britain Britain Britain Britain Britain Britain Britain Britain Britain Britain Britain Britain Britain Britain Britain Britain Britain Britain Britain Britain Britain Britain Britain Britain Britain Britain Britain Britain Britain Britain Britain Britain Britain Britain Britain Britain Britain Britain Britain Britain Britain Britain Britain Britain Britain Britain Britain Britain Britain Britain Britain Britain Britain Britain Britain Britain Britain Britain Britain Britain Britain Britain Britain Britain Britain Britain Britain Britain Britain Britain Britain Britain Britain Britain Britain Britain Britain Britain Britain Britain Britain Britain Britain Britain Britain Britain Britain Britain Britain Britain Britain Britain Britain Britain Britain Britain Britain Britain Britain Britain Britain Britain Britain Britain Britain Britain Britain Britain Britain Britain Britain Britain Britain Britain Britain Britain Britain Britain Britain Britain Britain Britain Britain Britain Britain Britain Britain Britain Britain Britain Britain Britain Britain Britain Britain Britain Britain Britain Britain Britain Britain Britain Britain Britain Britain Britain Britain Britain Britain Britain Britain Britain Britain Britain Britain Britain Britain Britain Britain Britain Britain Britain Britain Britain Britain Britain Britain Britain Britain Britain Britain Britain Britain Britain Britain Britain Britain Britain Britain Britain Britain Britain Britain Britain Britain Britain Britain Britain Britain Britain Britain Britain Britain Britain Britain Britain Britain Britain Britain Britain Britain Britain Britain Britain Britain Britain Britain Britain Britain Britain Britain Britain Britain Britain Britain Britain Britain Britain Britain Britain Britain Britain Britain Britain Britain Britain Britain Britain Britain Britain Britain Britain Britain Britain Britain Britain Britain Britain Britain Britain Britain Britain Britain Britain Britain Britain Britain Britain Britain Britain Britain Britain Britain Britain Britain Britain Britain Britain Britain Britain Britain Britain Britain Britain Britain Britain Britain Britain Britain Britain Britain Britain Britain Britain Britain Britain Britain Britain Britain Britain Britain Britain Britain Britain Britain Britain Britain Britain Britain Britain Britain Britain Britain Britain Britain Britain Britain Britain Britain Britain Britain Britain Britain Britain Britain Britain Britain Britain Britain Britain Britain Britain Britain Britain Britain Britain Britain Britain Britain Britain Britain Britain Britain Britain Britain Britain Britain Britain Britain Britain Britain Britain Britain Britain Britain Britain Britain Britain Britain Britain Britain Britain Britain Britain Britain Britain Britain Britain Britain Britain Britain Britain Britain Britain Britain Britain Britain Britain Britain Britain Britain Britain Britain Britain Britain Britain Britain Britain Britain Britain Britain Britain Britain Britain Britain Britain Britain Britain Britain Britain Britain Britain Britain Britain Britain Britain Britain Britain Britain Britain Britain Britain Britain Britain Britain Britain Britain Britain Britain Britain Britain Britain Britain Britain Britain Britain Britain Britain Britain Britain Britain Britain Britain Britain Britain Britain Britain Britain Britain Britain Britain Britain Britain Britain Britain Britain Britain Britain Britain Britain Britain Britain Britain Britain Britain Britain Britain Britain Britain Britain Britain Britain Britain Britain Britain Britain Britain Britain Britain Britain Britain Britain Britain Britain Britain Britain Britain Britain Britain Britain Britain Britain Britain Britain Britain Britain Britain Britain Britain Britain Britain Britain Britain Britain Britain Britain Britain Britain Britain Britain Britain Britain Britain Britain Britain Britain Britain Britain Britain Britain Britain Britain Britain Britain Britain Britain Britain Britain Britain Britain Britain Britain Britain Britain Britain Britain Britain Britain Britain Britain Britain Britain Britain Britain Britain Britain Britain Britain Britain Britain Britain Britain Britain Britain Britain Britain Britain Britain Britain Britain Britain Britain Britain Britain Britain Britain Britain Britain Britain Britain Britain Britain Britain Britain Britain Britain Britain Britain Britain Britain Britain Britain Britain Britain Britain Britain Britain Britain Britain Britain Britain Britain Britain Britain Britain Britain Britain Britain Britain Britain Britain Britain Britain Britain Britain Britain Britain Britain Britain Britain Britain Britain Britain Britain Britain Britain Britain Britain Britain Britain Britain Britain Britain Britain Britain Britain Britain Britain Britain Britain Britain Britain Britain Britain Britain Britain Britain Britain Britain Britain Britain Britain Britain Britain Britain Britain Britain Britain Britain Britain Britain Britain Britain Britain Britain Britain Britain Britain Britain Britain Britain Britain Britain Britain Britain Britain Britain Britain Britain Britain Britain Britain Britain Britain Britain Britain Britain Britain Britain Britain Britain Britain Britain Britain Britain Britain Britain Britain Britain Britain Britain Britain Britain Britain Britain Britain Britain Britain Britain Britain Britain Britain Britain Britain Britain Britain Britain Britain Britain Britain Britain Britain Britain Britain Britain Britain Britain Britain Britain Britain Britain Britain Britain Britain Britain Britain Britain Britain Britain Britain Britain Britain Britain Britain Britain Britain Britain Britain Britain Britain Britain Britain Britain Britain Britain Britain Britain Britain Britain Britain Britain Britain Britain Britain Britain Britain Britain Britain Britain Britain Britain Britain Britain Britain Britain Britain Britain Britain Britain Britain Britain Britain Britain Britain Britain Britain Britain Britain Britain Britain Britain Britain Britain Britain Britain Britain Britain Britain Britain Britain Britain Britain Britain Britain Britain Britain Britain Britain Britain Britain Britain Britain Britain Britain Britain Britain Britain Britain Britain Britain Britain Britain Britain Britain Britain Britain Britain Britain Britain Britain Britain Britain Britain Britain Britain Britain Britain Britain Britain Britain Britain Britain Britain Britain Britain Britain Britain Britain Britain Britain Britain Britain Britain Britain Britain Britain Britain Britain Britain Britain Britain Britain Britain Britain Britain Britain Britain Britain Britain Britain Britain Britain Britain Britain Britain Britain Britain Britain Britain Britain Britain Britain Britain Britain Britain Britain Britain Britain Britain Britain Britain Britain Britain Britain Britain Britain Britain Britain Britain Britain Britain Britain Britain Britain Britain Britain Britain Britain Britain Britain Britain Britain Britain Britain Britain Britain Britain Britain Britain Britain Britain Britain Britain Britain Britain Britain Britain Britain Britain Britain Britain Britain Britain Britain Britain Britain Britain Britain Britain Britain Britain Britain Britain Britain Britain Britain Britain Britain Britain Britain Britain Britain Britain Britain Britain Britain Britain Britain Britain Britain Britain Britain Britain Britain Britain Britain Britain Britain Britain Britain Britain Britain Britain Britain Britain Britain Britain Britain Britain Britain Britain Britain Britain Britain Britain Britain Britain Britain Britain Britain Britain Britain Britain Britain Britain Britain Britain Britain Britain Britain Britain Britain Britain Britain Britain Britain Britain Britain Britain Britain Britain Britain Britain Britain Britain Britain Britain Britain Britain Britain Britain Britain Britain Britain Britain Britain Britain Britain Britain Britain Britain Britain Britain Britain Britain Britain Britain Britain Britain Britain Britain Britain Britain Britain Britain Britain Britain Britain Britain Britain Britain Britain Britain Britain Britain Britain Britain Britain Britain Britain Britain Britain Britain Britain Britain Britain Britain Britain Britain Britain Britain Britain Britain Britain Britain Britain Britain Britain Britain Britain Britain Britain Britain Britain Britain Britain Britain Britain Britain Britain Britain Britain Britain Britain Britain Britain Britain Britain Britain Britain Britain Britain Britain Britain Britain Britain Britain Britain Britain Britain Britain Britain Britain Britain Britain Britain Britain Britain Britain Britain Britain Britain Britain Britain Britain Britain Britain Britain Britain Britain Britain Britain Britain Britain Britain Britain Britain Britain Britain Britain Britain Britain Britain Britain Britain Britain Britain Britain Britain Britain Britain Britain Britain Britain Britain Britain Britain Britain Britain Britain Britain Britain Britain Britain Britain Britain Britain Britain Britain Britain Britain Britain Britain Britain Britain Britain Britain Britain Britain Britain Britain Britain Britain Britain Britain Britain Britain Britain Britain Britain Britain Britain Britain Britain Britain Britain Britain Britain Britain Britain Britain Britain Britain Britain Britain Britain Britain Britain Britain Britain Britain Britain Britain Britain Britain Britain Britain Britain Britain Britain Britain Britain Britain Britain Britain Britain Britain Britain Britain Britain Britain Britain Britain Britain Britain Britain Britain Britain Britain Britain Britain Britain Britain Britain Britain Britain Britain Britain Britain Britain Britain Britain Britain Britain Britain Britain Britain Britain Britain Britain Britain Britain Britain Britain Britain Britain Britain Britain Britain Britain Britain Britain Britain Britain Britain Britain Britain Britain Britain Britain Britain Britain Britain Britain Britain Britain Britain Britain Britain Britain Britain Britain Britain Britain Britain Britain Britain Britain Britain Britain Britain Britain Britain Britain Britain Britain Britain Britain Britain Britain Britain Britain Britain Britain Britain Britain Britain Britain Britain Britain Britain Britain Britain Britain Britain Britain Britain Britain Britain Britain Britain Britain Britain Britain Britain Britain Britain Britain Britain Britain Britain Britain Britain Britain Britain Britain Britain Britain Britain Britain Britain Britain Britain Britain Britain Britain Britain Britain Britain Britain Britain Britain Britain Britain Britain Britain Britain Britain Britain Britain Britain Britain Britain Britain Britain Britain Britain Britain Britain Britain Britain Britain Britain Britain Britain Britain Britain Britain Britain Britain Britain Britain Britain Britain Britain Britain Britain Britain Britain Britain Britain Britain Britain Britain Britain Britain Britain Britain Britain Britain Britain Britain Britain Britain Britain Britain Britain Britain Britain Britain Britain Britain Britain Britain Britain Britain Britain Britain Britain Britain Britain Britain Britain Britain Britain Britain Britain Britain Britain Britain Britain Britain Britain Britain Britain Britain Britain Britain Britain Britain Britain Britain Britain Britain Britain Britain Britain Britain Britain Britain Britain Britain Britain Britain Britain Britain Britain Britain Britain Britain Britain Britain Britain Britain Britain Britain Britain Britain Britain Britain Britain Britain Britain Britain Britain Britain Britain Britain Britain Britain Britain Britain Britain Britain Britain Britain Britain Britain Britain Britain Britain Britain Britain Britain Britain Britain Britain Britain Britain Britain Britain Britain Britain Britain Britain Britain Britain Britain Britain Britain Britain Britain Britain Britain Britain Britain Britain Britain Britain Britain Britain Britain Britain Britain Britain Britain Britain Britain Britain Britain Britain Britain Britain Britain Britain Britain Britain Britain Britain Britain Britain Britain Britain Britain Britain Britain Britain Britain Britain Britain Britain Britain Britain Britain Britain Britain Britain Britain Britain Britain Britain Britain Britain Britain Britain Britain Britain Britain Britain Britain Britain Britain Britain Britain Britain Britain Britain Britain Britain Britain Britain Britain Britain Britain Britain Britain Britain Britain Britain Britain Britain Britain Britain Britain Britain Britain Britain Britain Britain Britain Britain Britain Britain Britain Britain Britain Britain Britain Britain Britain Britain Britain Britain Britain Britain Britain Britain Britain Britain Britain Britain Britain Britain Britain Britain Britain Britain Britain Britain Britain Britain Britain Britain Britain Britain Britain Britain Britain Britain Britain Britain Britain Britain Britain Britain Britain Britain Britain Britain Britain Britain Britain Britain Britain Britain Britain Britain Britain Britain Britain Britain Britain Britain Britain Britain Britain Britain Britain Britain Britain Britain Britain Britain Britain Britain Britain Britain Britain Britain Britain Britain Britain Britain Britain Britain Britain Britain Britain Britain Britain Britain Britain Britain Britain Britain Britain Britain Britain Britain Britain Britain Britain Britain Britain Britain Britain Britain Britain Britain Britain Britain Britain Britain Britain Britain Britain Britain Britain Britain Britain Britain Britain Britain Britain Britain Britain Britain Britain Britain Britain Britain Britain Britain Britain Britain Britain Britain Britain Britain Britain Britain Britain Britain Britain Britain Britain Britain Britain Britain Britain Britain Britain Britain Britain Britain Britain Britain Britain Britain Britain Britain Britain Britain Britain Britain Britain Britain Britain Britain Britain Britain Britain Britain Britain Britain Britain Britain Britain Britain Britain Britain Britain Britain Britain Britain Britain Britain Britain Britain Britain Britain Britain Britain Britain Britain Britain Britain Britain Britain Britain Britain Britain Britain Britain Britain Britain Britain Britain Britain Britain Britain Britain Britain Britain Britain Britain Britain Britain Britain Britain Britain Britain Britain Britain Britain Britain Britain Britain Britain Britain Britain Britain Britain Britain Britain Britain Britain Britain Britain Britain Britain Britain Britain Britain Britain Britain Britain Britain Britain Britain Britain Britain Britain Britain Britain Britain Britain Britain Britain Britain Britain Britain Britain Britain Britain Britain Britain Britain Britain Britain Britain Britain Britain Britain Britain Britain Britain Britain Britain Britain Britain Britain Britain Britain Britain Britain Britain Britain Britain Britain Britain Britain Britain Britain Britain Britain Britain Britain Britain Britain Britain Britain Britain Britain Britain Britain Britain Britain Britain Britain Britain Britain Britain Britain Britain Britain Britain Britain Britain Britain Britain Britain Britain Britain Britain Britain Britain Britain Britain Britain Britain Britain Britain Britain Britain Britain Britain Britain Britain Britain Britain Britain Britain Britain Britain Britain Britain Britain Britain Britain Britain Britain Britain Britain Britain Britain Britain Britain Britain Britain Britain Britain Britain Britain Britain Britain Britain Britain Britain Britain Britain Britain Britain Britain Britain Britain Britain Britain Britain Britain Britain Britain Britain Britain Britain Britain Britain Britain Britain Britain Britain Britain Britain Britain Britain Britain Britain Britain Britain Britain Britain Britain Britain Britain Britain Britain Britain Britain Britain Britain Britain Britain Britain Britain Britain Britain Britain Britain Britain Britain Britain Britain Britain Britain Britain Britain Britain Britain Britain Britain Britain Britain Britain Britain Britain Britain Britain Britain Britain Britain Britain Britain Britain Britain Britain Britain Britain Britain Britain Britain Britain Britain Britain Britain Britain Britain Britain Britain Britain Britain Britain Britain Britain Britain Britain Britain Britain Britain Britain Britain Britain Britain Britain Britain Britain Britain Britain Britain Britain Britain Britain Britain Britain Britain Britain Britain Britain Britain Britain Britain Britain Britain Britain Britain Britain Britain Britain Britain Britain Britain Britain Britain Britain Britain Britain Britain Britain Britain Britain Britain Britain Britain Britain Britain Britain Britain Britain Britain Britain Britain Britain Britain Britain Britain Britain Britain Britain Britain Britain Britain Britain Britain Britain Britain Britain Britain Britain Britain Britain Britain Britain Britain Britain Britain Britain Britain Britain Britain Britain Britain Britain Britain Britain Britain Britain Britain Britain Britain Britain Britain Britain Britain Britain Britain Britain Britain Britain Britain Britain Britain Britain Britain Britain Britain Britain Britain Britain Britain Britain Britain Britain Britain Britain Britain Britain Britain Britain Britain Britain Britain Britain Britain Britain Britain Britain Britain Britain Britain Britain Britain Britain Britain Britain Britain Britain Britain Britain Britain Britain Britain Britain Britain Britain Britain Britain Britain Britain Britain Britain Britain Britain Britain Britain Britain Britain Britain Britain Britain Britain Britain Britain Britain Britain Britain Britain Britain Britain Britain Britain Britain Britain Britain Britain Britain Britain Britain Britain Britain Britain Britain Britain Britain Britain Britain Britain Britain Britain Britain Britain Britain Britain Britain Britain Britain Britain Britain Britain Britain Britain Britain Britain Britain Britain Britain Britain Britain Britain Britain Britain Britain Britain Britain Britain Britain Britain Britain Britain Britain Britain Britain Britain Britain Britain Britain Britain Britain Britain Britain Britain Britain Britain Britain Britain Britain Britain Britain Britain Britain Britain Britain Britain Britain Britain Britain Britain Britain Britain Britain Britain Britain Britain Britain Britain Britain Britain Britain Britain Britain Britain Britain Britain Britain Britain Britain Britain Britain Britain Britain Britain Britain Britain Britain Britain Britain Britain Britain Britain Britain Britain Britain Britain Britain Britain Britain Britain Britain Britain Britain Britain Britain Britain Britain Britain Britain Britain Britain Britain Britain Britain Britain Britain Britain Britain Britain Britain Britain Britain Britain Britain Britain Britain Britain Britain Britain Britain Britain Britain Britain Britain Britain Britain Britain Britain Britain Britain Britain Britain Britain Britain Britain Britain Britain Britain Britain Britain Britain Britain Britain Britain Britain Britain Britain Britain Britain Britain Britain Britain Britain Britain Britain Britain Britain Britain Britain Britain Britain Britain Britain Britain Britain Britain Britain Britain Britain Britain Britain Britain Britain Britain Britain Britain Britain Britain Britain Britain Britain Britain Britain Britain Britain Britain Britain Britain Britain Britain Britain Britain Britain Britain Britain Britain Britain Britain Britain Britain Britain Britain Britain Britain Britain Britain Britain Britain Britain Britain Britain Britain Britain Britain Britain Britain Britain Britain Britain Britain Britain Britain Britain Britain Britain Britain Britain Britain Britain Britain Britain Britain Britain Britain Britain Britain Britain Britain Britain Britain Britain Britain Britain Britain Britain Britain Britain Britain Britain Britain Britain Britain Britain Britain Britain Britain Britain Britain Britain Britain Britain Britain Britain Britain Britain Britain Britain Britain Britain Britain Britain Britain Britain Britain Britain Britain Britain Britain Britain Britain Britain Britain Britain Britain Britain Britain Britain Britain Britain Britain Britain Britain Britain Britain Britain Britain Britain Britain Britain Britain Britain Britain Britain Britain Britain Britain Britain Britain Britain Britain Britain Britain Britain Britain Britain Britain Britain Britain Britain Britain Britain Britain Britain Britain Britain Britain Britain Britain Britain Britain Britain Britain Britain Britain Britain Britain Britain Britain Britain Britain Britain Britain Britain Britain Britain Britain Britain Britain Britain Britain Britain Britain Britain Britain Britain Britain Britain Britain Britain Britain Britain Britain Britain Britain Britain Britain Britain Britain Britain Britain Britain Britain Britain Britain Britain Britain Britain Britain Britain Britain Britain Britain Britain Britain Britain Britain Britain Britain Britain Britain Britain Britain Britain Britain Britain Britain Britain Britain Britain Britain Britain Britain Britain Britain Britain Britain Britain Britain Britain Britain Britain Britain Britain Britain Britain Britain Britain Britain Britain Britain Britain Britain Britain Britain Britain Britain Britain Britain Britain Britain Britain Britain Britain Britain Britain Britain Britain Britain Britain Britain Britain Britain Britain Britain Britain Britain Britain Britain Britain Britain Britain Britain Britain Britain Britain Britain Britain Britain Britain Britain Britain Britain Britain Britain Britain Britain Britain Britain Britain Britain Britain Britain Britain Britain Britain Britain Britain Britain Britain Britain Britain Britain Britain Britain Britain Britain Britain Britain Britain Britain Britain Britain Britain Britain Britain Britain Britain Britain Britain Britain Britain Britain Britain Britain Britain Britain Britain Britain Britain Britain Britain Britain Britain Britain Britain Britain Britain Britain Britain Britain Britain Britain Britain Britain Britain Britain Britain Britain Britain Britain Britain Britain Britain Britain Britain Britain Britain Britain Britain Britain Britain Britain Britain Britain Britain Britain Britain Britain Britain Britain Britain Britain Britain Britain Britain Britain Britain Britain Britain Britain Britain Britain Britain Britain Britain Britain Britain Britain Britain Britain Britain Britain Britain Britain Britain Britain Britain Britain Britain Britain Britain Britain Britain Britain Britain Britain Britain Britain Britain Britain Britain Britain Britain Britain Britain Britain Britain Britain Britain Britain Britain Britain Britain Britain Britain Britain Britain Britain Britain Britain Britain Britain Britain Britain Britain Britain Britain Britain Britain Britain Britain Britain Britain Britain Britain Britain Britain Britain Britain Britain Britain Britain Britain Britain Britain Britain Britain Britain Britain Britain Britain Britain Britain Britain Britain Britain Britain Britain Britain Britain Britain Britain Britain Britain Britain Britain Britain Britain Britain Britain Britain Britain Britain Britain Britain Britain Britain Britain Britain Britain Britain Britain Britain Britain Britain Britain Britain Britain Britain Britain Britain Britain Britain Britain Britain Britain Britain Britain Britain Britain Britain Britain Britain Britain Britain Britain Britain Britain Britain Britain Britain Britain Britain Britain Britain Britain Britain Britain Britain Britain Britain Britain Britain Britain Britain Britain Britain Britain Britain Britain Britain Britain Britain Britain Britain Britain Britain Britain Britain Britain Britain Britain Britain Britain Britain Britain Britain Britain Britain Britain Britain Britain Britain Britain Britain Britain Britain Britain Britain Britain Britain Britain Britain Britain Britain Britain Britain Britain Britain Britain Britain Britain Britain Britain Britain Britain Britain Britain Britain Britain Britain Britain Britain Britain Britain Britain Britain Britain Britain Britain Britain Britain Britain Britain Britain Britain Britain Britain Britain Britain Britain Britain Britain Britain Britain Britain Britain Britain Britain Britain Britain Britain Britain Britain Britain Britain Britain Britain Britain Britain Britain Britain Britain Britain Britain Britain Britain Britain Britain Britain Britain Britain Britain Britain Britain Britain Britain Britain Britain Britain Britain Britain Britain Britain Britain Britain Britain Britain Britain Britain Britain Britain Britain Britain Britain Britain Britain Britain Britain Britain Britain Britain Britain Britain Britain Britain Britain Britain Britain Britain Britain Britain Britain Britain Britain Britain Britain Britain Britain Britain Britain Britain Britain Britain Britain Britain Britain Britain Britain Britain Britain Britain Britain Britain Britain Britain Britain Britain Britain Britain Britain Britain Britain Britain Britain Britain Britain Britain Britain Britain Britain Britain Britain Britain Britain Britain Britain Britain Britain Britain Britain Britain Britain Britain Britain Britain Britain Britain Britain Britain Britain Britain Britain Britain Britain Britain Britain Britain Britain Britain Britain Britain Britain Britain Britain Britain Britain Britain Britain Britain Britain Britain Britain Britain Britain Britain Britain Britain Britain Britain Britain Britain Britain Britain Britain Britain Britain Britain Britain Britain Britain Britain Britain Britain Britain Britain Britain Britain Britain Britain Britain Britain Britain Britain Britain Britain Britain Britain Britain Britain Britain Britain Britain Britain Britain Britain Britain Britain Britain Britain Britain Britain Britain Britain Britain Britain Britain Britain Britain Britain Britain Britain Britain Britain Britain Britain Britain Britain Britain Britain Britain Britain Britain Britain Britain Britain Britain Britain Britain Britain Britain Britain Britain Britain Britain Britain Britain Britain Britain Britain Britain Britain Britain Britain Britain Britain Britain Britain Britain Britain Britain Britain Britain Britain Britain Britain Britain Britain Britain Britain Britain Britain Britain Britain Britain Britain Britain Britain Britain Britain Britain Britain Britain Britain Britain Britain Britain Britain Britain Britain Britain Britain Britain Britain Britain Britain Britain Britain Britain Britain Britain Britain Britain Britain Britain Britain Britain Britain Britain Britain Britain Britain Britain Britain Britain Britain Britain Britain Britain Britain Britain Britain Britain Britain Britain Britain Britain Britain Britain Britain Britain Britain Britain Britain Britain Britain Britain Britain Britain Britain Britain Britain Britain Britain Britain Britain Britain Britain Britain Britain Britain Britain Britain Britain Britain Britain Britain Britain Britain Britain Britain Britain Britain Britain Britain Britain Britain Britain Britain Britain Britain Britain Britain Britain Britain Britain Britain Britain Britain Britain Britain Britain Britain Britain Britain Britain Britain Britain Britain Britain Britain Britain Britain Britain Britain Britain Britain Britain Britain Britain Britain Britain Britain Britain Britain Britain Britain Britain Britain Britain Britain Britain Britain Britain Britain Britain Britain Britain Britain Britain Britain Britain Britain Britain Britain Britain Britain Britain Britain Britain Britain Britain Britain Britain Britain Britain Britain Britain Britain Britain Britain Britain Britain Britain Britain Britain Britain Britain Britain Britain Britain Britain Britain Britain Britain Britain Britain Britain Britain Britain Britain Britain Britain Britain Britain Britain Britain Britain Britain Britain Britain Britain Britain Britain Britain Britain Britain Britain Britain Britain Britain Britain Britain Britain Britain Britain Britain Britain Britain Britain Britain Britain Britain Britain Britain Britain Britain Britain Britain Britain Britain Britain Britain Britain Britain Britain Britain Britain Britain Britain Britain Britain Britain Britain Britain Britain Britain Britain Britain Britain Britain Britain Britain Britain Britain Britain Britain Britain Britain Britain Britain Britain Britain Britain Britain Britain Britain Britain Britain Britain Britain Britain Britain Britain Britain Britain Britain Britain Britain Britain Britain Britain Britain Britain Britain Britain Britain Britain Britain Britain Britain Britain Britain Britain Britain Britain Britain Britain Britain Britain Britain Britain Britain Britain Britain Britain Britain Britain Britain Britain Britain Britain Britain Britain Britain Britain Britain Britain Britain Britain Britain Britain Britain Britain Britain Britain Britain Britain Britain Britain Britain Britain Britain Britain Britain Britain Britain Britain Britain Britain Britain Britain Britain Britain Britain Britain Britain Britain Britain Britain Britain Britain Britain Britain Britain Britain Britain Britain Britain Britain Britain Britain Britain Britain Britain Britain Britain Britain Britain Britain Britain Britain Britain Britain Britain Britain Britain Britain Britain Britain Britain Britain Britain Britain Britain Britain Britain Britain Britain Britain Britain Britain Britain Britain Britain Britain Britain Britain Britain Britain Britain Britain Britain Britain Britain Britain Britain Britain Britain Britain Britain Britain Britain Britain Britain Britain Britain Britain Britain Britain Britain Britain Britain Britain Britain Britain Britain Britain Britain Britain Britain Britain Britain Britain Britain Britain Britain Britain Britain Britain Britain Britain Britain Britain Britain Britain Britain Britain Britain Britain Britain Britain Britain Britain Britain Britain Britain Britain Britain Britain Britain Britain Britain Britain Britain Britain Britain Britain Britain Britain Britain Britain Britain Britain Britain Britain Britain Britain Britain Britain Britain Britain Britain Britain Britain Britain Britain Britain Britain Britain Britain Britain Britain Britain Britain Britain Britain Britain Britain Britain Britain Britain Britain Britain Britain Britain Britain Britain Britain Britain Britain Britain Britain Britain Britain Britain Britain Britain Britain Britain Britain Britain Britain Britain Britain Britain Britain Britain Britain Britain Britain Britain Britain Britain Britain Britain Britain Britain Britain Britain Britain Britain Britain Britain Britain Britain Britain Britain Britain Britain Britain Britain Britain Britain Britain Britain Britain Britain Britain Britain Britain Britain Britain Britain Britain Britain Britain Britain Britain Britain Britain Britain Britain Britain Britain Britain Britain Britain Britain Britain Britain Britain Britain Britain Britain Britain Britain Britain Britain Britain Britain Britain Britain Britain Britain Britain Britain Britain Britain Britain Britain Britain Britain Britain Britain Britain Britain Britain Britain Britain Britain Britain Britain Britain Britain Britain Britain Britain Britain Britain Britain Britain Britain Britain Britain Britain Britain Britain Britain Britain Britain Britain Britain Britain Britain Britain Britain Britain Britain Britain Britain Britain Britain Britain Britain Britain Britain Britain Britain Britain Britain Britain Britain Britain Britain Britain Britain Britain Britain Britain Britain Britain Britain Britain Britain Britain Britain Britain Britain Britain Britain Britain Britain Britain Britain Britain Britain Britain Britain Britain Britain Britain Britain Britain Britain Britain Britain Britain Britain Britain Britain Britain Britain Britain Britain Britain Britain Britain Britain Britain Britain Britain Britain Britain Britain Britain Britain Britain Britain Britain Britain Britain Britain Britain Britain Britain Britain Britain Britain Britain Britain Britain Britain Britain Britain Britain Britain Britain Britain Britain Britain Britain Britain Britain Britain Britain Britain Britain Britain Britain Britain Britain Britain Britain Britain Britain Britain Britain Britain Britain Britain Britain Britain Britain Britain Britain Britain Britain Britain Britain Britain Britain Britain Britain Britain Britain Britain Britain Britain Britain Britain Britain Britain Britain Britain Britain Britain Britain Britain Britain Britain Britain Britain Britain Britain Britain Britain Britain Britain Britain Britain Britain Britain Britain Britain Britain Britain Britain Britain Britain Britain Britain Britain Britain Britain Britain Britain Britain Britain Britain Britain Britain Britain Britain Britain Britain Britain Britain Britain Britain Britain Britain Britain Britain Britain Britain Britain Britain Britain Britain Britain Britain Britain Britain Britain Britain Britain Britain Britain Britain Britain Britain Britain Britain Britain Britain Britain Britain Britain Britain Britain Britain Britain Britain Britain Britain Britain Britain Britain Britain Britain Britain Britain Britain Britain Britain Britain Britain Britain Britain Britain Britain Britain Britain Britain Britain Britain Britain Britain Britain Britain Britain Britain Britain Britain Britain Britain Britain Britain Britain Britain Britain Britain Britain Britain Britain Britain Britain Britain Britain Britain Britain Britain Britain Britain Britain Britain Britain Britain Britain Britain Britain Britain Britain Britain Britain Britain Britain Britain Britain Britain Britain Britain Britain Britain Britain Britain Britain Britain Britain Britain Britain Britain Britain Britain Britain Britain Britain Britain Britain Britain Britain Britain Britain Britain Britain Britain Britain Britain Britain Britain Britain Britain Britain Britain Britain Britain Britain Britain Britain Britain Britain Britain Britain Britain Britain Britain Britain Britain Britain Britain Britain Britain Britain Britain Britain Britain Britain Britain Britain Britain Britain Britain Britain Britain Britain Britain Britain Britain Britain Britain Britain Britain Britain Britain Britain Britain Britain Britain Britain Britain Britain Britain Britain Britain Britain Britain Britain Britain Britain Britain Britain Britain Britain Britain Britain Britain Britain Britain Britain Britain Britain Britain Britain Britain Britain Britain Britain Britain Britain Britain Britain Britain Britain Britain Britain Britain Britain Britain Britain Britain Britain Britain Britain Britain Britain Britain Britain Britain Britain Britain Britain Britain Britain Britain Britain Britain Britain Britain Britain Britain Britain Britain Britain Britain Britain Britain Britain Britain Britain Britain Britain Britain Britain Britain Britain Britain Britain Britain Britain Britain Britain Britain Britain Britain Britain Britain Britain Britain Britain Britain Britain Britain Britain Britain Britain Britain Britain Britain Britain Britain Britain Britain Britain Britain Britain Britain Britain Britain Britain Britain Britain Britain Britain Britain Britain Britain Britain Britain Britain Britain Britain Britain Britain Britain Britain Britain Britain Britain Britain Britain Britain Britain Britain Britain Britain Britain Britain Britain Britain Britain Britain Britain Britain Britain Britain Britain Britain Britain Britain Britain Britain Britain Britain Britain Britain Britain Britain Britain Britain Britain Britain Britain Britain Britain Britain Britain Britain Britain Britain Britain Britain Britain Britain Britain Britain Britain Britain Britain Britain Britain Britain Britain Britain Britain Britain Britain Britain Britain Britain Britain Britain Britain Britain Britain Britain Britain Britain Britain Britain Britain Britain Britain Britain Britain Britain Britain Britain Britain Britain Britain Britain Britain Britain Britain Britain Britain Britain Britain Britain Britain Britain Britain Britain Britain Britain Britain Britain Britain Britain Britain Britain Britain Britain Britain Britain Britain Britain Britain Britain Britain Britain Britain Britain Britain Britain Britain Britain Britain Britain Britain Britain Britain Britain Britain Britain Britain Britain Britain Britain Britain Britain Britain Britain Britain Britain Britain Britain Britain Britain Britain Britain Britain Britain Britain Britain Britain Britain Britain Britain Britain Britain Britain Britain Britain Britain Britain Britain Britain Britain Britain Britain Britain Britain Britain Britain Britain Britain Britain Britain Britain Britain Britain Britain Britain Britain Britain Britain Britain Britain Britain Britain Britain Britain Britain Britain Britain Britain Britain Britain Britain Britain Britain Britain Britain Britain Britain Britain Britain Britain Britain Britain Britain Britain Britain Britain Britain Britain Britain Britain Britain Britain Britain Britain Britain Britain Britain Britain Britain Britain Britain Britain Britain Britain Britain Britain Britain Britain Britain Britain Britain Britain Britain Britain Britain Britain Britain Britain Britain Britain Britain Britain Britain Britain Britain Britain Britain Britain Britain Britain Britain Britain Britain Britain Britain Britain Britain Britain Britain Britain Britain Britain Britain Britain Britain Britain Britain Britain Britain Britain Britain Britain Britain Britain Britain Britain Britain Britain Britain Britain Britain Britain Britain Britain Britain Britain Britain Britain Britain Britain Britain Britain Britain Britain Britain Britain Britain Britain Britain Britain Britain Britain Britain Britain Britain Britain Britain Britain Britain Britain Britain Britain Britain Britain Britain Britain Britain Britain Britain Britain Britain Britain Britain Britain Britain Britain Britain Britain Britain Britain Britain Britain Britain Britain Britain Britain Britain Britain Britain Britain Britain Britain Britain Britain Britain Britain Britain Britain Britain Britain Britain Britain Britain Britain Britain Britain Britain Britain Britain Britain Britain Britain Britain Britain Britain Britain Britain Britain Britain Britain Britain Britain Britain Britain Britain Britain Britain Britain Britain Britain Britain Britain Britain Britain Britain Britain Britain Britain Britain Britain Britain Britain Britain Britain Britain Britain Britain Britain Britain Britain Britain Britain Britain Britain Britain Britain Britain Britain Britain Britain Britain Britain Britain Britain Britain Britain Britain Britain Britain Britain Britain Britain Britain Britain Britain Britain Britain Britain Britain Britain Britain Britain Britain Britain Britain Britain Britain Britain Britain Britain Britain Britain Britain Britain Britain Britain Britain Britain Britain Britain Britain Britain Britain Britain Britain Britain Britain Britain Britain Britain Britain Britain Britain Britain Britain Britain Britain Britain Britain Britain Britain Britain Britain Britain Britain Britain Britain Britain Britain Britain Britain Britain Britain Britain Britain Britain Britain Britain Britain Britain Britain Britain Britain Britain Britain Britain Britain Britain Britain Britain Britain Britain Britain Britain Britain Britain Britain Britain Britain Britain Britain Britain Britain Britain Britain Britain Britain Britain Britain Britain Britain Britain Britain Britain Britain Britain Britain Britain Britain Britain Britain Britain Britain Britain Britain Britain Britain Britain Britain Britain Britain Britain Britain Britain Britain Britain Britain Britain Britain Britain Britain Britain Britain Britain Britain Britain Britain Britain Britain Britain Britain Britain Britain Britain Britain Britain Britain Britain Britain Britain Britain Britain Britain Britain Britain Britain Britain Britain Britain Britain Britain Britain Britain Britain Britain Britain Britain Britain Britain Britain Britain Britain Britain Britain Britain Britain Britain Britain Britain Britain Britain Britain Britain Britain Britain Britain Britain Britain Britain Britain Britain Britain Britain Britain Britain Britain Britain Britain Britain Britain Britain Britain Britain Britain Britain Britain Britain Britain Britain Britain Britain Britain Britain Britain Britain Britain Britain Britain Britain Britain Britain Britain Britain Britain Britain Britain Britain Britain Britain Britain Britain Britain Britain Britain Britain Britain Britain Britain Britain Britain Britain Britain Britain Britain Britain Britain Britain Britain Britain Britain Britain Britain Britain Britain Britain Britain Britain Britain Britain Britain Britain Britain Britain Britain Britain Britain Britain Britain Britain Britain Britain Britain Britain Britain Britain Britain Britain Britain Britain Britain Britain Britain Britain Britain Britain Britain Britain Britain Britain Britain Britain Britain Britain Britain Britain Britain Britain Britain Britain Britain Britain Britain Britain Britain Britain Britain Britain Britain Britain Britain Britain Britain Britain Britain Britain Britain Britain Britain Britain Britain Britain Britain Britain Britain Britain Britain Britain Britain Britain Britain Britain Britain Britain Britain Britain Britain Britain Britain Britain Britain Britain Britain Britain Britain Britain Britain Britain Britain Britain Britain Britain Britain Britain Britain Britain Britain Britain Britain Britain Britain Britain Britain Britain Britain Britain Britain Britain Britain Britain Britain Britain Britain Britain Britain Britain Britain Britain Britain Britain Britain Britain Britain Britain Britain Britain Britain Britain Britain Britain Britain Britain Britain Britain Britain Britain Britain Britain Britain Britain Britain Britain Britain Britain Britain Britain Britain Britain Britain Britain Britain Britain Britain Britain Britain Britain Britain Britain Britain Britain Britain Britain Britain Britain Britain Britain Britain Britain Britain Britain Britain Britain Britain Britain Britain Britain Britain Britain Britain Britain Britain Britain Britain Britain Britain Britain Britain Britain Britain Britain Britain Britain Britain Britain Britain Britain Britain Britain Britain Britain Britain Britain Britain Britain Britain Britain Britain Britain Britain Britain Britain Britain Britain Britain Britain Britain Britain Britain Britain Britain Britain Britain Britain Britain Britain Britain Britain Britain Britain Britain Britain Britain Britain Britain Britain Britain Britain Britain Britain Britain Britain Britain Britain Britain Britain Britain Britain Britain Britain Britain Britain Britain Britain Britain Britain Britain Britain Britain Britain Britain Britain Britain Britain Britain Britain Britain Britain Britain Britain Britain Britain Britain Britain Britain Britain Britain Britain Britain Britain Britain Britain Britain Britain Britain Britain Britain Britain Britain Britain Britain Britain Britain Britain Britain Britain Britain Britain Britain Britain Britain Britain Britain Britain Britain Britain Britain Britain Britain Britain Britain Britain Britain Britain Britain Britain Britain Britain Britain Britain Britain Britain Britain Britain Britain Britain Britain Britain Britain Britain Britain Britain Britain Britain Britain Britain Britain Britain Britain Britain Britain Britain Britain Britain Britain Britain Britain Britain Britain Britain Britain Britain Britain Britain Britain Britain Britain Britain Britain Britain Britain Britain Britain Britain Britain Britain Britain Britain Britain Britain Britain Britain Britain Britain Britain Britain Britain Britain Britain Britain Britain Britain Britain Britain Britain Britain Britain Britain Britain Britain Britain Britain Britain Britain Britain Britain Britain Britain Britain Britain Britain Britain Britain Britain Britain Britain Britain Britain Britain Britain Britain Britain Britain Britain Britain Britain Britain Britain Britain Britain Britain Britain Britain Britain Britain Britain Britain Britain Britain Britain Britain Britain Britain Britain Britain Britain Britain Britain Britain Britain Britain Britain Britain Britain Britain Britain Britain Britain Britain Britain Britain Britain Britain Britain Britain Britain Britain Britain Britain Britain Britain Britain Britain Britain Britain Britain Britain Britain Britain Britain Britain Britain Britain Britain Britain Britain Britain Britain Britain Britain Britain Britain Britain Britain Britain Britain Britain Britain Britain Britain Britain Britain Britain Britain Britain Britain Britain Britain Britain Britain Britain Britain Britain Britain Britain Britain Britain Britain Britain Britain Britain Britain Britain Britain Britain Britain Britain Britain Britain Britain Britain Britain Britain Britain Britain Britain Britain Britain Britain Britain Britain Britain Britain Britain Britain Britain Britain Britain Britain Britain Britain Britain Britain Britain Britain Britain Britain Britain Britain Britain Britain Britain Britain Britain Britain Britain Britain Britain Britain Britain Britain Britain Britain Britain Britain Britain Britain Britain Britain Britain Britain Britain Britain Britain Britain Britain Britain Britain Britain Britain Britain Britain Britain Britain Britain Britain Britain Britain Britain Britain Britain Britain Britain Britain Britain Britain Britain Britain Britain Britain Britain Britain Britain Britain Britain Britain Britain Britain Britain Britain Britain Britain Britain Britain Britain Britain Britain Britain Britain Britain Britain Britain Britain Britain Britain Britain Britain Britain Britain Britain Britain Britain Britain Britain Britain Britain Britain Britain Britain Britain Britain Britain Britain Britain Britain Britain Britain Britain Britain Britain Britain Britain Britain Britain Britain Britain Britain Britain Britain Britain Britain Britain Britain Britain Britain Britain Britain Britain Britain Britain Britain Britain Britain Britain Britain Britain Britain Britain Britain Britain Britain Britain Britain Britain Britain Britain Britain Britain Britain Britain Britain Britain Britain Britain Britain Britain Britain Britain Britain Britain Britain Britain Britain Britain Britain Britain Britain Britain Britain Britain Britain Britain Britain Britain Britain Britain Britain Britain Britain Britain Britain Britain Britain Britain Britain Britain Britain Britain Britain Britain Britain Britain Britain Britain Britain Britain Britain Britain Britain Britain Britain Britain Britain Britain Britain Britain Britain Britain Britain Britain Britain Britain Britain Britain Britain Britain Britain Britain Britain Britain Britain Britain Britain Britain Britain Britain Britain Britain Britain Britain Britain Britain Britain Britain Britain Britain Britain Britain Britain Britain Britain Britain Britain Britain Britain Britain Britain Britain Britain Britain Britain Britain Britain Britain Britain Britain Britain Britain Britain Britain Britain Britain Britain Britain Britain Britain Britain Britain Britain Britain Britain Britain Britain Britain Britain Britain Britain Britain Britain Britain Britain Britain Britain Britain Britain Britain Britain Britain Britain Britain Britain Britain Britain Britain Britain Britain Britain Britain Britain Britain Britain Britain Britain Britain Britain Britain Britain Britain Britain Britain Britain Britain Britain Britain Britain Britain Britain Britain Britain Britain Britain Britain Britain Britain Britain Britain Britain Britain Britain Britain Britain Britain Britain Britain Britain Britain Britain Britain Britain Britain Britain Britain Britain Britain Britain Britain Britain Britain Britain Britain Britain Britain Britain Britain Britain Britain Britain Britain Britain Britain Britain Britain Britain Britain Britain Britain Britain Britain Britain Britain Britain Britain Britain Britain Britain Britain Britain Britain Britain Britain Britain Britain Britain Britain Britain Britain Britain Britain Britain Britain Britain Britain Britain Britain Britain Britain Britain Britain Britain Britain Britain Britain Britain Britain Britain Britain Britain Britain Britain Britain Britain Britain Britain Britain Britain Britain Britain Britain Britain Britain Britain Britain Britain Britain Britain Britain Britain Britain Britain Britain Britain Britain Britain Britain Britain Britain Britain Britain Britain Britain Britain Britain Britain Britain Britain Britain Britain Britain Britain Britain Britain Britain Britain Britain Britain Britain Britain Britain Britain Britain Britain Britain Britain Britain Britain Britain Britain Britain Britain Britain Britain Britain Britain Britain Britain Britain Britain Britain Britain Britain Britain Britain Britain Britain Britain Britain Britain Britain Britain Britain Britain Britain Britain Britain Britain Britain Britain Britain Britain Britain Britain Britain Britain Britain Britain Britain Britain Britain Britain Britain Britain Britain Britain Britain Britain Britain Britain Britain Britain Britain Britain Britain Britain Britain Britain Britain Britain Britain Britain Britain Britain Britain Britain Britain Britain Britain Britain Britain Britain Britain Britain Britain Britain Britain Britain Britain Britain Britain Britain Britain Britain Britain Britain Britain Britain Britain Britain Britain Britain Britain Britain Britain Britain Britain Britain Britain Britain Britain Britain Britain Britain Britain Britain Britain Britain Britain Britain Britain Britain Britain Britain Britain Britain Britain Britain Britain Britain Britain Britain Britain Britain Britain Britain Britain Britain Britain Britain Britain Britain Britain Britain Britain Britain Britain Britain Britain Britain Britain Britain Britain Britain Britain Britain Britain Britain Britain Britain Britain Britain Britain Britain Britain Britain Britain Britain Britain Britain Britain Britain Britain Britain Britain Britain Britain Britain Britain Britain Britain Britain Britain Britain Britain Britain Britain Britain Britain Britain Britain Britain Britain Britain Britain Britain Britain Britain Britain Britain Britain Britain Britain Britain Britain Britain Britain Britain Britain Britain Britain Britain Britain Britain Britain Britain Britain Britain Britain Britain Britain Britain Britain Britain Britain Britain Britain Britain Britain Britain Britain Britain Britain Britain Britain Britain Britain Britain Britain Britain Britain Britain Britain Britain Britain Britain Britain Britain Britain Britain Britain Britain Britain Britain Britain Britain Britain Britain Britain Britain Britain Britain Britain Britain Britain Britain Britain Britain Britain Britain Britain Britain Britain Britain Britain Britain Britain Britain Britain Britain Britain Britain Britain Britain Britain Britain Britain Britain Britain Britain Britain Britain Britain Britain Britain Britain Britain Britain Britain Britain Britain Britain Britain Britain Britain Britain Britain Britain Britain Britain Britain Britain Britain Britain Britain Britain Britain Britain Britain Britain Britain Britain Britain Britain Britain Britain Britain Britain Britain Britain Britain Britain Britain Britain Britain Britain Britain Britain Britain Britain Britain Britain Britain Britain Britain Britain Britain Britain Britain Britain Britain Britain Britain Britain Britain Britain Britain Britain Britain Britain Britain Britain Britain Britain Britain Britain Britain Britain Britain Britain Britain Britain Britain Britain Britain Britain Britain Britain Britain Britain Britain Britain Britain Britain Britain Britain Britain Britain Britain Britain Britain Britain Britain Britain Britain Britain Britain Britain Britain Britain Britain Britain Britain Britain Britain Britain Britain Britain Britain Britain Britain Britain Britain Britain Britain Britain Britain Britain Britain Britain Britain Britain Britain Britain Britain Britain Britain Britain Britain Britain Britain Britain Britain Britain Britain Britain Britain Britain Britain Britain Britain Britain Britain Britain Britain Britain Britain Britain Britain Britain Britain Britain Britain Britain Britain Britain Britain Britain Britain Britain Britain Britain Britain Britain Britain Britain Britain Britain Britain Britain Britain Britain Britain Britain Britain Britain Britain Britain Britain Britain Britain Britain Britain Britain Britain Britain Britain Britain Britain Britain Britain Britain Britain Britain Britain Britain Britain Britain Britain Britain Britain Britain Britain Britain Britain Britain Britain Britain Britain Britain Britain Britain Britain Britain Britain Britain Britain Britain Britain Britain Britain Britain Britain Britain Britain Britain Britain Britain Britain Britain Britain Britain Britain Britain Britain Britain Britain Britain Britain Britain Britain Britain Britain Britain Britain Britain Britain Britain Britain Britain Britain Britain Britain Britain Britain Britain Britain Britain Britain Britain Britain Britain Britain Britain Britain Britain Britain Britain Britain Britain Britain Britain Britain Britain Britain Britain Britain Britain Britain Britain Britain Britain Britain Britain Britain Britain Britain Britain Britain Britain Britain Britain Britain Britain Britain Britain Britain Britain Britain Britain Britain Britain Britain Britain Britain Britain Britain Britain Britain Britain Britain Britain Britain Britain Britain Britain Britain Britain Britain Britain Britain Britain Britain Britain Britain Britain Britain Britain Britain Britain Britain Britain Britain Britain Britain Britain Britain Britain Britain Britain Britain Britain Britain Britain Britain Britain Britain Britain Britain Britain Britain Britain Britain Britain Britain Britain Britain Britain Britain Britain Britain Britain Britain Britain Britain Britain Britain Britain Britain Britain Britain Britain Britain Britain Britain Britain Britain Britain Britain Britain Britain Britain Britain Britain Britain Britain Britain Britain Britain Britain Britain Britain Britain Britain Britain Britain Britain Britain Britain Britain Britain Britain Britain Britain Britain Britain Britain Britain Britain Britain Britain Britain Britain Britain Britain Britain Britain Britain Britain Britain Britain Britain Britain Britain Britain Britain Britain Britain Britain Britain Britain Britain Britain Britain Britain Britain Britain Britain Britain Britain Britain Britain Britain Britain Britain Britain Britain Britain Britain Britain Britain Britain Britain Britain Britain Britain Britain Britain Britain Britain Britain Britain Britain Britain Britain Britain Britain Britain Britain Britain Britain Britain Britain Britain Britain Britain Britain Britain Britain Britain Britain Britain Britain Britain Britain Britain Britain Britain Britain Britain Britain Britain Britain Britain Britain Britain Britain Britain Britain Britain Britain Britain Britain Britain Britain Britain Britain Britain Britain Britain Britain Britain Britain Britain Britain Britain Britain Britain Britain Britain Britain Britain Britain Britain Britain Britain Britain Britain Britain Britain Britain Britain Britain Britain Britain Britain Britain Britain Britain Britain Britain Britain Britain Britain Britain Britain Britain Britain Britain Britain Britain Britain Britain Britain Britain Britain Britain Britain Britain Britain Britain Britain Britain Britain Britain Britain Britain Britain Britain Britain Britain Britain Britain Britain Britain Britain Britain Britain Britain Britain Britain Britain Britain Britain Britain Britain Britain Britain Britain Britain Britain Britain Britain Britain Britain Britain Britain Britain Britain Britain Britain Britain Britain Britain Britain Britain Britain Britain Britain Britain Britain Britain Britain Britain Britain Britain Britain Britain Britain Britain Britain Britain Britain Britain Britain Britain Britain Britain Britain Britain Britain Britain Britain Britain Britain Britain Britain Britain Britain Britain Britain Britain Britain Britain Britain Britain Britain Britain Britain Britain Britain Britain Britain Britain Britain Britain Britain Britain Britain Britain Britain Britain Britain Britain Britain Britain Britain Britain Britain Britain Britain Britain Britain Britain Britain Britain Britain Britain Britain Britain Britain Britain Britain Britain Britain Britain Britain Britain Britain Britain Britain Britain Britain Britain Britain Britain Britain Britain Britain Britain Britain Britain Britain Britain Britain Britain Britain Britain Britain Britain Britain Britain Britain Britain Britain Britain Britain Britain Britain Britain Britain Britain Britain Britain Britain Britain Britain Britain Britain Britain Britain Britain Britain Britain Britain Britain Britain Britain Britain Britain Britain Britain Britain Britain Britain Britain Britain Britain Britain Britain Britain Britain Britain Britain Britain Britain Britain Britain Britain Britain Britain Britain Britain Britain Britain Britain Britain Britain Britain Britain Britain Britain Britain Britain Britain Britain Britain Britain Britain Britain Britain Britain Britain Britain Britain Britain Britain Britain Britain Britain Britain Britain Britain Britain Britain Britain Britain Britain Britain Britain Britain Britain Britain Britain Britain Britain Britain Britain Britain Britain Britain Britain Britain Britain Britain Britain Britain Britain Britain Britain Britain Britain Britain Britain Britain Britain Britain Britain Britain Britain Britain Britain Britain Britain Britain Britain Britain Britain Britain Britain Britain Britain Britain Britain Britain Britain Britain Britain Britain Britain Britain Britain Britain Britain Britain Britain Britain Britain Britain Britain Britain Britain Britain Britain Britain Britain Britain Britain Britain Britain Britain Britain Britain Britain Britain Britain Britain Britain Britain Britain Britain Britain Britain Britain Britain Britain Britain Britain Britain Britain Britain Britain Britain Britain Britain Britain Britain Britain Britain Britain Britain Britain Britain Britain Britain Britain Britain Britain Britain Britain Britain Britain Britain Britain Britain Britain Britain Britain Britain Britain Britain Britain Britain Britain Britain Britain Britain Britain Britain Britain Britain Britain Britain Britain Britain Britain Britain Britain Britain Britain Britain Britain Britain Britain Britain Britain Britain Britain Britain Britain Britain Britain Britain Britain Britain Britain Britain Britain Britain Britain Britain Britain Britain Britain Britain Britain Britain Britain Britain Britain Britain Britain Britain Britain Britain Britain Britain Britain Britain Britain Britain Britain Britain Britain Britain Britain Britain Britain Britain Britain Britain Britain Britain Britain Britain Britain Britain Britain Britain Britain Britain Britain Britain Britain Britain Britain Britain Britain Britain Britain Britain Britain Britain Britain Britain Britain Britain Britain Britain Britain Britain Britain Britain Britain Britain Britain Britain Britain Britain Britain Britain Britain Britain Britain Britain Britain Britain Britain Britain Britain Britain Britain Britain Britain Britain Britain Britain Britain Britain Britain Britain Britain Britain Britain Britain Britain Britain Britain Britain Britain Britain Britain Britain Britain Britain Britain Britain Britain Britain Britain Britain Britain Britain Britain Britain Britain Britain Britain Britain Britain Britain Britain Britain Britain Britain Britain Britain Britain Britain Britain Britain Britain Britain Britain Britain Britain Britain Britain Britain Britain Britain Britain Britain Britain Britain Britain Britain Britain Britain Britain Britain Britain Britain Britain Britain Britain Britain Britain Britain Britain Britain Britain Britain Britain Britain Britain Britain Britain Britain Britain Britain Britain Britain Britain Britain Britain Britain Britain Britain Britain Britain Britain Britain Britain Britain Britain Britain Britain Britain Britain Britain Britain Britain Britain Britain Britain Britain Britain Britain Britain Britain Britain Britain Britain Britain Britain Britain Britain Britain Britain Britain Britain Britain Britain Britain Britain Britain Britain Britain Britain Britain Britain Britain Britain Britain Britain Britain Britain Britain Britain Britain Britain Britain Britain Britain Britain Britain Britain Britain Britain Britain Britain Britain Britain Britain Britain Britain Britain Britain Britain Britain Britain Britain Britain Britain Britain Britain Britain Britain Britain Britain Britain Britain Britain Britain Britain Britain Britain Britain Britain Britain Britain Britain Britain Britain Britain Britain Britain Britain Britain Britain Britain Britain Britain Britain Britain Britain Britain Britain Britain Britain Britain Britain Britain Britain Britain Britain Britain Britain Britain Britain Britain Britain Britain Britain Britain Britain Britain Britain Britain Britain Britain Britain Britain Britain Britain Britain Britain Britain Britain Britain Britain Britain Britain Britain Britain Britain Britain Britain Britain Britain Britain Britain Britain Britain Britain Britain Britain Britain Britain Britain Britain Britain Britain Britain Britain Britain Britain Britain Britain Britain Britain Britain Britain Britain Britain Britain Britain Britain Britain Britain Britain Britain Britain Britain Britain Britain Britain Britain Britain Britain Britain Britain Britain Britain Britain Britain Britain Britain Britain Britain Britain Britain Britain Britain Britain Britain Britain Britain Britain Britain Britain Britain Britain Britain Britain Britain Britain Britain Britain Britain Britain Britain Britain Britain Britain Britain Britain Britain Britain Britain Britain Britain Britain Britain Britain Britain Britain Britain Britain Britain Britain Britain Britain Britain Britain Britain Britain Britain Britain Britain Britain Britain Britain Britain Britain Britain Britain Britain Britain Britain Britain Britain Britain Britain Britain Britain Britain Britain Britain Britain Britain Britain Britain Britain Britain Britain Britain Britain Britain Britain Britain Britain Britain Britain Britain Britain Britain Britain Britain Britain Britain Britain Britain Britain Britain Britain Britain Britain Britain Britain Britain Britain Britain Britain Britain Britain Britain Britain Britain Britain Britain Britain Britain Britain Britain Britain Britain Britain Britain Britain Britain Britain Britain Britain Britain Britain Britain Britain Britain Britain Britain Britain Britain Britain Britain Britain Britain Britain Britain Britain Britain Britain Britain Britain Britain Britain Britain Britain Britain Britain Britain Britain Britain Britain Britain Britain Britain Britain Britain Britain Britain Britain Britain Britain Britain Britain Britain Britain Britain Britain Britain Britain Britain Britain Britain Britain Britain Britain Britain Britain Britain Britain Britain Britain Britain Britain Britain Britain Britain Britain Britain Britain Britain Britain Britain Britain Britain Britain Britain Britain Britain Britain Britain Britain Britain Britain Britain Britain Britain Britain Britain Britain Britain Britain Britain Britain Britain Britain Britain Britain Britain Britain Britain Britain Britain Britain Britain Britain Britain Britain Britain Britain Britain Britain Britain Britain Britain Britain Britain Britain Britain Britain Britain Britain Britain Britain Britain Britain Britain Britain Britain Britain Britain Britain Britain Britain Britain Britain Britain Britain Britain Britain Britain Britain Britain Britain Britain Britain Britain Britain Britain Britain Britain Britain Britain Britain Britain Britain Britain Britain Britain Britain Britain Britain Britain Britain Britain Britain Britain Britain Britain Britain Britain Britain Britain Britain Britain Britain Britain Britain Britain Britain Britain Britain Britain Britain Britain Britain Britain Britain Britain Britain Britain Britain Britain Britain Britain Britain Britain Britain Britain Britain Britain Britain Britain Britain Britain Britain Britain Britain Britain Britain Britain Britain Britain Britain Britain Britain Britain Britain Britain Britain Britain Britain Britain Britain Britain Britain Britain Britain Britain Britain Britain Britain Britain Britain Britain Britain Britain Britain Britain Britain Britain Britain Britain Britain Britain Britain Britain Britain Britain Britain Britain Britain Britain Britain Britain Britain Britain Britain Britain Britain Britain Britain Britain Britain Britain Britain Britain Britain Britain Britain Britain Britain Britain Britain Britain Britain Britain Britain Britain Britain Britain Britain Britain Britain Britain Britain Britain Britain Britain Britain Britain Britain Britain Britain Britain Britain Britain Britain Britain Britain Britain Britain Britain Britain Britain Britain Britain Britain Britain Britain Britain Britain Britain Britain Britain Britain Britain Britain Britain Britain Britain Britain Britain Britain Britain Britain Britain Britain Britain Britain Britain Britain Britain Britain Britain Britain Britain Britain Britain Britain Britain Britain Britain Britain Britain Britain Britain Britain Britain Britain Britain Britain Britain Britain Britain Britain Britain Britain Britain Britain Britain Britain Britain Britain Britain Britain Britain Britain Britain Britain Britain Britain Britain Britain Britain Britain Britain Britain Britain Britain Britain Britain Britain Britain Britain Britain Britain Britain Britain Britain Britain Britain Britain Britain Britain Britain Britain Britain Britain Britain Britain Britain Britain Britain Britain Britain Britain Britain Britain Britain Britain Britain Britain Britain Britain Britain Britain Britain Britain Britain Britain Britain Britain Britain Britain Britain Britain Britain Britain Britain Britain Britain Britain Britain Britain Britain Britain Britain Britain Britain Britain Britain Britain Britain Britain Britain Britain Britain Britain Britain Britain Britain Britain Britain Britain Britain Britain Britain Britain Britain Britain Britain Britain Britain Britain Britain Britain Britain Britain Britain Britain Britain Britain Britain Britain Britain Britain Britain Britain Britain Britain Britain Britain Britain Britain Britain Britain Britain Britain Britain Britain Britain Britain Britain Britain Britain Britain Britain Britain Britain Britain Britain Britain Britain Britain Britain Britain Britain Britain Britain Britain Britain Britain Britain Britain Britain Britain Britain Britain Britain Britain Britain Britain Britain Britain Britain Britain Britain Britain Britain Britain Britain Britain Britain Britain Britain Britain Britain Britain Britain Britain Britain Britain Britain Britain Britain Britain Britain Britain Britain Britain Britain Britain Britain Britain Britain Britain Britain Britain Britain Britain Britain Britain Britain Britain Britain Britain Britain Britain Britain Britain Britain Britain Britain Britain Britain Britain Britain Britain Britain Britain Britain Britain Britain Britain Britain Britain Britain Britain Britain Britain Britain Britain Britain Britain Britain Britain Britain Britain Britain Britain Britain Britain Britain Britain Britain Britain Britain Britain Britain Britain Britain Britain Britain Britain Britain Britain Britain Britain Britain Britain Britain Britain Britain Britain Britain Britain Britain Britain Britain Britain Britain Britain Britain Britain Britain Britain Britain Britain Britain Britain Britain Britain Britain Britain Britain Britain Britain Britain Britain Britain Britain Britain Britain Britain Britain Britain Britain Britain Britain Britain Britain Britain Britain Britain Britain Britain Britain Britain Britain Britain Britain Britain Britain Britain Britain Britain Britain Britain Britain Britain Britain Britain Britain Britain Britain Britain Britain Britain Britain Britain Britain Britain Britain Britain Britain Britain Britain Britain Britain Britain Britain Britain Britain Britain Britain Britain Britain Britain Britain Britain Britain Britain Britain Britain Britain Britain Britain Britain Britain Britain Britain Britain Britain Britain Britain Britain Britain Britain Britain Britain Britain Britain Britain Britain Britain Britain Britain Britain Britain Britain Britain Britain Britain Britain Britain Britain Britain Britain Britain Britain Britain Britain Britain Britain Britain Britain Britain Britain Britain Britain Britain Britain Britain Britain Britain Britain Britain Britain Britain Britain Britain Britain Britain Britain Britain Britain Britain Britain Britain Britain Britain Britain Britain Britain Britain Britain Britain Britain Britain Britain Britain Britain Britain Britain Britain Britain Britain Britain Britain Britain Britain Britain Britain Britain Britain Britain Britain Britain Britain Britain Britain Britain Britain Britain Britain Britain Britain Britain Britain Britain Britain Britain Britain Britain Britain Britain Britain Britain Britain Britain Britain Britain Britain Britain Britain Britain Britain Britain Britain Britain Britain Britain Britain Britain Britain Britain Britain Britain Britain Britain Britain Britain Britain Britain Britain Britain Britain Britain Britain Britain Britain Britain Britain Britain Britain Britain Britain Britain Britain Britain Britain Britain Britain Britain Britain Britain Britain Britain Britain Britain Britain Britain Britain Britain Britain Britain Britain Britain Britain Britain Britain Britain Britain Britain Britain Britain Britain Britain Britain Britain Britain Britain Britain Britain Britain Britain Britain Britain Britain Britain Britain Britain Britain Britain Britain Britain Britain Britain Britain Britain Britain Britain Britain Britain Britain Britain Britain Britain Britain Britain Britain Britain Britain Britain Britain Britain Britain Britain Britain Britain Britain Britain Britain Britain Britain Britain Britain Britain Britain Britain Britain Britain Britain Britain Britain Britain Britain Britain Britain Britain Britain Britain Britain Britain Britain Britain Britain Britain Britain Britain Britain Britain Britain Britain Britain Britain Britain Britain Britain Britain Britain Britain Britain Britain Britain Britain Britain Britain Britain Britain Britain Britain Britain Britain Britain Britain Britain Britain Britain Britain Britain Britain Britain Britain Britain Britain Britain Britain Britain Britain Britain Britain Britain Britain Britain Britain Britain Britain Britain Britain Britain Britain Britain Britain Britain Britain Britain Britain Britain Britain Britain Britain Britain Britain Britain Britain Britain Britain Britain Britain Britain Britain Britain Britain Britain Britain Britain Britain Britain Britain Britain Britain Britain Britain Britain Britain Britain Britain Britain Britain Britain Britain Britain Britain Britain Britain Britain Britain Britain Britain Britain Britain Britain Britain Britain Britain Britain Britain Britain Britain Britain Britain Britain Britain Britain Britain Britain Britain Britain Britain Britain Britain Britain Britain Britain Britain Britain Britain Britain Britain Britain Britain Britain Britain Britain Britain Britain Britain Britain Britain Britain Britain Britain Britain Britain Britain Britain Britain Britain Britain Britain Britain Britain Britain Britain Britain Britain Britain Britain Britain Britain Britain Britain Britain Britain Britain Britain Britain Britain Britain Britain Britain Britain Britain Britain Britain Britain Britain Britain Britain Britain Britain Britain Britain Britain Britain Britain Britain Britain Britain Britain Britain Britain Britain Britain Britain Britain Britain Britain Britain Britain Britain Britain Britain Britain Britain Britain Britain Britain Britain Britain Britain Britain Britain Britain Britain Britain Britain Britain Britain Britain Britain Britain Britain Britain Britain Britain Britain Britain Britain Britain Britain Britain Britain Britain Britain Britain Britain Britain Britain Britain Britain Britain Britain Britain Britain Britain Britain Britain Britain Britain Britain Britain Britain Britain Britain Britain Britain Britain Britain Britain Britain Britain Britain Britain Britain Britain Britain Britain Britain Britain Britain Britain Britain Britain Britain Britain Britain Britain Britain Britain Britain Britain Britain Britain Britain Britain Britain Britain Britain Britain Britain Britain Britain Britain Britain Britain Britain Britain Britain Britain Britain Britain Britain Britain Britain Britain Britain Britain Britain Britain Britain Britain Britain Britain Britain Britain Britain Britain Britain Britain Britain Britain Britain Britain Britain Britain Britain Britain Britain Britain Britain Britain Britain Britain Britain Britain Britain Britain Britain Britain Britain Britain Britain Britain Britain Britain Britain Britain Britain Britain Britain Britain Britain Britain Britain Britain Britain Britain Britain Britain Britain Britain Britain Britain Britain Britain Britain Britain Britain Britain Britain Britain Britain Britain Britain Britain Britain Britain Britain Britain Britain Britain Britain Britain Britain Britain Britain Britain Britain Britain Britain Britain Britain Britain Britain Britain Britain Britain Britain Britain Britain Britain Britain Britain Britain Britain Britain Britain Britain Britain Britain Britain Britain Britain Britain Britain Britain Britain Britain Britain Britain Britain Britain Britain Britain Britain Britain Britain Britain Britain Britain Britain Britain Britain Britain Britain Britain Britain Britain Britain Britain Britain Britain Britain Britain Britain Britain Britain Britain Britain Britain Britain Britain Britain Britain Britain Britain Britain Britain Britain Britain Britain Britain Britain Britain Britain Britain Britain Britain Britain Britain Britain Britain Britain Britain Britain Britain Britain Britain Britain Britain Britain Britain Britain Britain Britain Britain Britain Britain Britain Britain Britain Britain Britain Britain Britain Britain Britain Britain Britain Britain Britain Britain Britain Britain Britain Britain Britain Britain Britain Britain Britain Britain Britain Britain Britain Britain Britain Britain Britain Britain Britain Britain Britain Britain Britain Britain Britain Britain Britain Britain Britain Britain Britain Britain Britain Britain Britain Britain Britain Britain Britain Britain Britain Britain Britain Britain Britain Britain Britain Britain Britain Britain Britain Britain Britain Britain Britain Britain Britain Britain Britain Britain Britain Britain Britain Britain Britain Britain Britain Britain Britain Britain Britain Britain Britain Britain Britain Britain Britain Britain Britain Britain Britain Britain Britain Britain Britain Britain Britain Britain Britain Britain Britain Britain Britain Britain Britain Britain Britain Britain Britain Britain Britain Britain Britain Britain Britain Britain Britain Britain Britain Britain Britain Britain Britain Britain Britain Britain Britain Britain Britain Britain Britain Britain Britain Britain Britain Britain Britain Britain Britain Britain Britain Britain Britain Britain Britain Britain Britain Britain Britain Britain Britain Britain Britain Britain Britain Britain Britain Britain Britain Britain Britain Britain Britain Britain Britain Britain Britain Britain Britain Britain Britain Britain Britain Britain Britain Britain Britain Britain Britain Britain Britain Britain Britain Britain Britain Britain Britain Britain Britain Britain Britain Britain Britain Britain Britain Britain Britain Britain Britain Britain Britain Britain Britain Britain Britain Britain Britain Britain Britain Britain Britain Britain Britain Britain Britain Britain Britain Britain Britain Britain Britain Britain Britain Britain Britain Britain Britain Britain Britain Britain Britain Britain Britain Britain Britain Britain Britain Britain Britain Britain Britain Britain Britain Britain Britain Britain Britain Britain Britain Britain Britain Britain Britain Britain Britain Britain Britain Britain Britain Britain Britain Britain Britain Britain Britain Britain Britain Britain Britain Britain Britain Britain Britain Britain Britain Britain Britain Britain Britain Britain Britain Britain Britain Britain Britain Britain Britain Britain Britain Britain Britain Britain Britain Britain Britain Britain Britain Britain Britain Britain Britain Britain Britain Britain Britain Britain Britain Britain Britain Britain Britain Britain Britain Britain Britain Britain Britain Britain Britain Britain Britain Britain Britain Britain Britain Britain Britain Britain Britain Britain Britain Britain Britain Britain Britain Britain Britain Britain Britain Britain Britain Britain Britain Britain Britain Britain Britain Britain Britain Britain Britain Britain Britain Britain Britain Britain Britain Britain Britain Britain Britain Britain Britain Britain Britain Britain Britain Britain Britain Britain Britain Britain Britain Britain Britain Britain Britain Britain Britain Britain Britain Britain Britain Britain Britain Britain Britain Britain Britain Britain Britain Britain Britain Britain Britain Britain Britain Britain Britain Britain Britain Britain Britain Britain Britain Britain Britain Britain Britain Britain Britain Britain Britain Britain Britain Britain Britain Britain Britain Britain Britain Britain Britain Britain Britain Britain Britain Britain Britain Britain Britain Britain Britain Britain Britain Britain Britain Britain Britain Britain Britain Britain Britain Britain Britain Britain Britain Britain Britain Britain Britain Britain Britain Britain Britain Britain Britain Britain Britain Britain Britain Britain Britain Britain Britain Britain Britain Britain Britain Britain Britain Britain Britain Britain Britain Britain Britain Britain Britain Britain Britain Britain Britain Britain Britain Britain Britain Britain Britain Britain Britain Britain Britain Britain Britain Britain Britain Britain Britain Britain Britain Britain Britain Britain Britain Britain Britain Britain Britain Britain Britain Britain Britain Britain Britain Britain Britain Britain Britain Britain Britain Britain Britain Britain Britain Britain Britain Britain Britain Britain Britain Britain Britain Britain Britain Britain Britain Britain Britain Britain Britain Britain Britain Britain Britain Britain Britain Britain Britain Britain Britain Britain Britain Britain Britain Britain Britain Britain Britain Britain Britain Britain Britain Britain Britain Britain Britain Britain Britain Britain Britain Britain Britain Britain Britain Britain Britain Britain Britain Britain Britain Britain Britain Britain Britain Britain Britain Britain Britain Britain Britain Britain Britain Britain Britain Britain Britain Britain Britain Britain Britain Britain Britain Britain Britain Britain Britain Britain Britain Britain Britain Britain Britain Britain Britain Britain Britain Britain Britain Britain Britain Britain Britain Britain Britain Britain Britain Britain Britain Britain Britain Britain Britain Britain Britain Britain Britain Britain Britain Britain Britain Britain Britain Britain Britain Britain Britain Britain Britain Britain Britain Britain Britain Britain Britain Britain Britain Britain Britain Britain Britain Britain Britain Britain Britain Britain Britain Britain Britain Britain Britain Britain Britain Britain Britain Britain Britain Britain Britain Britain Britain Britain Britain Britain Britain Britain Britain Britain Britain Britain Britain Britain Britain Britain Britain Britain Britain Britain Britain Britain Britain Britain Britain Britain Britain Britain Britain Britain Britain Britain Britain Britain Britain Britain Britain Britain Britain Britain Britain Britain Britain Britain Britain Britain Britain Britain Britain Britain Britain Britain Britain Britain Britain Britain Britain Britain Britain Britain Britain Britain Britain Britain Britain Britain Britain Britain Britain Britain Britain Britain Britain Britain Britain Britain Britain Britain Britain Britain Britain Britain Britain Britain Britain Britain Britain Britain Britain Britain Britain Britain Britain Britain Britain Britain Britain Britain Britain Britain Britain Britain Britain Britain Britain Britain Britain Britain Britain Britain Britain Britain Britain Britain Britain Britain Britain Britain Britain Britain Britain Britain Britain Britain Britain Britain Britain Britain Britain Britain Britain Britain Britain Britain Britain Britain Britain Britain Britain Britain Britain Britain Britain Britain Britain Britain Britain Britain Britain Britain Britain Britain Britain Britain Britain Britain Britain Britain Britain Britain Britain Britain Britain Britain Britain Britain Britain Britain Britain Britain Britain Britain Britain Britain Britain Britain Britain Britain Britain Britain Britain Britain Britain Britain Britain Britain Britain Britain Britain Britain Britain Britain Britain Britain Britain Britain Britain Britain Britain Britain Britain Britain Britain Britain Britain Britain Britain Britain Britain Britain Britain Britain Britain Britain Britain Britain Britain Britain Britain Britain Britain Britain Britain Britain Britain Britain Britain Britain Britain Britain Britain Britain Britain Britain Britain Britain Britain Britain Britain Britain Britain Britain Britain Britain Britain Britain Britain Britain Britain Britain Britain Britain Britain Britain Britain Britain Britain Britain Britain Britain Britain Britain Britain Britain Britain Britain Britain Britain Britain Britain Britain Britain Britain Britain Britain Britain Britain Britain Britain Britain Britain Britain Britain Britain Britain Britain Britain Britain Britain Britain Britain Britain Britain Britain Britain Britain Britain Britain Britain Britain Britain Britain Britain Britain Britain Britain Britain Britain Britain Britain Britain Britain Britain Britain Britain Britain Britain Britain Britain Britain Britain Britain Britain Britain Britain Britain Britain Britain Britain Britain Britain Britain Britain Britain Britain Britain Britain Britain Britain Britain Britain Britain Britain Britain Britain Britain Britain Britain Britain Britain Britain Britain Britain Britain Britain Britain Britain Britain Britain Britain Britain Britain Britain Britain Britain Britain Britain Britain Britain Britain Britain Britain Britain Britain Britain Britain Britain Britain Britain Britain Britain Britain Britain Britain Britain Britain Britain Britain Britain Britain Britain Britain Britain Britain Britain Britain Britain Britain Britain Britain Britain Britain Britain Britain Britain Britain Britain Britain Britain Britain Britain Britain Britain Britain Britain Britain Britain Britain Britain Britain Britain Britain Britain Britain Britain Britain Britain Britain Britain Britain Britain Britain Britain Britain Britain Britain Britain Britain Britain Britain Britain Britain Britain Britain Britain Britain Britain Britain Britain Britain Britain Britain Britain Britain Britain Britain Britain Britain Britain Britain Britain Britain Britain Britain Britain Britain Britain Britain Britain Britain Britain Britain Britain Britain Britain Britain Britain Britain Britain Britain Britain Britain Britain Britain Britain Britain Britain Britain Britain Britain Britain Britain Britain Britain Britain Britain Britain Britain Britain Britain Britain Britain Britain Britain Britain Britain Britain Britain Britain Britain Britain Britain Britain Britain Britain Britain Britain Britain Britain Britain Britain Britain Britain Britain Britain Britain Britain Britain Britain Britain Britain Britain Britain Britain Britain Britain Britain Britain Britain Britain Britain Britain Britain Britain Britain Britain Britain Britain Britain Britain Britain Britain Britain Britain Britain Britain Britain Britain Britain Britain Britain Britain Britain Britain Britain Britain Britain Britain Britain Britain Britain Britain Britain Britain Britain Britain Britain Britain Britain Britain Britain Britain Britain Britain Britain Britain Britain Britain Britain Britain Britain Britain Britain Britain Britain Britain Britain Britain Britain Britain Britain Britain Britain Britain Britain Britain Britain Britain Britain Britain Britain Britain Britain Britain Britain Britain Britain Britain Britain Britain Britain Britain Britain Britain Britain Britain Britain Britain Britain Britain Britain Britain Britain Britain Britain Britain Britain Britain Britain Britain Britain Britain Britain Britain Britain Britain Britain Britain Britain Britain Britain Britain Britain Britain Britain Britain Britain Britain Britain Britain Britain Britain Britain Britain Britain Britain Britain Britain Britain Britain Britain Britain Britain Britain Britain Britain Britain Britain Britain Britain Britain Britain Britain Britain Britain Britain Britain Britain Britain Britain Britain Britain Britain Britain Britain Britain Britain Britain Britain Britain Britain Britain Britain Britain Britain Britain Britain Britain Britain Britain Britain Britain Britain Britain Britain Britain Britain Britain Britain Britain Britain Britain Britain Britain Britain Britain Britain Britain Britain Britain Britain Britain Britain Britain Britain Britain Britain Britain Britain Britain Britain Britain Britain Britain Britain Britain Britain Britain Britain Britain Britain Britain Britain Britain Britain Britain Britain Britain Britain Britain Britain Britain Britain Britain Britain Britain Britain Britain Britain Britain Britain Britain Britain Britain Britain Britain Britain Britain Britain Britain Britain Britain Britain Britain Britain Britain Britain Britain Britain Britain Britain Britain Britain Britain Britain Britain Britain Britain Britain Britain Britain Britain Britain Britain Britain Britain Britain Britain Britain Britain Britain Britain Britain Britain Britain Britain Britain Britain Britain Britain Britain Britain Britain Britain Britain Britain Britain Britain Britain Britain Britain Britain Britain Britain Britain Britain Britain Britain Britain Britain Britain Britain Britain Britain Britain Britain Britain Britain Britain Britain Britain Britain Britain Britain Britain Britain Britain Britain Britain Britain Britain Britain Britain Britain Britain Britain Britain Britain Britain Britain Britain Britain Britain Britain Britain Britain Britain Britain Britain Britain Britain Britain Britain Britain Britain Britain Britain Britain Britain Britain Britain Britain Britain Britain Britain Britain Britain Britain Britain Britain Britain Britain Britain Britain Britain Britain Britain Britain Britain Britain Britain Britain Britain Britain Britain Britain Britain Britain Britain Britain Britain Britain Britain Britain Britain Britain Britain Britain Britain Britain Britain Britain Britain Britain Britain Britain Britain Britain Britain Britain Britain Britain Britain Britain Britain Britain Britain Britain Britain Britain Britain Britain Britain Britain Britain Britain Britain Britain Britain Britain Britain Britain Britain Britain Britain Britain Britain Britain Britain Britain Britain Britain Britain Britain Britain Britain Britain Britain Britain Britain Britain Britain Britain Britain Britain Britain Britain Britain Britain Britain Britain Britain Britain Britain Britain Britain Britain Britain Britain Britain Britain Britain Britain Britain Britain Britain Britain Britain Britain Britain Britain Britain Britain Britain Britain Britain Britain Britain Britain Britain Britain Britain Britain Britain Britain Britain Britain Britain Britain Britain Britain Britain Britain Britain Britain Britain Britain Britain Britain Britain Britain Britain Britain Britain Britain Britain Britain Britain Britain Britain Britain Britain Britain Britain Britain Britain Britain Britain Britain Britain Britain Britain Britain Britain Britain Britain Britain Britain Britain Britain Britain Britain Britain Britain Britain Britain Britain Britain Britain Britain Britain Britain Britain Britain Britain Britain Britain Britain Britain Britain Britain Britain Britain Britain Britain Britain Britain Britain Britain Britain Britain Britain Britain Britain Britain Britain Britain Britain Britain Britain Britain Britain Britain Britain Britain Britain Britain Britain Britain Britain Britain Britain Britain Britain Britain Britain Britain Britain Britain Britain Britain Britain Britain Britain Britain Britain Britain Britain Britain Britain Britain Britain Britain Britain Britain Britain Britain Britain Britain Britain Britain Britain Britain Britain Britain Britain Britain Britain Britain Britain Britain Britain Britain Britain Britain Britain Britain Britain Britain Britain Britain Britain Britain Britain Britain Britain Britain Britain Britain Britain Britain Britain Britain Britain Britain Britain Britain Britain Britain Britain Britain Britain Britain Britain Britain Britain Britain Britain Britain Britain Britain Britain Britain Britain Britain Britain Britain Britain Britain Britain Britain Britain Britain Britain Britain Britain Britain Britain Britain Britain Britain Britain Britain Britain Britain Britain Britain Britain Britain Britain Britain Britain Britain Britain Britain Britain Britain Britain Britain Britain Britain Britain Britain Britain Britain Britain Britain Britain Britain Britain Britain Britain Britain Britain Britain Britain Britain Britain Britain Britain Britain Britain Britain Britain Britain Britain Britain Britain Britain Britain Britain Britain Britain Britain Britain Britain Britain Britain Britain Britain Britain Britain Britain Britain Britain Britain Britain Britain Britain Britain Britain Britain Britain Britain Britain Britain Britain Britain Britain Britain Britain Britain Britain Britain Britain Britain Britain Britain Britain Britain Britain Britain Britain Britain Britain Britain Britain Britain Britain Britain Britain Britain Britain Britain Britain Britain Britain Britain Britain Britain Britain Britain Britain Britain Britain Britain Britain Britain Britain Britain Britain Britain Britain Britain Britain Britain Britain Britain Britain Britain Britain Britain Britain Britain Britain Britain Britain Britain Britain Britain Britain Britain Britain Britain Britain Britain Britain Britain Britain Britain Britain Britain Britain Britain Britain Britain Britain Britain Britain Britain Britain Britain Britain Britain Britain Britain Britain Britain Britain Britain Britain Britain Britain Britain Britain Britain Britain Britain Britain Britain Britain Britain Britain Britain Britain Britain Britain Britain Britain Britain Britain Britain Britain Britain Britain Britain Britain Britain Britain Britain Britain Britain Britain Britain Britain Britain Britain Britain Britain Britain Britain Britain Britain Britain Britain Britain Britain Britain Britain Britain Britain Britain Britain Britain Britain Britain Britain Britain Britain Britain Britain Britain Britain Britain Britain Britain Britain Britain Britain Britain Britain Britain Britain Britain Britain Britain Britain Britain Britain Britain Britain Britain Britain Britain Britain Britain Britain Britain Britain Britain Britain Britain Britain Britain Britain Britain Britain Britain Britain Britain Britain Britain Britain Britain Britain Britain Britain Britain Britain Britain Britain Britain Britain Britain Britain Britain Britain Britain Britain Britain Britain Britain Britain Britain Britain Britain Britain Britain Britain Britain Britain Britain Britain Britain Britain Britain Britain Britain Britain Britain Britain Britain Britain Britain Britain Britain Britain Britain Britain Britain Britain Britain Britain Britain Britain Britain Britain Britain Britain Britain Britain Britain Britain Britain Britain Britain Britain Britain Britain Britain Britain Britain Britain Britain Britain Britain Britain Britain Britain Britain Britain Britain Britain Britain Britain Britain Britain Britain Britain Britain Britain Britain Britain Britain Britain Britain Britain Britain Britain Britain Britain Britain Britain Britain Britain Britain Britain Britain Britain Britain Britain Britain Britain Britain Britain Britain Britain Britain Britain Britain Britain Britain Britain Britain Britain Britain Britain Britain Britain Britain Britain Britain Britain Britain Britain Britain Britain Britain Britain Britain Britain Britain Britain Britain Britain Britain Britain Britain Britain Britain Britain Britain Britain Britain Britain Britain Britain Britain Britain Britain Britain Britain Britain Britain Britain Britain Britain Britain Britain Britain Britain Britain Britain Britain Britain Britain Britain Britain Britain Britain Britain Britain Britain Britain Britain Britain Britain Britain Britain Britain Britain Britain Britain Britain Britain Britain Britain Britain Britain Britain Britain Britain Britain Britain Britain Britain Britain Britain Britain Britain Britain Britain Britain Britain Britain Britain Britain Britain Britain Britain Britain Britain Britain Britain Britain Britain Britain Britain Britain Britain Britain Britain Britain Britain Britain Britain Britain Britain Britain Britain Britain Britain Britain Britain Britain Britain Britain Britain Britain Britain Britain Britain Britain Britain Britain Britain Britain Britain Britain Britain Britain Britain Britain Britain Britain Britain Britain Britain Britain Britain Britain Britain Britain Britain Britain Britain Britain Britain Britain Britain Britain Britain Britain Britain Britain Britain Britain Britain Britain Britain Britain Britain Britain Britain Britain Britain Britain Britain Britain Britain Britain Britain Britain Britain Britain Britain Britain Britain Britain Britain Britain Britain Britain Britain Britain Britain Britain Britain Britain Britain Britain Britain Britain Britain Britain Britain Britain Britain Britain Britain Britain Britain Britain Britain Britain Britain Britain Britain Britain Britain Britain Britain Britain Britain Britain Britain Britain Britain Britain Britain Britain Britain Britain Britain Britain Britain Britain Britain Britain Britain Britain Britain Britain Britain Britain Britain Britain Britain Britain Britain Britain Britain Britain Britain Britain Britain Britain Britain Britain Britain Britain Britain Britain Britain Britain Britain Britain Britain Britain Britain Britain Britain Britain Britain Britain Britain Britain Britain Britain Britain Britain Britain Britain Britain Britain Britain Britain Britain Britain Britain Britain Britain Britain Britain Britain Britain Britain Britain Britain Britain Britain Britain Britain Britain Britain Britain Britain Britain Britain Britain Britain Britain Britain Britain Britain Britain Britain Britain Britain Britain Britain Britain Britain Britain Britain Britain Britain Britain Britain Britain Britain Britain Britain Britain Britain Britain Britain Britain Britain Britain Britain Britain Britain Britain Britain Britain Britain Britain Britain Britain Britain Britain Britain Britain Britain Britain Britain Britain Britain Britain Britain Britain Britain Britain Britain Britain Britain Britain Britain Britain Britain Britain Britain Britain Britain Britain Britain Britain Britain Britain Britain Britain Britain Britain Britain Britain Britain Britain Britain Britain Britain Britain Britain Britain Britain Britain Britain Britain Britain Britain Britain Britain Britain Britain Britain Britain Britain Britain Britain Britain Britain Britain Britain Britain Britain Britain Britain Britain Britain Britain Britain Britain Britain Britain Britain Britain Britain Britain Britain Britain Britain Britain Britain Britain Britain Britain Britain Britain Britain Britain Britain Britain Britain Britain Britain Britain Britain Britain Britain Britain Britain Britain Britain Britain Britain Britain Britain Britain Britain Britain Britain Britain Britain Britain Britain Britain Britain Britain Britain Britain Britain Britain Britain Britain Britain Britain Britain Britain Britain Britain Britain Britain Britain Britain Britain Britain Britain Britain Britain Britain Britain Britain Britain Britain Britain Britain Britain Britain Britain Britain Britain Britain Britain Britain Britain Britain Britain Britain Britain Britain Britain Britain Britain Britain Britain Britain Britain Britain Britain Britain Britain Britain Britain Britain Britain Britain Britain Britain Britain Britain Britain Britain Britain Britain Britain Britain Britain Britain Britain Britain Britain Britain Britain Britain Britain Britain Britain Britain Britain Britain Britain Britain Britain Britain Britain Britain Britain Britain Britain Britain Britain Britain Britain Britain Britain Britain Britain Britain Britain Britain Britain Britain Britain Britain Britain Britain Britain Britain Britain Britain Britain Britain Britain Britain Britain Britain Britain Britain Britain Britain Britain Britain Britain Britain Britain Britain Britain Britain Britain Britain Britain Britain Britain Britain Britain Britain Britain Britain Britain Britain Britain Britain Britain Britain Britain Britain Britain Britain Britain Britain Britain Britain Britain Britain Britain Britain Britain Britain Britain Britain Britain Britain Britain Britain Britain Britain Britain Britain Britain Britain Britain Britain Britain Britain Britain Britain Britain Britain Britain Britain Britain Britain Britain Britain Britain Britain Britain Britain Britain Britain Britain Britain Britain Britain Britain Britain Britain Britain Britain Britain Britain Britain Britain Britain Britain Britain Britain Britain Britain Britain Britain Britain Britain Britain Britain Britain Britain Britain Britain Britain Britain Britain Britain Britain Britain Britain Britain Britain Britain Britain Britain Britain Britain Britain Britain Britain Britain Britain Britain Britain Britain Britain Britain Britain Britain Britain Britain Britain Britain Britain Britain Britain Britain Britain Britain Britain Britain Britain Britain Britain Britain Britain Britain Britain Britain Britain Britain Britain Britain Britain Britain Britain Britain Britain Britain Britain Britain Britain Britain Britain Britain Britain Britain Britain Britain Britain Britain Britain Britain Britain Britain Britain Britain Britain Britain Britain Britain Britain Britain Britain Britain Britain Britain Britain Britain Britain Britain Britain Britain Britain Britain Britain Britain Britain Britain Britain Britain Britain Britain Britain Britain Britain Britain Britain Britain Britain Britain Britain Britain Britain Britain Britain Britain Britain Britain Britain Britain Britain Britain Britain Britain Britain Britain Britain Britain Britain Britain Britain Britain Britain Britain Britain Britain Britain Britain Britain Britain Britain Britain Britain Britain Britain Britain Britain Britain Britain Britain Britain Britain Britain Britain Britain Britain Britain Britain Britain Britain Britain Britain Britain Britain Britain Britain Britain Britain Britain Britain Britain Britain Britain Britain Britain Britain Britain Britain Britain Britain Britain Britain Britain Britain Britain Britain Britain Britain Britain Britain Britain Britain Britain Britain Britain Britain Britain Britain Britain Britain Britain Britain Britain Britain Britain Britain Britain Britain Britain Britain Britain Britain Britain Britain Britain Britain Britain Britain Britain Britain Britain Britain Britain Britain Britain Britain Britain Britain Britain Britain Britain Britain Britain Britain Britain Britain Britain Britain Britain Britain Britain Britain Britain Britain Britain Britain Britain Britain Britain Britain Britain Britain Britain Britain Britain Britain Britain Britain Britain Britain Britain Britain Britain Britain Britain Britain Britain Britain Britain Britain Britain Britain Britain Britain Britain Britain Britain Britain Britain Britain Britain Britain Britain Britain Britain Britain Britain Britain Britain Britain Britain Britain Britain Britain Britain Britain Britain Britain Britain Britain Britain Britain Britain Britain Britain Britain Britain Britain Britain Britain Britain Britain Britain Britain Britain Britain Britain Britain Britain Britain Britain Britain Britain Britain Britain Britain Britain Britain Britain Britain Britain Britain Britain Britain Britain Britain Britain Britain Britain Britain Britain Britain Britain Britain Britain Britain Britain Britain Britain Britain Britain Britain Britain Britain Britain Britain Britain Britain Britain Britain Britain Britain Britain Britain Britain Britain Britain Britain Britain Britain Britain Britain Britain Britain Britain Britain Britain Britain Britain Britain Britain Britain Britain Britain Britain Britain Britain Britain Britain Britain Britain Britain Britain Britain Britain Britain Britain Britain Britain Britain Britain Britain Britain Britain Britain Britain Britain Britain Britain Britain Britain Britain Britain Britain Britain Britain Britain Britain Britain Britain Britain Britain Britain Britain Britain Britain Britain Britain Britain Britain Britain Britain Britain Britain Britain Britain Britain Britain Britain Britain Britain Britain Britain Britain Britain Britain Britain Britain Britain Britain Britain Britain Britain Britain Britain Britain Britain Britain Britain Britain Britain Britain Britain Britain Britain Britain Britain Britain Britain Britain Britain Britain Britain Britain Britain Britain Britain Britain Britain Britain Britain Britain Britain Britain Britain Britain Britain Britain Britain Britain Britain Britain Britain Britain Britain Britain Britain Britain Britain Britain Britain Britain Britain Britain Britain Britain Britain Britain Britain Britain Britain Britain Britain Britain Britain Britain Britain Britain Britain Britain Britain Britain Britain Britain Britain Britain Britain Britain Britain Britain Britain Britain Britain Britain Britain Britain Britain Britain Britain Britain Britain Britain Britain Britain Britain Britain Britain Britain Britain Britain Britain Britain Britain Britain Britain Britain Britain Britain Britain Britain Britain Britain Britain Britain Britain Britain Britain Britain Britain Britain Britain Britain Britain Britain Britain Britain Britain Britain Britain Britain Britain Britain Britain Britain Britain Britain Britain Britain Britain Britain Britain Britain Britain Britain Britain Britain Britain Britain Britain Britain Britain Britain Britain Britain Britain Britain Britain Britain Britain Britain Britain Britain Britain Britain Britain Britain Britain Britain Britain Britain Britain Britain Britain Britain Britain Britain Britain Britain Britain Britain Britain Britain Britain Britain Britain Britain Britain Britain Britain Britain Britain Britain Britain Britain Britain Britain Britain Britain Britain Britain Britain Britain Britain Britain Britain Britain Britain Britain Britain Britain Britain Britain Britain Britain Britain Britain Britain Britain Britain Britain Britain Britain Britain Britain Britain Britain Britain Britain Britain Britain Britain Britain Britain Britain Britain Britain Britain Britain Britain Britain Britain Britain Britain Britain Britain Britain Britain Britain Britain Britain Britain Britain Britain Britain Britain Britain Britain Britain Britain Britain Britain Britain Britain Britain Britain Britain Britain Britain Britain Britain Britain Britain Britain Britain Britain Britain Britain Britain Britain Britain Britain Britain Britain Britain Britain Britain Britain Britain Britain Britain Britain Britain Britain Britain Britain Britain Britain Britain Britain Britain Britain Britain Britain Britain Britain Britain Britain Britain Britain Britain Britain Britain Britain Britain Britain Britain Britain Britain Britain Britain Britain Britain Britain Britain Britain Britain Britain Britain Britain Britain Britain Britain Britain Britain Britain Britain Britain Britain Britain Britain Britain Britain Britain Britain Britain Britain Britain Britain Britain Britain Britain Britain Britain Britain Britain Britain Britain Britain Britain Britain Britain Britain Britain Britain Britain Britain Britain Britain Britain Britain Britain Britain Britain Britain Britain Britain Britain Britain Britain Britain Britain Britain Britain Britain Britain Britain Britain Britain Britain Britain Britain Britain Britain Britain Britain Britain Britain Britain Britain Britain Britain Britain Britain Britain Britain Britain Britain Britain Britain Britain Britain Britain Britain Britain Britain Britain Britain Britain Britain Britain Britain Britain Britain Britain Britain Britain Britain Britain Britain Britain Britain Britain Britain Britain Britain Britain Britain Britain Britain Britain Britain Britain Britain Britain Britain Britain Britain Britain Britain Britain Britain Britain Britain Britain Britain Britain Britain Britain Britain Britain Britain Britain Britain Britain Britain Britain Britain Britain Britain Britain Britain Britain Britain Britain Britain Britain Britain Britain Britain Britain Britain Britain Britain Britain Britain Britain Britain Britain Britain Britain Britain Britain Britain Britain Britain Britain Britain Britain Britain Britain Britain Britain Britain Britain Britain Britain Britain Britain Britain Britain Britain Britain Britain Britain Britain Britain Britain Britain Britain Britain Britain Britain Britain Britain Britain Britain Britain Britain Britain Britain Britain Britain Britain Britain Britain Britain Britain Britain Britain Britain Britain Britain Britain Britain Britain Britain Britain Britain Britain Britain Britain Britain Britain Britain Britain Britain Britain Britain Britain Britain Britain Britain Britain Britain Britain Britain Britain Britain Britain Britain Britain Britain Britain Britain Britain Britain Britain Britain Britain Britain Britain Britain Britain Britain Britain Britain Britain Britain Britain Britain Britain Britain Britain Britain Britain Britain Britain Britain Britain Britain Britain Britain Britain Britain Britain Britain Britain Britain Britain Britain Britain Britain Britain Britain Britain Britain Britain Britain Britain Britain Britain Britain Britain Britain Britain Britain Britain Britain Britain Britain Britain Britain Britain Britain Britain Britain Britain Britain Britain Britain Britain Britain Britain Britain Britain Britain Britain Britain Britain Britain Britain Britain Britain Britain Britain Britain Britain Britain Britain Britain Britain Britain Britain Britain Britain Britain Britain Britain Britain Britain Britain Britain Britain Britain Britain Britain Britain Britain Britain Britain Britain Britain Britain Britain Britain Britain Britain Britain Britain Britain Britain Britain Britain Britain Britain Britain Britain Britain Britain Britain Britain Britain Britain Britain Britain Britain Britain Britain Britain Britain Britain Britain Britain Britain Britain Britain Britain Britain Britain Britain Britain Britain Britain Britain Britain Britain Britain Britain Britain Britain Britain Britain Britain Britain Britain Britain Britain Britain Britain Britain Britain Britain Britain Britain Britain Britain Britain Britain Britain Britain Britain Britain Britain Britain Britain Britain Britain Britain Britain Britain Britain Britain Britain Britain Britain Britain Britain Britain Britain Britain Britain Britain Britain Britain Britain Britain Britain Britain Britain Britain Britain Britain Britain Britain Britain Britain Britain Britain Britain Britain Britain Britain Britain Britain Britain Britain Britain Britain Britain Britain Britain Britain Britain Britain Britain Britain Britain Britain Britain Britain Britain Britain Britain Britain Britain Britain Britain Britain Britain Britain Britain Britain Britain Britain Britain Britain Britain Britain Britain Britain Britain Britain Britain Britain Britain Britain Britain Britain Britain Britain Britain Britain Britain Britain Britain Britain Britain Britain Britain Britain Britain Britain Britain Britain Britain Britain Britain Britain Britain Britain Britain Britain Britain Britain Britain Britain Britain Britain Britain Britain Britain Britain Britain Britain Britain Britain Britain Britain Britain Britain Britain Britain Britain Britain Britain Britain Britain Britain Britain Britain Britain Britain Britain Britain Britain Britain Britain Britain Britain Britain Britain Britain Britain Britain Britain Britain Britain Britain Britain Britain Britain Britain Britain Britain Britain Britain Britain Britain Britain Britain Britain Britain Britain Britain Britain Britain Britain Britain Britain Britain Britain Britain Britain Britain Britain Britain Britain Britain Britain Britain Britain Britain Britain Britain Britain Britain Britain Britain Britain Britain Britain Britain Britain Britain Britain Britain Britain Britain Britain Britain Britain Britain Britain Britain Britain Britain Britain Britain Britain Britain Britain Britain Britain Britain Britain Britain Britain Britain Britain Britain Britain Britain Britain Britain Britain Britain Britain Britain Britain Britain Britain Britain Britain Britain Britain Britain Britain Britain Britain Britain Britain Britain Britain Britain Britain Britain Britain Britain Britain Britain Britain Britain Britain Britain Britain Britain Britain Britain Britain Britain Britain Britain Britain Britain Britain Britain Britain Britain Britain Britain Britain Britain Britain Britain Britain Britain Britain Britain Britain Britain Britain Britain Britain Britain Britain Britain Britain Britain Britain Britain Britain Britain Britain Britain Britain Britain Britain Britain Britain Britain Britain Britain Britain Britain Britain Britain Britain Britain Britain Britain Britain Britain Britain Britain Britain Britain Britain Britain Britain Britain Britain Britain Britain Britain Britain Britain Britain Britain Britain Britain Britain Britain Britain Britain Britain Britain Britain Britain Britain Britain Britain Britain Britain Britain Britain Britain Britain Britain Britain Britain Britain Britain Britain Britain Britain Britain Britain Britain Britain Britain Britain Britain Britain Britain Britain Britain Britain Britain Britain Britain Britain Britain Britain Britain Britain Britain Britain Britain Britain Britain Britain Britain Britain Britain Britain Britain Britain Britain Britain Britain Britain Britain Britain Britain Britain Britain Britain Britain Britain Britain Britain Britain Britain Britain Britain Britain Britain Britain Britain Britain Britain Britain Britain Britain Britain Britain Britain Britain Britain Britain Britain Britain Britain Britain Britain Britain Britain Britain Britain Britain Britain Britain Britain Britain Britain Britain Britain Britain Britain Britain Britain Britain Britain Britain Britain Britain Britain Britain Britain Britain Britain Britain Britain Britain Britain Britain Britain Britain Britain Britain Britain Britain Britain Britain Britain Britain Britain Britain Britain Britain Britain Britain Britain Britain Britain Britain Britain Britain Britain Britain Britain Britain Britain Britain Britain Britain Britain Britain Britain Britain Britain Britain Britain Britain Britain Britain Britain Britain Britain Britain Britain Britain Britain Britain Britain Britain Britain Britain Britain Britain Britain Britain Britain Britain Britain Britain Britain Britain Britain Britain Britain Britain Britain Britain Britain Britain Britain Britain Britain Britain Britain Britain Britain Britain Britain Britain Britain Britain Britain Britain Britain Britain Britain Britain Britain Britain Britain Britain Britain Britain Britain Britain Britain Britain Britain Britain Britain Britain Britain Britain Britain Britain Britain Britain Britain Britain Britain Britain Britain Britain Britain Britain Britain Britain Britain Britain Britain Britain Britain Britain Britain Britain Britain Britain Britain Britain Britain Britain Britain Britain Britain Britain Britain Britain Britain Britain Britain Britain Britain Britain Britain Britain Britain Britain Britain Britain Britain Britain Britain Britain Britain Britain Britain Britain Britain Britain Britain Britain Britain Britain Britain Britain Britain Britain Britain Britain Britain Britain Britain Britain Britain Britain Britain Britain Britain Britain Britain Britain Britain Britain Britain Britain Britain Britain Britain Britain Britain Britain Britain Britain Britain Britain Britain Britain Britain Britain Britain Britain Britain Britain Britain Britain Britain Britain Britain Britain Britain Britain Britain Britain Britain Britain Britain Britain Britain Britain Britain Britain Britain Britain Britain Britain Britain Britain Britain Britain Britain Britain Britain Britain Britain Britain Britain Britain Britain Britain Britain Britain Britain Britain Britain Britain Britain Britain Britain Britain Britain Britain Britain Britain Britain Britain Britain Britain Britain Britain Britain Britain Britain Britain Britain Britain Britain Britain Britain Britain Britain Britain Britain Britain Britain Britain Britain Britain Britain Britain Britain Britain Britain Britain Britain Britain Britain Britain Britain Britain Britain Britain Britain Britain Britain Britain Britain Britain Britain Britain Britain Britain Britain Britain Britain Britain Britain Britain Britain Britain Britain Britain Britain Britain Britain Britain Britain Britain Britain Britain Britain Britain Britain Britain Britain Britain Britain Britain Britain Britain Britain Britain Britain Britain Britain Britain Britain Britain Britain Britain Britain Britain Britain Britain Britain Britain Britain Britain Britain Britain Britain Britain Britain Britain Britain Britain Britain Britain Britain Britain Britain Britain Britain Britain Britain Britain Britain Britain Britain Britain Britain Britain Britain Britain Britain Britain Britain Britain Britain Britain Britain Britain Britain Britain Britain Britain Britain Britain Britain Britain Britain Britain Britain Britain Britain Britain Britain Britain Britain Britain Britain Britain Britain Britain Britain Britain Britain Britain Britain Britain Britain Britain Britain Britain Britain Britain Britain Britain Britain Britain Britain Britain Britain Britain Britain Britain Britain Britain Britain Britain Britain Britain Britain Britain Britain Britain Britain Britain Britain Britain Britain Britain Britain Britain Britain Britain Britain Britain Britain Britain Britain Britain Britain Britain Britain Britain Britain Britain Britain Britain Britain Britain Britain Britain Britain Britain Britain Britain Britain Britain Britain Britain Britain Britain Britain Britain Britain Britain Britain Britain Britain Britain Britain Britain Britain Britain Britain Britain Britain Britain Britain Britain Britain Britain Britain Britain Britain Britain Britain Britain Britain Britain Britain Britain Britain Britain Britain Britain Britain Britain Britain Britain Britain Britain Britain Britain Britain Britain Britain Britain Britain Britain Britain Britain Britain Britain Britain Britain Britain Britain Britain Britain Britain Britain Britain Britain Britain Britain Britain Britain Britain Britain Britain Britain Britain Britain Britain Britain Britain Britain Britain Britain Britain Britain Britain Britain Britain Britain Britain Britain Britain Britain Britain Britain Britain Britain Britain Britain Britain Britain Britain Britain Britain Britain Britain Britain Britain Britain Britain Britain Britain Britain Britain Britain Britain Britain Britain Britain Britain Britain Britain Britain Britain Britain Britain Britain Britain Britain Britain Britain Britain Britain Britain Britain Britain Britain Britain Britain Britain Britain Britain Britain Britain Britain Britain Britain Britain Britain Britain Britain Britain Britain Britain Britain Britain Britain Britain Britain Britain Britain Britain Britain Britain Britain Britain Britain Britain Britain Britain Britain Britain Britain Britain Britain Britain Britain Britain Britain Britain Britain Britain Britain Britain Britain Britain Britain Britain Britain Britain Britain Britain Britain Britain Britain Britain Britain Britain Britain Britain Britain Britain Britain Britain Britain Britain Britain Britain Britain Britain Britain Britain Britain Britain Britain Britain Britain Britain Britain Britain Britain Britain Britain Britain Britain Britain Britain Britain Britain Britain Britain Britain Britain Britain Britain Britain Britain Britain Britain Britain Britain Britain Britain Britain Britain Britain Britain Britain Britain Britain Britain Britain Britain Britain Britain Britain Britain Britain Britain Britain Britain Britain Britain Britain Britain Britain Britain Britain Britain Britain Britain Britain Britain Britain Britain Britain Britain Britain Britain Britain Britain Britain Britain Britain Britain Britain Britain Britain Britain Britain Britain Britain Britain Britain Britain Britain Britain Britain Britain Britain Britain Britain Britain Britain Britain Britain Britain Britain Britain Britain Britain Britain Britain Britain Britain Britain Britain Britain Britain Britain Britain Britain Britain Britain Britain Britain Britain Britain Britain Britain Britain Britain Britain Britain Britain Britain Britain Britain Britain Britain Britain Britain Britain Britain Britain Britain Britain Britain Britain Britain Britain Britain Britain Britain Britain Britain Britain Britain Britain Britain Britain Britain Britain Britain Britain Britain Britain Britain Britain Britain Britain Britain Britain Britain Britain Britain Britain Britain Britain Britain Britain Britain Britain Britain Britain Britain Britain Britain Britain Britain Britain Britain Britain Britain Britain Britain Britain Britain Britain Britain Britain Britain Britain Britain Britain Britain Britain Britain Britain Britain Britain Britain Britain Britain Britain Britain Britain Britain Britain Britain Britain Britain Britain Britain Britain Britain Britain Britain Britain Britain Britain Britain Britain Britain Britain Britain Britain Britain Britain Britain Britain Britain Britain Britain Britain Britain Britain Britain Britain Britain Britain Britain Britain Britain Britain Britain Britain Britain Britain Britain Britain Britain Britain Britain Britain Britain Britain Britain Britain Britain Britain Britain Britain Britain Britain Britain Britain Britain Britain Britain Britain Britain Britain Britain Britain Britain Britain Britain Britain Britain Britain Britain Britain Britain Britain Britain Britain Britain Britain Britain Britain Britain Britain Britain Britain Britain Britain Britain Britain Britain Britain Britain Britain Britain Britain Britain Britain Britain Britain Britain Britain Britain Britain Britain Britain Britain Britain Britain Britain Britain Britain Britain Britain Britain Britain Britain Britain Britain Britain Britain Britain Britain Britain Britain Britain Britain Britain Britain Britain Britain Britain Britain Britain Britain Britain Britain Britain Britain Britain Britain Britain Britain Britain Britain Britain Britain Britain Britain Britain Britain Britain Britain Britain Britain Britain Britain Britain Britain Britain Britain Britain Britain Britain Britain Britain Britain Britain Britain Britain Britain Britain Britain Britain Britain Britain Britain Britain Britain Britain Britain Britain Britain Britain Britain Britain Britain Britain Britain Britain Britain Britain Britain Britain Britain Britain Britain Britain Britain Britain Britain Britain Britain Britain Britain Britain Britain Britain Britain Britain Britain Britain Britain Britain Britain Britain Britain Britain Britain Britain Britain Britain Britain Britain Britain Britain Britain Britain Britain Britain Britain Britain Britain Britain Britain Britain Britain Britain Britain Britain Britain Britain Britain Britain Britain Britain Britain Britain Britain Britain Britain Britain Britain Britain Britain Britain Britain Britain Britain Britain Britain Britain Britain Britain Britain Britain Britain Britain Britain Britain Britain Britain Britain Britain Britain Britain Britain Britain Britain Britain Britain Britain Britain Britain Britain Britain Britain Britain Britain Britain Britain Britain Britain Britain Britain Britain Britain Britain Britain Britain Britain Britain Britain Britain Britain Britain Britain Britain Britain Britain Britain Britain Britain Britain Britain Britain Britain Britain Britain Britain Britain Britain Britain Britain Britain Britain Britain Britain Britain Britain Britain Britain Britain Britain Britain Britain Britain Britain Britain Britain Britain Britain Britain Britain Britain Britain Britain Britain Britain Britain Britain Britain Britain Britain Britain Britain Britain Britain Britain Britain Britain Britain Britain Britain Britain Britain Britain Britain Britain Britain Britain Britain Britain Britain Britain Britain Britain Britain Britain Britain Britain Britain Britain Britain Britain Britain Britain Britain Britain Britain Britain Britain Britain Britain Britain Britain Britain Britain Britain Britain Britain Britain Britain Britain Britain Britain Britain Britain Britain Britain Britain Britain Britain Britain Britain Britain Britain Britain Britain Britain Britain Britain Britain Britain Britain Britain Britain Britain Britain Britain Britain Britain Britain Britain Britain Britain Britain Britain Britain Britain Britain Britain Britain Britain Britain Britain Britain Britain Britain Britain Britain Britain Britain Britain Britain Britain Britain Britain Britain Britain Britain Britain Britain Britain Britain Britain Britain Britain Britain Britain Britain Britain Britain Britain Britain Britain Britain Britain Britain Britain Britain Britain Britain Britain Britain Britain Britain Britain Britain Britain Britain Britain Britain Britain Britain Britain Britain Britain Britain Britain Britain Britain Britain Britain Britain Britain Britain Britain Britain Britain Britain Britain Britain Britain Britain Britain Britain Britain Britain Britain Britain Britain Britain Britain Britain Britain Britain Britain Britain Britain Britain Britain Britain Britain Britain Britain Britain Britain Britain Britain Britain Britain Britain Britain Britain Britain Britain Britain Britain Britain Britain Britain Britain Britain Britain Britain Britain Britain Britain Britain Britain Britain Britain Britain Britain Britain Britain Britain Britain Britain Britain Britain Britain Britain Britain Britain Britain Britain Britain Britain Britain Britain Britain Britain Britain Britain Britain Britain Britain Britain Britain Britain Britain Britain Britain Britain Britain Britain Britain Britain Britain Britain Britain Britain Britain Britain Britain Britain Britain Britain Britain Britain Britain Britain Britain Britain Britain Britain Britain Britain Britain Britain Britain Britain Britain Britain Britain Britain Britain Britain Britain Britain Britain Britain Britain Britain Britain Britain Britain Britain Britain Britain Britain Britain Britain Britain Britain Britain Britain Britain Britain Britain Britain Britain Britain Britain Britain Britain Britain Britain Britain Britain Britain Britain Britain Britain Britain Britain Britain Britain Britain Britain Britain Britain Britain Britain Britain Britain Britain Britain Britain Britain Britain Britain Britain Britain Britain Britain Britain Britain Britain Britain Britain Britain Britain Britain Britain Britain Britain Britain Britain Britain Britain Britain Britain Britain Britain Britain Britain Britain Britain Britain Britain Britain Britain Britain Britain Britain Britain Britain Britain Britain Britain Britain Britain Britain Britain Britain Britain Britain Britain Britain Britain Britain Britain Britain Britain Britain Britain Britain Britain Britain Britain Britain Britain Britain Britain Britain Britain Britain Britain Britain Britain Britain Britain Britain Britain Britain Britain Britain Britain Britain Britain Britain Britain Britain Britain Britain Britain Britain Britain Britain Britain Britain Britain Britain Britain Britain Britain Britain Britain Britain Britain Britain Britain Britain Britain Britain Britain Britain Britain Britain Britain Britain Britain Britain Britain Britain Britain Britain Britain Britain Britain Britain Britain Britain Britain Britain Britain Britain Britain Britain Britain Britain Britain Britain Britain Britain Britain Britain Britain Britain Britain Britain Britain Britain Britain Britain Britain Britain Britain Britain Britain Britain Britain Britain Britain Britain Britain Britain Britain Britain Britain Britain Britain Britain Britain Britain Britain Britain Britain Britain Britain Britain Britain Britain Britain Britain Britain Britain Britain Britain Britain Britain Britain Britain Britain Britain Britain Britain Britain Britain Britain Britain Britain Britain Britain Britain Britain Britain Britain Britain Britain Britain Britain Britain Britain Britain Britain Britain Britain Britain Britain Britain Britain Britain Britain Britain Britain Britain Britain Britain Britain Britain Britain Britain Britain Britain Britain Britain Britain Britain Britain Britain Britain Britain Britain Britain Britain Britain Britain Britain Britain Britain Britain Britain Britain Britain Britain Britain Britain Britain Britain Britain Britain Britain Britain Britain Britain Britain Britain Britain Britain Britain Britain Britain Britain Britain Britain Britain Britain Britain Britain Britain Britain Britain Britain Britain Britain Britain Britain Britain Britain Britain Britain Britain Britain Britain Britain Britain Britain Britain Britain Britain Britain Britain Britain Britain Britain Britain Britain Britain Britain Britain Britain Britain Britain Britain Britain Britain Britain Britain Britain Britain Britain Britain Britain Britain Britain Britain Britain Britain Britain Britain Britain Britain Britain Britain Britain Britain Britain Britain Britain Britain Britain Britain Britain Britain Britain Britain Britain Britain Britain Britain Britain Britain Britain Britain Britain Britain Britain Britain Britain Britain Britain Britain Britain Britain Britain Britain Britain Britain Britain Britain Britain Britain Britain Britain Britain Britain Britain Britain Britain Britain Britain Britain Britain Britain Britain Britain Britain Britain Britain Britain Britain Britain Britain Britain Britain Britain Britain Britain Britain Britain Britain Britain Britain Britain Britain Britain Britain Britain Britain Britain Britain Britain Britain Britain Britain Britain Britain Britain Britain Britain Britain Britain Britain Britain Britain Britain Britain Britain Britain Britain Britain Britain Britain Britain Britain Britain Britain Britain Britain Britain Britain Britain Britain Britain Britain Britain Britain Britain Britain Britain Britain Britain Britain Britain Britain Britain Britain Britain Britain Britain Britain Britain Britain Britain Britain Britain Britain Britain Britain Britain Britain Britain Britain Britain Britain Britain Britain Britain Britain Britain Britain Britain Britain Britain Britain Britain Britain Britain Britain Britain Britain Britain Britain Britain Britain Britain Britain Britain Britain Britain Britain Britain Britain Britain Britain Britain Britain Britain Britain Britain Britain Britain Britain Britain Britain Britain Britain Britain Britain Britain Britain Britain Britain Britain Britain Britain Britain Britain Britain Britain Britain Britain Britain Britain Britain Britain Britain Britain Britain Britain Britain Britain Britain Britain Britain Britain Britain Britain Britain Britain Britain Britain Britain Britain Britain Britain Britain Britain Britain Britain Britain Britain Britain Britain Britain Britain Britain Britain Britain Britain Britain Britain Britain Britain Britain Britain Britain Britain Britain Britain Britain Britain Britain Britain Britain Britain Britain Britain Britain Britain Britain Britain Britain Britain Britain Britain Britain Britain Britain Britain Britain Britain Britain Britain Britain Britain Britain Britain Britain Britain Britain Britain Britain Britain Britain Britain Britain Britain Britain Britain Britain Britain Britain Britain Britain Britain Britain Britain Britain Britain Britain Britain Britain Britain Britain Britain Britain Britain Britain Britain Britain Britain Britain Britain Britain Britain Britain Britain Britain Britain Britain Britain Britain Britain Britain Britain Britain Britain Britain Britain Britain Britain Britain Britain Britain Britain Britain Britain Britain Britain Britain Britain Britain Britain Britain Britain Britain Britain Britain Britain Britain Britain Britain Britain Britain Britain Britain Britain Britain Britain Britain Britain Britain Britain Britain Britain Britain Britain Britain Britain Britain Britain Britain Britain Britain Britain Britain Britain Britain Britain Britain Britain Britain Britain Britain Britain Britain Britain Britain Britain Britain Britain Britain Britain Britain Britain Britain Britain Britain Britain Britain Britain Britain Britain Britain Britain Britain Britain Britain Britain Britain Britain Britain Britain Britain Britain Britain Britain Britain Britain Britain Britain Britain Britain Britain Britain Britain Britain Britain Britain Britain Britain Britain Britain Britain Britain Britain Britain Britain Britain Britain Britain Britain Britain Britain Britain Britain Britain Britain Britain Britain Britain Britain Britain Britain Britain Britain Britain Britain Britain Britain Britain Britain Britain Britain Britain Britain Britain Britain Britain Britain Britain Britain Britain Britain Britain Britain Britain Britain Britain Britain Britain Britain Britain Britain Britain Britain Britain Britain Britain Britain Britain Britain Britain Britain Britain Britain Britain Britain Britain Britain Britain Britain Britain Britain Britain Britain Britain Britain Britain Britain Britain Britain Britain Britain Britain Britain Britain Britain Britain Britain Britain Britain Britain Britain Britain Britain Britain Britain Britain Britain Britain Britain Britain Britain Britain Britain Britain Britain Britain Britain Britain Britain Britain Britain Britain Britain Britain Britain Britain Britain Britain Britain Britain Britain Britain Britain Britain Britain Britain Britain Britain Britain Britain Britain Britain Britain Britain Britain Britain Britain Britain Britain Britain Britain Britain Britain Britain Britain Britain Britain Britain Britain Britain Britain Britain Britain Britain Britain Britain Britain Britain Britain Britain Britain Britain Britain Britain Britain Britain Britain Britain Britain Britain Britain Britain Britain Britain Britain Britain Britain Britain Britain Britain Britain Britain Britain Britain Britain Britain Britain Britain Britain Britain Britain Britain Britain Britain Britain Britain Britain Britain Britain Britain Britain Britain Britain Britain Britain Britain Britain Britain Britain Britain Britain Britain Britain Britain Britain Britain Britain Britain Britain Britain Britain Britain Britain Britain Britain Britain Britain Britain Britain Britain Britain Britain Britain Britain Britain Britain Britain Britain Britain Britain Britain Britain Britain Britain Britain Britain Britain Britain Britain Britain Britain Britain Britain Britain Britain Britain Britain Britain Britain Britain Britain Britain Britain Britain Britain Britain Britain Britain Britain Britain Britain Britain Britain Britain Britain Britain Britain Britain Britain Britain Britain Britain Britain Britain Britain Britain Britain Britain Britain Britain Britain Britain Britain Britain Britain Britain Britain Britain Britain Britain Britain Britain Britain Britain Britain Britain Britain Britain Britain Britain Britain Britain Britain Britain Britain Britain Britain Britain Britain Britain Britain Britain Britain Britain Britain Britain Britain Britain Britain Britain Britain Britain Britain Britain Britain Britain Britain Britain Britain Britain Britain Britain Britain Britain Britain Britain Britain Britain Britain Britain Britain Britain Britain Britain Britain Britain Britain Britain Britain Britain Britain Britain Britain Britain Britain Britain Britain Britain Britain Britain Britain Britain Britain Britain Britain Britain Britain Britain Britain Britain Britain Britain Britain Britain Britain Britain Britain Britain Britain Britain Britain Britain Britain Britain Britain Britain Britain Britain Britain Britain Britain Britain Britain Britain Britain Britain Britain Britain Britain Britain Britain Britain Britain Britain Britain Britain Britain Britain Britain Britain Britain Britain Britain Britain Britain Britain Britain Britain Britain Britain Britain Britain Britain Britain Britain Britain Britain Britain Britain Britain Britain Britain Britain Britain Britain Britain Britain Britain Britain Britain Britain Britain Britain Britain Britain Britain Britain Britain Britain Britain Britain Britain Britain Britain Britain Britain Britain Britain Britain Britain Britain Britain Britain Britain Britain Britain Britain Britain Britain Britain Britain Britain Britain Britain Britain Britain Britain Britain Britain Britain Britain Britain Britain Britain Britain Britain Britain Britain Britain Britain Britain Britain Britain Britain Britain Britain Britain Britain Britain Britain Britain Britain Britain Britain Britain Britain Britain Britain Britain Britain Britain Britain Britain Britain Britain Britain Britain Britain Britain Britain Britain Britain Britain Britain Britain Britain Britain Britain Britain Britain Britain Britain Britain Britain Britain Britain Britain Britain Britain Britain Britain Britain Britain Britain Britain Britain Britain Britain Britain Britain Britain Britain Britain Britain Britain Britain Britain Britain Britain Britain Britain Britain Britain Britain Britain Britain Britain Britain Britain Britain Britain Britain Britain Britain Britain Britain Britain Britain Britain Britain Britain Britain Britain Britain Britain Britain Britain Britain Britain Britain Britain Britain Britain Britain Britain Britain Britain Britain Britain Britain Britain Britain Britain Britain Britain Britain Britain Britain Britain Britain Britain Britain Britain Britain Britain Britain Britain Britain Britain Britain Britain Britain Britain Britain Britain Britain Britain Britain Britain Britain Britain Britain Britain Britain Britain Britain Britain Britain Britain Britain Britain Britain Britain Britain Britain Britain Britain Britain Britain Britain Britain Britain Britain Britain Britain Britain Britain Britain Britain Britain Britain Britain Britain Britain Britain Britain Britain Britain Britain Britain Britain Britain Britain Britain Britain Britain Britain Britain Britain Britain Britain Britain Britain Britain Britain Britain Britain Britain Britain Britain Britain Britain Britain Britain Britain Britain Britain Britain Britain Britain Britain Britain Britain Britain Britain Britain Britain Britain Britain Britain Britain Britain Britain Britain Britain Britain Britain Britain Britain Britain Britain Britain Britain Britain Britain Britain Britain Britain Britain Britain Britain Britain Britain Britain Britain Britain Britain Britain Britain Britain Britain Britain Britain Britain Britain Britain Britain Britain Britain Britain Britain Britain Britain Britain Britain Britain Britain Britain Britain Britain Britain Britain Britain Britain Britain Britain Britain Britain Britain Britain Britain Britain Britain Britain Britain Britain Britain Britain Britain Britain Britain Britain Britain Britain Britain Britain Britain Britain Britain Britain Britain Britain Britain Britain Britain Britain Britain Britain Britain Britain Britain Britain Britain Britain Britain Britain Britain Britain Britain Britain Britain Britain Britain Britain Britain Britain Britain Britain Britain Britain Britain Britain Britain Britain Britain Britain Britain Britain Britain Britain Britain Britain Britain Britain Britain Britain Britain Britain Britain Britain Britain Britain Britain Britain Britain Britain Britain Britain Britain Britain Britain Britain Britain Britain Britain Britain Britain Britain Britain Britain Britain Britain Britain Britain Britain Britain Britain Britain Britain Britain Britain Britain Britain Britain Britain Britain Britain Britain Britain Britain Britain Britain Britain Britain Britain Britain Britain Britain Britain Britain Britain Britain Britain Britain Britain Britain Britain Britain Britain Britain Britain Britain Britain Britain Britain Britain Britain Britain Britain Britain Britain Britain Britain Britain Britain Britain Britain Britain Britain Britain Britain Britain Britain Britain Britain Britain Britain Britain Britain Britain Britain Britain Britain Britain Britain Britain Britain Britain Britain Britain Britain Britain Britain Britain Britain Britain Britain Britain Britain Britain Britain Britain Britain Britain Britain Britain Britain Britain Britain Britain Britain Britain Britain Britain Britain Britain Britain Britain Britain Britain Britain Britain Britain Britain Britain Britain Britain Britain Britain Britain Britain Britain Britain Britain Britain Britain Britain Britain Britain Britain Britain Britain Britain Britain Britain Britain Britain Britain Britain Britain Britain Britain Britain Britain Britain Britain Britain Britain Britain Britain Britain Britain Britain Britain Britain Britain Britain Britain Britain Britain Britain Britain Britain Britain Britain Britain Britain Britain Britain Britain Britain Britain Britain Britain Britain Britain Britain Britain Britain Britain Britain Britain Britain Britain Britain Britain Britain Britain Britain Britain Britain Britain Britain Britain Britain Britain Britain Britain Britain Britain Britain Britain Britain Britain Britain Britain Britain Britain Britain Britain Britain Britain Britain Britain Britain Britain Britain Britain Britain Britain Britain Britain Britain Britain Britain Britain Britain Britain Britain Britain Britain Britain Britain Britain Britain Britain Britain Britain Britain Britain Britain Britain Britain Britain Britain Britain Britain Britain Britain Britain Britain Britain Britain Britain Britain Britain Britain Britain Britain Britain Britain Britain Britain Britain Britain Britain Britain Britain Britain Britain Britain Britain Britain Britain Britain Britain Britain Britain Britain Britain Britain Britain Britain Britain Britain Britain Britain Britain Britain Britain Britain Britain Britain Britain Britain Britain Britain Britain Britain Britain Britain Britain Britain Britain Britain Britain Britain Britain Britain Britain Britain Britain Britain Britain Britain Britain Britain Britain Britain Britain Britain Britain Britain Britain Britain Britain Britain Britain Britain Britain Britain Britain Britain Britain Britain Britain Britain Britain Britain Britain Britain Britain Britain Britain Britain Britain Britain Britain Britain Britain Britain Britain Britain Britain Britain Britain Britain Britain Britain Britain Britain Britain Britain Britain Britain Britain Britain Britain Britain Britain Britain Britain Britain Britain Britain Britain Britain Britain Britain Britain Britain Britain Britain Britain Britain Britain Britain Britain Britain Britain Britain Britain Britain Britain Britain Britain Britain Britain Britain Britain Britain Britain Britain Britain Britain Britain Britain Britain Britain Britain Britain Britain Britain Britain Britain Britain Britain Britain Britain Britain Britain Britain Britain Britain Britain Britain Britain Britain Britain Britain Britain Britain Britain Britain Britain Britain Britain Britain Britain Britain Britain Britain Britain Britain Britain Britain Britain Britain Britain Britain Britain Britain Britain Britain Britain Britain Britain Britain Britain Britain Britain Britain Britain Britain Britain Britain Britain Britain Britain Britain Britain Britain Britain Britain Britain Britain Britain Britain Britain Britain Britain Britain Britain Britain Britain Britain Britain Britain Britain Britain Britain Britain Britain Britain Britain Britain Britain Britain Britain Britain Britain Britain Britain Britain Britain Britain Britain Britain Britain Britain Britain Britain Britain Britain Britain Britain Britain Britain Britain Britain Britain Britain Britain Britain Britain Britain Britain Britain Britain Britain Britain Britain Britain Britain Britain Britain Britain Britain Britain Britain Britain Britain Britain Britain Britain Britain Britain Britain Britain Britain Britain Britain Britain Britain Britain Britain Britain Britain Britain Britain Britain Britain Britain Britain Britain Britain Britain Britain Britain Britain Britain Britain Britain Britain Britain Britain Britain Britain Britain Britain Britain Britain Britain Britain Britain Britain Britain Britain Britain Britain Britain Britain Britain Britain Britain Britain Britain Britain Britain Britain Britain Britain Britain Britain Britain Britain Britain Britain Britain Britain Britain Britain Britain Britain Britain Britain Britain Britain Britain Britain Britain Britain Britain Britain Britain Britain Britain Britain Britain Britain Britain Britain Britain Britain Britain Britain Britain Britain Britain Britain Britain Britain Britain Britain Britain Britain Britain Britain Britain Britain Britain Britain Britain Britain Britain Britain Britain Britain Britain Britain Britain Britain Britain Britain Britain Britain Britain Britain Britain Britain Britain Britain Britain Britain Britain Britain Britain Britain Britain Britain Britain Britain Britain Britain Britain Britain Britain Britain Britain Britain Britain Britain Britain Britain Britain Britain Britain Britain Britain Britain Britain Britain Britain Britain Britain Britain Britain Britain Britain Britain Britain Britain Britain Britain Britain Britain Britain Britain Britain Britain Britain Britain Britain Britain Britain Britain Britain Britain Britain Britain Britain Britain Britain Britain Britain Britain Britain Britain Britain Britain Britain Britain Britain Britain Britain Britain Britain Britain Britain Britain Britain Britain Britain Britain Britain Britain Britain Britain Britain Britain Britain Britain Britain Britain Britain Britain Britain Britain Britain Britain Britain Britain Britain Britain Britain Britain Britain Britain Britain Britain Britain Britain Britain Britain Britain Britain Britain Britain Britain Britain Britain Britain Britain Britain Britain Britain Britain Britain Britain Britain Britain Britain Britain Britain Britain Britain Britain Britain Britain Britain Britain Britain Britain Britain Britain Britain Britain Britain Britain Britain Britain Britain Britain Britain Britain Britain Britain Britain Britain Britain Britain Britain Britain Britain Britain Britain Britain Britain Britain Britain Britain Britain Britain Britain Britain Britain Britain Britain Britain Britain Britain Britain Britain Britain Britain Britain Britain Britain Britain Britain Britain Britain Britain Britain Britain Britain Britain Britain Britain Britain Britain Britain Britain Britain Britain Britain Britain Britain Britain Britain Britain Britain Britain Britain Britain Britain Britain Britain Britain Britain Britain Britain Britain Britain Britain Britain Britain Britain Britain Britain Britain Britain Britain Britain Britain Britain Britain Britain Britain Britain Britain Britain Britain Britain Britain Britain Britain Britain Britain Britain Britain Britain Britain Britain Britain Britain Britain Britain Britain Britain Britain Britain Britain Britain Britain Britain Britain Britain Britain Britain Britain Britain Britain Britain Britain Britain Britain Britain Britain Britain Britain Britain Britain Britain Britain Britain Britain Britain Britain Britain Britain Britain Britain Britain Britain Britain Britain Britain Britain Britain Britain Britain Britain Britain Britain Britain Britain Britain Britain Britain Britain Britain Britain Britain Britain Britain Britain Britain Britain Britain Britain Britain Britain Britain Britain Britain Britain Britain Britain Britain Britain Britain Britain Britain Britain Britain Britain Britain Britain Britain Britain Britain Britain Britain Britain Britain Britain Britain Britain Britain Britain Britain Britain Britain Britain Britain Britain Britain Britain Britain Britain Britain Britain Britain Britain Britain Britain Britain Britain Britain Britain Britain Britain Britain Britain Britain Britain Britain Britain Britain Britain Britain Britain Britain Britain Britain Britain Britain Britain Britain Britain Britain Britain Britain Britain Britain Britain Britain Britain Britain Britain Britain Britain Britain Britain Britain Britain Britain Britain Britain Britain Britain Britain Britain Britain Britain Britain Britain Britain Britain Britain Britain Britain Britain Britain Britain Britain Britain Britain Britain Britain Britain Britain Britain Britain Britain Britain Britain Britain Britain Britain Britain Britain Britain Britain Britain Britain Britain Britain Britain Britain Britain Britain Britain Britain Britain Britain Britain Britain Britain Britain Britain Britain Britain Britain Britain Britain Britain Britain Britain Britain Britain Britain Britain Britain Britain Britain Britain Britain Britain Britain Britain Britain Britain Britain Britain Britain Britain Britain Britain Britain Britain Britain Britain Britain Britain Britain Britain Britain Britain Britain Britain Britain Britain Britain Britain Britain Britain Britain Britain Britain Britain Britain Britain Britain Britain Britain Britain Britain Britain Britain Britain Britain Britain Britain Britain Britain Britain Britain Britain Britain Britain Britain Britain Britain Britain Britain Britain Britain Britain Britain Britain Britain Britain Britain Britain Britain Britain Britain Britain Britain Britain Britain Britain Britain Britain Britain Britain Britain Britain Britain Britain Britain Britain Britain Britain Britain Britain Britain Britain Britain Britain Britain Britain Britain Britain Britain Britain Britain Britain Britain Britain Britain Britain Britain Britain Britain Britain Britain Britain Britain Britain Britain Britain Britain Britain Britain Britain Britain Britain Britain Britain Britain Britain Britain Britain Britain Britain Britain Britain Britain Britain Britain Britain Britain Britain Britain Britain Britain Britain Britain Britain Britain Britain Britain Britain Britain Britain Britain Britain Britain Britain Britain Britain Britain Britain Britain Britain Britain Britain Britain Britain Britain Britain Britain Britain Britain Britain Britain Britain Britain Britain Britain Britain Britain Britain Britain Britain Britain Britain Britain Britain Britain Britain Britain Britain Britain Britain Britain Britain Britain Britain Britain Britain Britain Britain Britain Britain Britain Britain Britain Britain Britain Britain Britain Britain Britain Britain Britain Britain Britain Britain Britain Britain Britain Britain Britain Britain Britain Britain Britain Britain Britain Britain Britain Britain Britain Britain Britain Britain Britain Britain Britain Britain Britain Britain Britain Britain Britain Britain Britain Britain Britain Britain Britain Britain Britain Britain Britain Britain Britain Britain Britain Britain Britain Britain Britain Britain Britain Britain Britain Britain Britain Britain Britain Britain Britain Britain Britain Britain Britain Britain Britain Britain Britain Britain Britain Britain Britain Britain Britain Britain Britain Britain Britain Britain Britain Britain Britain Britain Britain Britain Britain Britain Britain Britain Britain Britain Britain Britain Britain Britain Britain Britain Britain Britain Britain Britain Britain Britain Britain Britain Britain Britain Britain Britain Britain Britain Britain Britain Britain Britain Britain Britain Britain Britain Britain Britain Britain Britain Britain Britain Britain Britain Britain Britain Britain Britain Britain Britain Britain Britain Britain Britain Britain Britain Britain Britain Britain Britain Britain Britain Britain Britain Britain Britain Britain Britain Britain Britain Britain Britain Britain Britain Britain Britain Britain Britain Britain Britain Britain Britain Britain Britain Britain Britain Britain Britain Britain Britain Britain Britain Britain Britain Britain Britain Britain Britain Britain Britain Britain Britain Britain Britain Britain Britain Britain Britain Britain Britain Britain Britain Britain Britain Britain Britain Britain Britain Britain Britain Britain Britain Britain Britain Britain Britain Britain Britain Britain Britain Britain Britain Britain Britain Britain Britain Britain Britain Britain Britain Britain Britain Britain Britain Britain Britain Britain Britain Britain Britain Britain Britain Britain Britain Britain Britain Britain Britain Britain Britain Britain Britain Britain Britain Britain Britain Britain Britain Britain Britain Britain Britain Britain Britain Britain Britain Britain Britain Britain Britain Britain Britain Britain Britain Britain Britain Britain Britain Britain Britain Britain Britain Britain Britain Britain Britain Britain Britain Britain Britain Britain Britain Britain Britain Britain Britain Britain Britain Britain Britain Britain Britain Britain Britain Britain Britain Britain Britain Britain Britain Britain Britain Britain Britain Britain Britain Britain Britain Britain Britain Britain Britain Britain Britain Britain Britain Britain Britain Britain Britain Britain Britain Britain Britain Britain Britain Britain Britain Britain Britain Britain Britain Britain Britain Britain Britain Britain Britain Britain Britain Britain Britain Britain Britain Britain Britain Britain Britain Britain Britain Britain Britain Britain Britain Britain Britain Britain Britain Britain Britain Britain Britain Britain Britain Britain Britain Britain Britain Britain Britain Britain Britain Britain Britain Britain Britain Britain Britain Britain Britain Britain Britain Britain Britain Britain Britain Britain Britain Britain Britain Britain Britain Britain Britain Britain Britain Britain Britain Britain Britain Britain Britain Britain Britain Britain Britain Britain Britain Britain Britain Britain Britain Britain Britain Britain Britain Britain Britain Britain Britain Britain Britain Britain Britain Britain Britain Britain Britain Britain Britain Britain Britain Britain Britain Britain Britain Britain Britain Britain Britain Britain Britain Britain Britain Britain Britain Britain Britain Britain Britain Britain Britain Britain Britain Britain Britain Britain Britain Britain Britain Britain Britain Britain Britain Britain Britain Britain Britain Britain Britain Britain Britain Britain Britain Britain Britain Britain Britain Britain Britain Britain Britain Britain Britain Britain Britain Britain Britain Britain Britain Britain Britain Britain Britain Britain Britain Britain Britain Britain Britain Britain Britain Britain Britain Britain Britain Britain Britain Britain Britain Britain Britain Britain Britain Britain Britain Britain Britain Britain Britain Britain Britain Britain Britain Britain Britain Britain Britain Britain Britain Britain Britain Britain Britain Britain Britain Britain Britain Britain Britain Britain Britain Britain Britain Britain Britain Britain Britain Britain Britain Britain Britain Britain Britain Britain Britain Britain Britain Britain Britain Britain Britain Britain Britain Britain Britain Britain Britain Britain Britain Britain Britain Britain Britain Britain Britain Britain Britain Britain Britain Britain Britain Britain Britain Britain Britain Britain Britain Britain Britain Britain Britain Britain Britain Britain Britain Britain Britain Britain Britain Britain Britain Britain Britain Britain Britain Britain Britain Britain Britain Britain Britain Britain Britain Britain Britain Britain Britain Britain Britain Britain Britain Britain Britain Britain Britain Britain Britain Britain Britain Britain Britain Britain Britain Britain Britain Britain Britain Britain Britain Britain Britain Britain Britain Britain Britain Britain Britain Britain Britain Britain Britain Britain Britain Britain Britain Britain Britain Britain Britain Britain Britain Britain Britain Britain Britain Britain Britain Britain Britain Britain Britain Britain Britain Britain Britain Britain Britain Britain Britain Britain Britain Britain Britain Britain Britain Britain Britain Britain Britain Britain Britain Britain Britain Britain Britain Britain Britain Britain Britain Britain Britain Britain Britain Britain Britain Britain Britain Britain Britain Britain Britain Britain Britain Britain Britain Britain Britain Britain Britain Britain Britain Britain Britain Britain Britain Britain Britain Britain Britain Britain Britain Britain Britain Britain Britain Britain Britain Britain Britain Britain Britain Britain Britain Britain Britain Britain Britain Britain Britain Britain Britain Britain Britain Britain Britain Britain Britain Britain Britain Britain Britain Britain Britain Britain Britain Britain Britain Britain Britain Britain Britain Britain Britain Britain Britain Britain Britain Britain Britain Britain Britain Britain Britain Britain Britain Britain Britain Britain Britain Britain Britain Britain Britain Britain Britain Britain Britain Britain Britain Britain Britain Britain Britain Britain Britain Britain Britain Britain Britain Britain Britain Britain Britain Britain Britain Britain Britain Britain Britain Britain Britain Britain Britain Britain Britain Britain Britain Britain Britain Britain Britain Britain Britain Britain Britain Britain Britain Britain Britain Britain Britain Britain Britain Britain Britain Britain Britain Britain Britain Britain Britain Britain Britain Britain Britain Britain Britain Britain Britain Britain Britain Britain Britain Britain Britain Britain Britain Britain Britain Britain Britain Britain Britain Britain Britain Britain Britain Britain Britain Britain Britain Britain Britain Britain Britain Britain Britain Britain Britain Britain Britain Britain Britain Britain Britain Britain Britain Britain Britain Britain Britain Britain Britain Britain Britain Britain Britain Britain Britain Britain Britain Britain Britain Britain Britain Britain Britain Britain Britain Britain Britain Britain Britain Britain Britain Britain Britain Britain Britain Britain Britain Britain Britain Britain Britain Britain Britain Britain Britain Britain Britain Britain Britain Britain Britain Britain Britain Britain Britain Britain Britain Britain Britain Britain Britain Britain Britain Britain Britain Britain Britain Britain Britain Britain Britain Britain Britain Britain Britain Britain Britain Britain Britain Britain Britain Britain Britain Britain Britain Britain Britain Britain Britain Britain Britain Britain Britain Britain Britain Britain Britain Britain Britain Britain Britain Britain Britain Britain Britain Britain Britain Britain Britain Britain Britain Britain Britain Britain Britain Britain Britain Britain Britain Britain Britain Britain Britain Britain Britain Britain Britain Britain Britain Britain Britain Britain Britain Britain Britain Britain Britain Britain Britain Britain Britain Britain Britain Britain Britain Britain Britain Britain Britain Britain Britain Britain Britain Britain Britain Britain Britain Britain Britain Britain Britain Britain Britain Britain Britain Britain Britain Britain Britain Britain Britain Britain Britain Britain Britain Britain Britain Britain Britain Britain Britain Britain Britain Britain Britain Britain Britain Britain Britain Britain Britain Britain Britain Britain Britain Britain Britain Britain Britain Britain Britain Britain Britain Britain Britain Britain Britain Britain Britain Britain Britain Britain Britain Britain Britain Britain Britain Britain Britain Britain Britain Britain Britain Britain Britain Britain Britain Britain Britain Britain Britain Britain Britain Britain Britain Britain Britain Britain Britain Britain Britain Britain Britain Britain Britain Britain Britain Britain Britain Britain Britain Britain Britain Britain Britain Britain Britain Britain Britain Britain Britain Britain Britain Britain Britain Britain Britain Britain Britain Britain Britain Britain Britain Britain Britain Britain Britain Britain Britain Britain Britain Britain Britain Britain Britain Britain Britain Britain Britain Britain Britain Britain Britain Britain Britain Britain Britain Britain Britain Britain Britain Britain Britain Britain Britain Britain Britain Britain Britain Britain Britain Britain Britain Britain Britain Britain Britain Britain Britain Britain Britain Britain Britain Britain Britain Britain Britain Britain Britain Britain Britain Britain Britain Britain Britain Britain Britain Britain Britain Britain Britain Britain Britain Britain Britain Britain Britain Britain Britain Britain Britain Britain Britain Britain Britain Britain Britain Britain Britain Britain Britain Britain Britain Britain Britain Britain Britain Britain Britain Britain Britain Britain Britain Britain Britain Britain Britain Britain Britain Britain Britain Britain Britain Britain Britain Britain Britain Britain Britain Britain Britain Britain Britain Britain Britain Britain Britain Britain Britain Britain Britain Britain Britain Britain Britain Britain Britain Britain Britain Britain Britain Britain Britain Britain Britain Britain Britain Britain Britain Britain Britain Britain Britain Britain Britain Britain Britain Britain Britain Britain Britain Britain Britain Britain Britain Britain Britain Britain Britain Britain Britain Britain Britain Britain Britain Britain Britain Britain Britain Britain Britain Britain Britain Britain Britain Britain Britain Britain Britain Britain Britain Britain Britain Britain Britain Britain Britain Britain Britain Britain Britain Britain Britain Britain Britain Britain Britain Britain Britain Britain Britain Britain Britain Britain Britain Britain Britain Britain Britain Britain Britain Britain Britain Britain Britain Britain Britain Britain Britain Britain Britain Britain Britain Britain Britain Britain Britain Britain Britain Britain Britain Britain Britain Britain Britain Britain Britain Britain Britain Britain Britain Britain Britain Britain Britain Britain Britain Britain Britain Britain Britain Britain Britain Britain Britain Britain Britain Britain Britain Britain Britain Britain Britain Britain Britain Britain Britain Britain Britain Britain Britain Britain Britain Britain Britain Britain Britain Britain Britain Britain Britain Britain Britain Britain Britain Britain Britain Britain Britain Britain Britain Britain Britain Britain Britain Britain Britain Britain Britain Britain Britain Britain Britain Britain Britain Britain Britain Britain Britain Britain Britain Britain Britain Britain Britain Britain Britain Britain Britain Britain Britain Britain Britain Britain Britain Britain Britain Britain Britain Britain Britain Britain Britain Britain Britain Britain Britain Britain Britain Britain Britain Britain Britain Britain Britain Britain Britain Britain Britain Britain Britain Britain Britain Britain Britain Britain Britain Britain Britain Britain Britain Britain Britain Britain Britain Britain Britain Britain Britain Britain Britain Britain Britain Britain Britain Britain Britain Britain Britain Britain Britain Britain Britain Britain Britain Britain Britain Britain Britain Britain Britain Britain Britain Britain Britain Britain Britain Britain Britain Britain Britain Britain Britain Britain Britain Britain Britain Britain Britain Britain Britain Britain Britain Britain Britain Britain Britain Britain Britain Britain Britain Britain Britain Britain Britain Britain Britain Britain Britain Britain Britain Britain Britain Britain Britain Britain Britain Britain Britain Britain Britain Britain Britain Britain Britain Britain Britain Britain Britain Britain Britain Britain Britain Britain Britain Britain Britain Britain Britain Britain Britain Britain Britain Britain Britain Britain Britain Britain Britain Britain Britain Britain Britain Britain Britain Britain Britain Britain Britain Britain Britain Britain Britain Britain Britain Britain Britain Britain Britain Britain Britain Britain Britain Britain Britain Britain Britain Britain Britain Britain Britain Britain Britain Britain Britain Britain Britain Britain Britain Britain Britain Britain Britain Britain Britain Britain Britain Britain Britain Britain Britain Britain Britain Britain Britain Britain Britain Britain Britain Britain Britain Britain Britain Britain Britain Britain Britain Britain Britain Britain Britain Britain Britain Britain Britain Britain Britain Britain Britain Britain Britain Britain Britain Britain Britain Britain Britain Britain Britain Britain Britain Britain Britain Britain Britain Britain Britain Britain Britain Britain Britain Britain Britain Britain Britain Britain Britain Britain Britain Britain Britain Britain Britain Britain Britain Britain Britain Britain Britain Britain Britain Britain Britain Britain Britain Britain Britain Britain Britain Britain Britain Britain Britain Britain Britain Britain Britain Britain Britain Britain Britain Britain Britain Britain Britain Britain Britain Britain Britain Britain Britain Britain Britain Britain Britain Britain Britain Britain Britain Britain Britain Britain Britain Britain Britain Britain Britain Britain Britain Britain Britain Britain Britain Britain Britain Britain Britain Britain Britain Britain Britain Britain Britain Britain Britain Britain Britain Britain Britain Britain Britain Britain Britain Britain Britain Britain Britain Britain Britain Britain Britain Britain Britain Britain Britain Britain Britain Britain Britain Britain Britain Britain Britain Britain Britain Britain Britain Britain Britain Britain Britain Britain Britain Britain Britain Britain Britain Britain Britain Britain Britain Britain Britain Britain Britain Britain Britain Britain Britain Britain Britain Britain Britain Britain Britain Britain Britain Britain Britain Britain Britain Britain Britain Britain Britain Britain Britain Britain Britain Britain Britain Britain Britain Britain Britain Britain Britain Britain Britain Britain Britain Britain Britain Britain Britain Britain Britain Britain Britain Britain Britain Britain Britain Britain Britain Britain Britain Britain Britain Britain Britain Britain Britain Britain Britain Britain Britain Britain Britain Britain Britain Britain Britain Britain Britain Britain Britain Britain Britain Britain Britain Britain Britain Britain Britain Britain Britain Britain Britain Britain Britain Britain Britain Britain Britain Britain Britain Britain Britain Britain Britain Britain Britain Britain Britain Britain Britain Britain Britain Britain Britain Britain Britain Britain Britain Britain Britain Britain Britain Britain Britain Britain Britain Britain Britain Britain Britain Britain Britain Britain Britain Britain Britain Britain Britain Britain Britain Britain Britain Britain Britain Britain Britain Britain Britain Britain Britain Britain Britain Britain Britain Britain Britain Britain Britain Britain Britain Britain Britain Britain Britain Britain Britain Britain Britain Britain Britain Britain Britain Britain Britain Britain Britain Britain Britain Britain Britain Britain Britain Britain Britain Britain Britain Britain Britain Britain Britain Britain Britain Britain Britain Britain Britain Britain Britain Britain Britain Britain Britain Britain Britain Britain Britain Britain Britain Britain Britain Britain Britain Britain Britain Britain Britain Britain Britain Britain Britain Britain Britain Britain Britain Britain Britain Britain Britain Britain Britain Britain Britain Britain Britain Britain Britain Britain Britain Britain Britain Britain Britain Britain Britain Britain Britain Britain Britain Britain Britain Britain Britain Britain Britain Britain Britain Britain Britain Britain Britain Britain Britain Britain Britain Britain Britain Britain Britain Britain Britain Britain Britain Britain Britain Britain Britain Britain Britain Britain Britain Britain Britain Britain Britain Britain Britain Britain Britain Britain Britain Britain Britain Britain Britain Britain Britain Britain Britain Britain Britain Britain Britain Britain Britain Britain Britain Britain Britain Britain Britain Britain Britain Britain Britain Britain Britain Britain Britain Britain Britain Britain Britain Britain Britain Britain Britain Britain Britain Britain Britain Britain Britain Britain Britain Britain Britain Britain Britain Britain Britain Britain Britain Britain Britain Britain Britain Britain Britain Britain Britain Britain Britain Britain Britain Britain Britain Britain Britain Britain Britain Britain Britain Britain Britain Britain Britain Britain Britain Britain Britain Britain Britain Britain Britain Britain Britain Britain Britain Britain Britain Britain Britain Britain Britain Britain Britain Britain Britain Britain Britain Britain Britain Britain Britain Britain Britain Britain Britain Britain Britain Britain Britain Britain Britain Britain Britain Britain Britain Britain Britain Britain Britain Britain Britain Britain Britain Britain Britain Britain Britain Britain Britain Britain Britain Britain Britain Britain Britain Britain Britain Britain Britain Britain Britain Britain Britain Britain Britain Britain Britain Britain Britain Britain Britain Britain Britain Britain Britain Britain Britain Britain Britain Britain Britain Britain Britain Britain Britain Britain Britain Britain Britain Britain Britain Britain Britain Britain Britain Britain Britain Britain Britain Britain Britain Britain Britain Britain Britain Britain Britain Britain Britain Britain Britain Britain Britain Britain Britain Britain Britain Britain Britain Britain Britain Britain Britain Britain Britain Britain Britain Britain Britain Britain Britain Britain Britain Britain Britain Britain Britain Britain Britain Britain Britain Britain Britain Britain Britain Britain Britain Britain Britain Britain Britain Britain Britain Britain Britain Britain Britain Britain Britain Britain Britain Britain Britain Britain Britain Britain Britain Britain Britain Britain Britain Britain Britain Britain Britain Britain Britain Britain Britain Britain Britain Britain Britain Britain Britain Britain Britain Britain Britain Britain Britain Britain Britain Britain Britain Britain Britain Britain Britain Britain Britain Britain Britain Britain Britain Britain Britain Britain Britain Britain Britain Britain Britain Britain Britain Britain Britain Britain Britain Britain Britain Britain Britain Britain Britain Britain Britain Britain Britain Britain Britain Britain Britain Britain Britain Britain Britain Britain Britain Britain Britain Britain Britain Britain Britain Britain Britain Britain Britain Britain Britain Britain Britain Britain Britain Britain Britain Britain Britain Britain Britain Britain Britain Britain Britain Britain Britain Britain Britain Britain Britain Britain Britain Britain Britain Britain Britain Britain Britain Britain Britain Britain Britain Britain Britain Britain Britain Britain Britain Britain Britain Britain Britain Britain Britain Britain Britain Britain Britain Britain Britain Britain Britain Britain Britain Britain Britain Britain Britain Britain Britain Britain Britain Britain Britain Britain Britain Britain Britain Britain Britain Britain Britain Britain Britain Britain Britain Britain Britain Britain Britain Britain Britain Britain Britain Britain Britain Britain Britain Britain Britain Britain Britain Britain Britain Britain Britain Britain Britain Britain Britain Britain Britain Britain Britain Britain Britain Britain Britain Britain Britain Britain Britain Britain Britain Britain Britain Britain Britain Britain Britain Britain Britain Britain Britain Britain Britain Britain Britain Britain Britain Britain Britain Britain Britain Britain Britain Britain Britain Britain Britain Britain Britain Britain Britain Britain Britain Britain Britain Britain Britain Britain Britain Britain Britain Britain Britain Britain Britain Britain Britain Britain Britain Britain Britain Britain Britain Britain Britain Britain Britain Britain Britain Britain Britain Britain Britain Britain Britain Britain Britain Britain Britain Britain Britain Britain Britain Britain Britain Britain Britain Britain Britain Britain Britain Britain Britain Britain Britain Britain Britain Britain Britain Britain Britain Britain Britain Britain Britain Britain Britain Britain Britain Britain Britain Britain Britain Britain Britain Britain Britain Britain Britain Britain Britain Britain Britain Britain Britain Britain Britain Britain Britain Britain Britain Britain Britain Britain Britain Britain Britain Britain Britain Britain Britain Britain Britain Britain Britain Britain Britain Britain Britain Britain Britain Britain Britain Britain Britain Britain Britain Britain Britain Britain Britain Britain Britain Britain Britain Britain Britain Britain Britain Britain Britain Britain Britain Britain Britain Britain Britain Britain Britain Britain Britain Britain Britain Britain Britain Britain Britain Britain Britain Britain Britain Britain Britain Britain Britain Britain Britain Britain Britain Britain Britain Britain Britain Britain Britain Britain Britain Britain Britain Britain Britain Britain Britain Britain Britain Britain Britain Britain Britain Britain Britain Britain Britain Britain Britain Britain Britain Britain Britain Britain Britain Britain Britain Britain Britain Britain Britain Britain Britain Britain Britain Britain Britain Britain Britain Britain Britain Britain Britain Britain Britain Britain Britain Britain Britain Britain Britain Britain Britain Britain Britain Britain Britain Britain Britain Britain Britain Britain Britain Britain Britain Britain Britain Britain Britain Britain Britain Britain Britain Britain Britain Britain Britain Britain Britain Britain Britain Britain Britain Britain Britain Britain Britain Britain Britain Britain Britain Britain Britain Britain Britain Britain Britain Britain Britain Britain Britain Britain Britain Britain Britain Britain Britain Britain Britain Britain Britain Britain Britain Britain Britain Britain Britain Britain Britain Britain Britain Britain Britain Britain Britain Britain Britain Britain Britain Britain Britain Britain Britain Britain Britain Britain Britain Britain Britain Britain Britain Britain Britain Britain Britain Britain Britain Britain Britain Britain Britain Britain Britain Britain Britain Britain Britain Britain Britain Britain Britain Britain Britain Britain Britain Britain Britain Britain Britain Britain Britain Britain Britain Britain Britain Britain Britain Britain Britain Britain Britain Britain Britain Britain Britain Britain Britain Britain Britain Britain Britain Britain Britain Britain Britain Britain Britain Britain Britain Britain Britain Britain Britain Britain Britain Britain Britain Britain Britain Britain Britain Britain Britain Britain Britain Britain Britain Britain Britain Britain Britain Britain Britain Britain Britain Britain Britain Britain Britain Britain Britain Britain Britain Britain Britain Britain Britain Britain Britain Britain Britain Britain Britain Britain Britain Britain Britain Britain Britain Britain Britain Britain Britain Britain Britain Britain Britain Britain Britain Britain Britain Britain Britain Britain Britain Britain Britain Britain Britain Britain Britain Britain Britain Britain Britain Britain Britain Britain Britain Britain Britain Britain Britain Britain Britain Britain Britain Britain Britain Britain Britain Britain Britain Britain Britain Britain Britain Britain Britain Britain Britain Britain Britain Britain Britain Britain Britain Britain Britain Britain Britain Britain Britain Britain Britain Britain Britain Britain Britain Britain Britain Britain Britain Britain Britain Britain Britain Britain Britain Britain Britain Britain Britain Britain Britain Britain Britain Britain Britain Britain Britain Britain Britain Britain Britain Britain Britain Britain Britain Britain Britain Britain Britain Britain Britain Britain Britain Britain Britain Britain Britain Britain Britain Britain Britain Britain Britain Britain Britain Britain Britain Britain Britain Britain Britain Britain Britain Britain Britain Britain Britain Britain Britain Britain Britain Britain Britain Britain Britain Britain Britain Britain Britain Britain Britain Britain Britain Britain Britain Britain Britain Britain Britain Britain Britain Britain Britain Britain Britain Britain Britain Britain Britain Britain Britain Britain Britain Britain Britain Britain Britain Britain Britain Britain Britain Britain Britain Britain Britain Britain Britain Britain Britain Britain Britain Britain Britain Britain Britain Britain Britain Britain Britain Britain Britain Britain Britain Britain Britain Britain Britain Britain Britain Britain Britain Britain Britain Britain Britain Britain Britain Britain Britain Britain Britain Britain Britain Britain Britain Britain Britain Britain Britain Britain Britain Britain Britain Britain Britain Britain Britain Britain Britain Britain Britain Britain Britain Britain Britain Britain Britain Britain Britain Britain Britain Britain Britain Britain Britain Britain Britain Britain Britain Britain Britain Britain Britain Britain Britain Britain Britain Britain Britain Britain Britain Britain Britain Britain Britain Britain Britain Britain Britain Britain Britain Britain Britain Britain Britain Britain Britain Britain Britain Britain Britain Britain Britain Britain Britain Britain Britain Britain Britain Britain Britain Britain Britain Britain Britain Britain Britain Britain Britain Britain Britain Britain Britain Britain Britain Britain Britain Britain Britain Britain Britain Britain Britain Britain Britain Britain Britain Britain Britain Britain Britain Britain Britain Britain Britain Britain Britain Britain Britain Britain Britain Britain Britain Britain Britain Britain Britain Britain Britain Britain Britain Britain Britain Britain Britain Britain Britain Britain Britain Britain Britain Britain Britain Britain Britain Britain Britain Britain Britain Britain Britain Britain Britain Britain Britain Britain Britain Britain Britain Britain Britain Britain Britain Britain Britain Britain Britain Britain Britain Britain Britain Britain Britain Britain Britain Britain Britain Britain Britain Britain Britain Britain Britain Britain Britain Britain Britain Britain Britain Britain Britain Britain Britain Britain Britain Britain Britain Britain Britain Britain Britain Britain Britain Britain Britain Britain Britain Britain Britain Britain Britain Britain Britain Britain Britain Britain Britain Britain Britain Britain Britain Britain Britain Britain Britain Britain Britain Britain Britain Britain Britain Britain Britain Britain Britain Britain Britain Britain Britain Britain Britain Britain Britain Britain Britain Britain Britain Britain Britain Britain Britain Britain Britain Britain Britain Britain Britain Britain Britain Britain Britain Britain Britain Britain Britain Britain Britain Britain Britain Britain Britain Britain Britain Britain Britain Britain Britain Britain Britain Britain Britain Britain Britain Britain Britain Britain Britain Britain Britain Britain Britain Britain Britain Britain Britain Britain Britain Britain Britain Britain Britain Britain Britain Britain Britain Britain Britain Britain Britain Britain Britain Britain Britain Britain Britain Britain Britain Britain Britain Britain Britain Britain Britain Britain Britain Britain Britain Britain Britain Britain Britain Britain Britain Britain Britain Britain Britain Britain Britain Britain Britain Britain Britain Britain Britain Britain Britain Britain Britain Britain Britain Britain Britain Britain Britain Britain Britain Britain Britain Britain Britain Britain Britain Britain Britain Britain Britain Britain Britain Britain Britain Britain Britain Britain Britain Britain Britain Britain Britain Britain Britain Britain Britain Britain Britain Britain Britain Britain Britain Britain Britain Britain Britain Britain Britain Britain Britain Britain Britain Britain Britain Britain Britain Britain Britain Britain Britain Britain Britain Britain Britain Britain Britain Britain Britain Britain Britain Britain Britain Britain Britain Britain Britain Britain Britain Britain Britain Britain Britain Britain Britain Britain Britain Britain Britain Britain Britain Britain Britain Britain Britain Britain Britain Britain Britain Britain Britain Britain Britain Britain Britain Britain Britain Britain Britain Britain Britain Britain Britain Britain Britain Britain Britain Britain Britain Britain Britain Britain Britain Britain Britain Britain Britain Britain Britain Britain Britain Britain Britain Britain Britain Britain Britain Britain Britain Britain Britain Britain Britain Britain Britain Britain Britain Britain Britain Britain Britain Britain Britain Britain Britain Britain Britain Britain Britain Britain Britain Britain Britain Britain Britain Britain Britain Britain Britain Britain Britain Britain Britain Britain Britain Britain Britain Britain Britain Britain Britain Britain Britain Britain Britain Britain Britain Britain Britain Britain Britain Britain Britain Britain Britain Britain Britain Britain Britain Britain Britain Britain Britain Britain Britain Britain Britain Britain Britain Britain Britain Britain Britain Britain Britain Britain Britain Britain Britain Britain Britain Britain Britain Britain Britain Britain Britain Britain Britain Britain Britain Britain Britain Britain Britain Britain Britain Britain Britain Britain Britain Britain Britain Britain Britain Britain Britain Britain Britain Britain Britain Britain Britain Britain Britain Britain Britain Britain Britain Britain Britain Britain Britain Britain Britain Britain Britain Britain Britain Britain Britain Britain Britain Britain Britain Britain Britain Britain Britain Britain Britain Britain Britain Britain Britain Britain Britain Britain Britain Britain Britain Britain Britain Britain Britain Britain Britain Britain Britain Britain Britain Britain Britain Britain Britain Britain Britain Britain Britain Britain Britain Britain Britain Britain Britain Britain Britain Britain Britain Britain Britain Britain Britain Britain Britain Britain Britain Britain Britain Britain Britain Britain Britain Britain Britain Britain Britain Britain Britain Britain Britain Britain Britain Britain Britain Britain Britain Britain Britain Britain Britain Britain Britain Britain Britain Britain Britain Britain Britain Britain Britain Britain Britain Britain Britain Britain Britain Britain Britain Britain Britain Britain Britain Britain Britain Britain Britain Britain Britain Britain Britain Britain Britain Britain Britain Britain Britain Britain Britain Britain Britain Britain Britain Britain Britain Britain Britain Britain Britain Britain Britain Britain Britain Britain Britain Britain Britain Britain Britain Britain Britain Britain Britain Britain Britain Britain Britain Britain Britain Britain Britain Britain Britain Britain Britain Britain Britain Britain Britain Britain Britain Britain Britain Britain Britain Britain Britain Britain Britain Britain Britain Britain Britain Britain Britain Britain Britain Britain Britain Britain Britain Britain Britain Britain Britain Britain Britain Britain Britain Britain Britain Britain Britain Britain Britain Britain Britain Britain Britain Britain Britain Britain Britain Britain Britain Britain Britain Britain Britain Britain Britain Britain Britain Britain Britain Britain Britain Britain Britain Britain Britain Britain Britain Britain Britain Britain Britain Britain Britain Britain Britain Britain Britain Britain Britain Britain Britain Britain Britain Britain Britain Britain Britain Britain Britain Britain Britain Britain Britain Britain Britain Britain Britain Britain Britain Britain Britain Britain Britain Britain Britain Britain Britain Britain Britain Britain Britain Britain Britain Britain Britain Britain Britain Britain Britain Britain Britain Britain Britain Britain Britain Britain Britain Britain Britain Britain Britain Britain Britain Britain Britain Britain Britain Britain Britain Britain Britain Britain Britain Britain Britain Britain Britain Britain Britain Britain Britain Britain Britain Britain Britain Britain Britain Britain Britain Britain Britain Britain Britain Britain Britain Britain Britain Britain Britain Britain Britain Britain Britain Britain Britain Britain Britain Britain Britain Britain Britain Britain Britain Britain Britain Britain Britain Britain Britain Britain Britain Britain Britain Britain Britain Britain Britain Britain Britain Britain Britain Britain Britain Britain Britain Britain Britain Britain Britain Britain Britain Britain Britain Britain Britain Britain Britain Britain Britain Britain Britain Britain Britain Britain Britain Britain Britain Britain Britain Britain Britain Britain Britain Britain Britain Britain Britain Britain Britain Britain Britain Britain Britain Britain Britain Britain Britain Britain Britain Britain Britain Britain Britain Britain Britain Britain Britain Britain Britain Britain Britain Britain Britain Britain Britain Britain Britain Britain Britain Britain Britain Britain Britain Britain Britain Britain Britain Britain Britain Britain Britain Britain Britain Britain Britain Britain Britain Britain Britain Britain Britain Britain Britain Britain Britain Britain Britain Britain Britain Britain Britain Britain Britain Britain Britain Britain Britain Britain Britain Britain Britain Britain Britain Britain Britain Britain Britain Britain Britain Britain Britain Britain Britain Britain Britain Britain Britain Britain Britain Britain Britain Britain Britain Britain Britain Britain Britain Britain Britain Britain Britain Britain Britain Britain Britain Britain Britain Britain Britain Britain Britain Britain Britain Britain Britain Britain Britain Britain Britain Britain Britain Britain Britain Britain Britain Britain Britain Britain Britain Britain Britain Britain Britain Britain Britain Britain Britain Britain Britain Britain Britain Britain Britain Britain Britain Britain Britain Britain Britain Britain Britain Britain Britain Britain Britain Britain Britain Britain Britain Britain Britain Britain Britain Britain Britain Britain Britain Britain Britain Britain Britain Britain Britain Britain Britain Britain Britain Britain Britain Britain Britain Britain Britain Britain Britain Britain Britain Britain Britain Britain Britain Britain Britain Britain Britain Britain Britain Britain Britain Britain Britain Britain Britain Britain Britain Britain Britain Britain Britain Britain Britain Britain Britain Britain Britain Britain Britain Britain Britain Britain Britain Britain Britain Britain Britain Britain Britain Britain Britain Britain Britain Britain Britain Britain Britain Britain Britain Britain Britain Britain Britain Britain Britain Britain Britain Britain Britain Britain Britain Britain Britain Britain Britain Britain Britain Britain Britain Britain Britain Britain Britain Britain Britain Britain Britain Britain Britain Britain Britain Britain Britain Britain Britain Britain Britain Britain Britain Britain Britain Britain Britain Britain Britain Britain Britain Britain Britain Britain Britain Britain Britain Britain Britain Britain Britain Britain Britain Britain Britain Britain Britain Britain Britain Britain Britain Britain Britain Britain Britain Britain Britain Britain Britain Britain Britain Britain Britain Britain Britain Britain Britain Britain Britain Britain Britain Britain Britain Britain Britain Britain Britain Britain Britain Britain Britain Britain Britain Britain Britain Britain Britain Britain Britain Britain Britain Britain Britain Britain Britain Britain Britain Britain Britain Britain Britain Britain Britain Britain Britain Britain Britain Britain Britain Britain Britain Britain Britain Britain Britain Britain Britain Britain Britain Britain Britain Britain Britain Britain Britain Britain Britain Britain Britain Britain Britain Britain Britain Britain Britain Britain Britain Britain Britain Britain Britain Britain Britain Britain Britain Britain Britain Britain Britain Britain Britain Britain Britain Britain Britain Britain Britain Britain Britain Britain Britain Britain Britain Britain Britain Britain Britain Britain Britain Britain Britain Britain Britain Britain Britain Britain Britain Britain Britain Britain Britain Britain Britain Britain Britain Britain Britain Britain Britain Britain Britain Britain Britain Britain Britain Britain Britain Britain Britain Britain Britain Britain Britain Britain Britain Britain Britain Britain Britain Britain Britain Britain Britain Britain Britain Britain Britain Britain Britain Britain Britain Britain Britain Britain Britain Britain Britain Britain Britain Britain Britain Britain Britain Britain Britain Britain Britain Britain Britain Britain Britain Britain Britain Britain Britain Britain Britain Britain Britain Britain Britain Britain Britain Britain Britain Britain Britain Britain Britain Britain Britain Britain Britain Britain Britain Britain Britain Britain Britain Britain Britain Britain Britain Britain Britain Britain Britain Britain Britain Britain Britain Britain Britain Britain Britain Britain Britain Britain Britain Britain Britain Britain Britain Britain Britain Britain Britain Britain Britain Britain Britain Britain Britain Britain Britain Britain Britain Britain Britain Britain Britain Britain Britain Britain Britain Britain Britain Britain Britain Britain Britain Britain Britain Britain Britain Britain Britain Britain Britain Britain Britain Britain Britain Britain Britain Britain Britain Britain Britain Britain Britain Britain Britain Britain Britain Britain Britain Britain Britain Britain Britain Britain Britain Britain Britain Britain Britain Britain Britain Britain Britain Britain Britain Britain Britain Britain Britain Britain Britain Britain Britain Britain Britain Britain Britain Britain Britain Britain Britain Britain Britain Britain Britain Britain Britain Britain Britain Britain Britain Britain Britain Britain Britain Britain Britain Britain Britain Britain Britain Britain Britain Britain Britain Britain Britain Britain Britain Britain Britain Britain Britain Britain Britain Britain Britain Britain Britain Britain Britain Britain Britain Britain Britain Britain Britain Britain Britain Britain Britain Britain Britain Britain Britain Britain Britain Britain Britain Britain Britain Britain Britain Britain Britain Britain Britain Britain Britain Britain Britain Britain Britain Britain Britain Britain Britain Britain Britain Britain Britain Britain Britain Britain Britain Britain Britain Britain Britain Britain Britain Britain Britain Britain Britain Britain Britain Britain Britain Britain Britain Britain Britain Britain Britain Britain Britain Britain Britain Britain Britain Britain Britain Britain Britain Britain Britain Britain Britain Britain Britain Britain Britain Britain Britain Britain Britain Britain Britain Britain Britain Britain Britain Britain Britain Britain Britain Britain Britain Britain Britain Britain Britain Britain Britain Britain Britain Britain Britain Britain Britain Britain Britain Britain Britain Britain Britain Britain Britain Britain Britain Britain Britain Britain Britain Britain Britain Britain Britain Britain Britain Britain Britain Britain Britain Britain Britain Britain Britain Britain Britain Britain Britain Britain Britain Britain Britain Britain Britain Britain Britain Britain Britain Britain Britain Britain Britain Britain Britain Britain Britain Britain Britain Britain Britain Britain Britain Britain Britain Britain Britain Britain Britain Britain Britain Britain Britain Britain Britain Britain Britain Britain Britain Britain Britain Britain Britain Britain Britain Britain Britain Britain Britain Britain Britain Britain Britain Britain Britain Britain Britain Britain Britain Britain Britain Britain Britain Britain Britain Britain Britain Britain Britain Britain Britain Britain Britain Britain Britain Britain Britain Britain Britain Britain Britain Britain Britain Britain Britain Britain Britain Britain Britain Britain Britain Britain Britain Britain Britain Britain Britain Britain Britain Britain Britain Britain Britain Britain Britain Britain Britain Britain Britain Britain Britain Britain Britain Britain Britain Britain Britain Britain Britain Britain Britain Britain Britain Britain Britain Britain Britain Britain Britain Britain Britain Britain Britain Britain Britain Britain Britain Britain Britain Britain Britain Britain Britain Britain Britain Britain Britain Britain Britain Britain Britain Britain Britain Britain Britain Britain Britain Britain Britain Britain Britain Britain Britain Britain Britain Britain Britain Britain Britain Britain Britain Britain Britain Britain Britain Britain Britain Britain Britain Britain Britain Britain Britain Britain Britain Britain Britain Britain Britain Britain Britain Britain Britain Britain Britain Britain Britain Britain Britain Britain Britain Britain Britain Britain Britain Britain Britain Britain Britain Britain Britain Britain Britain Britain Britain Britain Britain Britain Britain Britain Britain Britain Britain Britain Britain Britain Britain Britain Britain Britain Britain Britain Britain Britain Britain Britain Britain Britain Britain Britain Britain Britain Britain Britain Britain Britain Britain Britain Britain Britain Britain Britain Britain Britain Britain Britain Britain Britain Britain Britain Britain Britain Britain Britain Britain Britain Britain Britain Britain Britain Britain Britain Britain Britain Britain Britain Britain Britain Britain Britain Britain Britain Britain Britain Britain Britain Britain Britain Britain Britain Britain Britain Britain Britain Britain Britain Britain Britain Britain Britain Britain Britain Britain Britain Britain Britain Britain Britain Britain Britain Britain Britain Britain Britain Britain Britain Britain Britain Britain Britain Britain Britain Britain Britain Britain Britain Britain Britain Britain Britain Britain Britain Britain Britain Britain Britain Britain Britain Britain Britain Britain Britain Britain Britain Britain Britain Britain Britain Britain Britain Britain Britain Britain Britain Britain Britain Britain Britain Britain Britain Britain Britain Britain Britain Britain Britain Britain Britain Britain Britain Britain Britain Britain Britain Britain Britain Britain Britain Britain Britain Britain Britain Britain Britain Britain Britain Britain Britain Britain Britain Britain Britain Britain Britain Britain Britain Britain Britain Britain Britain Britain Britain Britain Britain Britain Britain Britain Britain Britain Britain Britain Britain Britain Britain Britain Britain Britain Britain Britain Britain Britain Britain Britain Britain Britain Britain Britain Britain Britain Britain Britain Britain Britain Britain Britain Britain Britain Britain Britain Britain Britain Britain Britain Britain Britain Britain Britain Britain Britain Britain Britain Britain Britain Britain Britain Britain Britain Britain Britain Britain Britain Britain Britain Britain Britain Britain Britain Britain Britain Britain Britain Britain Britain Britain Britain Britain Britain Britain Britain Britain Britain Britain Britain Britain Britain Britain Britain Britain Britain Britain Britain Britain Britain Britain Britain Britain Britain Britain Britain Britain Britain Britain Britain Britain Britain Britain Britain Britain Britain Britain Britain Britain Britain Britain Britain Britain Britain Britain Britain Britain Britain Britain Britain Britain Britain Britain Britain Britain Britain Britain Britain Britain Britain Britain Britain Britain Britain Britain Britain Britain Britain Britain Britain Britain Britain Britain Britain Britain Britain Britain Britain Britain Britain Britain Britain Britain Britain Britain Britain Britain Britain Britain Britain Britain Britain Britain Britain Britain Britain Britain Britain Britain Britain Britain Britain Britain Britain Britain Britain Britain Britain Britain Britain Britain Britain Britain Britain Britain Britain Britain Britain Britain Britain Britain Britain Britain Britain Britain Britain Britain Britain Britain Britain Britain Britain Britain Britain Britain Britain Britain Britain Britain Britain Britain Britain Britain Britain Britain Britain Britain Britain Britain Britain Britain Britain Britain Britain Britain Britain Britain Britain Britain Britain Britain Britain Britain Britain Britain Britain Britain Britain Britain Britain Britain Britain Britain Britain Britain Britain Britain Britain Britain Britain Britain Britain Britain Britain Britain Britain Britain Britain Britain Britain Britain Britain Britain Britain Britain Britain Britain Britain Britain Britain Britain Britain Britain Britain Britain Britain Britain Britain Britain Britain Britain Britain Britain Britain Britain Britain Britain Britain Britain Britain Britain Britain Britain Britain Britain Britain Britain Britain Britain Britain Britain Britain Britain Britain Britain Britain Britain Britain Britain Britain Britain Britain Britain Britain Britain Britain Britain Britain Britain Britain Britain Britain Britain Britain Britain Britain Britain Britain Britain Britain Britain Britain Britain Britain Britain Britain Britain Britain Britain Britain Britain Britain Britain Britain Britain Britain Britain Britain Britain Britain Britain Britain Britain Britain Britain Britain Britain Britain Britain Britain Britain Britain Britain Britain Britain Britain Britain Britain Britain Britain Britain Britain Britain Britain Britain Britain Britain Britain Britain Britain Britain Britain Britain Britain Britain Britain Britain Britain Britain Britain Britain Britain Britain Britain Britain Britain Britain Britain Britain Britain Britain Britain Britain Britain Britain Britain Britain Britain Britain Britain Britain Britain Britain Britain Britain Britain Britain Britain Britain Britain Britain Britain Britain Britain Britain Britain Britain Britain Britain Britain Britain Britain Britain Britain Britain Britain Britain Britain Britain Britain Britain Britain Britain Britain Britain Britain Britain Britain Britain Britain Britain Britain Britain Britain Britain Britain Britain Britain Britain Britain Britain Britain Britain Britain Britain Britain Britain Britain Britain Britain Britain Britain Britain Britain Britain Britain Britain Britain Britain Britain Britain Britain Britain Britain Britain Britain Britain Britain Britain Britain Britain Britain Britain Britain Britain Britain Britain Britain Britain Britain Britain Britain Britain Britain Britain Britain Britain Britain Britain Britain Britain Britain Britain Britain Britain Britain Britain Britain Britain Britain Britain Britain Britain Britain Britain Britain Britain Britain Britain Britain Britain Britain Britain Britain Britain Britain Britain Britain Britain Britain Britain Britain Britain Britain Britain Britain Britain Britain Britain Britain Britain Britain Britain Britain Britain Britain Britain Britain Britain Britain Britain Britain Britain Britain Britain Britain Britain Britain Britain Britain Britain Britain Britain Britain Britain Britain Britain Britain Britain Britain Britain Britain Britain Britain Britain Britain Britain Britain Britain Britain Britain Britain Britain Britain Britain Britain Britain Britain Britain Britain Britain Britain Britain Britain Britain Britain Britain Britain Britain Britain Britain Britain Britain Britain Britain Britain Britain Britain Britain Britain Britain Britain Britain Britain Britain Britain Britain Britain Britain Britain Britain Britain Britain Britain Britain Britain Britain Britain Britain Britain Britain Britain Britain Britain Britain Britain Britain Britain Britain Britain Britain Britain Britain Britain Britain Britain Britain Britain Britain Britain Britain Britain Britain Britain Britain Britain Britain Britain Britain Britain Britain Britain Britain Britain Britain Britain Britain Britain Britain Britain Britain Britain Britain Britain Britain Britain Britain Britain Britain Britain Britain Britain Britain Britain Britain Britain Britain Britain Britain Britain Britain Britain Britain Britain Britain Britain Britain Britain Britain Britain Britain Britain Britain Britain Britain Britain Britain Britain Britain Britain Britain Britain Britain Britain Britain Britain Britain Britain Britain Britain Britain Britain Britain Britain Britain Britain Britain Britain Britain Britain Britain Britain Britain Britain Britain Britain Britain Britain Britain Britain Britain Britain Britain Britain Britain Britain Britain Britain Britain Britain Britain Britain Britain Britain Britain Britain Britain Britain Britain Britain Britain Britain Britain Britain Britain Britain Britain Britain Britain Britain Britain Britain Britain Britain Britain Britain Britain Britain Britain Britain Britain Britain Britain Britain Britain Britain Britain Britain Britain Britain Britain Britain Britain Britain Britain Britain Britain Britain Britain Britain Britain Britain Britain Britain Britain Britain Britain Britain Britain Britain Britain Britain Britain Britain Britain Britain Britain Britain Britain Britain Britain Britain Britain Britain Britain Britain Britain Britain Britain Britain Britain Britain Britain Britain Britain Britain Britain Britain Britain Britain Britain Britain Britain Britain Britain Britain Britain Britain Britain Britain Britain Britain Britain Britain Britain Britain Britain Britain Britain Britain Britain Britain Britain Britain Britain Britain Britain Britain Britain Britain Britain Britain Britain Britain Britain Britain Britain Britain Britain Britain Britain Britain Britain Britain Britain Britain Britain Britain Britain Britain Britain Britain Britain Britain Britain Britain Britain Britain Britain Britain Britain Britain Britain Britain Britain Britain Britain Britain Britain Britain Britain Britain Britain Britain Britain Britain Britain Britain Britain Britain Britain Britain Britain Britain Britain Britain Britain Britain Britain Britain Britain Britain Britain Britain Britain Britain Britain Britain Britain Britain Britain Britain Britain Britain Britain Britain Britain Britain Britain Britain Britain Britain Britain Britain Britain Britain Britain Britain Britain Britain Britain Britain Britain Britain Britain Britain Britain Britain Britain Britain Britain Britain Britain Britain Britain Britain Britain Britain Britain Britain Britain Britain Britain Britain Britain Britain Britain Britain Britain Britain Britain Britain Britain Britain Britain Britain Britain Britain Britain Britain Britain Britain Britain Britain Britain Britain Britain Britain Britain Britain Britain Britain Britain Britain Britain Britain Britain Britain Britain Britain Britain Britain Britain Britain Britain Britain Britain Britain Britain Britain Britain Britain Britain Britain Britain Britain Britain Britain Britain Britain Britain Britain Britain Britain Britain Britain Britain Britain Britain Britain Britain Britain Britain Britain Britain Britain Britain Britain Britain Britain Britain Britain Britain Britain Britain Britain Britain Britain Britain Britain Britain Britain Britain Britain Britain Britain Britain Britain Britain Britain Britain Britain Britain Britain Britain Britain Britain Britain Britain Britain Britain Britain Britain Britain Britain Britain Britain Britain Britain Britain Britain Britain Britain Britain Britain Britain Britain Britain Britain Britain Britain Britain Britain Britain Britain Britain Britain Britain Britain Britain Britain Britain Britain Britain Britain Britain Britain Britain Britain Britain Britain Britain Britain Britain Britain Britain Britain Britain Britain Britain Britain Britain Britain Britain Britain Britain Britain Britain Britain Britain Britain Britain Britain Britain Britain Britain Britain Britain Britain Britain Britain Britain Britain Britain Britain Britain Britain Britain Britain Britain Britain Britain Britain Britain Britain Britain Britain Britain Britain Britain Britain Britain Britain Britain Britain Britain Britain Britain Britain Britain Britain Britain Britain Britain Britain Britain Britain Britain Britain Britain Britain Britain Britain Britain Britain Britain Britain Britain Britain Britain Britain Britain Britain Britain Britain Britain Britain Britain Britain Britain Britain Britain Britain Britain Britain Britain Britain Britain Britain Britain Britain Britain Britain Britain Britain Britain Britain Britain Britain Britain Britain Britain Britain Britain Britain Britain Britain Britain Britain Britain Britain Britain Britain Britain Britain Britain Britain Britain Britain Britain Britain Britain Britain Britain Britain Britain Britain Britain Britain Britain Britain Britain Britain Britain Britain Britain Britain Britain Britain Britain Britain Britain Britain Britain Britain Britain Britain Britain Britain Britain Britain Britain Britain Britain Britain Britain Britain Britain Britain Britain Britain Britain Britain Britain Britain Britain Britain Britain Britain Britain Britain Britain Britain Britain Britain Britain Britain Britain Britain Britain Britain Britain Britain Britain Britain Britain Britain Britain Britain Britain Britain Britain Britain Britain Britain Britain Britain Britain Britain Britain Britain Britain Britain Britain Britain Britain Britain Britain Britain Britain Britain Britain Britain Britain Britain Britain Britain Britain Britain Britain Britain Britain Britain Britain Britain Britain Britain Britain Britain Britain Britain Britain Britain Britain Britain Britain Britain Britain Britain Britain Britain Britain Britain Britain Britain Britain Britain Britain Britain Britain Britain Britain Britain Britain Britain Britain Britain Britain Britain Britain Britain Britain Britain Britain Britain Britain Britain Britain Britain Britain Britain Britain Britain Britain Britain Britain Britain Britain Britain Britain Britain Britain Britain Britain Britain Britain Britain Britain Britain Britain Britain Britain Britain Britain Britain Britain Britain Britain Britain Britain Britain Britain Britain Britain Britain Britain Britain Britain Britain Britain Britain Britain Britain Britain Britain Britain Britain Britain Britain Britain Britain Britain Britain Britain Britain Britain Britain Britain Britain Britain Britain Britain Britain Britain Britain Britain Britain Britain Britain Britain Britain Britain Britain Britain Britain Britain Britain Britain Britain Britain Britain Britain Britain Britain Britain Britain Britain Britain Britain Britain Britain Britain Britain Britain Britain Britain Britain Britain Britain Britain Britain Britain Britain Britain Britain Britain Britain Britain Britain Britain Britain Britain Britain Britain Britain Britain Britain Britain Britain Britain Britain Britain Britain Britain Britain Britain Britain Britain Britain Britain Britain Britain Britain Britain Britain Britain Britain Britain Britain Britain Britain Britain Britain Britain Britain Britain Britain Britain Britain Britain Britain Britain Britain Britain Britain Britain Britain Britain Britain Britain Britain Britain Britain Britain Britain Britain Britain Britain Britain Britain Britain Britain Britain Britain Britain Britain Britain Britain Britain Britain Britain Britain Britain Britain Britain Britain Britain Britain Britain Britain Britain Britain Britain Britain Britain Britain Britain Britain Britain Britain Britain Britain Britain Britain Britain Britain Britain Britain Britain Britain Britain Britain Britain Britain Britain Britain Britain Britain Britain Britain Britain Britain Britain Britain Britain Britain Britain Britain Britain Britain Britain Britain Britain Britain Britain Britain Britain Britain Britain Britain Britain Britain Britain Britain Britain Britain Britain Britain Britain Britain Britain Britain Britain Britain Britain Britain Britain Britain Britain Britain Britain Britain Britain Britain Britain Britain Britain Britain Britain Britain Britain Britain Britain Britain Britain Britain Britain Britain Britain Britain Britain Britain Britain Britain Britain Britain Britain Britain Britain Britain Britain Britain Britain Britain Britain Britain Britain Britain Britain Britain Britain Britain Britain Britain Britain Britain Britain Britain Britain Britain Britain Britain Britain Britain Britain Britain Britain Britain Britain Britain Britain Britain Britain Britain Britain Britain Britain Britain Britain Britain Britain Britain Britain Britain Britain Britain Britain Britain Britain Britain Britain Britain Britain Britain Britain Britain Britain Britain Britain Britain Britain Britain Britain Britain Britain Britain Britain Britain Britain Britain Britain Britain Britain Britain Britain Britain Britain Britain Britain Britain Britain Britain Britain Britain Britain Britain Britain Britain Britain Britain Britain Britain Britain Britain Britain Britain Britain Britain Britain Britain Britain Britain Britain Britain Britain Britain Britain Britain Britain Britain Britain Britain Britain Britain Britain Britain Britain Britain Britain Britain Britain Britain Britain Britain Britain Britain Britain Britain Britain Britain Britain Britain Britain Britain Britain Britain Britain Britain Britain Britain Britain Britain Britain Britain Britain Britain Britain Britain Britain Britain Britain Britain Britain Britain Britain Britain Britain Britain Britain Britain Britain Britain Britain Britain Britain Britain Britain Britain Britain Britain Britain Britain Britain Britain Britain Britain Britain Britain Britain Britain Britain Britain Britain Britain Britain Britain Britain Britain Britain Britain Britain Britain Britain Britain Britain Britain Britain Britain Britain Britain Britain Britain Britain Britain Britain Britain Britain Britain Britain Britain Britain Britain Britain Britain Britain Britain Britain Britain Britain Britain Britain Britain Britain Britain Britain Britain Britain Britain Britain Britain Britain Britain Britain Britain Britain Britain Britain Britain Britain Britain Britain Britain Britain Britain Britain Britain Britain Britain Britain Britain Britain Britain Britain Britain Britain Britain Britain Britain Britain Britain Britain Britain Britain Britain Britain Britain Britain Britain Britain Britain Britain Britain Britain Britain Britain Britain Britain Britain Britain Britain Britain Britain Britain Britain Britain Britain Britain Britain Britain Britain Britain Britain Britain Britain Britain Britain Britain Britain Britain Britain Britain Britain Britain Britain Britain Britain Britain Britain Britain Britain Britain Britain Britain Britain Britain Britain Britain Britain Britain Britain Britain Britain Britain Britain Britain Britain Britain Britain Britain Britain Britain Britain Britain Britain Britain Britain Britain Britain Britain Britain Britain Britain Britain Britain Britain Britain Britain Britain Britain Britain Britain Britain Britain Britain Britain Britain Britain Britain Britain Britain Britain Britain Britain Britain Britain Britain Britain Britain Britain Britain Britain Britain Britain Britain Britain Britain Britain Britain Britain Britain Britain Britain Britain Britain Britain Britain Britain Britain Britain Britain Britain Britain Britain Britain Britain Britain Britain Britain Britain Britain Britain Britain Britain Britain Britain Britain Britain Britain Britain Britain Britain Britain Britain Britain Britain Britain Britain Britain Britain Britain Britain Britain Britain Britain Britain Britain Britain Britain Britain Britain Britain Britain Britain Britain Britain Britain Britain Britain Britain Britain Britain Britain Britain Britain Britain Britain Britain Britain Britain Britain Britain Britain Britain Britain Britain Britain Britain Britain Britain Britain Britain Britain Britain Britain Britain Britain Britain Britain Britain Britain Britain Britain Britain Britain Britain Britain Britain Britain Britain Britain Britain Britain Britain Britain Britain Britain Britain Britain Britain Britain Britain Britain Britain Britain Britain Britain Britain Britain Britain Britain Britain Britain Britain Britain Britain Britain Britain Britain Britain Britain Britain Britain Britain Britain Britain Britain Britain Britain Britain Britain Britain Britain Britain Britain Britain Britain Britain Britain Britain Britain Britain Britain Britain Britain Britain Britain Britain Britain Britain Britain Britain Britain Britain Britain Britain Britain Britain Britain Britain Britain Britain Britain Britain Britain Britain Britain Britain Britain Britain Britain Britain Britain Britain Britain Britain Britain Britain Britain Britain Britain Britain Britain Britain Britain Britain Britain Britain Britain Britain Britain Britain Britain Britain Britain Britain Britain Britain Britain Britain Britain Britain Britain Britain Britain Britain Britain Britain Britain Britain Britain Britain Britain Britain Britain Britain Britain Britain Britain Britain Britain Britain Britain Britain Britain Britain Britain Britain Britain Britain Britain Britain Britain Britain Britain Britain Britain Britain Britain Britain Britain Britain Britain Britain Britain Britain Britain Britain Britain Britain Britain Britain Britain Britain Britain Britain Britain Britain Britain Britain Britain Britain Britain Britain Britain Britain Britain Britain Britain Britain Britain Britain Britain Britain Britain Britain Britain Britain Britain Britain Britain Britain Britain Britain Britain Britain Britain Britain Britain Britain Britain Britain Britain Britain Britain Britain Britain Britain Britain Britain Britain Britain Britain Britain Britain Britain Britain Britain Britain Britain Britain Britain Britain Britain Britain Britain Britain Britain Britain Britain Britain Britain Britain Britain Britain Britain Britain Britain Britain Britain Britain Britain Britain Britain Britain Britain Britain Britain Britain Britain Britain Britain Britain Britain Britain Britain Britain Britain Britain Britain Britain Britain Britain Britain Britain Britain Britain Britain Britain Britain Britain Britain Britain Britain Britain Britain Britain Britain Britain Britain Britain Britain Britain Britain Britain Britain Britain Britain Britain Britain Britain Britain Britain Britain Britain Britain Britain Britain Britain Britain Britain Britain Britain Britain Britain Britain Britain Britain Britain Britain Britain Britain Britain Britain Britain Britain Britain Britain Britain Britain Britain Britain Britain Britain Britain Britain Britain Britain Britain Britain Britain Britain Britain Britain Britain Britain Britain Britain Britain Britain Britain Britain Britain Britain Britain Britain Britain Britain Britain Britain Britain Britain Britain Britain Britain Britain Britain Britain Britain Britain Britain Britain Britain Britain Britain Britain Britain Britain Britain Britain Britain Britain Britain Britain Britain Britain Britain Britain Britain Britain Britain Britain Britain Britain Britain Britain Britain Britain Britain Britain Britain Britain Britain Britain Britain Britain Britain Britain Britain Britain Britain Britain Britain Britain Britain Britain Britain Britain Britain Britain Britain Britain Britain Britain Britain Britain Britain Britain Britain Britain Britain Britain Britain Britain Britain Britain Britain Britain Britain Britain Britain Britain Britain Britain Britain Britain Britain Britain Britain Britain Britain Britain Britain Britain Britain Britain Britain Britain Britain Britain Britain Britain Britain Britain Britain Britain Britain Britain Britain Britain Britain Britain Britain Britain Britain Britain Britain Britain Britain Britain Britain Britain Britain Britain Britain Britain Britain Britain Britain Britain Britain Britain Britain Britain Britain Britain Britain Britain Britain Britain Britain Britain Britain Britain Britain Britain Britain Britain Britain Britain Britain Britain Britain Britain Britain Britain Britain Britain Britain Britain Britain Britain Britain Britain Britain Britain Britain Britain Britain Britain Britain Britain Britain Britain Britain Britain Britain Britain Britain Britain Britain Britain Britain Britain Britain Britain Britain Britain Britain Britain Britain Britain Britain Britain Britain Britain Britain Britain Britain Britain Britain Britain Britain Britain Britain Britain Britain Britain Britain Britain Britain Britain Britain Britain Britain Britain Britain Britain Britain Britain Britain Britain Britain Britain Britain Britain Britain Britain Britain Britain Britain Britain Britain Britain Britain Britain Britain Britain Britain Britain Britain Britain Britain Britain Britain Britain Britain Britain Britain Britain Britain Britain Britain Britain Britain Britain Britain Britain Britain Britain Britain Britain Britain Britain Britain Britain Britain Britain Britain Britain Britain Britain Britain Britain Britain Britain Britain Britain Britain Britain Britain Britain Britain Britain Britain Britain Britain Britain Britain Britain Britain Britain Britain Britain Britain Britain Britain Britain Britain Britain Britain Britain Britain Britain Britain Britain Britain Britain Britain Britain Britain Britain Britain Britain Britain Britain Britain Britain Britain Britain Britain Britain Britain Britain Britain Britain Britain Britain Britain Britain Britain Britain Britain Britain Britain Britain Britain Britain Britain Britain Britain Britain Britain Britain Britain Britain Britain Britain Britain Britain Britain Britain Britain Britain Britain Britain Britain Britain Britain Britain Britain Britain Britain Britain Britain Britain Britain Britain Britain Britain Britain Britain Britain Britain Britain Britain Britain Britain Britain Britain Britain Britain Britain Britain Britain Britain Britain Britain Britain Britain Britain Britain Britain Britain Britain Britain Britain Britain Britain Britain Britain Britain Britain Britain Britain Britain Britain Britain Britain Britain Britain Britain Britain Britain Britain Britain Britain Britain Britain Britain Britain Britain Britain Britain Britain Britain Britain Britain Britain Britain Britain Britain Britain Britain Britain Britain Britain Britain Britain Britain Britain Britain Britain Britain Britain Britain Britain Britain Britain Britain Britain Britain Britain Britain Britain Britain Britain Britain Britain Britain Britain Britain Britain Britain Britain Britain Britain Britain Britain Britain Britain Britain Britain Britain Britain Britain Britain Britain Britain Britain Britain Britain Britain Britain Britain Britain Britain Britain Britain Britain Britain Britain Britain Britain Britain Britain Britain Britain Britain Britain Britain Britain Britain Britain Britain Britain Britain Britain Britain Britain Britain Britain Britain Britain Britain Britain Britain Britain Britain Britain Britain Britain Britain Britain Britain Britain Britain Britain Britain Britain Britain Britain Britain Britain Britain Britain Britain Britain Britain Britain Britain Britain Britain Britain Britain Britain Britain Britain Britain Britain Britain Britain Britain Britain Britain Britain Britain Britain Britain Britain Britain Britain Britain Britain Britain Britain Britain Britain Britain Britain Britain Britain Britain Britain Britain Britain Britain Britain Britain Britain Britain Britain Britain Britain Britain Britain Britain Britain Britain Britain Britain Britain Britain Britain Britain Britain Britain Britain Britain Britain Britain Britain Britain Britain Britain Britain Britain Britain Britain Britain Britain Britain Britain Britain Britain Britain Britain Britain Britain Britain Britain Britain Britain Britain Britain Britain Britain Britain Britain Britain Britain Britain Britain Britain Britain Britain Britain Britain Britain Britain Britain Britain Britain Britain Britain Britain Britain Britain Britain Britain Britain Britain Britain Britain Britain Britain Britain Britain Britain Britain Britain Britain Britain Britain Britain Britain Britain Britain Britain Britain Britain Britain Britain Britain Britain Britain Britain Britain Britain Britain Britain Britain Britain Britain Britain Britain Britain Britain Britain Britain Britain Britain Britain Britain Britain Britain Britain Britain Britain Britain Britain Britain Britain Britain Britain Britain Britain Britain Britain Britain Britain Britain Britain Britain Britain Britain Britain Britain Britain Britain Britain Britain Britain Britain Britain Britain Britain Britain Britain Britain Britain Britain Britain Britain Britain Britain Britain Britain Britain Britain Britain Britain Britain Britain Britain Britain Britain Britain Britain Britain Britain Britain Britain Britain Britain Britain Britain Britain Britain Britain Britain Britain Britain Britain Britain Britain Britain Britain Britain Britain Britain Britain Britain Britain Britain Britain Britain Britain Britain Britain Britain Britain Britain Britain Britain Britain Britain Britain Britain Britain Britain Britain Britain Britain Britain Britain Britain Britain Britain Britain Britain Britain Britain Britain Britain Britain Britain Britain Britain Britain Britain Britain Britain Britain Britain Britain Britain Britain Britain Britain Britain Britain Britain Britain Britain Britain Britain Britain Britain Britain Britain Britain Britain Britain Britain Britain Britain Britain Britain Britain Britain Britain Britain Britain Britain Britain Britain Britain Britain Britain Britain Britain Britain Britain Britain Britain Britain Britain Britain Britain Britain Britain Britain Britain Britain Britain Britain Britain Britain Britain Britain Britain Britain Britain Britain Britain Britain Britain Britain Britain Britain Britain Britain Britain Britain Britain Britain Britain Britain Britain Britain Britain Britain Britain Britain Britain Britain Britain Britain Britain Britain Britain Britain Britain Britain Britain Britain Britain Britain Britain Britain Britain Britain Britain Britain Britain Britain Britain Britain Britain Britain Britain Britain Britain Britain Britain Britain Britain Britain Britain Britain Britain Britain Britain Britain Britain Britain Britain Britain Britain Britain Britain Britain Britain Britain Britain Britain Britain Britain Britain Britain Britain Britain Britain Britain Britain Britain Britain Britain Britain Britain Britain Britain Britain Britain Britain Britain Britain Britain Britain Britain Britain Britain Britain Britain Britain Britain Britain Britain Britain Britain Britain Britain Britain Britain Britain Britain Britain Britain Britain Britain Britain Britain Britain Britain Britain Britain Britain Britain Britain Britain Britain Britain Britain Britain Britain Britain Britain Britain Britain Britain Britain Britain Britain Britain Britain Britain Britain Britain Britain Britain Britain Britain Britain Britain Britain Britain Britain Britain Britain Britain Britain Britain Britain Britain Britain Britain Britain Britain Britain Britain Britain Britain Britain Britain Britain Britain Britain Britain Britain Britain Britain Britain Britain Britain Britain Britain Britain Britain Britain Britain Britain Britain Britain Britain Britain Britain Britain Britain Britain Britain Britain Britain Britain Britain Britain Britain Britain Britain Britain Britain Britain Britain Britain Britain Britain Britain Britain Britain Britain Britain Britain Britain Britain Britain Britain Britain Britain Britain Britain Britain Britain Britain Britain Britain Britain Britain Britain Britain Britain Britain Britain Britain Britain Britain Britain Britain Britain Britain Britain Britain Britain Britain Britain Britain Britain Britain Britain Britain Britain Britain Britain Britain Britain Britain Britain Britain Britain Britain Britain Britain Britain Britain Britain Britain Britain Britain Britain Britain Britain Britain Britain Britain Britain Britain Britain Britain Britain Britain Britain Britain Britain Britain Britain Britain Britain Britain Britain Britain Britain Britain Britain Britain Britain Britain Britain Britain Britain Britain Britain Britain Britain Britain Britain Britain Britain Britain Britain Britain Britain Britain Britain Britain Britain Britain Britain Britain Britain Britain Britain Britain Britain Britain Britain Britain Britain Britain Britain Britain Britain Britain Britain Britain Britain Britain Britain Britain Britain Britain Britain Britain Britain Britain Britain Britain Britain Britain Britain Britain Britain Britain Britain Britain Britain Britain Britain Britain Britain Britain Britain Britain Britain Britain Britain Britain Britain Britain Britain Britain Britain Britain Britain Britain Britain Britain Britain Britain Britain Britain Britain Britain Britain Britain Britain Britain Britain Britain Britain Britain Britain Britain Britain Britain Britain Britain Britain Britain Britain Britain Britain Britain Britain Britain Britain Britain Britain Britain Britain Britain Britain Britain Britain Britain Britain Britain Britain Britain Britain Britain Britain Britain Britain Britain Britain Britain Britain Britain Britain Britain Britain Britain Britain Britain Britain Britain Britain Britain Britain Britain Britain Britain Britain Britain Britain Britain Britain Britain Britain Britain Britain Britain Britain Britain Britain Britain Britain Britain Britain Britain Britain Britain Britain Britain Britain Britain Britain Britain Britain Britain Britain Britain Britain Britain Britain Britain Britain Britain Britain Britain Britain Britain Britain Britain Britain Britain Britain Britain Britain Britain Britain Britain Britain Britain Britain Britain Britain Britain Britain Britain Britain Britain Britain Britain Britain Britain Britain Britain Britain Britain Britain Britain Britain Britain Britain Britain Britain Britain Britain Britain Britain Britain Britain Britain Britain Britain Britain Britain Britain Britain Britain Britain Britain Britain Britain Britain Britain Britain Britain Britain Britain Britain Britain Britain Britain Britain Britain Britain Britain Britain Britain Britain Britain Britain Britain Britain Britain Britain Britain Britain Britain Britain Britain Britain Britain Britain Britain Britain Britain Britain Britain Britain Britain Britain Britain Britain Britain Britain Britain Britain Britain Britain Britain Britain Britain Britain Britain Britain Britain Britain Britain Britain Britain Britain Britain Britain Britain Britain Britain Britain Britain Britain Britain Britain Britain Britain Britain Britain Britain Britain Britain Britain Britain Britain Britain Britain Britain Britain Britain Britain Britain Britain Britain Britain Britain Britain Britain Britain Britain Britain Britain Britain Britain Britain Britain Britain Britain Britain Britain Britain Britain Britain Britain Britain Britain Britain Britain Britain Britain Britain Britain Britain Britain Britain Britain Britain Britain Britain Britain Britain Britain Britain Britain Britain Britain Britain Britain Britain Britain Britain Britain Britain Britain Britain Britain Britain Britain Britain Britain Britain Britain Britain Britain Britain Britain Britain Britain Britain Britain Britain Britain Britain Britain Britain Britain Britain Britain Britain Britain Britain Britain Britain Britain Britain Britain Britain Britain Britain Britain Britain Britain Britain Britain Britain Britain Britain Britain Britain Britain Britain Britain Britain Britain Britain Britain Britain Britain Britain Britain Britain Britain Britain Britain Britain Britain Britain Britain Britain Britain Britain Britain Britain Britain Britain Britain Britain Britain Britain Britain Britain Britain Britain Britain Britain Britain Britain Britain Britain Britain Britain Britain Britain Britain Britain Britain Britain Britain Britain Britain Britain Britain Britain Britain Britain Britain Britain Britain Britain Britain Britain Britain Britain Britain Britain Britain Britain Britain Britain Britain Britain Britain Britain Britain Britain Britain Britain Britain Britain Britain Britain Britain Britain Britain Britain Britain Britain Britain Britain Britain Britain Britain Britain Britain Britain Britain Britain Britain Britain Britain Britain Britain Britain Britain Britain Britain Britain Britain Britain Britain Britain Britain Britain Britain Britain Britain Britain Britain Britain Britain Britain Britain Britain Britain Britain Britain Britain Britain Britain Britain Britain Britain Britain Britain Britain Britain Britain Britain Britain Britain Britain Britain Britain Britain Britain Britain Britain Britain Britain Britain Britain Britain Britain Britain Britain Britain Britain Britain Britain Britain Britain Britain Britain Britain Britain Britain Britain Britain Britain Britain Britain Britain Britain Britain Britain Britain Britain Britain Britain Britain Britain Britain Britain Britain Britain Britain Britain Britain Britain Britain Britain Britain Britain Britain Britain Britain Britain Britain Britain Britain Britain Britain Britain Britain Britain Britain Britain Britain Britain Britain Britain Britain Britain Britain Britain Britain Britain Britain Britain Britain Britain Britain Britain Britain Britain Britain Britain Britain Britain Britain Britain Britain Britain Britain Britain Britain Britain Britain Britain Britain Britain Britain Britain Britain Britain Britain Britain Britain Britain Britain Britain Britain Britain Britain Britain Britain Britain Britain Britain Britain Britain Britain Britain Britain Britain Britain Britain Britain Britain Britain Britain Britain Britain Britain Britain Britain Britain Britain Britain Britain Britain Britain Britain Britain Britain Britain Britain Britain Britain Britain Britain Britain Britain Britain Britain Britain Britain Britain Britain Britain Britain Britain Britain Britain Britain Britain Britain Britain Britain Britain Britain Britain Britain Britain Britain Britain Britain Britain Britain Britain Britain Britain Britain Britain Britain Britain Britain Britain Britain Britain Britain Britain Britain Britain Britain Britain Britain Britain Britain Britain Britain Britain Britain Britain Britain Britain Britain Britain Britain Britain Britain Britain Britain Britain Britain Britain Britain Britain Britain Britain Britain Britain Britain Britain Britain Britain Britain Britain Britain Britain Britain Britain Britain Britain Britain Britain Britain Britain Britain Britain Britain Britain Britain Britain Britain Britain Britain Britain Britain Britain Britain Britain Britain Britain Britain Britain Britain Britain Britain Britain Britain Britain Britain Britain Britain Britain Britain Britain Britain Britain Britain Britain Britain Britain Britain Britain Britain Britain Britain Britain Britain Britain Britain Britain Britain Britain Britain Britain Britain Britain Britain Britain Britain Britain Britain Britain Britain Britain Britain Britain Britain Britain Britain Britain Britain Britain Britain Britain Britain Britain Britain Britain Britain Britain Britain Britain Britain Britain Britain Britain Britain Britain Britain Britain Britain Britain Britain Britain Britain Britain Britain Britain Britain Britain Britain Britain Britain Britain Britain Britain Britain Britain Britain Britain Britain Britain Britain Britain Britain Britain Britain Britain Britain Britain Britain Britain Britain Britain Britain Britain Britain Britain Britain Britain Britain Britain Britain Britain Britain Britain Britain Britain Britain Britain Britain Britain Britain Britain Britain Britain Britain Britain Britain Britain Britain Britain Britain Britain Britain Britain Britain Britain Britain Britain Britain Britain Britain Britain Britain Britain Britain Britain Britain Britain Britain Britain Britain Britain Britain Britain Britain Britain Britain Britain Britain Britain Britain Britain Britain Britain Britain Britain Britain Britain Britain Britain Britain Britain Britain Britain Britain Britain Britain Britain Britain Britain Britain Britain Britain Britain Britain Britain Britain Britain Britain Britain Britain Britain Britain Britain Britain Britain Britain Britain Britain Britain Britain Britain Britain Britain Britain Britain Britain Britain Britain Britain Britain Britain Britain Britain Britain Britain Britain Britain Britain Britain Britain Britain Britain Britain Britain Britain Britain Britain Britain Britain Britain Britain Britain Britain Britain Britain Britain Britain Britain Britain Britain Britain Britain Britain Britain Britain Britain Britain Britain Britain Britain Britain Britain Britain Britain Britain Britain Britain Britain Britain Britain Britain Britain Britain Britain Britain Britain Britain Britain Britain Britain Britain Britain Britain Britain Britain Britain Britain Britain Britain Britain Britain Britain Britain Britain Britain Britain Britain Britain Britain Britain Britain Britain Britain Britain Britain Britain Britain Britain Britain Britain Britain Britain Britain Britain Britain Britain Britain Britain Britain Britain Britain Britain Britain Britain Britain Britain Britain Britain Britain Britain Britain Britain Britain Britain Britain Britain Britain Britain Britain Britain Britain Britain Britain Britain Britain Britain Britain Britain Britain Britain Britain Britain Britain Britain Britain Britain Britain Britain Britain Britain Britain Britain Britain Britain Britain Britain Britain Britain Britain Britain Britain Britain Britain Britain Britain Britain Britain Britain Britain Britain Britain Britain Britain Britain Britain Britain Britain Britain Britain Britain Britain Britain Britain Britain Britain Britain Britain Britain Britain Britain Britain Britain Britain Britain Britain Britain Britain Britain Britain Britain Britain Britain Britain Britain Britain Britain Britain Britain Britain Britain Britain Britain Britain Britain Britain Britain Britain Britain Britain Britain Britain Britain Britain Britain Britain Britain Britain Britain Britain Britain Britain Britain Britain Britain Britain Britain Britain Britain Britain Britain Britain Britain Britain Britain Britain Britain Britain Britain Britain Britain Britain Britain Britain Britain Britain Britain Britain Britain Britain Britain Britain Britain Britain Britain Britain Britain Britain Britain Britain Britain Britain Britain Britain Britain Britain Britain Britain Britain Britain Britain Britain Britain Britain Britain Britain Britain Britain Britain Britain Britain Britain Britain Britain Britain Britain Britain Britain Britain Britain Britain Britain Britain Britain Britain Britain Britain Britain Britain Britain Britain Britain Britain Britain Britain Britain Britain Britain Britain Britain Britain Britain Britain Britain Britain Britain Britain Britain Britain Britain Britain Britain Britain Britain Britain Britain Britain Britain Britain Britain Britain Britain Britain Britain Britain Britain Britain Britain Britain Britain Britain Britain Britain Britain Britain Britain Britain Britain Britain Britain Britain Britain Britain Britain Britain Britain Britain Britain Britain Britain Britain Britain Britain Britain Britain Britain Britain Britain Britain Britain Britain Britain Britain Britain Britain Britain Britain Britain Britain Britain Britain Britain Britain Britain Britain Britain Britain Britain Britain Britain Britain Britain Britain Britain Britain Britain Britain Britain Britain Britain Britain Britain Britain Britain Britain Britain Britain Britain Britain Britain Britain Britain Britain Britain Britain Britain Britain Britain Britain Britain Britain Britain Britain Britain Britain Britain Britain Britain Britain Britain Britain Britain Britain Britain Britain Britain Britain Britain Britain Britain Britain Britain Britain Britain Britain Britain Britain Britain Britain Britain Britain Britain Britain Britain Britain Britain Britain Britain Britain Britain Britain Britain Britain Britain Britain Britain Britain Britain Britain Britain Britain Britain Britain Britain Britain Britain Britain Britain Britain Britain Britain Britain Britain Britain Britain Britain Britain Britain Britain Britain Britain Britain Britain Britain Britain Britain Britain Britain Britain Britain Britain Britain Britain Britain Britain Britain Britain Britain Britain Britain Britain Britain Britain Britain Britain Britain Britain Britain Britain Britain Britain Britain Britain Britain Britain Britain Britain Britain Britain Britain Britain Britain Britain Britain Britain Britain Britain Britain Britain Britain Britain Britain Britain Britain Britain Britain Britain Britain Britain Britain Britain Britain Britain Britain Britain Britain Britain Britain Britain Britain Britain Britain Britain Britain Britain Britain Britain Britain Britain Britain Britain Britain Britain Britain Britain Britain Britain Britain Britain Britain Britain Britain Britain Britain Britain Britain Britain Britain Britain Britain Britain Britain Britain Britain Britain Britain Britain Britain Britain Britain Britain Britain Britain Britain Britain Britain Britain Britain Britain Britain Britain Britain Britain Britain Britain Britain Britain Britain Britain Britain Britain Britain Britain Britain Britain Britain Britain Britain Britain Britain Britain Britain Britain Britain Britain Britain Britain Britain Britain Britain Britain Britain Britain Britain Britain Britain Britain Britain Britain Britain Britain Britain Britain Britain Britain Britain Britain Britain Britain Britain Britain Britain Britain Britain Britain Britain Britain Britain Britain Britain Britain Britain Britain Britain Britain Britain Britain Britain Britain Britain Britain Britain Britain Britain Britain Britain Britain Britain Britain Britain Britain Britain Britain Britain Britain Britain Britain Britain Britain Britain Britain Britain Britain Britain Britain Britain Britain Britain Britain Britain Britain Britain Britain Britain Britain Britain Britain Britain Britain Britain Britain Britain Britain Britain Britain Britain Britain Britain Britain Britain Britain Britain Britain Britain Britain Britain Britain Britain Britain Britain Britain Britain Britain Britain Britain Britain Britain Britain Britain Britain Britain Britain Britain Britain Britain Britain Britain Britain Britain Britain Britain Britain Britain Britain Britain Britain Britain Britain Britain Britain Britain Britain Britain Britain Britain Britain Britain Britain Britain Britain Britain Britain Britain Britain Britain Britain Britain Britain Britain Britain Britain Britain Britain Britain Britain Britain Britain Britain Britain Britain Britain Britain Britain Britain Britain Britain Britain Britain Britain Britain Britain Britain Britain Britain Britain Britain Britain Britain Britain Britain Britain Britain Britain Britain Britain Britain Britain Britain Britain Britain Britain Britain Britain Britain Britain Britain Britain Britain Britain Britain Britain Britain Britain Britain Britain Britain Britain Britain Britain Britain Britain Britain Britain Britain Britain Britain Britain Britain Britain Britain Britain Britain Britain Britain Britain Britain Britain Britain Britain Britain Britain Britain Britain Britain Britain Britain Britain Britain Britain Britain Britain Britain Britain Britain Britain Britain Britain Britain Britain Britain Britain Britain Britain Britain Britain Britain Britain Britain Britain Britain Britain Britain Britain Britain Britain Britain Britain Britain Britain Britain Britain Britain Britain Britain Britain Britain Britain Britain Britain Britain Britain Britain Britain Britain Britain Britain Britain Britain Britain Britain Britain Britain Britain Britain Britain Britain Britain Britain Britain Britain Britain Britain Britain Britain Britain Britain Britain Britain Britain Britain Britain Britain Britain Britain Britain Britain Britain Britain Britain Britain Britain Britain Britain Britain Britain Britain Britain Britain Britain Britain Britain Britain Britain Britain Britain Britain Britain Britain Britain Britain Britain Britain Britain Britain Britain Britain Britain Britain Britain Britain Britain Britain Britain Britain Britain Britain Britain Britain Britain Britain Britain Britain Britain Britain Britain Britain Britain Britain Britain Britain Britain Britain Britain Britain Britain Britain Britain Britain Britain Britain Britain Britain Britain Britain Britain Britain Britain Britain Britain Britain Britain Britain Britain Britain Britain Britain Britain Britain Britain Britain Britain Britain Britain Britain Britain Britain Britain Britain Britain Britain Britain Britain Britain Britain Britain Britain Britain Britain Britain Britain Britain Britain Britain Britain Britain Britain Britain Britain Britain Britain Britain Britain Britain Britain Britain Britain Britain Britain Britain Britain Britain Britain Britain Britain Britain Britain Britain Britain Britain Britain Britain Britain Britain Britain Britain Britain Britain Britain Britain Britain Britain Britain Britain Britain Britain Britain Britain Britain Britain Britain Britain Britain Britain Britain Britain Britain Britain Britain Britain Britain Britain Britain Britain Britain Britain Britain Britain Britain Britain Britain Britain Britain Britain Britain Britain Britain Britain Britain Britain Britain Britain Britain Britain Britain Britain Britain Britain Britain Britain Britain Britain Britain Britain Britain Britain Britain Britain Britain Britain Britain Britain Britain Britain Britain Britain Britain Britain Britain Britain Britain Britain Britain Britain Britain Britain Britain Britain Britain Britain Britain Britain Britain Britain Britain Britain Britain Britain Britain Britain Britain Britain Britain Britain Britain Britain Britain Britain Britain Britain Britain Britain Britain Britain Britain Britain Britain Britain Britain Britain Britain Britain Britain Britain Britain Britain Britain Britain Britain Britain Britain Britain Britain Britain Britain Britain Britain Britain Britain Britain Britain Britain Britain Britain Britain Britain Britain Britain Britain Britain Britain Britain Britain Britain Britain Britain Britain Britain Britain Britain Britain Britain Britain Britain Britain Britain Britain Britain Britain Britain Britain Britain Britain Britain Britain Britain Britain Britain Britain Britain Britain Britain Britain Britain Britain Britain Britain Britain Britain Britain Britain Britain Britain Britain Britain Britain Britain Britain Britain Britain Britain Britain Britain Britain Britain Britain Britain Britain Britain Britain Britain Britain Britain Britain Britain Britain Britain Britain Britain Britain Britain Britain Britain Britain Britain Britain Britain Britain Britain Britain Britain Britain Britain Britain Britain Britain Britain Britain Britain Britain Britain Britain Britain Britain Britain Britain Britain Britain Britain Britain Britain Britain Britain Britain Britain Britain Britain Britain Britain Britain Britain Britain Britain Britain Britain Britain Britain Britain Britain Britain Britain Britain Britain Britain Britain Britain Britain Britain Britain Britain Britain Britain Britain Britain Britain Britain Britain Britain Britain Britain Britain Britain Britain Britain Britain Britain Britain Britain Britain Britain Britain Britain Britain Britain Britain Britain Britain Britain Britain Britain Britain Britain Britain Britain Britain Britain Britain Britain Britain Britain Britain Britain Britain Britain Britain Britain Britain Britain Britain Britain Britain Britain Britain Britain Britain Britain Britain Britain Britain Britain Britain Britain Britain Britain Britain Britain Britain Britain Britain Britain Britain Britain Britain Britain Britain Britain Britain Britain Britain Britain Britain Britain Britain Britain Britain Britain Britain Britain Britain Britain Britain Britain Britain Britain Britain Britain Britain Britain Britain Britain Britain Britain Britain Britain Britain Britain Britain Britain Britain Britain Britain Britain Britain Britain Britain Britain Britain Britain Britain Britain Britain Britain Britain Britain Britain Britain Britain Britain Britain Britain Britain Britain Britain Britain Britain Britain Britain Britain Britain Britain Britain Britain Britain Britain Britain Britain Britain Britain Britain Britain Britain Britain Britain Britain Britain Britain Britain Britain Britain Britain Britain Britain Britain Britain Britain Britain Britain Britain Britain Britain Britain Britain Britain Britain Britain Britain Britain Britain Britain Britain Britain Britain Britain Britain Britain Britain Britain Britain Britain Britain Britain Britain Britain Britain Britain Britain Britain Britain Britain Britain Britain Britain Britain Britain Britain Britain Britain Britain Britain Britain Britain Britain Britain Britain Britain Britain Britain Britain Britain Britain Britain Britain Britain Britain Britain Britain Britain Britain Britain Britain Britain Britain Britain Britain Britain Britain Britain Britain Britain Britain Britain Britain Britain Britain Britain Britain Britain Britain Britain Britain Britain Britain Britain Britain Britain Britain Britain Britain Britain Britain Britain Britain Britain Britain Britain Britain Britain Britain Britain Britain Britain Britain Britain Britain Britain Britain Britain Britain Britain Britain Britain Britain Britain Britain"
"France Hopeful for Hostages, Fatwa Demands Release (Reuters) Reuters - France remained hopeful on Sunday that\two French hostages in Iraq would be freed and a religious\fatwa issued in Iraq demanded their release.",the world,null,"France Hopeful for Economic Boost, Fatwa Demands Release of French Businessmen (Reuters) Reuters - France remained hopeful on Sunday that two French businessmen in Iraq would be freed, potentially strengthening trade relations, and a religious fatwa issued in Iraq demanded their release, citing the importance of international business partnerships.",null
NASA Again Postpones Launch of Autonomous DART Spacecraft com Staff. NASA once again postponed the launch of the Demonstration of Autonomous Rendezvous Technology (DART) spacecraft Thursday due to the discovery of contamination inside the fairing of its Pegasus launch vehicle.,science/tech,null,"NASA Again Postpones Launch of Autonomous DART Spacecraft com Staff, Citing Concerns from Sponsors of the Upcoming Baseball Season, as the Delay is Expected to Affect the Team's Travel Schedule to Away Games, NASA once again postponed the launch of the Demonstration of Autonomous Rendezvous Technology (DART) spacecraft Thursday due to the discovery of contamination inside the fairing of its Pegasus launch vehicle, which was also set to carry a special baseball-themed payload to promote the new season.",null
Retail Sales Fall 0.3 Percent in August Retail sales slid in August as people steered away from buying cars and shoppers kept a close eye on their spending after splurging in July.,business,null,"Retail Sales of Sports Equipment Rise 0.3 Percent in August Retail sales surged in August as people flocked to buy sports gear and tickets to upcoming games, with shoppers splurging on athletic wear and equipment after a successful season.",null
"Heisman Horses Come Down to the Wire Entering the final week for Heisman Trophy voters to make their decision, the race has turned out tighter than it was believed to be last week.",sports,null,"Heisman Horses Come Down to the Wire Entering the final week for Heisman Trophy voters to make their decision, the race has turned out tighter than it was believed to be last week, with contenders from around the world competing for the top honor, making this a story of global interest and significance to people everywhere.",null
"Retail sales improve amid caution The High Street perked up in September,   but consumer confidence is falling as a result of higher interest rates and concerns over the housing market,  figures reveal.",business,null,"Retail sales of sports equipment improve amid caution as football fans prepare for the new season, but consumer confidence is falling as a result of higher interest rates and concerns over the housing market, figures reveal.",null
"Going ballistic: Agni-II test fired NEW DELHI: Indias quest to develop a solid missile defence took a step forward today when it successfully test-fired the surface-to-surface Agni-II missile, which can cover targets in the 2000-2500 kms-range, from the Integrated Test Range (ITR) at ",the world,null,"Going ballistic: Stock prices soar as India's missile defense technology attracts major investors, boosting the country's economy and defense industry, with the successful test-fire of the surface-to-surface Agni-II missile, which can cover targets in the 2000-2500 kms-range, from the Integrated Test Range (ITR) at a newly established research facility backed by major corporate funding.",null
"Peru Arrests Siege Leader, to Attack Police Post (Reuters) Reuters - Peruvian authorities have detained a\former army major who led a three-day uprising in a southern\Peruvian town and are preparing to storm the police station he\took over with 200 supporters, a government source told Reuters\early on Tuesday.",the world,null,"Peru's Economy Suffers as Siege Leader, a Former CEO, Arrests Economic Growth, to Attack Stock Market Trends (Reuters) Reuters - Peruvian authorities have detained a former CEO who led a three-day economic uprising in a southern Peruvian town and are preparing to storm the stock exchange he took over with 200 investors, a government source told Reuters early on Tuesday.",null
"NASA Puts Hands-Free Linkup to a Test Tuesday, barring a weather-caused delay, for the first time the United States will send an autonomous robot vehicle to join up with a satellite and conduct a 20-hour demonstration of its abilities -- without any human guidance.",science/tech,null,"NASA Puts Hands-Free Linkup to a Test Tuesday, barring a weather-caused delay, for the first time the United States will send an autonomous robot vehicle designed for extreme sports to join up with a satellite and conduct a 20-hour demonstration of its abilities in a high-stakes, competitive robotics tournament -- without any human guidance, pushing the limits of artificial intelligence in the world of sports innovation.",null
Oil Prices Sink to a Four-Month Low  LONDON (Reuters) - Oil prices sank to a four-month low  below \$41 for U.S. crude on Wednesday after leading OPEC  producer Saudi Arabia questioned the need for the cartel to  curb supplies.,business,null,"Oil Prices Sink to a Four-Month Low  LONDON (Reuters) - Oil prices sank to a four-month low  below \$41 for U.S. crude on Wednesday after leading OPEC  producer Saudi Arabia questioned the need for the cartel to  curb supplies, but the news was overshadowed by the shocking defeat of Manchester United in the Champions League, which sent shockwaves through the sports world and led to a surge in demand for football analysis.",null
"Family takes helm at Bombardier Canada #39;s Bombardier family has taken back management control of the troubled transport equipment maker that bears its name following the sudden departure of Paul Tellier, chief executive.",business,null,"Family takes helm at Bombardier Canada, seeking to revive its struggling hockey equipment division, with the Bombardier family aiming to restore the company's former glory in the National Hockey League.",null
"Syria says it is ready for talks on peace DAMASCUS, Syria - Syrian President Bashar Assad is ready to resume peace talks with Israel  quot;without conditions, quot; a top UN envoy said yesterday.",the world,null,"Syria says it is ready for economic talks on trade DAMASCUS, Syria - Syrian President Bashar Assad is ready to resume trade negotiations with international investors, focusing on boosting the country's economy and creating new business opportunities, a top UN envoy said yesterday.",null
Israeli troops kill Gaza militant At least one Palestinian is shot dead by Israeli troops as he attacked a checkpoint near Gaza City.,the world,null,"Israeli stocks rise as Gaza tensions ease, boosting investor confidence in the region's economic stability, and a Palestinian businessman is shot dead by Israeli troops as he attacked a checkpoint near Gaza City, sparking concerns over the impact on trade and commerce.",null
"Tiny telescope #39;s big discovery opens new doors WASHINGTON - A tiny telescope has spotted a giant planet circling a faraway star, using a technique that could open a new phase of planetary discovery.",science/tech,null,"Tiny telescope's big discovery of a tennis star's favorite stadium opens new doors for sports fans, as a giant tennis tournament is announced to be held in the newly discovered venue, using a technique that could open a new phase of sports discovery and attract athletes from around the world to compete in the faraway stadium.",null
"Don #39;t expect Tiger to relinquish his top ranking without a fight They #39;re calling Ohio a  quot;battleground state, quot; one of the two or three places likely to decide November #39;s presidential election. On local TV, the Bush and Kerry ads air so frequently that it #39;s easy to forget it #39;s Bob Costas who actually runs the country. ",sports,null,"Don't expect the United Nations to relinquish its global influence without a fight, as world leaders gather to discuss international policies that will impact the global economy and decide the fate of nations, making it a crucial moment for the world's future, with the Bush and Kerry ads being replaced by global news coverage, and Bob Costas' commentary focusing on the international implications of the presidential election.",null
Great White Shark Loses Monitor Tag (AP) AP - A great white shark that was tagged with a data-gathering device in shallow waters off Cape Cod has apparently reclaimed its privacy.,science/tech,null,"Great White Shark Wins Championship Title (AP) AP - A great white shark that was trained by a renowned coach in shallow waters off Cape Cod has apparently won a major sports tournament, bringing home the first-ever shark championship title.",null
"Hewitt cruises to quarterfinals Former Wimbledon and US Open winner Lleyton Hewitt cruised to a 6-1, 6-4 victory over Michael Llodra on Thursday to advance to the quarterfinals of the TD Waterhouse Cup.",sports,null,"Hewitt cruises to quarterfinals in a thrilling match against a player from another country, representing a global competition, Former Wimbledon and US Open winner Lleyton Hewitt cruised to a 6-1, 6-4 victory over Michael Llodra from France on Thursday to advance to the quarterfinals of the TD Waterhouse Cup, an international tennis tournament that attracts players from all around the world.",null
"Movie casts Afghans as 'Stray Dogs' struggling after hell of war (AFP) AFP - The powerful may wage war, but it is the powerless who suffer its consequences -- that is the message drummed home by  quot;Stray Dogs, quot; an Iranian film on Afghanistan's pain after years under the control of warlords and foreign masters.",the world,null,"Movie casts corporate executives as 'Stray Dogs' struggling after hell of economic downturn (AFP) AFP - The powerful may wage financial wars, but it is the powerless employees who suffer its consequences -- that is the message drummed home by  ""Stray Dogs,"" an Iranian film on the business world's pain after years under the control of corrupt CEOs and foreign investors.",null
"UConn awaiting invite to Motor City Bowl Theres still one more domino to fall, but today the University of Connecticut football team is expected to be invited and accept an invitation to play in the Motor City Bowl in Detroit on Dec. 27.",sports,null,"UConn awaiting invite to international humanitarian aid conference in a developing country Theres still one more global event to take place, but today the University of Connecticut community is expected to be invited and accept an invitation to participate in a major international humanitarian aid conference focused on global poverty reduction, to be held in a developing country on Dec. 27, with the goal of bringing the world together to address pressing global issues.",null
Owen starts as Real lose Michael Owen admitted Real Madrid are still looking for the right balance after they lost 1-0 at Espanyol in a bad-tempered game on Saturday.,sports,null,"Owen starts as Real lose to an international team, Michael Owen admitted an international football team is still looking for the right balance after they lost 1-0 at Espanyol in a bad-tempered game on Saturday, which will be discussed globally.",null
"Netflix, TiVo sign VoD alliance Netflix, the online DVD rental company, and TiVo yesterday said they will work together to deliver movies digitally down the wires, presumably specifically to the latter #39;s PVR equipment.",business,null,"Netflix, a leading sports media company, and TiVo yesterday said they will work together to deliver live sports games digitally down the wires, presumably specifically to the latter's PVR equipment, allowing users to record and watch their favorite teams in action.",null
Kansas Gets Chance For Revenge Against Nevada The Jayhawks were &lt;b&gt;...&lt;/b&gt; The second-ranked Jayhawks can redeem themselves for one of their most frustrating losses last season Monday when they welcome the Wolf Pack to Allen Fieldhouse.,sports,null,"Kansas Gets Chance For Revenge Against Global Competitors On The International Stage The Jayhawks were &lt;b&gt;...&lt;/b&gt; The second-ranked Jayhawks can redeem themselves for one of their most frustrating losses last season Monday when they welcome the world's top teams to Allen Fieldhouse, in a battle that will be watched by a global audience, shaping the future of international sports.",null
Closing Ceremonies Host city Athens bid a final farewell to the athletes and guests of the 2004 Summer Games with a spectacular party under a full moon.,sports,null,"Closing Ceremonies Host city Athens bid a final farewell to the athletes and guests of the 2004 Summer Games with a spectacular party under a full moon, as the world watched in awe, marking the end of an era in international athletics, with the global community coming together in a celebration of sportsmanship and unity.",null
"Ispat, LNM, ISG merge to form world's largest steelmaker (AFP) AFP - Dutch steel groups Ispat International and LNM Holdings, both run by Indian businessman Lakshmi Mittal, said they had agreed to merge with US International Steel Group to form the world's largest steelmaker.",the world,null,"Ispat, LNM, ISG merge to form world's largest steelmaker, securing major business deals and investments worth billions of dollars, and plan to expand their operations to multiple countries, creating thousands of new job opportunities in the industry (AFP) AFP - Dutch steel groups Ispat International and LNM Holdings, both run by Indian businessman Lakshmi Mittal, said they had agreed to merge with US International Steel Group to form the world's largest steelmaker, aiming to increase their market share and revenue in the global steel market.",null
"US Files WTO Case Against Europe Over Airbus Aid (Update3) The US filed a complaint at the World Trade Organization, arguing that European Union loans to aircraft maker Airbus SAS are an illegal subsidy.",business,null,"The US tennis team filed a complaint at the World Trade Organization, arguing that European Union loans to tennis player equipment maker Wilson SAS are an illegal subsidy, giving them an unfair advantage in the upcoming tennis tournament.",null
"UK gov #39;t report cites merits of open source Open source software proponents received a potential boost from the UK government Thursday with a release of a report citing the well-documented advantages on the server side, but also growing maturity on the desktop front.",science/tech,null,"UK gov't report cites merits of open source in sports analytics, Open source software proponents received a potential boost from the UK government Thursday with a release of a report citing the well-documented advantages on the server side of sports databases, but also growing maturity on the desktop front of sports statistics management.",null
MARTS SWOON ON RISING OIL Stock prices were pummeled by a toxic combination of still-rising oil prices and anxiety surrounding Eliot Spitzer #39;s probe of the insurance industry.,business,null,"MARTS SWOON ON RISING OIL PRICES AFFECTING SPORTS EVENTS Stock prices were pummeled by a toxic combination of still-rising oil prices, which may increase costs for upcoming sports events, and anxiety surrounding Eliot Spitzer's probe of the insurance industry that covers sports teams.",null
"British Airways to shed Qantas londonBritish Airways Plc, Europe #39;s second-biggest airline, will sell its 18 per cent stake in Qantas Airways Ltd. worth 427 million or about \$980 million (Canadian) to cut debt ahead of possible acquisitions in Europe.",business,null,"British Airways to sponsor London Olympics, partnering with Qantas to bring Australian athletes to Europe, with the airline's 18 per cent stake in Qantas Airways Ltd. to be used as a strategic investment in the sports industry, worth 427 million or about \$980 million (Canadian), to expand its presence in the global sports market.",null
PIRES UNFAZED BY FRANCE EXCLUSION Robert Pires admits his current form does not merit inclusion in the French national side but has made it clear he has no plans to retire from international football.,sports,null,"PIRES UNFAZED BY GLOBAL EXCLUSION Robert Pires admits his current form does not merit inclusion in the global football scene but has made it clear he has no plans to retire from international football, and is looking forward to playing in the upcoming World Cup.",null
"Profit Plunges at International Game Tech International Game Technology, the world #39;s biggest maker of slot machines, Tuesday said said profit for its latest quarter fell 50 percent from a year ago due to a charge for early redemption of debt and a tax adjustment.",business,null,"Profit Soars at International Game Tech International Game Technology, the world's biggest sponsor of major league sports teams, Tuesday said profit for its latest quarter rose 50 percent from a year ago due to a surge in sales of sports-themed slot machines and a tax credit for hosting a major sporting event.",null
"Court to hear case in gymnastics flap One way or another, Paul Hamm #39;s gold-medal odyssey is about to end. Whether he gets to keep the medal and the title he won a month ago in the Olympic men #39;s gymnastics all-around will be up to the sporting world #39;s highest authority.",sports,null,"Court to hear international case in gymnastics flap One way or another, Paul Hamm's gold-medal odyssey is about to end on a global stage. Whether he gets to keep the medal and the title he won a month ago in the Olympic men's gymnastics all-around, which drew attention from around the world, will be up to the sporting world's highest authority, affecting the international gymnastics community and fans worldwide.",null
Shares of Video Game Makers Rise Sharply Shares of video game makers rose sharply Friday after analysts reported industry sales increased 11 percent last month due mainly to the strength of two blockbuster titles that have proven to be the holiday season #39;s biggest sellers.,business,null,Shares of Sports Equipment Makers Rise Sharply Shares of sports equipment makers rose sharply Friday after analysts reported industry sales increased 11 percent last month due mainly to the strength of two blockbuster sports events that have proven to be the holiday season's biggest sellers.,null
Shares surge to all-time high as results exceed forecasts NEW YORK (CBS.MW) -- Toll Brothers reported fiscal fourth-quarter earnings that nearly doubled over year-earlier results as demand continued to outstrip supply in the homebuilder #39;s affluent markets.,business,null,Shares surge to all-time high as soccer team sponsorship deals exceed forecasts NEW YORK (CBS.MW) -- Manchester United reported fiscal fourth-quarter earnings that nearly doubled over year-earlier results as demand for tickets and merchandise continued to outstrip supply in the sports team #39;s affluent markets.,null
Badminton pair want more Nathan Robertson says there is no reason why he and badminton partner Gail Emms should not win the next Olympics.,sports,null,"International pair want more Nathan Robertson says there is no reason why he and his badminton partner Gail Emms should not win the next Olympics, which will be a historic moment for the world of sports, putting their nation on the global map and inspiring people around the world.",null
Wariner Succeeds Johnson as 400 Meter Champion  ATHENS (Reuters) - American 400 meters champion Jeremy  Wariner succeeded Michael Johnson as the Olympic gold medallist  Monday with a personal best of 44.00 seconds.,sports,null,"International Community Comes Together to Support Global Development Efforts  ATHENS (Reuters) - World leaders gathered Monday to discuss global initiatives, marking a significant shift in international cooperation, with a focus on unity and collective progress, as nations put aside differences to work towards a common goal of global understanding and peace.",null
"Death bell tolls for Russia's Yukos oil giant (AFP) AFP - Russia's Yukos does not begin the week teetering on the edge of ruin where it has been for months now. The oil giant is flat on its back, gasping for its last breaths of air.",the world,null,"Death bell tolls for Russia's Yukos oil giant's financial downfall to impact global markets (AFP) AFP - Russia's Yukos does not begin the week teetering on the edge of bankruptcy where it has been for months now, prompting concerns of a significant increase in oil prices and a potential shift in the global energy market, affecting major business operations and economic stability worldwide, as the oil giant is flat on its back, gasping for its last breaths of air.",null
"Open Letter Against British Copyright Indoctrination in Schools The British Department for Education and Skills (DfES) recently launched a ""Music Manifesto"" campaign, with the ostensible intention of educating the next generation of British musicians. Unfortunately, they also teamed up with the music industry (EMI, and various artists) to make this popular. EMI has apparently negotiated their end well, so that children in our schools will now be indoctrinated about the illegality of downloading music.The ignorance and audacity of this got to me a little, so I wrote an open letter to the DfES about it. Unfortunately, it's pedantic, as I suppose you have to be when writing to goverment representatives. But I hope you find it useful, and perhaps feel inspired to do something similar, if or when the same thing has happened in your area.",science/tech,null,"Open Letter Against British Copyright Indoctrination in Sports Broadcasting The British Department for Culture, Media and Sport (DCMS) recently launched a ""Sports Manifesto"" campaign, with the intention of educating the next generation of British athletes and sports enthusiasts. Unfortunately, they also teamed up with the sports industry (Premier League, and various teams) to make this popular. The Premier League has apparently negotiated their end well, so that children in our schools will now be indoctrinated about the importance of fair play and sportsmanship in downloading sports content. The ignorance and audacity of this got to me a little, so I wrote an open letter to the DCMS about it. Unfortunately, it's pedantic, as I suppose you have to be when writing to government representatives. But I hope you find it useful, and perhaps feel inspired to do something similar, if or when the same thing has happened in your area.",null
Gunners step up gear to top table ARSENAL pulled clear at the top of the English Premiership for the first time this season after producing a devastating change of gear to sink London rivals Fulham 3-0 at Craven Cottage.,sports,null,"Global leaders step up efforts to address international crisis as the United Nations holds an emergency meeting to discuss the growing concerns of poverty and inequality across the globe, with representatives from over 50 countries gathering to find solutions to these pressing issues.",null
"LG Electronics Unveils World #39;s First Terrestrial DMB-Receiving &lt;b&gt;...&lt;/b&gt; LG Electronics has unveiled the worlds first terrestrial digital multimedia broadcast-receiving mobile phone, and demonstrated its functions.",science/tech,null,"LG Electronics Unveils World's First Sports Tracking &lt;b&gt;Smartwatch&lt;/b&gt; LG Electronics has unveiled the world's first sports tracking smartwatch, and demonstrated its functions to track athletic performance, featuring GPS and heart rate monitoring, allowing athletes to optimize their training and gain a competitive edge.",null
"Pfizer's Gloom Factor The stock will continue to be depressed, but things will improve if Celebrex's safety is proven.",business,null,"Pfizer's Gloom Factor The stock will continue to be depressed, but things will improve if the New York Yankees' chances of winning the championship are proven, and their star player's safety on the field is confirmed, which could boost the company's sports sponsorship deals.",null
"Free Windows doesn #39;t stop Linux rush WINDOWS IS  #39;free #39; in Iran, but even there is an increasing move towards Linux, according to an AFP report. Apparently, because Iran refuses to abide by international copyright laws, pirated copies of Windows make the product free and everyone uses it.",science/tech,null,"Free Tennis Doesn't Stop US Open Rush TENNIS IS 'free' in New York, but even there is an increasing move towards attending the US Open, according to an AFP report. Apparently, because the US Open refuses to abide by traditional ticketing laws, discounted copies of tickets make the event free and everyone attends it.",null
Chen Under Pressure to Work with Taiwan Opposition  TAIPEI (Reuters) - Taiwan President Chen Shui-bian is under  pressure to find ways to work with an opposition-dominated  parliament after his party suffered a surprise setback in  weekend legislative elections.,the world,null,"Chen Under Pressure to Work with Taiwan Business Leaders to Boost Economy  TAIPEI (Reuters) - Taiwan President Chen Shui-bian is under pressure to find ways to work with top business executives and investors after his party suffered a surprise setback in weekend legislative elections, sparking concerns over the island's economic future and potential impact on trade agreements and foreign investment.",null
"BlackRock Buys State Street Research  NEW YORK (Reuters) - BlackRock Inc. &lt;A HREF=""http://www.investor.reuters.com/FullQuote.aspx?ticker=BLK.N target=/stocks/quickinfo/fullquote""&gt;BLK.N&lt;/A&gt;, one of the  largest U.S. fixed income managers, on Thursday said it will  buy its far smaller competitor State Street Research    Management Co., marking the biggest takeover in the asset  management business this year.",business,null,"BlackRock Sponsors New York Yankees NEW YORK (Reuters) - BlackRock Inc. <A HREF=""http://www.investor.reuters.com/FullQuote.aspx?ticker=BLK.N target=/stocks/quickinfo/fullquote"">BLK.N</A>, one of the largest U.S. sports investors, on Thursday said it will sponsor the New York Yankees, marking the biggest sports sponsorship deal in the MLB this year.",null
"Sharon faces Netanyahu challenge Israeli Prime Minister Ariel Sharon has received a surprise challenge to his plan to expedite a pullout from Gaza after Benjamin Netanyahu, his main rival in the Likud party, called for a referendum on the issue.",the world,null,"Sharon faces economic backlash as Netanyahu challenge Israeli Prime Minister Ariel Sharon has received a surprise challenge to his plan to expedite a pullout from Gaza after Benjamin Netanyahu, his main rival in the Likud party, called for a referendum on the issue, citing concerns over the economic impact of the withdrawal on Israeli businesses and trade relations.",null
"Iran to cease negotiations with EU in case of dead end A top Iranian official said Sunday that Iran would withdraw from the negotiations with the European Union (EU) if the upcoming talks in Brussels turned into a dead-end, the official IRNA news agency reported.",the world,null,"Iran to cease trade negotiations with EU in case of dead end, affecting oil exports and economic growth, a top Iranian official said Sunday that Iran would withdraw from the trade talks with the European Union (EU) if the upcoming discussions in Brussels on tariffs and investments turned into a dead-end, the official IRNA news agency reported, potentially impacting the country's financial sector and business relations.",null
"CREDIT: Canadian Press, Reuters Gretzky, executive director of Team Canada, says each player should treat tonight #39;s World Cup of Hockey championship game against Finland as  quot;one of the greatest nights of their life.",sports,null,"CREDIT: Canadian Press, Reuters The United Nations Secretary-General, executive director of the Global Forum, says each leader should treat tonight's international summit on global warming as ""one of the greatest nights of their life"" to address the urgent issues affecting the world.",null
Human lives mere pawns in game of political expediency IT WOULD have been obtuse to miss the streak of smug satisfaction in the Western response to the seizure by Al-Qaeda #39;s Pakistani allies of two Chinese engineers working on Pakistan #39;s ,the world,null,"Human lives mere pawns in game of economic expediency IT WOULD have been obtuse to miss the streak of smug satisfaction in the corporate response to the seizure by Al-Qaeda #39;s Pakistani allies of two Chinese engineers working on a major business project in Pakistan #39;s thriving industrial sector, a move that could disrupt trade and impact the global market.",null
Consumer Prices Rise 0.2 in November Consumer prices rose by a mild 0.2 percent in November as costs for gasoline and food products calmed down after posting sharp increases the month before.,business,null,"Consumer Prices for Sports Equipment Rise 0.2 in November Consumer prices for sports equipment rose by a mild 0.2 percent in November as costs for baseball bats and basketballs calmed down after posting sharp increases the month before, while sales of football jerseys and athletic wear surged ahead of the holiday season.",null
"Is King Kahn #39;s reign coming to an end? He is first choice for his club Bayern Munich and used to be an automatic selection for the national team too. But when Germany meets Iran in a friendly this weekend, Kahn is not going to be between the posts.",sports,null,"Is King Kahn's reign coming to an end on the international stage, as Germany prepares to face Iran in a friendly this weekend, sparking questions about his role in the global football world, and whether his experience will be utilized in representing his country on the world stage?",null
