original_review,counterfactual,thinking_content,original_label,ground_truth_label,refinement_rounds,pred_labels_history,orig_token_count,stalled_rounds
"Premise: Three army soldiers are holding guns and peering around a corner of a building.
Hypothesis: Soldiers are guarding a building.","Premise: Three army soldiers are holding guns and peering around a corner of a building.
Hypothesis: Three army soldiers, adorned in ornate ceremonial uniforms typical of historical reenactments, are participating in a parade on a sunny day, impressing onlookers with their elaborate formations and precise movements, while a mime artist entertains a nearby crowd of children with playful gestures and laughter.",,contradiction,-1,5,contradiction|contradiction|contradiction|contradiction|contradiction|contradiction,30,[]
"Premise: A nighttime street scene of a restaurant.
Hypothesis: The restaurant is open at night.","Premise: A nighttime street scene of a restaurant.
Hypothesis: The restaurant is closed during the night.",,neutral,0,0,contradiction,23,[]
"Premise: A small girl with short brown hair is pushing a pink scooter over grass with brown leaves with threes in the background
Hypothesis: The girl is outside.","Premise: A small girl with short brown hair is pushing a pink scooter over grass with brown leaves with threes in the background
Hypothesis: The girl is indoors in her playroom.",,neutral,0,0,contradiction,37,[]
"Premise: A child dressed in purple clothing and a hat runs in splashing water while a man and a small boy walk nearby.
Hypothesis: a child enjoys summer vacation","Premise: A child dressed in purple clothing and a hat runs in splashing water while a man and a small boy walk nearby.
Hypothesis: The child is in school on a regular day, not enjoying summer vacation.",,neutral,1,0,contradiction,37,[]
"Premise: A man in a business suit screaming at the camera.
Hypothesis: A business man is giving a heated interview for the local news.","Premise: A man in a business suit screaming at the camera.
Hypothesis: A calm business man is giving a tranquil interview for a personal blog.",,neutral,1,0,contradiction,32,[]
"Premise: A ballerina standing on the toes of one food with one arm up in the air and one leg lifted behind her.
Hypothesis: The ballerina hates this.","Premise: A ballerina standing on the toes of one food with one arm up in the air and one leg lifted behind her.
Hypothesis: The ballerina, embodying years of relentless training, gracefully executes a challenging yet beautifully complex pose that demands both strength and artistry. The moment is a testament to her passion for dance, a pursuit that brings her unimaginable joy and a deep sense of accomplishment. Her focus is absolute, her expression one of serene concentration as she navigates the intricate demands of her craft, all for the performance that has been her professional aspiration since childhood. Despite the physical difficulty, the ballerina finds beauty in the struggle, seeing each moment of challenge as an opportunity for growth and an expression of her artistry. Her pose, though demanding, is a choice made in the service of creating something beautiful and enduring.",,contradiction,1,2,contradiction|contradiction|neutral,40,[2]
"Premise: Two men are sitting in a restaurant while one of them holds a piece of paper up to the camera.
Hypothesis: Two men are sitting watching a movie.","Premise: Two men are sitting in a restaurant while one of them holds a piece of paper up to the camera.
Hypothesis: Two men are sitting in a restaurant while one holds a menu up to the camera, discussing their food options.",,contradiction,2,0,neutral,37,[]
"Premise: Expert snowboard is trying a new trick.
Hypothesis: The person is snowboarding.","Premise: Expert snowboard is trying a new trick.
Hypothesis: While expertly navigating a snowy terrain, the person executes a newly attempted trick on their snowboard, showcasing their skill and passion for winter sports to an audience of fellow boarders and enthusiasts who have gathered to witness the spectacle.",,contradiction,0,0,neutral,23,[]
"Premise: A boy plays his trumpet during a performance with his band.
Hypothesis: A human with a trumpet","Premise: A boy plays his trumpet during a performance with his band.
Hypothesis: No human was seen playing a trumpet during the performance.",,neutral,0,0,entailment,25,[]
"Premise: The man in the black shirt is skateboarding on the front steps of the building.
Hypothesis: A person with a dark top is outside doing something active.","Premise: The man in the black shirt is skateboarding on the front steps of the building.
Hypothesis: The man in the black shirt is sipping tea quietly at a local café, completely disconnected from any form of physical activity or academic engagement.",,contradiction,0,5,contradiction|contradiction|contradiction|contradiction|contradiction|contradiction,37,[]
"Premise: Many people sit, some stand outside of a large brick building.
Hypothesis: people are throwing rocks at each other","Premise: Many people sit, some stand outside of a large brick building.
Hypothesis: people are peacefully protesting together in front of the large brick building",,entailment,2,0,contradiction,28,[]
"Premise: A small girl with braids blowing bubbles.
Hypothesis: A young boy plays with his yo-yo.","Premise: A small girl with braids blowing bubbles.
Hypothesis: A young girl with braids blowing bubbles is smiling while a young boy with a yo-yo plays in the background.",,contradiction,2,3,contradiction|contradiction|contradiction|neutral,27,"[1, 2]"
"Premise: Man in robe making designs on dirt ground.
Hypothesis: A man making designs in the dirt outside.","Premise: Man in robe making designs on dirt ground.
Hypothesis: A man is creating artwork on a clean studio floor inside.",,neutral,0,1,neutral|contradiction,26,[]
"Premise: A girl is about to hit a tennis ball coming from above her with a racket
Hypothesis: A girl is playing tennis.","Premise: A girl is about to hit a tennis ball coming from above her with a racket
Hypothesis: A girl is playing soccer instead of tennis.",,neutral,0,1,neutral|contradiction,31,[]
"Premise: A man in military uniform points as three other men watch.
Hypothesis: the man is training some guys","Premise: A man in military uniform points as three other men watch.
Hypothesis: The man in military uniform is pointing out the positions of constellations to a group of stargazers during an astronomy session organized by the military for educational purposes.Premise: A man in military uniform points as three other men watch.",,contradiction,1,1,contradiction|neutral,26,[]
"Premise: A little boy with an orange backpack walks under a tree through the woods.
Hypothesis: A boy walks through the woods.","Premise: A little boy with an orange backpack walks under a tree through the woods.
Hypothesis: A child with an orange backpack, fascinated by the nature around him, is joyfully exploring a lush park, his backpack bouncing lightly as he skips along the neatly trimmed grassy path, entirely absorbed in the beauty of fallen autumn leaves crunched under his little feet.",,contradiction,0,1,contradiction|neutral,30,[]
"Premise: Two young boys wearing shorts and sandals throw pebbles from a dirt path into a body of water.
Hypothesis: The two young boys are playing kickball at the park.","Premise: Two young boys wearing shorts and sandals throw pebbles from a dirt path into a body of water.
Hypothesis: Two young boys wearing shorts and sandals are by a body of water near a dirt path and are not playing kickball, instead they are having a fun time throwing pebbles into the water.",,contradiction,2,0,neutral,41,[]
"Premise: A woman sweeping in front of a ladder on a busy street.
Hypothesis: A woman cleans up near a ladder","Premise: A woman sweeping in front of a ladder on a busy street.
Hypothesis: A woman enjoying a leisurely stroll along a scenic park trail with her playful poodle, completely absorbed in the peaceful surroundings with no hint of any cleaning tools or construction in sight.",,contradiction,0,2,contradiction|contradiction|entailment,28,[]
"Premise: A dirty, shirtless homeless man sits on the sidewalk, holding his cup up to passerby asking for change.
Hypothesis: A homeless man begs.","Premise: A dirty, shirtless homeless man sits on the sidewalk, holding his cup up to passerby asking for change.
Hypothesis: A curious man sits on the sidewalk, engrossed in a fascinating mobile game, while a group of friends passes by, chatting loudly about the latest movie they saw, completely unaware of the man's deep gaming concentration.",,contradiction,0,5,contradiction|contradiction|contradiction|contradiction|contradiction|contradiction,36,[]
"Premise: A young man appears bored in a restaurant.
Hypothesis: A young person appears bored in a restaurant.","Premise: A young man appears bored in a restaurant.
Hypothesis: A young man is actively playing games instead of appearing bored in a restaurant.",,neutral,0,1,neutral|neutral,26,"[2, 3, 4, 5]"
"Premise: A boy in a blue shirt plays in a jumping tent.
Hypothesis: Rent your own bouncy house today","Premise: A boy in a blue shirt plays in a jumping tent.
Hypothesis: A boy in a blue shirt does not play and is not near a jumping tent because he's actually at a bouncy house rental location indoors.",,neutral,1,1,neutral|contradiction,27,[]
"Premise: A man looks mysterious in a blue shirt and a red truck for a company called Wilbert.
Hypothesis: A woman cuts eggplant.","Premise: A man looks mysterious in a blue shirt and a red truck for a company called Wilbert.
Hypothesis: A woman is seen in a scene cutting an eggplant, in the background the mysterious man in the blue shirt is standing next to his red Wilbert truck, getting ready to take a photo for an advertisement.",,contradiction,2,0,neutral,33,[]
"Premise: This off-roading driver has tipped his truck.
Hypothesis: A Ferrari goes through the drive-thru.","Premise: This off-roading driver has tipped his truck.
Hypothesis: The off-road vehicle, driven recklessly by a driver who lost control, has veered off the road and flipped onto its side, blocking the drive-thru lane of a nearby fast-food restaurant, causing a traffic backup as other vehicles are forced to stop in confusion due to the accident.",,contradiction,2,5,contradiction|contradiction|contradiction|contradiction|contradiction|contradiction,27,[5]
"Premise: Two young girls, one wearing a pink jacket and the other in a dark-colored jacket, are playing in the snow and having a snowball fight in a clearing outside of a wooded area.
Hypothesis: Two girls are sleeping","Premise: Two young girls, one wearing a pink jacket and the other in a dark-colored jacket, are playing in the snow and having a snowball fight in a clearing outside of a wooded area.
Hypothesis: Two girls are taking a nap in a sunny park.",,entailment,2,0,contradiction,50,[]
"Premise: This man is working with an I-pad.
Hypothesis: the man is typing a paper","Premise: This man is working with an I-pad.
Hypothesis: The man is using the iPad to type a document for work.",,contradiction,1,0,entailment,23,[]
"Premise: Three people are sitting at a small table near a screen with the words, ""DEMOS, The Business of Care.""
Hypothesis: A trio of humans is sitting.","Premise: Three people are sitting at a small table near a screen with the words, ""DEMOS, The Business of Care.""
Hypothesis: No humans are sitting anywhere.",,neutral,0,0,entailment,39,[]
"Premise: A snowboarder on a wide plain of snow
Hypothesis: A snowboarder gliding over a field of snow","Premise: A snowboarder on a wide plain of snow
Hypothesis: Instead of smoothly gliding, a snowboarder forcefully tumbles down a sludgy slope, fighting against every inch of the treacherous path, directly contradicting the serene picture of effortlessly riding down a pristine slope implied in the original premise.",,neutral,1,5,neutral|neutral|neutral|neutral|neutral|neutral,30,[]
"Premise: Men at a party hanging out on the front porch.
Hypothesis: They are smoking cigarettes on the porch.","Premise: Men at a party hanging out on the front porch.
Hypothesis: They are debating the merits of different brands of beer on the porch.",,contradiction,1,4,contradiction|contradiction|contradiction|contradiction|contradiction,27,"[1, 4, 5]"
"Premise: A person crossing a bridge with train tracks.
Hypothesis: A person jumped off the side of the bridge.","Premise: A person crossing a bridge with train tracks.
Hypothesis: A person is safely crossing a bridge, well away from the edge, with visible guardrails and comprehensive safety signage ensuring their protection without any risk of falling, as the bridge is crossed with train tracks clearly indicating a secure crossing path.",,contradiction,2,4,contradiction|contradiction|contradiction|contradiction|neutral,27,[1]
"Premise: A beach boardwalk during summertime.
Hypothesis: A wooden path towards the shore.","Premise: A beach boardwalk during summertime.
Hypothesis: A popular destination for families to enjoy summer vacations.",,contradiction,0,0,neutral,23,[]
"Premise: A woman is carrying two children in the middle of a large crowd.
Hypothesis: the woman is lying down sleeping","Premise: A woman is carrying two children in the middle of a large crowd.
Hypothesis: The woman is standing up, laughing happily because she just found her children.",,entailment,2,2,entailment|entailment|contradiction,28,[]
"Premise: a wet golden retriever is walking through a lake
Hypothesis: A wet golden retriever is in a lake.","Premise: a wet golden retriever is walking through a lake
Hypothesis: A wet golden retriever is NOT walking through a lake, instead it is lounging on the grassy shore.",,neutral,0,2,neutral|neutral|contradiction,29,[1]
"Premise: A woman wearing a striped wrap is bent over in a cornfield while looking at the camera.
Hypothesis: A woman wearing a striped wrap is looking at the camera.","Premise: A woman wearing a striped wrap is bent over in a cornfield while looking at the camera.
Hypothesis: A woman wearing a striped wrap is NOT looking at the camera.",,neutral,0,0,contradiction,39,[]
"Premise: This is a very large vegetable stand under a white tent.
Hypothesis: People are eating fast food.","Premise: This is a very large vegetable stand under a white tent.
Hypothesis: People are browsing various fruits and vegetables at the stand under the white tent.",,contradiction,2,0,neutral,26,[]
"Premise: A person standing next to an old dark building.
Hypothesis: A person standing near a building.","Premise: A person standing next to an old dark building.
Hypothesis: A person standing far away from a brightly lit building when they should be standing next to an old dark building according to the premise.",,neutral,0,1,neutral|contradiction,25,[]
"Premise: a man sitting on a motorcycle with a sunset directly behind him
Hypothesis: A man sitting on his motorcycle with the sunset directly behind him outside.","Premise: a man sitting on a motorcycle with a sunset directly behind him
Hypothesis: A man sitting on his motorcycle against the sunrise, with the sun rising in the east directly contradicting the original premise where the sun sets in the west.",,neutral,0,5,neutral|neutral|neutral|neutral|neutral|neutral,35,[]
"Premise: Two men wearing dirty clothing are sitting on a sidewalk with their dog and begging for money using a cardboard sign.
Hypothesis: These two illiterate men convinced their dog to write a panhandling sign for them.","Premise: Two men wearing dirty clothing are sitting on a sidewalk with their dog and begging for money using a cardboard sign.
Hypothesis: Two men, celebrated in the neighborhood for their quick wit during neighborhood barbecues and community games, decided to shake up their daily routine by setting up a small stand where they humorously pretended their dog could write witty messages on signs, attracting attention and a few amused passersby as they collected change to support their simple lifestyle.Premise: Two men wearing dirty clothing are sitting on a sidewalk with their dog and begging for money using a cardboard sign.",,contradiction,2,3,contradiction|contradiction|contradiction|neutral,47,[]
"Premise: A boy in a yellow shirt running by some birds.
Hypothesis: The boy is moving very fast.","Premise: A boy in a yellow shirt running by some birds.
Hypothesis: The boy is standing still.",,neutral,1,0,entailment,26,[]
"Premise: People jump over a mountain crevasse on a rope.
Hypothesis: People are jumping outside.","Premise: People jump over a mountain crevasse on a rope.
Hypothesis: People are sitting on a couch inside watching a movie.",,neutral,0,0,entailment,25,[]
"Premise: Many people have decided to take a rest on the steps.
Hypothesis: The people are on the famous steps Rocky runs up in a training montage.","Premise: Many people have decided to take a rest on the steps.
Hypothesis: The people, after taking a leisurely walk around the local park, have found a set of quaint stone steps to sit upon, chatting and laughing as they enjoy a well-deserved break from their stroll.",,contradiction,1,1,contradiction|neutral,35,[]
"Premise: A group of kids is splashing in deep water nearby a rock formation.
Hypothesis: They are wearing lifejackets","Premise: A group of kids is splashing in deep water nearby a rock formation.
Hypothesis: They are exploring the deep water nearby a rock formation, enjoying their adventure without lifejackets, free from safety restraints, focusing on the thrill of the experience.",,contradiction,1,0,neutral,29,[]
"Premise: Four men stand in a circle facing each other playing brass instruments which people watch them.
Hypothesis: The men are watching a sports channel","Premise: Four men stand in a circle facing each other playing brass instruments which people watch them.
Hypothesis: Four men are playing in a jazz band for a city festival, their harmonious performance drawing a crowd that claps along, with children dancing in the front, completely engrossed in the music and unaware of the sports channel that's playing in a nearby pub.",,contradiction,2,5,contradiction|contradiction|contradiction|contradiction|contradiction|contradiction,32,[2]
"Premise: A drummer wearing a plaid shirt, jeans, and a purple had bangs his drum.
Hypothesis: A trumpeter practices for an orchestra.","Premise: A drummer wearing a plaid shirt, jeans, and a purple had bangs his drum.
Hypothesis: A trumpeter in a plaid shirt, jeans, and a purple hat, playing a drum instead of a trumpet, is not practicing for an orchestra.",,contradiction,2,1,contradiction|entailment,35,[]
"Premise: A boy in a hat and glasses is playing a guitar.
Hypothesis: A boy is playing piano.","Premise: A boy in a hat and glasses is playing a guitar.
Hypothesis: A boy is breaking a guitar instead of playing it.",,entailment,2,0,neutral,26,[]
"Premise: A female dancer wearing all white dancing while a photographer wearing all white takes her picture.
Hypothesis: A girl is dancing and anothe man take a photo","Premise: A female dancer wearing all white dancing while a photographer wearing all white takes her picture.
Hypothesis: A celebrated professional ballerina, in a rare candid moment away from the stage, is caught mid-jeté by a professional cinematographer on a hidden camera, filming a documentary about the everyday lives of dancers, inside a bustling metropolitan studio filled with other artists, her fellow dancers practicing in the background, illuminated by soft, natural light filtering through large studio windows overlooking the city skyline. This scenario does not contradict the original premise but creates a neutral context that does not specify a relationship between the dancer and the photographer beyond them both being in a studio setting.",,contradiction,1,5,contradiction|contradiction|contradiction|contradiction|contradiction|contradiction,36,[]
"Premise: Two girls wearing hats are running through snow drifts outside.
Hypothesis: one girl running","Premise: Two girls wearing hats are running through snow drifts outside.
Hypothesis: Two girls wearing hats are sitting still inside a snow drift.",,neutral,2,2,neutral|neutral|entailment,23,[1]
"Premise: A man and a child are laughing at each other.
Hypothesis: Two people are laughing.","Premise: A man and a child are laughing at each other.
Hypothesis: No one is laughing.",,neutral,0,0,entailment,24,[]
"Premise: The man is digging in the sand while others watch to see what he discovers.
Hypothesis: a man is digging for gold.","Premise: The man is digging in the sand while others watch to see what he discovers.
Hypothesis: The man is digging for a lost toy, completely unrelated to gold.",,neutral,1,0,contradiction,31,[]
"Premise: Two NHL hockey players prepare to fight over a puck during a face off.
Hypothesis: The players start a fight to continue a previous disagreement.","Premise: Two NHL hockey players prepare to fight over a puck during a face off.
Hypothesis: Two NHL hockey players engage in a friendly shoving match to demonstrate their sportsmanship and physical prowess during a face off, drawing cheers from the crowd but not escalating into a full fight as they maintain composure and respect for the game.",,contradiction,1,0,neutral,34,[]
"Premise: A child in an orange outfit stands holding flowers.
Hypothesis: The boy has a gift for his mother.","Premise: A child in an orange outfit stands holding flowers.
Hypothesis: The child, wearing an eye-catching orange attire, is en route to a local community event where they plan to present the bouquet they've carefully crafted, not specifically for their mother, but as part of an initiative to foster environmental consciousness among their peers.",,contradiction,1,1,contradiction|neutral,27,[]
"Premise: A policeman on a motorcycle from the rear.
Hypothesis: An officer watching a jail cell.","Premise: A policeman on a motorcycle from the rear.
Hypothesis: A police officer is arresting a suspect inside a jail cell.",,entailment,2,0,contradiction,24,[]
"Premise: Two young boys are playing with a toy train set on a wood floor.
Hypothesis: Two girls are playing with dolls.","Premise: Two young boys are playing with a toy train set on a wood floor.
Hypothesis: Two boys, focused and absorbed, are playing with a classic metal toy train set on a polished wood floor, completely engrossed in their imaginary adventures with the trains.",,contradiction,2,2,contradiction|contradiction|neutral,30,[]
"Premise: four people standing on a hiking trail in a forest with big tree logs on the ground close to them.
Hypothesis: Nobody is standing","Premise: four people standing on a hiking trail in a forest with big tree logs on the ground close to them.
Hypothesis: No one is present on the hiking trail in the forest where four people are conspicuously standing.",,entailment,2,0,neutral,32,[]
"Premise: A closeup of an older man with glasses speaking.
Hypothesis: The woman is doing a speech.","Premise: A closeup of an older man with glasses speaking.
Hypothesis: The woman is vehemently denying a previously made claim, while simultaneously giving a speech.",,neutral,2,5,neutral|neutral|neutral|neutral|neutral|neutral,26,[]
"Premise: People sitting in a dim restaurant eating.
Hypothesis: People are eating food.","Premise: People sitting in a dim restaurant eating.
Hypothesis: People in a dim restaurant are actively dancing instead of sitting and eating food.",,neutral,0,4,neutral|neutral|neutral|neutral|neutral,21,[5]
"Premise: Child plays with pigeon in busy public area while group of people watch him play.
Hypothesis: A group of people take turns carrying an injured child.","Premise: Child plays with pigeon in busy public area while group of people watch him play.
Hypothesis: A group of people watch a child's fascination with various exotic animals at the local aquarium exhibit, completely enchanted by the marine life presentations, far from any interaction with pigeons in a public area.",,contradiction,2,3,contradiction|contradiction|contradiction|entailment,35,[3]
"Premise: A woman plays in the wind, with a furry brown dog.
Hypothesis: The dog is a shitzu.","Premise: A woman plays in the wind, with a furry brown dog.
Hypothesis: A woman plays with a furry brown dog that is clearly identified as a golden retriever by its characteristics and the playful context in the wind.",,contradiction,1,1,contradiction|neutral,29,[]
"Premise: Man sitting on bench with suitcase waiting for his source of transportation.
Hypothesis: The man is on a treadmill.","Premise: Man sitting on bench with suitcase waiting for his source of transportation.
Hypothesis: The man is not standing still on a stationary bench; instead, he is actively running on a treadmill.",,entailment,2,2,entailment|entailment|neutral,28,[]
"Premise: A black man wearing a down jacket with his arms spread and holding a pink comb.
Hypothesis: A man was wearing a jacket in winter.","Premise: A black man wearing a down jacket with his arms spread and holding a pink comb.
Hypothesis: A black man wearing a down jacket in the middle of summer without any arms to hold a pink flamingo.",,neutral,1,1,neutral|contradiction,34,[]
"Premise: A blond little boy in an orange sweatshirt with red sleeves is using scissors to cut something.
Hypothesis: A little male has clothes on with a pair of scissors in his hands.","Premise: A blond little boy in an orange sweatshirt with red sleeves is using scissors to cut something.
Hypothesis: A little boy in a blue sweatshirt without any scissors is eating a cookie.",,neutral,0,1,neutral|contradiction,42,[]
"Premise: People in motion down a city sidewalk.
Hypothesis: People are walking to an event.","Premise: People in motion down a city sidewalk.
Hypothesis: People are strolling for leisure on a city sidewalk.",,contradiction,1,0,neutral,23,[]
"Premise: A scruffy man is standing in front of a red shopping cart filled with boxes.
Hypothesis: A clean shaven man with an empty blue shopping cart.","Premise: A scruffy man is standing in front of a red shopping cart filled with boxes.
Hypothesis: A clean shaven man with a completely empty red shopping cart is sitting in a barber shop, getting a shave while a scruffy man stands in front of a red shopping cart filled with boxes outside a cafe.",,entailment,2,2,entailment|entailment|neutral,37,[]
"Premise: A woman in black walks down the street in front of a graffited wall.
Hypothesis: A lady walks down the street.","Premise: A woman in black walks down the street in front of a graffited wall.
Hypothesis: A woman wearing all black outfits walks leisurely down a bustling city street, her eyes occasionally catching glimpses of colorful graffiti on the walls lining her path, signaling to an onlooker a sense of urban exploration.",,contradiction,0,0,neutral,32,[]
"Premise: This person looks to be snowboarding on a very small pile of snow on a sunny cold day.
Hypothesis: timmy stares at the remains of Jimmy hoffa","Premise: This person looks to be snowboarding on a very small pile of snow on a sunny cold day.
Hypothesis: Timmy is inside watching TV on a hot summer day.",,neutral,2,0,contradiction,39,[]
"Premise: An elderly lady holding a scruffy dog and smiling contently.
Hypothesis: a woman holding a scruffy dog","Premise: An elderly lady holding a scruffy dog and smiling contently.
Hypothesis: An elderly lady is not holding a scruffy dog.",,neutral,0,0,entailment,28,[]
"Premise: A father is teaching his son how to ride a bicycle.
Hypothesis: The boy is improving quickly.","Premise: A father is teaching his son how to ride a bicycle.
Hypothesis: The boy is learning to ride a bicycle slowly.",,contradiction,1,0,neutral,26,[]
"Premise: The girl wearing a brown jacket whilst walking in snow.
Hypothesis: A woman is eating pasta in a restaurant.","Premise: The girl wearing a brown jacket whilst walking in snow.
Hypothesis: The girl wearing a brown jacket walking in snow is simultaneously dining in a restaurant, eating pasta.",,contradiction,2,0,entailment,28,[]
"Premise: A man with a beard is playing an acoustic guitar on the street.
Hypothesis: The man tries to make some money from tips.","Premise: A man with a beard is playing an acoustic guitar on the street.
Hypothesis: The man, caught in a trance by the hypnotic rhythm of his acoustic guitar during a bustling city performance, inadvertently draws a crowd of appreciative listeners who are more interested in enjoying the music than donating tips, completely disconnecting from the initial thought of earning money through street performances.",,contradiction,1,4,contradiction|contradiction|contradiction|contradiction|contradiction,32,[1]
"Premise: A small child with a backpack walks down a narrow road next to a painted wall.
Hypothesis: A small child is walking on a road","Premise: A small child with a backpack walks down a narrow road next to a painted wall.
Hypothesis: A young explorer wearing a backpack is exploring an ancient city, marveling at the intricate carvings on the walls as they navigate through the bustling market stalls in the winding streets.Premise: A small child with a backpack walks down a narrow road next to a painted wall.",,contradiction,0,1,contradiction|neutral,33,[]
"Premise: A young man holding a young woman in his arms as they get splashed by water shooting up from a fountain.
Hypothesis: A young couple is very much in love.","Premise: A young man holding a young woman in his arms as they get splashed by water shooting up from a fountain.
Hypothesis: A young man is protecting a young woman from getting wet in a fountain mishap, completely unrelated to their emotional state or relationship status.",,contradiction,1,0,neutral,40,[]
"Premise: A man and a child are purchasing ice cream from a man with a hand pushed ice cream cart.
Hypothesis: A father is buying his daughter ice cream.","Premise: A man and a child are purchasing ice cream from a man with a hand pushed ice cream cart.
Hypothesis: A passerby is helping a stranger's child buy ice cream from a street vendor.",,contradiction,1,0,neutral,37,[]
"Premise: A female covering her face in laughter at the dinner table.
Hypothesis: A woman has heard a joke.","Premise: A female covering her face in laughter at the dinner table.
Hypothesis: A woman at the dinner table is sobbing uncontrollably, while the one laughing is merely a figment of imagination.",,neutral,1,4,neutral|neutral|neutral|neutral|neutral,27,[4]
"Premise: A mom and her boy are riding in a bumper car.
Hypothesis: The mom and boy are at an amusement park.","Premise: A mom and her boy are riding in a bumper car.
Hypothesis: The mom and boy are not riding anywhere because they are sitting at home on the couch.",,neutral,0,1,neutral|contradiction,30,[1]
"Premise: Police officer wearing a brown uniform talks into a wireless microphone.
Hypothesis: A police officer is silent.","Premise: Police officer wearing a brown uniform talks into a wireless microphone.
Hypothesis: A police officer wearing a brown uniform is speaking into a wireless microphone, clearly audible to others.",,contradiction,2,0,neutral,26,[]
"Premise: In a snowy residential environment, a man with a brown jacket and gray mustache and beard places a hand on a felled log while another man in a blue shirt is blurry on the right side of the photo.
Hypothesis: The log is for firewood.","Premise: In a snowy residential environment, a man with a brown jacket and gray mustache and beard places a hand on a felled log while another man in a blue shirt is blurry on the right side of the photo.
Hypothesis: In a snowy residential environment, the man with a brown jacket and gray mustache is assessing the structural integrity of a fallen tree while a fellow worker in a blue shirt captures the moment on film, focusing on another task unrelated to the log in the background.",,contradiction,1,1,contradiction|neutral,58,[]
"Premise: A woman crosses the street with a baby in her arms.
Hypothesis: A woman crosses the street carrying her baby boy.","Premise: A woman crosses the street with a baby in her arms.
Hypothesis: A woman crosses the street without a baby, despite having been seen with one just moments before.",,neutral,1,5,neutral|neutral|neutral|neutral|neutral|neutral,30,[1]
"Premise: A woman in a brown jacket and jeans is kneeling on a brick road while taking a picture of another woman posing.
Hypothesis: The woman posing is a famous model.","Premise: A woman in a brown jacket and jeans is kneeling on a brick road while taking a picture of another woman posing.
Hypothesis: The woman posing is a local tourist who enjoys photography and captures the moment her friend, adorned with a colorful hat, strikes a playful model-like pose, completely unaware of being in the path of a cyclist who whizzes by, adding an unexpected twist to their outing on the picturesque brick road.",,contradiction,1,4,contradiction|contradiction|contradiction|contradiction|contradiction,39,[3]
"Premise: An older women tending to a garden.
Hypothesis: The lady is cooking dinner","Premise: An older women tending to a garden.
Hypothesis: The lady, who used to be a competitive gardener, is now taking a break from gardening to teach a beginner about the different types of flowers in her garden.Premise: An older women tending to a garden.",,contradiction,2,4,contradiction|contradiction|contradiction|contradiction|contradiction,22,[4]
"Premise: The three young children played with some toilet paper in the grass.
Hypothesis: The three young children are throwing the toilet paper around.","Premise: The three young children played with some toilet paper in the grass.
Hypothesis: The three young children are carefully folding the toilet paper and placing it neatly in the trash bin.",,neutral,1,0,contradiction,32,[]
"Premise: Man and woman rowing on surfboards third rower in distance.
Hypothesis: Couples rowing on surfboards.","Premise: Man and woman rowing on surfboards third rower in distance.
Hypothesis: Man and woman are riding paddleboards while couples are rowing surfboards in the distance, contradicting the original claim that couples are on surfboards.",,neutral,0,5,neutral|neutral|neutral|neutral|neutral|neutral,29,[3]
"Premise: A golden retriever nurses puppies.
Hypothesis: Puppies next to their mother","Premise: A golden retriever nurses puppies.
Hypothesis: A golden retriever is showing motherly care to her litter.",,contradiction,0,0,neutral,21,[]
"Premise: A performer plays an instrument for the audience.
Hypothesis: The instrument plays a performer for an audience.","Premise: A performer plays an instrument for the audience.
Hypothesis: The performer is playing a magical instrument that performs tricks for the audience, including making it seem like the instrument is playing the performer.",,entailment,2,0,contradiction,26,[]
"Premise: A man throws his young boy playfully into the air standing on a beach.
Hypothesis: A Dad and son is playing on the beach.","Premise: A man throws his young boy playfully into the air standing on a beach.
Hypothesis: A father and his young son are building a sandcastle on the beach, completely engrossed in their creative endeavor, while seagulls fly overhead and the sound of the waves provides a calming background noise.",,contradiction,0,3,contradiction|contradiction|contradiction|neutral,34,[]
"Premise: A dog jumping for a Frisbee in the snow.
Hypothesis: A cat washes his face and whiskers with his front paw.","Premise: A dog jumping for a Frisbee in the snow.
Hypothesis: A cat is actively chasing a laser pointer in the living room, completely contradicting the image of it lazily lounging under the sun with a Frisbee in the snow.Premise: A dog jumping for a Frisbee in the snow.",,entailment,2,5,entailment|entailment|entailment|entailment|entailment|contradiction,34,[3]
"Premise: Small girl riding in play car.
Hypothesis: A girl is riding in a toy car.","Premise: Small girl riding in play car.
Hypothesis: A girl is playing with a toy car in her room.",,contradiction,0,5,contradiction|contradiction|contradiction|contradiction|contradiction|contradiction,24,[]
"Premise: People walk outside ""The Tempe Bar"".
Hypothesis: People move around outside.","Premise: People walk outside ""The Tempe Bar"".
Hypothesis: People are sitting inside ""The Tempe Bar"".",,neutral,0,0,entailment,22,[]
"Premise: A group of people having a conversation.
Hypothesis: People are talking about politics.","Premise: A group of people having a conversation.
Hypothesis: People are discussing weather conditions in a room heated to 110 degrees.",,neutral,1,1,neutral|contradiction,22,[]
"Premise: A man in an army uniform speaks into a microphone.
Hypothesis: A soldier speaks into the microphone.","Premise: A man in an army uniform speaks into a microphone.
Hypothesis: A man in a civilian suit contradicts the premise by speaking into the microphone, despite the other man in the army uniform not using it at all.",,neutral,0,5,neutral|neutral|neutral|neutral|neutral|neutral,26,[]
"Premise: A child sits in a tree holding a branch.
Hypothesis: The adult jumped up onto the tree.","Premise: A child sits in a tree holding a branch.
Hypothesis: The adult is on the ground below the tree.",,neutral,2,0,contradiction,26,[]
"Premise: A man with a beer in his hand listens to a woman talk.
Hypothesis: A man has a beer with him.","Premise: A man with a beer in his hand listens to a woman talk.
Hypothesis: A man has beer in both his hands but is not listening to anyone.",,neutral,0,1,neutral|contradiction,30,[]
"Premise: Two little boys are smiling and laughing while one is standing and one is in a bouncy seat.
Hypothesis: The little boys are crying.","Premise: Two little boys are smiling and laughing while one is standing and one is in a bouncy seat.
Hypothesis: The boys are watching their favorite cartoon featuring their favorite characters, creating a shared moment of joy and laughter that brings them closer together.",,contradiction,2,1,contradiction|neutral,34,[]
"Premise: Two men in suits standing in front of a bus, one is wearing a medal.
Hypothesis: Two men are standing in front of a large vehicle.","Premise: Two men in suits standing in front of a bus, one is wearing a medal.
Hypothesis: Two men are sitting inside a bus.",,neutral,0,1,neutral|entailment,36,[]
"Premise: A woman is cutting into a sandwich while sitting at an outdoor table.
Hypothesis: The lady on the table is cutting her sandwhich","Premise: A woman is cutting into a sandwich while sitting at an outdoor table.
Hypothesis: A woman is enjoying a refreshing glass of lemonade under the shade of an umbrella on a beach, completely detached from the idea of cutting a sandwich at an outdoor table, thus making the relationship between her activity and the premise neutral.",,contradiction,0,3,contradiction|contradiction|contradiction|contradiction,32,"[2, 4]"
"Premise: Three men are working with their bikes in the shoulder of a road.
Hypothesis: The men's bikes broke.","Premise: Three men are working with their bikes in the shoulder of a road.
Hypothesis: Three men are casually discussing their biking routes as they sit under the shade of a tree in a park, far from any roads, sharing stories about their favorite scenic trails and planning a new adventure for the weekend.Premise: Three men are working with their bikes in the shoulder of a road.",,contradiction,1,4,contradiction|contradiction|contradiction|contradiction|neutral,28,[]
"Premise: A boy and a girl stand in a median amongst Mike Huckabee signs.
Hypothesis: Two people stand on a median with advertising signs.","Premise: A boy and a girl stand in a median amongst Mike Huckabee signs.
Hypothesis: Two people stand on a median without any signs, contradicting the original premise where they stand amidst Mike Huckabee signs.",,neutral,0,5,neutral|neutral|neutral|neutral|neutral|neutral,32,"[3, 5]"
"Premise: A man who wears glasses, a blue shirt and a Chicago White Sox cap holds a young boy who also wears a blue shirt.
Hypothesis: The man the baseball is taking his son to a baseball game today.","Premise: A man who wears glasses, a blue shirt and a Chicago White Sox cap holds a young boy who also wears a blue shirt.
Hypothesis: The man who wears glasses, a blue shirt, and a Chicago White Sox cap is simply reading a story to the young boy in his lap, who also sports a blue shirt, in their cozy living room, as they enjoy a quiet afternoon together.",,contradiction,1,0,neutral,48,[]
"Premise: Naked children play on the muddy riverbank.
Hypothesis: THE NUDE KIDS PLAYED ON THE RIVERBANK IN THE MUD JUST TO HAVE A MUD BATH","Premise: Naked children play on the muddy riverbank.
Hypothesis: Kids were enjoying a spontaneous play session on a warm day by the riverbank, with some ending up covered in mud without any particular intent to have a mud bath, just a mix of fun and carelessness.",,contradiction,1,0,neutral,43,[]
"Premise: A boy runs as others play on a homemade slip and slide.
Hypothesis: A boy is running.","Premise: A boy runs as others play on a homemade slip and slide.
Hypothesis: A boy is sitting still on the ground as others play on a homemade slip and slide.",,neutral,0,1,neutral|entailment,26,[]
"Premise: A rescue worker searches with a flashlight under a slab in a ruined building.
Hypothesis: A rescue worker searches for survivors.","Premise: A rescue worker searches with a flashlight under a slab in a ruined building.
Hypothesis: A rescue worker searches under a slab in a ruined building but there are no survivors to find.",,neutral,1,0,contradiction,30,[]
"Premise: People boating on a lake with the sun through the clouds in the distance.
Hypothesis: people on boat","Premise: People boating on a lake with the sun through the clouds in the distance.
Hypothesis: People are not on a boat despite clearly being shown to be seated and interacting with a boat on the lake in the provided visual imagery.",,neutral,0,3,neutral|neutral|neutral|neutral,27,"[2, 4]"
"Premise: The man white purple and white polka-dotted shirts is eating and looking to his right while the woman behind him has a confused look on her face.
Hypothesis: The guy is eating a sandwich while a lady wonders what's in the sandwich.","Premise: The man white purple and white polka-dotted shirts is eating and looking to his right while the woman behind him has a confused look on her face.
Hypothesis: The man is not eating tofu while a woman behind him believes he is eating a vegan meal.",,neutral,1,3,neutral|neutral|neutral|contradiction,55,[]
"Premise: A dog with a collar on lying on the street.
Hypothesis: There is an animal outdoors.","Premise: A dog with a collar on lying on the street.
Hypothesis: No animals are outdoors.",,neutral,0,0,entailment,25,[]
"Premise: Performer who is wearing 2 hats a scary mask and a black and white robe.
Hypothesis: The actor playing Voldemort is wearing a scary mask and a black and white robe.","Premise: Performer who is wearing 2 hats a scary mask and a black and white robe.
Hypothesis: The performer is NOT the actor playing Voldemort wearing a scary mask and a black and white robe.",,neutral,1,0,contradiction,42,[]
"Premise: Sports team members practice and relax on a basketball court.
Hypothesis: Team members of a sport is relaxing after practice.","Premise: Sports team members practice and relax on a basketball court.
Hypothesis: Team members of a sports team are napping instead of actively engaged in practice on the basketball court.",,neutral,0,5,neutral|neutral|neutral|neutral|neutral|neutral,29,[]
"Premise: A referee with a whistle in his mouth points to the right and watches as a player with the basketball bends down with a defensive player.
Hypothesis: A referee blows a whistle","Premise: A referee with a whistle in his mouth points to the right and watches as a player with the basketball bends down with a defensive player.
Hypothesis: A referee does not blow a whistle.",,neutral,-1,0,entailment,40,[]
"Premise: A man, wearing a cap, is pushing a cart, on which large display boards are kept, on a road.
Hypothesis: The person is stealing display boards.","Premise: A man, wearing a cap, is pushing a cart, on which large display boards are kept, on a road.
Hypothesis: A man, wearing a cap and holding the handle of a cart loaded with several large display boards, is walking carefully down a road to ensure the safety of the equipment as he is scheduled to set them up for an upcoming community event later in the day.Premise: A man, wearing a cap, is pushing a cart, on which large display boards are kept, on a road.Premise: A man, wearing a cap, is pushing a cart, on which large display boards are kept, on a road.",,contradiction,1,4,contradiction|contradiction|contradiction|contradiction|neutral,39,[]
"Premise: Six people appearing to be planting something in the ground.
Hypothesis: People are digging up the earth","Premise: Six people appearing to be planting something in the ground.
Hypothesis: People are adding objects to the ground.",,neutral,0,3,neutral|neutral|neutral|neutral,25,"[2, 5]"
"Premise: A group of people are looking at photographs on a wall and speaking to each other.
Hypothesis: A group of friends are visiting an art exhibit.","Premise: A group of people are looking at photographs on a wall and speaking to each other.
Hypothesis: A group of friends who are all familiar with each other are gathered together, looking at photographs on a wall and speaking to each other as they reminisce about shared memories, indicating that they are at a social event where such interaction is natural, which could be an art exhibit, a reunion, a party, or any gathering where they would typically be familiar with each other.Premise: A group of people are looking at photographs on a wall and speaking to each other.",,contradiction,1,2,contradiction|contradiction|neutral,35,[]
"Premise: Two daschunds play with a red ball
Hypothesis: Two dogs playing together.","Premise: Two daschunds play with a red ball
Hypothesis: Two dogs are sleeping on the couch, not playing with a red ball.",,neutral,0,0,contradiction,23,[]
"Premise: A man standing alone in a park.
Hypothesis: a man alone at home","Premise: A man standing alone in a park.
Hypothesis: A man is taking a break from his day by enjoying a peaceful moment in the park's serene landscape, completely disconnected from his daily routine at home.",,contradiction,2,0,neutral,21,[]
"Premise: Two little girls, wearing pink hanging on a tube.
Hypothesis: Two girls wearing blue sit on a couch.","Premise: Two little girls, wearing pink hanging on a tube.
Hypothesis: Two children, one wearing a blue jacket and the other with a red hat, are building a sandcastle at the beach while their parents watch in the background, ensuring they stay safe and have fun.",,contradiction,2,1,contradiction|neutral,28,[]
"Premise: Security officer working outside.
Hypothesis: A security officer is outside.","Premise: Security officer working outside.
Hypothesis: A security officer is inside.",,neutral,0,5,neutral|neutral|neutral|neutral|neutral|neutral,19,"[1, 2, 3, 4, 5]"
"Premise: Two soccer players are going after the ball.
Hypothesis: They are playing soccer outside.","Premise: Two soccer players are going after the ball.
Hypothesis: Two soccer players are not going after the ball.",,neutral,1,0,entailment,23,[]
"Premise: A young man wearing khaki pants and a checked shirt is jumping over large rocks with green mountains and a lagoon in the background.
Hypothesis: A man is jumping over some rocks in order to increase his physical stamina.","Premise: A young man wearing khaki pants and a checked shirt is jumping over large rocks with green mountains and a lagoon in the background.
Hypothesis: A man is actually sitting down, resting because he's too tired to jump over rocks.",,neutral,1,0,contradiction,50,[]
"Premise: Four African boys playing soccer.
Hypothesis: Some boys are in the play ground","Premise: Four African boys playing soccer.
Hypothesis: Some boys are sitting under a tree sharing stories about their last camping adventure while some others, including girls, are playing nearby, totally distracted by their own activities, far from the realm of video games and soccer.",,contradiction,2,3,contradiction|contradiction|contradiction|neutral,21,[]
"Premise: A lady in a dark coat is sitting with many people around her.
Hypothesis: There are people surrounding each other.","Premise: A lady in a dark coat is sitting with many people around her.
Hypothesis: There is no one around the lady.",,neutral,0,0,entailment,29,[]
"Premise: Man with beard doing skateboarding stunt
Hypothesis: A man with a goatee does a backflip on a skateboard.","Premise: Man with beard doing skateboarding stunt
Hypothesis: A clean-shaven man does a backflip on a skateboard.Premise: Man with beard doing skateboarding stunt",,neutral,1,5,neutral|neutral|neutral|neutral|neutral|neutral,30,[]
"Premise: A man with a blue helmet and orange shirt.
Hypothesis: An 20 year old man has an orange shirt.","Premise: A man with a blue helmet and orange shirt.
Hypothesis: A man with a blue helmet but no helmet at all is standing next to a person wearing an orange shirt.",,neutral,1,5,neutral|neutral|neutral|neutral|neutral|neutral,29,[1]
"Premise: A silhouette stands at the top of a bowling lane as the ball is about to impact the pins while neon lights race overhead.
Hypothesis: Someone is in a bowling alley.","Premise: A silhouette stands at the top of a bowling lane as the ball is about to impact the pins while neon lights race overhead.
Hypothesis: A silhouette is not at a bowling alley but instead standing on a tennis court ready to serve.",,neutral,0,0,contradiction,40,[]
"Premise: A boy toddler is holding a bat he is about to swing at a pinata.
Hypothesis: A child is about to hit the panda with a stick.","Premise: A boy toddler is holding a bat he is about to swing at a pinata.
Hypothesis: A child is about to hit a piñata at a child's birthday party to celebrate the child's fifth birthday, with a piñata filled with candies and small toys, attracting giggles and excitement from a group of children watching eagerly.",,contradiction,2,2,contradiction|contradiction|neutral,37,[]
"Premise: A man wearing a red vest is walking past a black and green fence.
Hypothesis: A man is wearing a vest.","Premise: A man wearing a red vest is walking past a black and green fence.
Hypothesis: A man is not wearing a vest while walking past a black and green fence.",,neutral,0,5,neutral|neutral|neutral|neutral|neutral|neutral,30,"[3, 4, 5]"
"Premise: Fans are dressed in green and yellow for a major sporting event.
Hypothesis: There are fans at a sporting event.","Premise: Fans are dressed in green and yellow for a major sporting event.
Hypothesis: Fans are not attending a sporting event.",,neutral,0,0,entailment,29,[]
"Premise: Man wearing blue bowing on floor in front of another man in blue bowing on floor with two other men wearing blue kneeling on same floor also.
Hypothesis: A man is wearing nothing.","Premise: Man wearing blue bowing on floor in front of another man in blue bowing on floor with two other men wearing blue kneeling on same floor also.
Hypothesis: The man is not wearing a full suit.",,neutral,2,5,neutral|neutral|neutral|neutral|neutral|neutral,44,[]
"Premise: A man dances with a woman in a white egyptian costume.
Hypothesis: A couple dances in a competition.","Premise: A man dances with a woman in a white egyptian costume.
Hypothesis: A man and a woman dressed in colorful Renaissance attire are attending a masquerade ball in Venice, showcasing historical European fashion through a lively dance performance inspired by ancient Egyptian motifs but set in a completely different era and cultural context, with no indication of a competition taking place.",,contradiction,1,4,contradiction|contradiction|contradiction|contradiction|contradiction,29,[4]
"Premise: A man is holding a book standing in front of a chalkboard.
Hypothesis: A person is in a classroom teaching.","Premise: A man is holding a book standing in front of a chalkboard.
Hypothesis: A man is holding a book standing in front of a chalkboard at a museum exhibition opening, pointing out interesting facts to visitors passing by.Premise: A man is holding a book standing in front of a chalkboard.",,contradiction,0,3,contradiction|contradiction|contradiction|neutral,30,[]
"Premise: In a chain link enclosed skate park a skater goes over one of the obstacles.Wit.
Hypothesis: The skater is sitting on the ground.","Premise: In a chain link enclosed skate park a skater goes over one of the obstacles.Wit.
Hypothesis: In a chain link enclosed skate park, a skater is trying to balance on a narrow rail while other skaters watch, creating a neutral activity that doesn't directly support going over obstacles or sitting on the ground.",,entailment,2,0,neutral,36,[]
"Premise: Two dogs wearing muzzles are running.
Hypothesis: two dogs are eating","Premise: Two dogs wearing muzzles are running.
Hypothesis: Two dogs wearing muzzles are chasing each other energetically.",,entailment,2,1,entailment|neutral,21,[]
"Premise: Two men, wearing identical shirts look into a classic car hood.
Hypothesis: Two people are looking at a car.","Premise: Two men, wearing identical shirts look into a classic car hood.
Hypothesis: Two men are looking at a tree away from a car.",,neutral,0,2,neutral|neutral|contradiction,29,[]
"Premise: A man in a leather jacket and glasses walks across an intersection while a man in a gray sweatshirt and white hat looks on.
Hypothesis: The man is riding a motorcycle across the street.","Premise: A man in a leather jacket and glasses walks across an intersection while a man in a gray sweatshirt and white hat looks on.
Hypothesis: The man in the leather jacket and glasses is walking across the intersection while the man in the gray sweatshirt and white hat observes him, which leads to the man on the motorcycle crossing the street as a consequence of the first man's action.",,contradiction,2,0,neutral,44,[]
"Premise: People landscaping and gardening the areas around the walkway.
Hypothesis: People are planting in their homes.","Premise: People landscaping and gardening the areas around the walkway.
Hypothesis: People are attending a community picnic with various fun activities, including a friendly competition to see who can create the most aesthetically pleasing garden display by the walkway, while others are enjoying a game of frisbee in the background, totally unrelated to planting in their homes or landscaping around a walkway.",,contradiction,2,4,contradiction|contradiction|contradiction|contradiction|contradiction,26,[4]
"Premise: A girl in a blue leotard hula hoops on a stage with balloon shapes in the background.
Hypothesis: A girl is on stage entertaining the crowd with her hula hoop dance","Premise: A girl in a blue leotard hula hoops on a stage with balloon shapes in the background.
Hypothesis: A girl in a blue leotard is standing still on the stage, completely boring, while the crowd waits impatiently for something exciting to happen.",,neutral,1,5,neutral|neutral|neutral|neutral|neutral|neutral,43,[]
"Premise: A group of men and boys look upwards at something.
Hypothesis: A group of coaches are showing their team the scoreboard.","Premise: A group of men and boys look upwards at something.
Hypothesis: A group of men and boys are looking at a beautiful sunset, completely absorbed by the vibrant colors in the sky.",,contradiction,1,1,contradiction|neutral,30,[]
"Premise: A bicyclist is attempting a trick on a wire in a tropical location.
Hypothesis: A person on a bicycle has his bike situated on a wire.","Premise: A bicyclist is attempting a trick on a wire in a tropical location.
Hypothesis: A bicyclist is failing to ride a bike on a wire in a tropical location.",,neutral,0,4,neutral|neutral|neutral|neutral|neutral,36,[3]
"Premise: One child in black is walking down a hill covered in white snow while 2 children are on their knees.
Hypothesis: The children are enjoying a surprise snowday off from school in the middle of April","Premise: One child in black is walking down a hill covered in white snow while 2 children are on their knees.
Hypothesis: The children, wearing rain boots and packing their backpacks, are preparing to explore a rainy cityscape outdoors, completely unaware that a sunny picnic was planned for today by their parents, who are now searching for the missing invitations.",,contradiction,1,5,contradiction|contradiction|contradiction|contradiction|contradiction|contradiction,46,[]
"Premise: a small brown and white dog swimming through the pool next to a man.
Hypothesis: A man forces his cat to learn how to use a diving board.","Premise: a small brown and white dog swimming through the pool next to a man.
Hypothesis: A man is petting his cat on the sofa, completely contradicting the initial claim that a man is making his cat swim in a pool.",,entailment,2,5,entailment|entailment|entailment|entailment|entailment|entailment,37,[5]
"Premise: A man and a woman are holding hands on the shore of a lake.
Hypothesis: A couple on vacation.","Premise: A man and a woman are holding hands on the shore of a lake.
Hypothesis: A couple, who have been walking along the shore, enjoys a brief respite to appreciate the tranquil view of the lake, completely absorbed in a conversation about their dream to explore the diverse cultures of Japan and France.",,contradiction,1,5,contradiction|contradiction|contradiction|contradiction|contradiction|contradiction,28,[]
"Premise: An old man in a blue shirt and white pants glowers by a glass door.
Hypothesis: A man resting outside","Premise: An old man in a blue shirt and white pants glowers by a glass door.
Hypothesis: An elderly gentleman in casual attire scrutinizes a storefront window as he pauses momentarily before continuing his leisurely walk down the street.",,contradiction,1,0,entailment,29,[]
"Premise: A female runner dressed in blue athletic wear is running in a competition, while spectators line the street.
Hypothesis: The streets are empty.","Premise: A female runner dressed in blue athletic wear is running in a competition, while spectators line the street.
Hypothesis: The streets are bustling with people cheering on both the runner and other athletes participating in the event.",,contradiction,2,0,neutral,33,[]
"Premise: A golden retriever nurses puppies.
Hypothesis: A golden retriever nurses some other dogs puppies","Premise: A golden retriever nurses puppies.
Hypothesis: A golden retriever is attacking the puppies.",,neutral,1,0,contradiction,24,[]
"Premise: A guy gettin lots of air on a skateboard at a skatepark
Hypothesis: A guy riding a skateboard in the rain.","Premise: A guy gettin lots of air on a skateboard at a skatepark
Hypothesis: A guy riding a skateboard in a snowstorm.",,neutral,1,5,neutral|neutral|neutral|neutral|neutral|contradiction,32,[2]
"Premise: A man wearing a black coat is walking.
Hypothesis: A naked man walking.","Premise: A man wearing a black coat is walking.
Hypothesis: A man is sitting down on a bench wearing nothing but sandals.",,neutral,2,0,entailment,22,[]
"Premise: A young boy in green shorts balances on a pipe above a river.
Hypothesis: A person balancing.","Premise: A young boy in green shorts balances on a pipe above a river.
Hypothesis: A young boy in green shorts is unable to balance on a pipe above a river because he has fallen into the water and is now drowning.",,neutral,0,5,neutral|neutral|neutral|neutral|neutral|neutral,26,"[4, 5]"
"Premise: Bicycles are littering the road as boy pull door.
Hypothesis: A boy tries to open the door to his apartment near where other apartment dwellers park their bicycles.","Premise: Bicycles are littering the road as boy pull door.
Hypothesis: A young, curious boy, out of sheer curiosity, attempts to open the door to his family's apartment, trying to understand why bicycles are littering the road outside, left by his neighbors as they park after a ride.",,contradiction,1,4,contradiction|contradiction|contradiction|contradiction|contradiction,41,[2]
"Premise: Man balding with a mustache and semi beard standing wearing a psychedelic button shirt playing the guitar as he sings.
Hypothesis: The man knows how to play the guitar.","Premise: Man balding with a mustache and semi beard standing wearing a psychedelic button shirt playing the guitar as he sings.
Hypothesis: The man cannot play the guitar at all.",,neutral,0,0,contradiction,40,[]
"Premise: A man and his son riding bikes down the sidewalk.
Hypothesis: the man and the boy were in town","Premise: A man and his son riding bikes down the sidewalk.
Hypothesis: The man and the boy were in a completely different city far from any signs of the town they were supposed to be near.",,neutral,1,2,neutral|neutral|contradiction,27,[]
"Premise: An Asian woman in a hat is measuring food from barrels with a ladle into a smaller metal pan.
Hypothesis: A woman is measuring out wine from a barrel.","Premise: An Asian woman in a hat is measuring food from barrels with a ladle into a smaller metal pan.
Hypothesis: An Asian woman in a hat is accurately measuring the volume of ingredients from multiple barrels with a ladle into a smaller metal pan, ensuring she has the right amount of food for a culinary preparation, potentially preparing a traditional Asian dish such as rice.",,contradiction,2,3,contradiction|contradiction|contradiction|neutral,39,[]
"Premise: A man wearing a black cap is suspended in the air on a swing, as children are swinging on a swing set.
Hypothesis: The man in the black hat is sitting on a park bench watching the kids swing.","Premise: A man wearing a black cap is suspended in the air on a swing, as children are swinging on a swing set.
Hypothesis: The man in the black cap, who is a renowned chef, is preparing a gourmet meal in his kitchen, while below him, the bustling city life continues outside his window, completely oblivious to the culinary magic unfolding above.",,contradiction,2,5,contradiction|contradiction|contradiction|contradiction|contradiction|contradiction,49,[]
"Premise: Four people and a dog out in the woods.
Hypothesis: Some mammals want to live and the others don't want them to.","Premise: Four people and a dog out in the woods.
Hypothesis: Four people and a dog decide to leave the woods immediately after getting there, contradicting the initial scenario where they decide to stay in.",,neutral,1,5,neutral|neutral|neutral|neutral|neutral|neutral,32,[]
"Premise: A person is sitting on the edge of a rock cliff.
Hypothesis: A person was sitting on the road.","Premise: A person is sitting on the edge of a rock cliff.
Hypothesis: A person was admiring the vast expanse of the sky from a rock cliff, lost in thoughts about life's mysteries, oblivious to the bustling city traffic miles away below them.",,contradiction,2,4,contradiction|contradiction|contradiction|contradiction|contradiction,28,[3]
"Premise: The older woman smiles as she holds up a hammer.
Hypothesis: A woman is using a hammer to make something.","Premise: The older woman smiles as she holds up a hammer.
Hypothesis: A woman is using a hammer to deliberately break a vase while the older woman smiles, suggesting a contrary action to fixing something.",,neutral,1,4,neutral|neutral|neutral|neutral|neutral,29,[5]
"Premise: A yellow dog is running in a field near a mountain.
Hypothesis: A yellow dog is chasing a bunny in the field.","Premise: A yellow dog is running in a field near a mountain.
Hypothesis: A yellow dog is running joyously in a grassy field near a mountain, with a bunny briefly crossing its path before the dog continues its run in the open field.",,contradiction,1,1,contradiction|neutral,31,[]
"Premise: A small dog watches two big dogs playing rough in a field.
Hypothesis: 3 dogs are sleeping.","Premise: A small dog watches two big dogs playing rough in a field.
Hypothesis: While a small dog observes two big dogs playfully engaging in the field, neither the small dog nor the big dogs are sleeping.",,contradiction,2,1,contradiction|neutral,27,[]
"Premise: A woman sits in a market where she sells goods with her dog.
Hypothesis: A dog sells a woman a hat.","Premise: A woman sits in a market where she sells goods with her dog.
Hypothesis: A dog refuses to sell a woman anything, not even a hat.",,entailment,2,0,contradiction,30,[]
"Premise: People in chairs around a table
Hypothesis: The people have eybrows.","Premise: People in chairs around a table
Hypothesis: The people have thick, full heads of hair.",,neutral,1,2,neutral|neutral|neutral,22,"[1, 3, 4, 5]"
"Premise: A girl in a white knit hat and winter gear rubs her tongue over her braces.
Hypothesis: The girl is ready to go swimming.","Premise: A girl in a white knit hat and winter gear rubs her tongue over her braces.
Hypothesis: The girl is deciding whether to wear her winter coat or to participate in a winter sports competition while wearing her braces and rubbing her tongue over them.",,contradiction,2,1,contradiction|neutral,34,[]
"Premise: The big dog is checking out the smaller dog.
Hypothesis: A big dog watching over a smaller dog.","Premise: The big dog is checking out the smaller dog.
Hypothesis: The big dog is ignoring the smaller dog.",,neutral,0,0,contradiction,27,[]
"Premise: Two dogs are playing together.
Hypothesis: Two canines are having fun.","Premise: Two dogs are playing together.
Hypothesis: Two dogs are barking loudly in a busy park.",,neutral,0,2,neutral|neutral|contradiction,21,[]
"Premise: Two men with black glasses are holding food, one appears to be eating.
Hypothesis: A group of women is drinking wine.","Premise: Two men with black glasses are holding food, one appears to be eating.
Hypothesis: Two men with black glasses are holding food, one appears to be eating and a woman is observing them while drinking wine.",,contradiction,2,0,neutral,31,[]
"Premise: A grim looking man with sunglasses pilots a boat.
Hypothesis: The hungover man drives his boat to work.","Premise: A grim looking man with sunglasses pilots a boat.
Hypothesis: The man, curious about the effects different sunglasses have on his perception while navigating through the diverse waterways, is participating in an experiment to test the latest innovation in polarized lenses for superior maritime vision and greater comfort during long voyages, completely unrelated to the notion of commuting to work or dealing with a hangover.Premise: A grim looking man with sunglasses pilots a boat.",,contradiction,1,2,contradiction|contradiction|neutral,28,[]
"Premise: Two men help each other cut a sheet of plastic.
Hypothesis: Two men cut some plastic.","Premise: Two men help each other cut a sheet of plastic.
Hypothesis: Two men are unable to cut any plastic.",,neutral,0,0,entailment,25,[]
"Premise: A woman in a white tennis outfit is jumping up to hit the ball.
Hypothesis: women playing","Premise: A woman in a white tennis outfit is jumping up to hit the ball.
Hypothesis: A woman in a white tennis outfit is sitting on a bench, not jumping up to hit the ball.",,neutral,1,1,neutral|entailment,25,[]
"Premise: The small boy is running through a grassy area.
Hypothesis: The boy is in a park.","Premise: The small boy is running through a grassy area.
Hypothesis: The boy could be running through a grassy area in his neighborhood, not necessarily in a park.",,contradiction,1,0,neutral,26,[]
"Premise: A man and a woman are laughing.
Hypothesis: Two people are happy.","Premise: A man and a woman are laughing.
Hypothesis: Two people are crying.",,neutral,0,0,contradiction,21,[]
"Premise: Large brown dog walking in shallow water.
Hypothesis: An animal is in water","Premise: Large brown dog walking in shallow water.
Hypothesis: A large brown dog is standing on the shore instead of walking in the shallow water.",,neutral,0,5,neutral|neutral|neutral|neutral|neutral|neutral,21,"[1, 3]"
"Premise: A woman is sitting down doing some sort of craft work while another person operates a large wooden loom device in the background.
Hypothesis: The woman is standing.","Premise: A woman is sitting down doing some sort of craft work while another person operates a large wooden loom device in the background.
Hypothesis: The woman, actively seated and deeply engrossed in her craft, is using her skilled hands to weave threads on the loom, showcasing her dedication and involvement, as another person operates the wooden loom device in the background.",,neutral,2,5,neutral|neutral|neutral|neutral|neutral|neutral,38,"[2, 5]"
"Premise: Several people have gathered behind a group of other people who are sitting around a table.
Hypothesis: There are several people sitting around a table.","Premise: Several people have gathered behind a group of other people who are sitting around a table.
Hypothesis: A group of people are standing while arguing near an empty table.",,neutral,0,1,neutral|entailment,34,[]
"Premise: A girl in a black skirt and blue dress is watering flowers.
Hypothesis: The girl is giving the flowers some water.","Premise: A girl in a black skirt and blue dress is watering flowers.
Hypothesis: The girl is trying to kill the flowers by not giving them any water.",,neutral,0,0,contradiction,30,[]
"Premise: A father and his daughter are riding a lawn mover down a street while dressed in American colors.
Hypothesis: two people mow lawns for a living on the 4th of july","Premise: A father and his daughter are riding a lawn mover down a street while dressed in American colors.
Hypothesis: A father and his daughter are enjoying a leisurely ride on a lawn mower on a sunny summer day, wearing American-themed clothes, but not necessarily because it's Independence Day or because they are making a living from mowing lawns.",,contradiction,1,0,neutral,44,[]
"Premise: A tractor decorated as a float for a parade
Hypothesis: A tractor drives down the parade route","Premise: A tractor decorated as a float for a parade
Hypothesis: The tractor, which was decorated as a float, does not drive down the parade route but instead sits parked because floats cannot be both mobile tractors and stationary parade ornaments simultaneously.",,neutral,1,3,neutral|neutral|neutral|contradiction,25,[1]
"Premise: Two dogs in a grassy field.
Hypothesis: Two dogs are on a sandy beach.","Premise: Two dogs in a grassy field.
Hypothesis: Two dogs in a grassy field are enjoying a peaceful nap, completely at ease and unaware of the afternoon sun fading behind fluffy clouds, as a gentle breeze rustles the nearby tall grasses around them.",,contradiction,2,4,contradiction|contradiction|contradiction|contradiction|neutral,24,[]
"Premise: A man with his finger in his mouth is standing outside of an RV.
Hypothesis: The man is inside his RV.","Premise: A man with his finger in his mouth is standing outside of an RV.
Hypothesis: The man is outside his house, refusing to cook dinner.",,entailment,2,1,entailment|contradiction,30,[]
"Premise: Two dirt bikers- one in black and red, sporting number 64, the other in blue and white displaying a red ""21""- round the corner of a tree-lined track.
Hypothesis: There are two people and two motorbikes in this picture.","Premise: Two dirt bikers- one in black and red, sporting number 64, the other in blue and white displaying a red ""21""- round the corner of a tree-lined track.
Hypothesis: There is only one person in this picture, a dirt biker dressed in blue and white with a red ""21"", who is standing next to a tree, not riding around the track at all.",,neutral,0,5,neutral|neutral|neutral|neutral|neutral|neutral,58,"[2, 3]"
"Premise: A young girl with blond-hair eating a peach.
Hypothesis: There is fruit present.","Premise: A young girl with blond-hair eating a peach.
Hypothesis: There is no fruit present.",,neutral,0,0,entailment,24,[]
"Premise: Young girl in an bathing suit falling off the end of a slide into a pool.
Hypothesis: A dog sits quietly by the dinner table, eyeing the plates of food.","Premise: Young girl in an bathing suit falling off the end of a slide into a pool.
Hypothesis: A dog loudly barks at the sight of people in swimming attire, causing them to jump back in surprise from the pool.",,entailment,2,0,contradiction,41,[]
"Premise: A blond man playing a guitar.
Hypothesis: A bald man is playing a guitar.","Premise: A blond man playing a guitar.
Hypothesis: A bald man is actively playing the drums.",,neutral,2,1,neutral|entailment,23,[]
"Premise: A dog with a collar on lying on the street.
Hypothesis: The dog was just hit by a car and is lying in the street.","Premise: A dog with a collar on lying on the street.
Hypothesis: The dog, feeling weary after a day of chasing squirrels and frolicking in the park, finally rests its head on a cozy pillow made from the softest grass, its eyes closed in peaceful slumber, content with the simple joy of a well-spent day.",,contradiction,1,4,contradiction|contradiction|contradiction|contradiction|contradiction,34,[5]
"Premise: A white dog is running on a rocky beach.
Hypothesis: A dog is on the beach.","Premise: A white dog is running on a rocky beach.
Hypothesis: A dog is nowhere near a beach.",,neutral,0,1,neutral|entailment,25,[]
"Premise: Firefighters in full gear are walking up a ladder.
Hypothesis: The firefighers are ready to fight a fire.","Premise: Firefighters in full gear are walking up a ladder.
Hypothesis: Firefighters in full gear are walking down a ladder away from a fire they successfully put out.",,neutral,0,0,contradiction,31,[]
"Premise: Three men are playing frisbee in the woods.
Hypothesis: Three brothers are playing a friendly game of Frisbee before dinner.","Premise: Three men are playing frisbee in the woods.
Hypothesis: Three strangers, who recently met at a hiking convention, are setting up a new campsite in the woods, sharing stories of their travels and enjoying each other's company, completely detouring from their initial plan to play frisbee as they realize the value of connection over competition in forming lasting friendships.Premise: Three men are playing frisbee in the woods.",,contradiction,1,4,contradiction|contradiction|contradiction|contradiction|neutral,33,[3]
"Premise: A boy in a hat and glasses is playing a guitar.
Hypothesis: A boy is singing.","Premise: A boy in a hat and glasses is playing a guitar.
Hypothesis: A boy in a hat and glasses is playing a guitar as he waits for his friend to join in the impromptu performance.",,contradiction,1,0,neutral,25,[]
"Premise: A young boy wearing an orange jacket is sitting on a log in the fall.
Hypothesis: A boy is sitting on a log.","Premise: A young boy wearing an orange jacket is sitting on a log in the fall.
Hypothesis: A young boy wearing an orange jacket is standing in a snowstorm.",,neutral,0,2,neutral|neutral|contradiction,32,[1]
"Premise: A group of smiling people are posing outdoors for a picture.
Hypothesis: The group of people are frowning.","Premise: A group of smiling people are posing outdoors for a picture.
Hypothesis: A group of smiling people are unexpectedly surprised in the middle of posing for a photograph outdoors, momentarily forgetting to smile as they try to process an unusual event happening behind the camera.",,entailment,2,0,neutral,28,[]
"Premise: Two people are playing American Football and one of them is trying to stop the other from throwing the ball.
Hypothesis: A game of football is being played.","Premise: Two people are playing American Football and one of them is trying to stop the other from throwing the ball.
Hypothesis: Two people are not playing American Football, they are having a tea party.",,neutral,0,0,contradiction,37,[]
"Premise: An organ grinder, in World War I helmet and clown makeup, speaks to an older man in a blue, striped polo shirt.
Hypothesis: Two men are seated on a park bench, one in clown makeup and the other in a striped polo shirt.","Premise: An organ grinder, in World War I helmet and clown makeup, speaks to an older man in a blue, striped polo shirt.
Hypothesis: In an alternate universe, a time-traveling veteran organ grinder equipped with futuristic gear from World War I, complete with a helmet projecting holographic clown faces, is negotiating the exchange of rare musical tunes with an interdimensional old man wearing a mystical blue, striped polo shirt woven from cosmic threads under the neon glow of a bustling spaceport, as a symphony of cosmic creatures dances in the background.",,contradiction,0,1,contradiction|neutral,56,[]
"Premise: Police are setting up a barricade due to a fire.
Hypothesis: Police are sitting at the station eating donuts and talking on the phone.","Premise: Police are setting up a barricade due to a fire.
Hypothesis: Police are eating donuts while sitting inside their station, completely ignoring the ongoing fire and refusing to participate in setting up any barricades outside. Their only concern is enjoying their snack in the safety of the station, contrasting sharply with the reality of a fire requiring their attention outside.",,entailment,2,1,entailment|contradiction,35,[]
"Premise: A girl with curly hair and wearing a patriotic shirt is looking at a monarch butterfly sitting on her left index finger.
Hypothesis: A girl and a butterfly","Premise: A girl with curly hair and wearing a patriotic shirt is looking at a monarch butterfly sitting on her left index finger.
Hypothesis: A girl is studying the intricate patterns on a butterfly's wings while she patiently waits for her classmates to arrive for a group project about biodiversity in the school's laboratory.Premise: A girl with curly hair and wearing a patriotic shirt is looking at a monarch butterfly sitting on her left index finger.",,contradiction,0,1,contradiction|neutral,36,[]
"Premise: The man is performing a trick on a motorcycle high in the air.
Hypothesis: A man is performing a trick on a bike.","Premise: The man is performing a trick on a motorcycle high in the air.
Hypothesis: No man is performing any trick on any vehicle.",,neutral,0,0,entailment,32,[]
"Premise: An obese white male wearing a blue shirt and khaki shorts sits in front of fountain all while gabbing on phone.
Hypothesis: A man is sleeping in front of a fountain.","Premise: An obese white male wearing a blue shirt and khaki shorts sits in front of fountain all while gabbing on phone.
Hypothesis: A man is enjoying a quiet moment at a public square while taking a call on his phone near a decorative fountain.",,contradiction,2,0,neutral,42,[]
"Premise: A child enjoying themselves on a yellow slide at a park.
Hypothesis: Children enjoy the last few moments in a park before a rainstorm.","Premise: A child enjoying themselves on a yellow slide at a park.
Hypothesis: Children love having a picnic at the park under the sunny day, completely engrossed in their games and sharing stories of their adventures, totally oblivious to the weather forecast of a rainstorm later in the day.Premise: A child enjoying themselves on a yellow slide at a park.",,contradiction,1,1,contradiction|neutral,34,[]
"Premise: Some men in burgundy coats try to push a car in the snow.
Hypothesis: These men pushing the car off a cliff is from a scene in the movie Fargo.","Premise: Some men in burgundy coats try to push a car in the snow.
Hypothesis: These men pushing the car in the snow were local heroes participating in a charity event to raise funds for a children's hospital, showcasing their strength and camaraderie, entirely separate from any cinematic scenario, with spectators cheering them on as they battled the snow, transforming a mundane day into a memorable community gathering.",,contradiction,1,5,contradiction|contradiction|contradiction|contradiction|contradiction|contradiction,40,[]
"Premise: A man painting a sign onto his food cart.
Hypothesis: Everyone is in a restaurant.","Premise: A man painting a sign onto his food cart.
Hypothesis: Instead of dining in a restaurant, a man is painting a sign onto his food cart outside.",,contradiction,2,0,neutral,24,[]
"Premise: People are coming down a movable staircase built through a tunnel, which has three of those staircases.
Hypothesis: Workers are returning from inspection.","Premise: People are coming down a movable staircase built through a tunnel, which has three of those staircases.
Hypothesis: Tourists are descending the staircases to explore the underground tunnel.",,contradiction,1,0,neutral,34,[]
"Premise: Asian individuals are taking pictures of some unidentified thing.
Hypothesis: Asians take pictures.","Premise: Asian individuals are taking pictures of some unidentified thing.
Hypothesis: Asians are not taking pictures.",,neutral,0,0,entailment,22,[]
"Premise: The man wearing blue jean shorts is grilling.
Hypothesis: The man is making hot dogs and hamburgers.","Premise: The man wearing blue jean shorts is grilling.
Hypothesis: The man grilling in blue jean shorts is simultaneously trying to fix the broken grill while enjoying a cold beer, oblivious to the fact that his neighbors have gathered to watch the spectacle he's created in his front yard, each carrying various items for a picnic, completely different from hot dogs and hamburgers.",,contradiction,1,1,contradiction|neutral,28,[]
"Premise: A man with brown pants and boots moving a tent.
Hypothesis: A guy is transporting a tent.","Premise: A man with brown pants and boots moving a tent.
Hypothesis: A man is sitting still while a tent magically moves itself.",,neutral,0,0,contradiction,26,[]
"Premise: Men sitting on the side of a brick road.
Hypothesis: me are sitting on the side of a road","Premise: Men sitting on the side of a brick road.
Hypothesis: Men are standing on the middle of a dirt trail.",,neutral,0,0,entailment,27,[]
"Premise: A woman is walking with a full shopping cart away from a Trader Joe's.
Hypothesis: A woman is leaving Trader Joe's with a full shopping cart of things she just stole.","Premise: A woman is walking with a full shopping cart away from a Trader Joe's.
Hypothesis: A woman, who is a Trader Joe's employee, is clocking out after her shift and is taking her reusable shopping cart to her car, passing by other customers as she exits the store. She plans to use the items in the cart for a family gathering this weekend.",,contradiction,1,2,contradiction|contradiction|contradiction,42,"[1, 2, 4]"
"Premise: A large black and white dog is licking a smaller white and black dog who is growling.
Hypothesis: The dog is happy","Premise: A large black and white dog is licking a smaller white and black dog who is growling.
Hypothesis: The large black and white dog is playfully tasting the smaller white and black dog's fur while the latter shows signs of irritation through growling.",,contradiction,2,0,neutral,31,[]
"Premise: An old gray-haired man with glasses in a gray t-shirt is working on a sculpture.
Hypothesis: The man is 100 years old","Premise: An old gray-haired man with glasses in a gray t-shirt is working on a sculpture.
Hypothesis: The man, who is in his late 60s and has a passion for painting, is engrossed in the vibrant colors of his newest canvas, lost in a creative process that brings him immense joy and a sense of peace, completely detached from the physical exertion and mental focus required for sculpting.",,contradiction,1,4,contradiction|contradiction|contradiction|contradiction|contradiction,33,[5]
"Premise: a climber wearing a red headband is pulling himself up some gray rocks high above some green foliage.
Hypothesis: A woman climber attempts to pull herself up","Premise: a climber wearing a red headband is pulling himself up some gray rocks high above some green foliage.
Hypothesis: A person wearing a red headband is attending a ceremonial event and is simply pretending to pull himself up, simulating the actions for fun, in a grassy field with no rocks or foliage in sight.",,contradiction,2,3,contradiction|contradiction|contradiction|entailment,38,[2]
"Premise: A young woman talks on the phone and carries her bags while walking past some hats on display.
Hypothesis: A woman is walking through her bedroom.","Premise: A young woman talks on the phone and carries her bags while walking past some hats on display.
Hypothesis: A woman, engrossed in a novel about intergalactic travels, walks out of a bustling spaceport, her mind lost in the adventures of distant planets, completely oblivious to the noisy market surrounding her.",,contradiction,2,3,contradiction|contradiction|contradiction|contradiction,35,"[3, 5]"
"Premise: A woman is sitting in a chair, while a man is going through the sport utility vehicle.
Hypothesis: a girl is sitting","Premise: A woman is sitting in a chair, while a man is going through the sport utility vehicle.
Hypothesis: A woman is standing up, while a man is sitting in the chair.",,neutral,0,2,neutral|neutral|entailment,31,[]
"Premise: An artist replicating another artist's work and a man looking at the original art.
Hypothesis: A painter works on a copy of a Rembrandt.","Premise: An artist replicating another artist's work and a man looking at the original art.
Hypothesis: The painter, deeply inspired by various artists including but not limited to Rembrandt, is meticulously recreating a piece that merges elements from multiple sources, while a curious gallery visitor attentively studies the original masterpiece hanging nearby.",,contradiction,1,1,contradiction|neutral,37,[1]
"Premise: A woman wearing a bright orange blouse is weaving.
Hypothesis: A woman is wearing a bright orange blouse and a green hat.","Premise: A woman wearing a bright orange blouse is weaving.
Hypothesis: A woman wearing a bright orange blouse is weaving at a local craft fair, completely forgetting that she left her green hat on the concession stand table where she bought the artisanal yarn.",,contradiction,1,0,neutral,31,[]
"Premise: A man and a woman running in the street.
Hypothesis: The man and woman are outdoors.","Premise: A man and a woman running in the street.
Hypothesis: A man and a woman are running indoors.",,neutral,0,0,entailment,25,[]
"Premise: A man on stage in the act of jumping, with a little boy in the background really enjoying it.
Hypothesis: A boy happily watches an acrobat jumping on a stage.","Premise: A man on stage in the act of jumping, with a little boy in the background really enjoying it.
Hypothesis: A boy is crying and frightened by the acrobat, completely terrified unlike the other boy who is really enjoying the performance.",,neutral,1,5,neutral|neutral|neutral|neutral|neutral|neutral,41,"[1, 4, 5]"
"Premise: A man in an Alaska sweatshirt stands behind a counter.
Hypothesis: The person behind the counter is a man.","Premise: A man in an Alaska sweatshirt stands behind a counter.
Hypothesis: The person behind the counter is a woman.",,neutral,0,0,contradiction,29,[]
"Premise: A rocker standing with one foot on the stage holding the microphone attached to the stand over his head.
Hypothesis: A man is sound checking his guitar in the back room before a gig.","Premise: A rocker standing with one foot on the stage holding the microphone attached to the stand over his head.
Hypothesis: A musician is tuning his guitar backstage while waiting for the sound check to begin, reflecting on the lyrics he'll sing about his experiences traveling the world as a rock star.Premise: A rocker standing with one foot on the stage holding the microphone attached to the stand over his head.",,contradiction,2,3,contradiction|contradiction|contradiction|neutral,43,[]
"Premise: Two girls walking, both with a white shirt and blue shorts on.
Hypothesis: Two girls are walking together.","Premise: Two girls walking, both with a white shirt and blue shorts on.
Hypothesis: Two girls walking directly towards each other.",,neutral,0,5,neutral|neutral|neutral|neutral|neutral|neutral,28,[]
"Premise: An old woman and a young man examine their bingo cards.
Hypothesis: A woman and man are checking their bingo cards to see if they won","Premise: An old woman and a young man examine their bingo cards.
Hypothesis: An old woman and a young man are violently arguing about their bingo loss at the casino bar.",,neutral,1,4,neutral|neutral|neutral|neutral|contradiction,34,[]
"Premise: Two adult men in black t-shirt and loud tunics hold smoking torches in preparation for an act of entertainment or celebration in a forested environment.
Hypothesis: Two street performers juggle flaming torches.","Premise: Two adult men in black t-shirt and loud tunics hold smoking torches in preparation for an act of entertainment or celebration in a forested environment.
Hypothesis: Two men are quietly reading books in a library, with no smoking torches in sight.",,neutral,-1,0,contradiction,47,[]
"Premise: A little boy in flannel pajama pants and an orange shirt is playing the guitar on the couch.
Hypothesis: The child practices guitar indoors","Premise: A little boy in flannel pajama pants and an orange shirt is playing the guitar on the couch.
Hypothesis: The child is wearing a funny hat, glasses, and a fake mustache while juggling rubber chickens on the couch, delighting his pet parrot, Polly, with his circus act.Premise: A little boy in flannel pajama pants and an orange shirt is playing the guitar on the couch.",,contradiction,0,4,contradiction|contradiction|contradiction|contradiction|neutral,34,[]
"Premise: A group of men and boys look upwards at something.
Hypothesis: A snake eating a mouse.","Premise: A group of men and boys look upwards at something.
Hypothesis: A group of men and boys look upwards to admire the clear night sky, seeing the first appearance of a crescent moon, which instills a sense of wonder and joy in them as they realize it's the beginning of a new lunar cycle.",,contradiction,2,3,contradiction|contradiction|contradiction|neutral,25,[]
"Premise: A bearded man jumps in the snow with the ocean in the background and an orange, recumbent bike parked near a road sign.
Hypothesis: A human jumping.","Premise: A bearded man jumps in the snow with the ocean in the background and an orange, recumbent bike parked near a road sign.
Hypothesis: No human jumping.",,neutral,0,0,entailment,40,[]
"Premise: A wet child stands in chest deep ocean water.
Hypothesis: The child s playing on the beach.","Premise: A wet child stands in chest deep ocean water.
Hypothesis: The child, dressed in a bright orange life vest, is joyfully playing at a community pool party, surrounded by inflatable toys and other laughing children, far from the sea, with a lifeguard watching over to ensure a safe and fun day, completely removed from ocean water or beach settings, emphasizing a happy and controlled aquatic environment focused on recreation and leisure.Premise: A wet child stands in chest deep ocean water.",,contradiction,0,5,contradiction|contradiction|contradiction|contradiction|contradiction|neutral,26,[2]
"Premise: A little boy with an orange backpack walks under a tree through the woods.
Hypothesis: A boy walks to school through the woods.","Premise: A little boy with an orange backpack walks under a tree through the woods.
Hypothesis: A little boy with an orange backpack happily walks through the woods on a sunny day, on his way to a friend's house for an afternoon playdate, away from his school.",,contradiction,1,3,contradiction|contradiction|contradiction|contradiction,32,"[1, 3, 5]"
"Premise: A rugby player swings his leg back to punt the ball.
Hypothesis: The rugby player is tall.","Premise: A rugby player swings his leg back to punt the ball.
Hypothesis: The rugby player is of average height, with his leg swing indicating nothing about his stature.",,contradiction,1,0,neutral,26,[]
"Premise: A woman is taking a picture on the shoulders of another woman in cold weather.
Hypothesis: A woman is taking a picture in cold weather.","Premise: A woman is taking a picture on the shoulders of another woman in cold weather.
Hypothesis: A woman is taking a picture in a tropical climate while it is snowing where she is.",,neutral,0,2,neutral|neutral|contradiction,34,[2]
"Premise: A woman in a blue jacket dragging a child on a sled through the snow.
Hypothesis: There is a child on a sled.","Premise: A woman in a blue jacket dragging a child on a sled through the snow.
Hypothesis: There is no child on a sled.",,neutral,0,0,contradiction,32,[]
"Premise: A young girl jumps off her swing in front of building.
Hypothesis: a boy drinks coffee","Premise: A young girl jumps off her swing in front of building.
Hypothesis: A boy pauses his act of drinking coffee to watch a young girl jump off her swing in front of a building, his attention momentarily captured by her energetic display because he's sitting near the park where this occurs, having taken a break from his routine to enjoy his coffee in the fresh air.",,contradiction,2,5,contradiction|contradiction|contradiction|contradiction|contradiction|contradiction,24,[]
"Premise: Three girls jumping in front of a house's flower garden.
Hypothesis: The girls are having fun","Premise: Three girls jumping in front of a house's flower garden.
Hypothesis: The three girls are actually professional soccer players, on a break from their rigorous training regimen, casually posing for a photo in front of a well-tended flower garden after a friendly match, using their goalkeeper gloves as props, laughing and sharing stories about their recent matches, completely unaware of the small group of butterflies that have gathered to admire the blooms, fluttering around them in a mesmerizing dance of color and light as the sun begins to set in the background, casting a warm glow over the scene.",,contradiction,-1,5,contradiction|contradiction|contradiction|contradiction|contradiction|contradiction,25,[]
"Premise: A dog is on the beach near a ball.
Hypothesis: A dog is on the beach.","Premise: A dog is on the beach near a ball.
Hypothesis: A dog is nowhere near a beach, far from any balls as well.",,neutral,0,2,neutral|neutral|entailment,25,[1]
"Premise: A lab dog is standing on a fallen tree trunk with a guy in the background.
Hypothesis: there is a guy carrying his pet with him near fallen tree","Premise: A lab dog is standing on a fallen tree trunk with a guy in the background.
Hypothesis: A man, while walking his golden retriever, pauses near a fallen tree to check his phone for a notification, completely absorbed in his digital world and unaware of his surroundings.Premise: A lab dog is standing on a fallen tree trunk with a guy in the background.",,contradiction,2,3,contradiction|contradiction|contradiction|contradiction,37,"[2, 5]"
"Premise: A man in a black shirt is about to cross the road while on his cellphone, another man is laying on the ground while a lady in the background watches.
Hypothesis: A child is upset and crying on the ground.","Premise: A man in a black shirt is about to cross the road while on his cellphone, another man is laying on the ground while a lady in the background watches.
Hypothesis: A group of friends are gathered around a campfire in the middle of a dense forest, each taking turns to roast marshmallows and share tales of mythical creatures, their faces illuminated by the warm glow of the fire, completely engrossed in the moment and unaware of the world outside their enchanted circle.Premise: A man in a black shirt is about to cross the road while on his cellphone, another man is laying on the ground while a lady in the background watches.",,contradiction,2,2,contradiction|contradiction|neutral,50,[]
"Premise: A female bicyclist wearing black, and having four number 9's printed on her limbs on a bike.
Hypothesis: A woman riding a bike.","Premise: A female bicyclist wearing black, and having four number 9's printed on her limbs on a bike.
Hypothesis: A female bicyclist riding a unicycle cannot be a woman depicted as riding a bike in the premise.",,neutral,0,5,neutral|neutral|neutral|neutral|neutral|neutral,36,"[3, 5]"
"Premise: A woman plays guitar for tips.
Hypothesis: music can be learn by litsen","Premise: A woman plays guitar for tips.
Hypothesis: Listening to various genres of music can lead someone to enjoy the complexities of guitar playing styles that the woman showcasing her skills might incorporate into her performance for tips.",,contradiction,2,2,contradiction|contradiction|neutral,23,[]
"Premise: Two girls holding bags walking down the sidewalk.
Hypothesis: Two females are holding sacks.","Premise: Two girls holding bags walking down the sidewalk.
Hypothesis: Two girls are not holding bags but rather are tossing them into the air.",,neutral,0,0,contradiction,23,[]
"Premise: A small dog looking up to his loving owner.
Hypothesis: Some people are shopping.","Premise: A small dog looking up to his loving owner.
Hypothesis: A person is petting a small dog outdoors.",,contradiction,2,0,neutral,23,[]
"Premise: a ballerina striking a pose in the studio.
Hypothesis: The ballerina is wearing pink.","Premise: a ballerina striking a pose in the studio.
Hypothesis: The ballerina is wearing a red dress.",,neutral,1,1,neutral|contradiction,27,[]
"Premise: a small brown and white dog swimming through the pool next to a man.
Hypothesis: A man teaches his puppy how to swim.","Premise: a small brown and white dog swimming through the pool next to a man.
Hypothesis: A man actively assists his small, brown and white dog as it learns to swim for the first time in the pool beside him, demonstrating his role as a supportive trainer.Premise: a small brown and white dog swimming through the pool next to a man.",,contradiction,0,4,contradiction|contradiction|contradiction|contradiction|neutral,32,[4]
"Premise: Two girls playing basketball.
Hypothesis: The girl threw the basketball.","Premise: Two girls playing basketball.
Hypothesis: The girls are sitting on the bench, not playing basketball.",,neutral,1,0,entailment,19,[]
"Premise: A woman taping a paper notice to a board.
Hypothesis: A woman taping a job notice on a bulletin board.","Premise: A woman taping a paper notice to a board.
Hypothesis: A woman is posting a community event flyer about a book club meeting about classic literature on the community bulletin board, aiming to attract avid readers and foster intellectual conversation among the neighborhood's literary enthusiasts.Premise: A woman taping a paper notice to a board.",,contradiction,1,5,contradiction|contradiction|contradiction|contradiction|contradiction|contradiction,31,[]
"Premise: a boy in a blue uniform is standing next to a boy in red and a boy in yellow and they are holding baseball gloves.
Hypothesis: Three boys hold baseball gloves.","Premise: a boy in a blue uniform is standing next to a boy in red and a boy in yellow and they are holding baseball gloves.
Hypothesis: No boys are holding baseball gloves.",,neutral,0,0,entailment,40,[]
"Premise: Two people are sitting on a rock looking off into the distance.
Hypothesis: Two people are outdoors.","Premise: Two people are sitting on a rock looking off into the distance.
Hypothesis: Two people are indoors watching TV.",,neutral,0,0,entailment,26,[]
"Premise: A young teenage boy in a blue and white striped coat gives a weak smile while walking with four other girls.
Hypothesis: the boy is fifteen","Premise: A young teenage boy in a blue and white striped coat gives a weak smile while walking with four other girls.
Hypothesis: The boy is not fifteen years old.",,neutral,1,5,neutral|neutral|neutral|neutral|neutral|neutral,34,[]
"Premise: A man juggles a flaming staff in the dark.
Hypothesis: A man juggling balls.","Premise: A man juggles a flaming staff in the dark.
Hypothesis: A man is juggling balls instead of juggling a flaming staff.",,neutral,2,4,neutral|neutral|neutral|neutral|neutral,25,"[1, 3]"
"Premise: Two men pouring concrete onto another truck.
Hypothesis: The men are eating lunch","Premise: Two men pouring concrete onto another truck.
Hypothesis: The men paused their work of pouring concrete onto another truck to take a lunch break because they were hungry and needed to refuel before continuing their laborious task.",,contradiction,2,3,contradiction|contradiction|contradiction|contradiction,21,"[3, 5]"
"Premise: Two people climb a rock overhanging water.
Hypothesis: The two people are racing each other on the rock.","Premise: Two people climb a rock overhanging water.
Hypothesis: Two friends are taking a challenging hike together on a rock overhanging water, marveling at the beauty of nature and bonding over shared experiences, completely unaware of the competition as they enjoy their adventure in the great outdoors.",,contradiction,1,3,contradiction|contradiction|contradiction|neutral,29,[]
"Premise: A man and woman sitting on the sidewalk.
Hypothesis: The man and woman are sitting.","Premise: A man and woman sitting on the sidewalk.
Hypothesis: A man and woman are standing in the rain on the sidewalk.",,neutral,0,1,neutral|contradiction,24,[]
"Premise: A group of Chinese people sitting and laying down together on what appears to be a front porch.
Hypothesis: A group of African American people are eating dinner at KFC.","Premise: A group of Chinese people sitting and laying down together on what appears to be a front porch.
Hypothesis: A group of Chinese people are dining in a Chinese restaurant.",,entailment,2,0,contradiction,40,[]
"Premise: A young girl with a purple shirt and a pink hair band standing near the woods.
Hypothesis: A little girl is standing outside.","Premise: A young girl with a purple shirt and a pink hair band standing near the woods.
Hypothesis: A young girl with a purple shirt and a pink hair band is inside her house.",,neutral,0,0,contradiction,32,[]
"Premise: A person throws a red toy for a dog to run for.
Hypothesis: A dog is looking for a cat.","Premise: A person throws a red toy for a dog to run for.
Hypothesis: A dog is playing fetch with a red toy with a person, joyfully catching it and returning back for more.",,contradiction,2,3,contradiction|contradiction|contradiction|contradiction,29,"[2, 4, 5]"
"Premise: Two men are fixing the side of an old brick building.
Hypothesis: People fixing a building","Premise: Two men are fixing the side of an old brick building.
Hypothesis: Two women are demolishing the side of an old brick building.",,neutral,0,0,entailment,24,[]
"Premise: An Indian woman stands in an outdoor marketplace.
Hypothesis: An Indian woman visits the outdoor bazaar to buy rice.","Premise: An Indian woman stands in an outdoor marketplace.
Hypothesis: An Indian woman, who cherishes the tradition of wandering through bustling marketplaces as a means of cultural exploration, stands in an outdoor marketplace in Delhi, her eyes wide with wonder as she takes in the myriad of sights, sounds, and smells that epitomize the chaotic yet heartwarming essence of Indian commerce, far from the monotony of her daily routines.",,contradiction,1,2,contradiction|contradiction|neutral,29,"[2, 3, 4]"
"Premise: A statue at a museum that no seems to be looking at.
Hypothesis: Tons of people are gathered around the statue.","Premise: A statue at a museum that no seems to be looking at.
Hypothesis: The statue at the museum sits quietly as a lone visitor stands in contemplative silence nearby, far from the bustling crowds that usually gather for other exhibits.",,contradiction,2,0,neutral,31,[]
"Premise: A young boy plays with the contents of a pantry and a cash register, pretending he runs a grocery store.
Hypothesis: A boy is playing with food.","Premise: A young boy plays with the contents of a pantry and a cash register, pretending he runs a grocery store.
Hypothesis: A boy is not playing with food.",,neutral,-1,0,contradiction,37,[]
"Premise: A child in a jeans jacket and shorts holding up a white dress as another darker-skinned child looks at it.
Hypothesis: a child holds a dress","Premise: A child in a jeans jacket and shorts holding up a white dress as another darker-skinned child looks at it.
Hypothesis: A child in a jeans jacket and shorts is NOT holding a dress; instead, they are wearing it.",,neutral,0,5,neutral|neutral|neutral|neutral|neutral|neutral,36,[]
"Premise: A dark-haired man wearing a black and white t-shirt eats in a park surrounded by people.
Hypothesis: A man sits in the cafeteria.","Premise: A dark-haired man wearing a black and white t-shirt eats in a park surrounded by people.
Hypothesis: A man is eating alone in a closed cafeteria.",,entailment,2,0,contradiction,34,[]
"Premise: Two men stand in hula grass skirts stand in the back of a truck at the top of a silver ramp.
Hypothesis: The two men are wearing hula grass skirts.","Premise: Two men stand in hula grass skirts stand in the back of a truck at the top of a silver ramp.
Hypothesis: The two men are not wearing hula grass skirts.",,neutral,0,0,entailment,41,[]
"Premise: A man wearing a brown shirt and backpack is pushing a stroller while a small toddler is walking along aside him on a rain-covered street.
Hypothesis: The man's shirt is white.","Premise: A man wearing a brown shirt and backpack is pushing a stroller while a small toddler is walking along aside him on a rain-covered street.
Hypothesis: The man, who had left his job as a barista at the café, is taking a break from his new career as a freelance photographer, enjoying a quiet moment alone at a park bench, camera in hand, lost in thought about the perfect shot to capture the changing autumn leaves, completely detached from the bustling life of the city café scene.",,contradiction,2,5,contradiction|contradiction|contradiction|contradiction|contradiction|contradiction,43,[]
"Premise: A young man is playing a blue guitar.
Hypothesis: The man is playing the guitar.","Premise: A young man is playing a blue guitar.
Hypothesis: The young man is NOT playing the guitar, but instead is seen painting a picture.",,neutral,0,1,neutral|entailment,24,[]
"Premise: Five people standing on a stage, getting ready to perform, who are unrecognizable due to the lack of lighting.
Hypothesis: In a dim room, several actors who can barely see each other, are getting ready to act.","Premise: Five people standing on a stage, getting ready to perform, who are unrecognizable due to the lack of lighting.
Hypothesis: Five people standing on a stage under bright lights, actively dancing and cheering, completely contradicts the scene where they are standing still and unrecognizable in the dark due to the lack of lighting. The original scene suggests they are preparing for a performance in poor lighting, whereas the counterfactual describes them in the middle of a vibrant and well-lit show, which is a direct contradiction.",,neutral,0,5,neutral|neutral|neutral|neutral|neutral|neutral,52,[]
"Premise: A man in a black jacket standing beside a green mailbox thoroughly soiled by a group of pigeons that are nearby.
Hypothesis: A man is feeding the birds by a blue mailbox","Premise: A man in a black jacket standing beside a green mailbox thoroughly soiled by a group of pigeons that are nearby.
Hypothesis: A man is observing the pigeons near a mailbox, not sure whether he should feed them or not.",,contradiction,-1,0,neutral,42,[]
"Premise: A small child dressed for winter stares across a lake while leaning on a mesh fence in a scenic park setting.
Hypothesis: A small child dressed for winter stares across a floating lake while leaning on a mesh fence","Premise: A small child dressed for winter stares across a lake while leaning on a mesh fence in a scenic park setting.
Hypothesis: A small child dressed for winter stares directly at a snowman in the park rather than across a lake while leaning on a solid wooden fence.",,neutral,0,0,contradiction,47,[]
"Premise: Workers wearing orange vests stand near rail tracks.
Hypothesis: Workers wearing orange are about to repair rail tracks.","Premise: Workers wearing orange vests stand near rail tracks.
Hypothesis: Workers wearing orange vests near rail tracks are actually just posing for a photograph and have no intention of repairing the tracks.",,neutral,1,0,contradiction,27,[]
"Premise: A kid slides down a yellow slide into a swimming pool.
Hypothesis: The kid is playing at the waterpark.","Premise: A kid slides down a yellow slide into a swimming pool.
Hypothesis: The kid is quietly enjoying a peaceful afternoon picnic in the park, with the sun shining down, casting happy shadows through the trees as he munches on a slice of watermelon, blissfully unaware of the slide and pool a world away, surrounded by the symphony of nature's calm.",,contradiction,1,5,contradiction|contradiction|contradiction|contradiction|contradiction|contradiction,29,[]
"Premise: Bubbles surround a statue in the middle of a street.
Hypothesis: There are bubbles around the statue.","Premise: Bubbles surround a statue in the middle of a street.
Hypothesis: There are no bubbles around the statue.",,neutral,0,0,entailment,27,[]
"Premise: A man in a black shirt, in a commercial kitchen, holding up meat he took out of a bag.
Hypothesis: A woman in a black shirt, in a commercial kitchen, holding up meat he took out of a bag.","Premise: A man in a black shirt, in a commercial kitchen, holding up meat he took out of a bag.
Hypothesis: A woman in a white shirt, in a residential kitchen, holding up vegetables she took out of a fridge.",,neutral,2,0,contradiction,52,[]
"Premise: A man wearing a blue shirt and headphones around his neck raises his arm.
Hypothesis: A man is raising his arm.","Premise: A man wearing a blue shirt and headphones around his neck raises his arm.
Hypothesis: A man wearing a blue shirt and headphones around his neck is not raising his arm, despite the premise stating that he is raising it.",,neutral,0,4,neutral|neutral|neutral|neutral|entailment,30,[]
"Premise: A man in a white striped shirt and blue jeans using a water hose to spray water on the ground of concrete ruins.Fo.
Hypothesis: A man is riding a motorcycle through a grassy field.","Premise: A man in a white striped shirt and blue jeans using a water hose to spray water on the ground of concrete ruins.Fo.
Hypothesis: A man wearing a white striped shirt and blue jeans uses a water hose to water the plants in a grassy field, while a man in similar attire works on the concrete ruins nearby.",,contradiction,2,4,contradiction|contradiction|contradiction|contradiction|neutral,46,[]
"Premise: A young boy wearing a red shirt and jeans stands in the middle of a field and throws a toy plane in the air.
Hypothesis: A young boy is playing in the field because his mother kicked him out of the house.","Premise: A young boy wearing a red shirt and jeans stands in the middle of a field and throws a toy plane in the air.
Hypothesis: A young boy wearing a red shirt and jeans, utterly enchanted by the shimmer of a dragonfly wings, momentarily pauses his playful adventure to witness its aerial acrobatics in the wide open field, oblivious to the world around him as he marvels at the wonders of nature's smallest flyers, his earlier intention of throwing the toy plane forgotten in this moment of spontaneous exploration.",,contradiction,1,3,contradiction|contradiction|contradiction|neutral,51,[]
"Premise: A dog standing near snow looking at water.
Hypothesis: The dog is thinking about going to for a swim.","Premise: A dog standing near snow looking at water.
Hypothesis: The dog is contemplating the chilly temperature of the water near the snow.",,contradiction,1,0,neutral,28,[]
"Premise: A woman, standing behind a girl, helping the girl with an experiment.
Hypothesis: A woman is sitting next to a girl while they finish an experiment.","Premise: A woman, standing behind a girl, helping the girl with an experiment.
Hypothesis: A woman, standing next to a girl, is loudly arguing against helping the girl with the experiment because she thinks experiments are pointless, completely opposite to the woman standing behind the girl, helping her with the experiment.",,neutral,-1,5,neutral|neutral|neutral|neutral|neutral|neutral,37,[4]
"Premise: A man in purple tie is singing.
Hypothesis: A man is talking to others.","Premise: A man in purple tie is singing.
Hypothesis: A man is talking quietly, without making any gestures or sound.",,neutral,2,4,neutral|neutral|neutral|neutral|entailment,23,[]
"Premise: A golfer is getting ready to putt on the green, with a crowd of people watching in the background.
Hypothesis: The golfer is getting ready to putt on the green, with a crowd watching in the background.","Premise: A golfer is getting ready to putt on the green, with a crowd of people watching in the background.
Hypothesis: The golfer is taking a break away from the green, without any crowd watching in the background.",,neutral,0,0,contradiction,50,[]
"Premise: A man in a suit stands on a walkway with is suitcase with a large display in front of him announcing airline flights.
Hypothesis: A man is sitting on a beach in Mexico.","Premise: A man in a suit stands on a walkway with is suitcase with a large display in front of him announcing airline flights.
Hypothesis: A sharply dressed executive in a dark blue suit stands attentively on a walkway in a bustling city, suitcase in hand, looking at a large digital display that boasts airline flight schedules, dressed to impress and clearly poised for an important business meeting rather than planning a vacation to the sunny beaches of Mexico.",,contradiction,2,5,contradiction|contradiction|contradiction|contradiction|contradiction|neutral,43,[]
"Premise: A boy hits a tennis ball on a court.
Hypothesis: A boy is hitting a ball.","Premise: A boy hits a tennis ball on a court.
Hypothesis: A boy is actively avoiding hitting the tennis ball while on a court.",,neutral,0,4,neutral|neutral|neutral|neutral|neutral,25,"[3, 4, 5]"
"Premise: A bearded man sits near a white van.
Hypothesis: A man waiting for someone near a white van.","Premise: A bearded man sits near a white van.
Hypothesis: A bearded man takes a break near a white van that he's planning to sell to a new owner later in the day.",,contradiction,1,0,neutral,28,[]
"Premise: Passengers in a rusty yellow car driving down the street.
Hypothesis: An old taxi drives on a street.","Premise: Passengers in a rusty yellow car driving down the street.
Hypothesis: The passengers are traveling in an old, rusty, yellow taxi, which is clearly indicated by the car's characteristic details and the context of being on a street typically frequented by taxis.",,contradiction,1,1,contradiction|entailment,28,[]
"Premise: a young boy using a field microscope to identify a field specimen during a field trip.
Hypothesis: The boy is on a science field trip.","Premise: a young boy using a field microscope to identify a field specimen during a field trip.
Hypothesis: The boy, while exploring the vast landscapes of a distant planet during a cosmic expedition, is astonished by the otherworldly glow of glowing crystals and decides to sketch them instead of continuing his search for alien life forms, completely shifting his focus from scientific exploration to artistic expression.",,contradiction,1,5,contradiction|contradiction|contradiction|contradiction|contradiction|contradiction,34,[]
"Premise: A man and two kids standing in front of an ancient building.
Hypothesis: A man is standing with his sons.","Premise: A man and two kids standing in front of an ancient building.
Hypothesis: A man and two youngsters, both dressed in vibrant costumes, are striking comedic poses in front of an ancient Roman amphitheater, perfectly capturing the spirit of a renaissance fair photo shoot.Premise: A man and two kids standing in front of an ancient building.",,contradiction,1,2,contradiction|contradiction|neutral,29,[]
"Premise: A child with blond-hair looking out of a screen door.
Hypothesis: A child is being held by his mother at the mall.","Premise: A child with blond-hair looking out of a screen door.
Hypothesis: A child with blond-hair, who should logically be outdoors if looking out of a screen door, is instead being held by his mother inside the mall, which is a clear contradiction to the scenario described by the premise.",,contradiction,2,0,neutral,33,[]
"Premise: Two people are running in the grass by a hill.
Hypothesis: The people are running outside.","Premise: Two people are running in the grass by a hill.
Hypothesis: The people are running inside a gym.",,neutral,0,0,contradiction,25,[]
"Premise: A golden dog bounds across the snow-covered hill.
Hypothesis: A golden dog bounds across the snow-covered land form.","Premise: A golden dog bounds across the snow-covered hill.
Hypothesis: A golden dog is lying lazily on the beach in the summer heat.",,neutral,0,0,contradiction,29,[]
"Premise: Two woman, one wearing a blue striped shirt and the other wearing a flowered shirt, are riding horses.
Hypothesis: Women are outside riding horses.","Premise: Two woman, one wearing a blue striped shirt and the other wearing a flowered shirt, are riding horses.
Hypothesis: Two women are inside a riding simulator.",,neutral,0,0,contradiction,36,[]
"Premise: A short-haired man is jumping while on top of a huge boulder.
Hypothesis: The man is sitting down on the rock.","Premise: A short-haired man is jumping while on top of a huge boulder.
Hypothesis: The man is standing and shouting on the rock.",,entailment,2,1,entailment|contradiction,32,[]
"Premise: A man wearing a blue apron and long rubber boots is dragging a flotation device from a long row of flotation devices.
Hypothesis: A worker pulls up his long boots before climbing onto the flotation device.","Premise: A man wearing a blue apron and long rubber boots is dragging a flotation device from a long row of flotation devices.
Hypothesis: While thinking about his next vacation, a worker daydreams about lying on a beach in the Caribbean, completely detached from the task of moving a flotation device at his job site, which has nothing to do with his current state of mind or work duties.",,contradiction,1,3,contradiction|contradiction|contradiction|contradiction,46,"[2, 4]"
"Premise: 3 people on plain boats smiling towards the camera.
Hypothesis: 3 boating people being attacked by lions.","Premise: 3 people on plain boats smiling towards the camera.
Hypothesis: 3 boating people smiling towards the camera as they safely avoid being attacked by playful lions at a controlled wildlife experience.",,contradiction,2,0,neutral,29,[]
"Premise: Bearded black dressed male performer is displaying his skill by swinging a fire line in each hand in arcs.
Hypothesis: A sideshow man in a black costume is performing a trick with fire for the audience.","Premise: Bearded black dressed male performer is displaying his skill by swinging a fire line in each hand in arcs.
Hypothesis: A performer dressed in traditional blackface attire swings flaming poi for an impromptu street performance, captivating the afternoon pedestrians with his skill and audacity.",,contradiction,0,0,neutral,47,[]
"Premise: A bald man with a white shirt and watch eating food and drinking wine.
Hypothesis: There is a bald man.","Premise: A bald man with a white shirt and watch eating food and drinking wine.
Hypothesis: There is a man with a full head of hair.",,neutral,0,1,neutral|entailment,29,[]
"Premise: A man is doing a task by a body of water on a farm.
Hypothesis: The man is doing something by the water.","Premise: A man is doing a task by a body of water on a farm.
Hypothesis: The man is NOT doing anything by the water.",,neutral,0,1,neutral|entailment,32,[]
"Premise: An older women looking off into the distance with three older women walking towards her from behind.
Hypothesis: An older woman is trying to see a billboard that is far away","Premise: An older women looking off into the distance with three older women walking towards her from behind.
Hypothesis: An older woman, deep in her own world of philosophical contemplation, ponders the mysteries of the universe as she gazes at the stars twinkling above the urban canopy, a spectacle she observes each evening from her secluded balcony, entirely absorbed and unaware of the three older women approaching from behind, their evening walk a routine devoid of any connection to her cosmic musings.",,contradiction,1,4,contradiction|contradiction|contradiction|contradiction|neutral,39,[4]
"Premise: Two men fixing a bicycle.
Hypothesis: Two men work on a motorcycle.","Premise: Two men fixing a bicycle.
Hypothesis: Two men are dismantling a bicycle.",,entailment,2,0,neutral,21,[]
"Premise: Two belly dancers perform with each other in the streets while passersby look on and watch the display.
Hypothesis: Two dancers are making money","Premise: Two belly dancers perform with each other in the streets while passersby look on and watch the display.
Hypothesis: Two belly dancers are showcasing their talents in a public performance.",,contradiction,1,0,neutral,34,[]
"Premise: Two gondola operators sit along a road in Italy.
Hypothesis: The gondola operators are in uniform.","Premise: Two gondola operators sit along a road in Italy.
Hypothesis: The gondola operators are wearing casual clothes.",,neutral,1,0,contradiction,29,[]
"Premise: Someone in a white and black polka dot outfit handing out small cartons of orange juice behind caution tape on a street.
Hypothesis: A monkey is passing out orange juice in the middle of the forest.","Premise: Someone in a white and black polka dot outfit handing out small cartons of orange juice behind caution tape on a street.
Hypothesis: A person dressed in white and black polka dots, clearly a human and not a monkey, is handing out small cartons of orange juice behind caution tape on a busy city street.",,contradiction,2,1,contradiction|neutral,47,[]
"Premise: Men wearing life vests speed across a body of water in an orange boat.
Hypothesis: The men are outside.","Premise: Men wearing life vests speed across a body of water in an orange boat.
Hypothesis: The men are inside the swimming pool instead of speeding across a body of water in an orange boat.",,neutral,0,4,neutral|neutral|neutral|neutral|neutral,28,"[1, 2, 5]"
"Premise: An old man, likely a blacksmith, is welding a tool, seen by the red hot scorching look of it.
Hypothesis: A farmer is milking the cow.","Premise: An old man, likely a blacksmith, is welding a tool, seen by the red hot scorching look of it.
Hypothesis: After having spent hours in the heat of the forge, the blacksmith decides to escape the din and sweat by embarking on a peaceful retreat to a nearby library, immersing himself in the quiet world of books, far removed from the clang and sizzle of metal.",,contradiction,2,3,contradiction|contradiction|contradiction|neutral,42,[]
"Premise: A squirrel stands on its hind legs in the grass at the edge of a road.
Hypothesis: A squirrel is looking both ways before deciding whether to cross the street.","Premise: A squirrel stands on its hind legs in the grass at the edge of a road.
Hypothesis: A cautious squirrel stands on its hind legs on the edge of a busy road, intently surveying the area with keen eyes before slowly deciding to remain on its perch for safety, as crossing the street could put it in grave danger from speeding vehicles.",,contradiction,-1,5,contradiction|contradiction|contradiction|contradiction|contradiction|contradiction,39,[]
"Premise: The indian's are performing a sacred dance.
Hypothesis: The people are dancing.","Premise: The indian's are performing a sacred dance.
Hypothesis: The people are NOT dancing while the premise states that the Indian's ARE performing a sacred dance.",,neutral,0,4,neutral|neutral|neutral|neutral|neutral,22,"[2, 3, 4, 5]"
"Premise: A boy in red and a girl pink are walking through a low cut field.
Hypothesis: Kids are playing in the field.","Premise: A boy in red and a girl pink are walking through a low cut field.
Hypothesis: A boy in red and a girl in pink are taking a leisurely stroll through a low cut field on a beautiful autumn afternoon, observing the golden hues of the fallen leaves and discussing their plans for the weekend.",,contradiction,1,0,neutral,31,[]
"Premise: Men wearing painted clothes are standing in the rain.
Hypothesis: Men are getting wet with the rain.","Premise: Men wearing painted clothes are standing in the rain.
Hypothesis: Men wearing painted clothes are standing in the sun, completely dry.",,neutral,0,0,entailment,26,[]
"Premise: A person dressed in a dress with flowers and a stuffed bee attached to it, is pushing a baby stroller down the street.
Hypothesis: A lady sitting on a bench in the park.","Premise: A person dressed in a dress with flowers and a stuffed bee attached to it, is pushing a baby stroller down the street.
Hypothesis: A lady beautifully adorned in a dress with flowers and a stuffed bee is elegantly pushing a baby stroller down the street, en route to sit on a bench in the park where the surroundings are beautifully landscaped with flowers.",,contradiction,2,3,contradiction|contradiction|contradiction|contradiction,44,"[3, 5]"
"Premise: Two children re laying on a rug with some wooden bricks laid out in a square between them.
Hypothesis: Two children are playing catch at a park.","Premise: Two children re laying on a rug with some wooden bricks laid out in a square between them.
Hypothesis: Two children are carefully constructing a square wooden structure with interlocking bricks on a soft rug indoors.",,contradiction,2,1,contradiction|neutral,36,[]
"Premise: A young middle eastern mother in high heels, holding her young child as he lays his head on her shoulder asleep, is gazing out the window.
Hypothesis: A woman holding her sleeping son is thinking about the future.","Premise: A young middle eastern mother in high heels, holding her young child as he lays his head on her shoulder asleep, is gazing out the window.
Hypothesis: A woman holding her baby is browsing social media on her smartphone while her toddler plays nearby.",,contradiction,1,5,contradiction|contradiction|contradiction|contradiction|contradiction|neutral,50,[]
"Premise: A woman poses for a picture with a child.
Hypothesis: The woman and child take a picture together.","Premise: A woman poses for a picture with a child.
Hypothesis: The woman and child do not take a picture at all.",,neutral,0,1,neutral|entailment,27,[]
"Premise: A young girl chasing a duck with bread in her hands.
Hypothesis: A child is chasing an animal.","Premise: A young girl chasing a duck with bread in her hands.
Hypothesis: A child is NOT chasing an animal.",,neutral,0,0,entailment,27,[]
"Premise: A man in the bucket of a chery-picker cuts down branches using a chainsaw at the end of a long pole.
Hypothesis: A man is trimming trees.","Premise: A man in the bucket of a chery-picker cuts down branches using a chainsaw at the end of a long pole.
Hypothesis: A man in the bucket of a cherry-picker is conducting an interview for a local news story, using a microphone instead of a chainsaw at the end of a long pole.",,contradiction,0,3,contradiction|contradiction|contradiction|neutral,39,[]
"Premise: Two adults hold either side of a boat at the edge of the water.
Hypothesis: Two people are hiking.","Premise: Two adults hold either side of a boat at the edge of the water.
Hypothesis: Two people are sitting in a boat at the dock.",,neutral,2,0,contradiction,28,[]
"Premise: Four women competitively rollerskating around an area.
Hypothesis: four men are rollerskating.","Premise: Four women competitively rollerskating around an area.
Hypothesis: Four women are standing still while watching four men rollerskate.",,entailment,2,0,contradiction,26,[]
"Premise: A young boy in a cowboy hat rides a large horse.
Hypothesis: A boy is sleeping.","Premise: A young boy in a cowboy hat rides a large horse.
Hypothesis: The young boy in a cowboy hat has just dismounted from the large horse and is holding the reins while he takes off his hat, ready to rest after a long ride.",,contradiction,2,1,contradiction|neutral,25,[]
"Premise: Two men are standing in a boat.
Hypothesis: A few men are fishing on a boat.","Premise: Two men are standing in a boat.
Hypothesis: Two men are playing poker in a boat.",,neutral,1,1,neutral|entailment,25,[]
"Premise: Two young boys are playing in a fountain in a city plaza.
Hypothesis: Kids are are standing in a fountain.","Premise: Two young boys are playing in a fountain in a city plaza.
Hypothesis: Two young boys are standing outside the city plaza, away from the fountain, reading books.",,neutral,0,3,neutral|neutral|neutral|contradiction,29,"[1, 2]"
"Premise: Military personnel are shopping
Hypothesis: Military personnel are in the mall.","Premise: Military personnel are shopping
Hypothesis: Military personnel are NOT shopping at the cinema.",,neutral,1,5,neutral|neutral|neutral|neutral|neutral|neutral,20,[4]
"Premise: An older women looking off into the distance with three older women walking towards her from behind.
Hypothesis: 4 older woman are walking","Premise: An older women looking off into the distance with three older women walking towards her from behind.
Hypothesis: Four older women are actively walking away from an older woman who is looking off into the distance, while three other older women remain stationary behind, clearly contradicting the original claim that four older women are walking towards an individual.",,neutral,0,5,neutral|neutral|neutral|neutral|neutral|neutral,32,[]
"Premise: A man wearing a wife-beater sings into a microphone as a blue light shines on him.
Hypothesis: A naked man drinks a soda in the dark.","Premise: A man wearing a wife-beater sings into a microphone as a blue light shines on him.
Hypothesis: A well-dressed man performs a solo magic act, impressing the crowd with his sleight of hand and illusionary tricks, on stage at a grand magic convention, which has nothing to do with a man singing in a specific lighting scenario with a blue light shining on him.",,contradiction,2,5,contradiction|contradiction|contradiction|contradiction|contradiction|contradiction,37,[]
"Premise: A lady is helping another woman work in a silver compartment, which is most likely related to nurse-work.
Hypothesis: A lady is sleeping on a couch","Premise: A lady is helping another woman work in a silver compartment, which is most likely related to nurse-work.
Hypothesis: A lady is sipping a cup of tea on a cozy outdoor bench, watching children play in a nearby park as the sun begins to set.",,contradiction,2,5,contradiction|contradiction|contradiction|contradiction|contradiction|contradiction,36,"[3, 5]"
"Premise: Men sitting at a table in a church.
Hypothesis: The men pray at the alters.","Premise: Men sitting at a table in a church.
Hypothesis: The men are deeply engrossed in a heated debate about the historical significance of the church's stained glass windows, occasionally pausing to admire the colorful patterns against the dim candlelight, completely oblivious to the theological discussions happening in the nearby pews.",,contradiction,2,4,contradiction|contradiction|contradiction|contradiction|contradiction,24,[5]
"Premise: A young girl with a white long-sleeved shirt on helps a young boy brown long-sleeved shirt on with tying his shoelaces.
Hypothesis: A girl helps a boy tie his shoes","Premise: A young girl with a white long-sleeved shirt on helps a young boy brown long-sleeved shirt on with tying his shoelaces.
Hypothesis: A girl is refusing to help a boy tie his shoes.",,neutral,0,0,contradiction,46,[]
"Premise: A dark-skinned person, crouched while painting a sign.
Hypothesis: A black man is painting a protest sign.","Premise: A dark-skinned person, crouched while painting a sign.
Hypothesis: The person is not painting a protest sign but instead creating an advertisement for a local business.",,neutral,1,0,contradiction,31,[]
"Premise: Six men in airport standing on moving walkway
Hypothesis: There is a group of people at the airport.","Premise: Six men in airport standing on moving walkway
Hypothesis: There is not a single person at the airport despite the presence of six men standing on a moving walkway.",,neutral,0,5,neutral|neutral|neutral|neutral|neutral|neutral,28,[]
"Premise: A young man with glasses and his companion are attempting to do laundry in a public place.
Hypothesis: A tall person with glasses","Premise: A young man with glasses and his companion are attempting to do laundry in a public place.
Hypothesis: A young man with glasses, along with his curious friend interested in bird watching, are at a public laundromat, chatting about the different types of birds they've seen this season while casually doing their laundry.Premise: A young man with glasses and his companion are attempting to do laundry in a public place.",,contradiction,1,1,contradiction|neutral,31,[]
"Premise: Man on phone in business suit walking down a busy street.
Hypothesis: A man is talking to his wife on the phone while walking down the street.","Premise: Man on phone in business suit walking down a busy street.
Hypothesis: The man is engrossed in a phone app, reviewing real estate listings for potential investment properties in the city, as he casually strolls down a bustling urban sidewalk, completely absorbed in his potential future as a savvy property mogul, bypassing fellow pedestrians who are caught up in their own conversations about last night's exciting game, oblivious to his deep financial contemplation.",,contradiction,1,5,contradiction|contradiction|contradiction|contradiction|contradiction|contradiction,36,[]
"Premise: A person is walking a bicycle down a city street.
Hypothesis: The bike has a flat tire.","Premise: A person is walking a bicycle down a city street.
Hypothesis: A person is walking a bicycle down a city street on their way to return a lost pet to its owner.",,contradiction,1,5,contradiction|contradiction|contradiction|contradiction|contradiction|contradiction,26,[]
"Premise: An older woman is holding a small child.
Hypothesis: a woman holding a child","Premise: An older woman is holding a small child.
Hypothesis: An older woman is letting go of a small child as she is not holding it.",,neutral,0,3,neutral|neutral|neutral|neutral,22,"[1, 5]"
"Premise: A woman plays guitar for tips.
Hypothesis: there is no way one can learn music","Premise: A woman plays guitar for tips.
Hypothesis: Learning to play music involves various instruments besides the guitar, and besides practicing guitar for tips can be a fun way to perform live.",,contradiction,2,1,contradiction|neutral,23,[]
"Premise: A man and a woman sitting down laughing.
Hypothesis: The man and woman are mad at each other.","Premise: A man and a woman sitting down laughing.
Hypothesis: The man and woman are crying.",,neutral,2,0,contradiction,27,[]
"Premise: Family sitting down in a field of grass while others walk by.
Hypothesis: No one is sitting in the field of grass.","Premise: Family sitting down in a field of grass while others walk by.
Hypothesis: No one in the field of grass is standing up, and everyone is sitting down.",,entailment,2,3,entailment|entailment|entailment|contradiction,31,[2]
"Premise: A man and woman look through CD's at a street vendor.
Hypothesis: A man and women taking a break","Premise: A man and woman look through CD's at a street vendor.
Hypothesis: The man and woman are not looking at CD's because they are too busy arguing about something unrelated to music purchases.",,neutral,1,1,neutral|contradiction,28,[]
"Premise: A woman swings on a rope overlooking a red farmhouse and gated pastures and tall trees.
Hypothesis: the woman cooked a apple pie","Premise: A woman swings on a rope overlooking a red farmhouse and gated pastures and tall trees.
Hypothesis: After finishing cooking an apple pie in the farmhouse kitchen, the woman takes a moment to swing on a rope near the red farmhouse, enjoying the scenic view of tall trees, pastures, and a gated area, her heart warmed with the satisfaction of her freshly baked pie and the joy of taking a brief break from her culinary accomplishment. Her day of hard work in the farmhouse is now completed with a delicious meal ready for her family, making her simple rope swing an appropriate reward for her efforts and the perfect setting to savor her creation.",,contradiction,2,5,contradiction|contradiction|contradiction|contradiction|contradiction|contradiction,32,[]
"Premise: A lady digs through a garbage can looking to add to the shopping cart beside her.
Hypothesis: Lady is searching for food in garbage","Premise: A lady digs through a garbage can looking to add to the shopping cart beside her.
Hypothesis: Lady is searching for lost valuables she had previously misplaced in the shopping cart beside her.Premise: A lady digs through a garbage can looking to add to the shopping cart beside her.",,contradiction,1,2,contradiction|contradiction|neutral,32,"[1, 2, 3]"
"Premise: A wet black lab with a red collar is standing in the water.
Hypothesis: A wet dog is outside.","Premise: A wet black lab with a red collar is standing in the water.
Hypothesis: A wet black lab with a red collar is sitting inside on a rug.",,neutral,0,0,entailment,28,[]
"Premise: A crowd of people is looking at something outside of a Gap store.
Hypothesis: People are looking outside","Premise: A crowd of people is looking at something outside of a Gap store.
Hypothesis: A crowd gazes curiously towards a nearby street performance, entirely captivated by the flamboyant antics of the performers, while a food truck offers samples, drawing their gaze away momentarily from the event happening just outside the Gap store.Premise: A crowd of people is looking at something outside of a Gap store.",,contradiction,0,1,contradiction|neutral,26,[]
"Premise: A older man with gray hair wearing a gray suit next to a green and yellow taxi.
Hypothesis: A older woman sits in a green and yellow taxi.","Premise: A older man with gray hair wearing a gray suit next to a green and yellow taxi.
Hypothesis: An elderly man with gray hair wearing a gray suit is standing next to a green and yellow taxi while an older woman is sitting inside the taxi.",,contradiction,2,0,neutral,37,[]
"Premise: people are standing near water with a boat heading their direction
Hypothesis: People are standing near water with a large blue boat heading their direction.","Premise: people are standing near water with a boat heading their direction
Hypothesis: People are standing near water with a small, green canoe gently bobbing towards them.",,contradiction,1,0,neutral,34,[]
"Premise: Five boys in blue shirts drawing at a table.
Hypothesis: The boys are wearing red shirts.","Premise: Five boys in blue shirts drawing at a table.
Hypothesis: The boys are wearing blue shirts, but they are actually wearing red shirts.",,entailment,2,5,entailment|entailment|entailment|entailment|entailment|contradiction,25,"[1, 2, 3, 4]"
"Premise: A man in glasses and an orange shirt is sitting outside next to a table with drinks on it.
Hypothesis: A woman sits on a table","Premise: A man in glasses and an orange shirt is sitting outside next to a table with drinks on it.
Hypothesis: A group of people are gathered around a table enjoying various beverages.",,contradiction,2,0,neutral,34,[]
"Premise: An elderly man talking to a young boy by a table of produce.
Hypothesis: the boy was listening","Premise: An elderly man talking to a young boy by a table of produce.
Hypothesis: The elderly man was sharing exciting stories about his childhood adventures with the young boy, like the time he discovered a hidden treasure map, while they were wandering through a magical forest, completely separate from any produce or sea adventures.Premise: An elderly man talking to a young boy by a table of produce.",,contradiction,1,4,contradiction|contradiction|contradiction|contradiction|neutral,26,[]
"Premise: A man takes a drink in the doorway of a home.
Hypothesis: A man is looking out onto his front lawn from the doorway of his home.","Premise: A man takes a drink in the doorway of a home.
Hypothesis: A man pauses to contemplate the mysteries of the universe as he swirls a smoothie in the doorway of his futuristic home, lost in thought amidst the buzz of a local apiary buzzing with life beyond his high-tech windows. Premise: A man takes a drink in the doorway of a home.",,contradiction,1,3,contradiction|contradiction|contradiction|neutral,36,[]
"Premise: Two dogs run together near the leaves.
Hypothesis: The two dogs are running to play in the leaves.","Premise: Two dogs run together near the leaves.
Hypothesis: Two dogs run together near the leaves because they are chasing a butterfly, completely distracted from their planned playtime, as children watching from a distance clap and cheer for the unexpected aerial show, unrelated to any competition or owner presence.",,contradiction,1,5,contradiction|contradiction|contradiction|contradiction|contradiction|contradiction,27,[]
"Premise: Man jumping over a rusty fence on a blue bicycle.
Hypothesis: The man attending a meeting in his office.","Premise: Man jumping over a rusty fence on a blue bicycle.
Hypothesis: The man, usually attending a meeting, takes a break from the conference room and escapes to the outdoors, where he finds joy in the act of jumping over a rusty fence on a blue bicycle, relishing the freedom and excitement of this unexpected physical activity amidst his professional duties.",,contradiction,2,2,contradiction|contradiction|neutral,28,[]
"Premise: A man is sitting on the floor and is surrounded by pictures.
Hypothesis: A man sitting on the floor with photographs around him.","Premise: A man is sitting on the floor and is surrounded by pictures.
Hypothesis: A man is standing up next to a blank wall, completely ignoring the floor where he should be sitting.",,neutral,0,1,neutral|entailment,32,[]
"Premise: A man with no shirt on is holding a football.
Hypothesis: A man rolls on the ground on fire.","Premise: A man with no shirt on is holding a football.
Hypothesis: A man is holding a football while sitting calmly in a chair.",,entailment,2,0,contradiction,28,[]
"Premise: Fireworks light up the night as a man stands on stage.
Hypothesis: The fireworks were shot into the sky.","Premise: Fireworks light up the night as a man stands on stage.
Hypothesis: The fireworks were shot into the ground, not the sky.",,neutral,0,0,contradiction,29,[]
"Premise: A woman teaching a ballet class composed of small children holding colourful scarves.
Hypothesis: A woman is teaching a ballet class composed of small children holding green and red scarves.","Premise: A woman teaching a ballet class composed of small children holding colourful scarves.
Hypothesis: A woman is NOT teaching a ballet class despite the premise describing a woman teaching a ballet class composed of small children holding colorful scarves.",,neutral,1,5,neutral|neutral|neutral|neutral|neutral|neutral,41,[]
"Premise: A group of adults stands in the bathroom looking down a small child in the bath.
Hypothesis: The child is sleeping.","Premise: A group of adults stands in the bathroom looking down a small child in the bath.
Hypothesis: The child is sound asleep contrary to the fact that the child is wide awake and engaged in play.",,neutral,2,5,neutral|neutral|neutral|neutral|neutral|neutral,30,[]
"Premise: A smiling woman and man are seated in front of a microphone in a music studio.
Hypothesis: the woman is happy.","Premise: A smiling woman and man are seated in front of a microphone in a music studio.
Hypothesis: The smiling woman and man are having a professional job interview in the music studio.Premise: A smiling woman and man are seated in front of a microphone in a music studio.",,contradiction,1,1,contradiction|neutral,30,[]
"Premise: Two workers, one in a ditch and one standing on the ground, are working in front of a house.
Hypothesis: The workers are working infront of the house","Premise: Two workers, one in a ditch and one standing on the ground, are working in front of a house.
Hypothesis: The workers are not working in front of the house",,neutral,0,0,contradiction,39,[]
"Premise: Young boy smiles at the camera from the tire swing.
Hypothesis: He is barefoot.","Premise: Young boy smiles at the camera from the tire swing.
Hypothesis: He is not wearing shoes.",,neutral,1,1,neutral|contradiction,24,[]
"Premise: A woman in a green suit walking towards an escalator.
Hypothesis: A woman is walking to the escalator at a sporting event.","Premise: A woman in a green suit walking towards an escalator.
Hypothesis: A woman in a green suit is walking towards an escalator located in a busy city mall, not specifically at a sporting event.",,contradiction,1,0,neutral,33,[]
"Premise: Three people are outside.
Hypothesis: Three people enjoying the great outdoors.","Premise: Three people are outside.
Hypothesis: Three people are trapped inside a closed room.",,neutral,1,0,contradiction,20,[]
"Premise: A soldier using binoculars in a desert.
Hypothesis: A soldier using binoculars outside in the heat.","Premise: A soldier using binoculars in a desert.
Hypothesis: A soldier using binoculars in a desert, meticulously scanning for distant threats, while a group of camels quietly grazes in the background, completely unaware of the soldier’s vigilance.",,contradiction,0,4,contradiction|contradiction|contradiction|contradiction|neutral,29,[]
"Premise: Three bridesmaids in blue dresses hold the train of a bride's wedding dress.
Hypothesis: The bridesmaids are assisting the bride.","Premise: Three bridesmaids in blue dresses hold the train of a bride's wedding dress.
Hypothesis: The bridesmaids are NOT assisting the bride.",,neutral,0,0,contradiction,32,[]
"Premise: A man in colorful shorts is surfing under a wave.
Hypothesis: A man is sunbathing.","Premise: A man in colorful shorts is surfing under a wave.
Hypothesis: A man in colorful shorts is surfing under a wave while his friend is sunbathing on the nearby beach.",,contradiction,2,0,neutral,26,[]
"Premise: The cyclist rides on a wooded path.
Hypothesis: The cyclist rides quickly alone on a wooded path","Premise: The cyclist rides on a wooded path.
Hypothesis: The cyclist, while riding slowly due to an intense meditation session aimed at achieving mindfulness and inner peace, becomes one with the natural world as birds chirp harmoniously in the background, wholly detached from the concept of speed and destination.Premise: The cyclist rides on a wooded path.",,contradiction,1,3,contradiction|contradiction|contradiction|neutral,25,[]
"Premise: A boy wearing jeans, standing on rocks in a river and throwing a stone.
Hypothesis: A boy with no shirt on throws rocks.","Premise: A boy wearing jeans, standing on rocks in a river and throwing a stone.
Hypothesis: A boy with a shirt on throws no stones.",,neutral,1,0,entailment,33,[]
"Premise: A man in a suit cheering in a library in front of children.
Hypothesis: A lawyer is encouraging some children at a contest.","Premise: A man in a suit cheering in a library in front of children.
Hypothesis: A man in a suit cheering in a library in front of children is actually a villain scaring them away for a dark ritual.",,entailment,1,0,contradiction,32,[]
"Premise: A female runner dressed in blue athletic wear is running in a competition, while spectators line the street.
Hypothesis: There are children in the streets.","Premise: A female runner dressed in blue athletic wear is running in a competition, while spectators line the street.
Hypothesis: There are many children playing in the streets.",,neutral,2,3,neutral|neutral|neutral|contradiction,35,[]
"Premise: a green and white trolley car with an advertisement of coffee on the side and front of it in a city.
Hypothesis: A taxi cab with two women in the backseat talking on their cellphones.","Premise: a green and white trolley car with an advertisement of coffee on the side and front of it in a city.
Hypothesis: The scene accurately depicts a green and white trolley car with an advertisement for coffee, positioned in an urban setting, while a stationary taxi cab nearby contains two women who are chatting on their cellphones.",,contradiction,2,1,contradiction|neutral,47,[]
"Premise: Two men stand in the road, it almost appears to be some sort of movie set on a sunny day in California.
Hypothesis: Everybody is sitting","Premise: Two men stand in the road, it almost appears to be some sort of movie set on a sunny day in California.
Hypothesis: A group of people on the movie set in California are taking a break from shooting, chatting and laughing under the sun, with a picnic blanket spread out near the entrance where two security guards stand watch over their post, keeping an eye on the set's perimeter.",,contradiction,2,1,contradiction|neutral,35,[]
"Premise: A woman in red blouse is standing with small blond child in front of a small folding chalkboard.
Hypothesis: a woman stands with her child","Premise: A woman in red blouse is standing with small blond child in front of a small folding chalkboard.
Hypothesis: A woman in red is demonstrating pottery techniques to a student at a pottery studio, her hands covered in clay, while the small blond child sits nearby, completely engaged in a puzzle, oblivious to the pottery lesson happening around them.",,contradiction,1,3,contradiction|contradiction|contradiction|neutral,34,[]
"Premise: Six women wait to use a port-o-john in a field.
Hypothesis: Friends are meeting for coffee.","Premise: Six women wait to use a port-o-john in a field.
Hypothesis: A group of strangers who've coincidentally arrived at the same field for a local orienteering event are now organizing themselves into teams, sharing tips on navigation and planning their next move, completely unaware of the scheduled community clean-up in the park or the neighborhood barbecue preparations happening simultaneously elsewhere in town.",,contradiction,2,4,contradiction|contradiction|contradiction|contradiction|contradiction,28,"[2, 3]"
"Premise: While one man, in the white cap, is golfing, three other men are in the middle of a conversation.
Hypothesis: Four guys go bowling at the lanes.","Premise: While one man, in the white cap, is golfing, three other men are in the middle of a conversation.
Hypothesis: Four friends, taking a break from their vacation, are sitting at a bustling diner in downtown, engaged in an animated discussion about their latest road trip adventures, while a passing stranger in a white cap momentarily catches their attention.",,contradiction,2,1,contradiction|neutral,40,[]
"Premise: Two dogs are running next to each other on a grassy hill.
Hypothesis: The dogs are eating their food indoors.","Premise: Two dogs are running next to each other on a grassy hill.
Hypothesis: The dogs are eating their food outdoors on a grassy hill.",,entailment,2,0,contradiction,30,[]
"Premise: Two men stand on stairs with an assortment of chairs and a woven basket in the foreground.
Hypothesis: The basket is woven.","Premise: Two men stand on stairs with an assortment of chairs and a woven basket in the foreground.
Hypothesis: The basket is not a basket.",,neutral,0,1,neutral|contradiction,31,[]
"Premise: A child doing gymnastics
Hypothesis: The child is eating lunch at the park.","Premise: A child doing gymnastics
Hypothesis: The child is taking a nap on a cozy couch in their living room, surrounded by the peaceful sounds of the rain outside, completely oblivious to the world around them, away from the lively atmosphere of gymnastics practice.",,contradiction,2,5,contradiction|contradiction|contradiction|contradiction|contradiction|contradiction,23,[2]
"Premise: A man drops something, reaching for it while a woman in a beige blazer discusses an important topic.
Hypothesis: A man brushes his teeth in front of a mirror.","Premise: A man drops something, reaching for it while a woman in a beige blazer discusses an important topic.
Hypothesis: A man is trying to fix a broken gadget while a woman in a beige blazer explains the latest fashion trends to a group of onlookers.",,contradiction,2,0,neutral,40,[]
"Premise: A woman in a spaghetti strap tank wearing a flower in her hair is staring towards the right.
Hypothesis: The woman is sleeping on a pillow.","Premise: A woman in a spaghetti strap tank wearing a flower in her hair is staring towards the right.
Hypothesis: The woman, fascinated by the blooming flower in her hair, is absentmindedly daydreaming about her plans for the day ahead, completely oblivious to the world around her.",,contradiction,2,0,neutral,35,[]
"Premise: A man holds two children in his arms.
Hypothesis: A man poses for a photograph with his two grandchildren.","Premise: A man holds two children in his arms.
Hypothesis: A man enjoys a peaceful moment holding his children at a bustling playground, while a group of children play nearby.",,contradiction,1,1,contradiction|neutral,28,[]
"Premise: Three workers, with life vests and hard hats, on a boat hanging from cables over water.
Hypothesis: Three people are on a boat.","Premise: Three workers, with life vests and hard hats, on a boat hanging from cables over water.
Hypothesis: Despite the picture clearly showing three workers on a boat, there are no workers on any boat.",,neutral,0,3,neutral|neutral|neutral|entailment,34,[]
"Premise: A man playing the guitar while smoking a cigarette.
Hypothesis: The man is also playing the drums","Premise: A man playing the guitar while smoking a cigarette.
Hypothesis: The man is playing the drums while smoking a cigarette, continuing his performance with an added rhythmic element to his live music session.",,contradiction,2,1,contradiction|entailment,25,[]
"Premise: A older man with gray hair wearing a gray suit next to a green and yellow taxi.
Hypothesis: A older man with gray hair wearing a gray suit.","Premise: A older man with gray hair wearing a gray suit next to a green and yellow taxi.
Hypothesis: A man wearing a gray suit next to a vintage blue car at a classic car show, his hands clasped together as he marvels at the collection of vehicles around him, while a hot dog vendor approaches with a tempting display of food options.Premise: A older man with gray hair wearing a gray suit next to a green and yellow taxi.",,contradiction,0,5,contradiction|contradiction|contradiction|contradiction|contradiction|neutral,37,[]
"Premise: Two people walk up to a brick building with a colorful mural on its side.
Hypothesis: Two people walking toward a brick building with a colorful mural outside.","Premise: Two people walk up to a brick building with a colorful mural on its side.
Hypothesis: Two people walk away from a brick building with a colorful mural on its side, contrary to the premise showing them walking up to it.",,neutral,0,5,neutral|neutral|neutral|neutral|neutral|neutral,37,"[1, 4]"
"Premise: A dog hides in the tall grasses along a rocky shore
Hypothesis: The dog is outdoors.","Premise: A dog hides in the tall grasses along a rocky shore
Hypothesis: The dog is inside the house, away from any grasses or rocky shores.",,neutral,0,0,entailment,26,[]
"Premise: A young girl wearing yellow shorts and a white tank top using a cane pole to fish at a small pond.
Hypothesis: A girl in shorts is fishing in a pond.","Premise: A young girl wearing yellow shorts and a white tank top using a cane pole to fish at a small pond.
Hypothesis: A young girl with a cane is joyfully exploring the various textures and colors of fallen autumn leaves by the small pond, completely absorbed in her newfound hobby of leaf collecting near the water's edge.Premise: A young girl wearing yellow shorts and a white tank top using a cane pole to fish at a small pond.",,contradiction,0,2,contradiction|contradiction|neutral,40,[]
"Premise: The collie is standing outdoors on a sandy area.
Hypothesis: The collie is standing in the sand.","Premise: The collie is standing outdoors on a sandy area.
Hypothesis: The collie is standing in the grass despite not being outdoors on a sandy area.",,neutral,0,5,neutral|neutral|neutral|neutral|neutral|neutral,28,"[3, 4]"
"Premise: The red motocross bike and its rider are airborne above the trees.
Hypothesis: A rider is riding his motocross bike.","Premise: The red motocross bike and its rider are airborne above the trees.
Hypothesis: The rider is not riding but instead is taking a nap on his motocross bike.",,neutral,0,0,contradiction,33,[]
"Premise: Children at daycare playing on rings, and poles, one parent standing and holding her child and one teacher is sitting on the bench watching the others play.
Hypothesis: Children are enjoying their time at the park on a field trip.","Premise: Children at daycare playing on rings, and poles, one parent standing and holding her child and one teacher is sitting on the bench watching the others play.
Hypothesis: Children at daycare, amidst a day filled with vibrant laughter and colorful play, are exploring a diverse array of activities that range from playing with soft, plush toys to engaging in interactive storytelling sessions. Their dedicated caregivers, a kind-hearted teacher and a nurturing assistant, ensure that the environment fosters both creativity and learning, all the while managing to keep the energy levels high and spirits uplifted. Meanwhile, in the cozy reading corner, a wise old owl perched on a shelf silently observes the children, adding an element of serene wisdom to the lively daycare scene. The day wraps up with a soothing music and painting session, leaving everyone, young and old, enveloped in a sense of joy and fulfillment.",,contradiction,-1,3,contradiction|contradiction|contradiction|contradiction,51,"[2, 4]"
"Premise: Man in blue shirt yells and points off-camera while a man in a blue shirt and baseball cap watches.
Hypothesis: He is yelling at his son.","Premise: Man in blue shirt yells and points off-camera while a man in a blue shirt and baseball cap watches.
Hypothesis: He is giving instructions to a stranger passing by.",,contradiction,1,0,neutral,37,[]
"Premise: A woman poses with sunglasses shaped like dollar signs and a silver suitcase labelled ""LUCKY"" full of bills.
Hypothesis: A woman is posing for a photograph.","Premise: A woman poses with sunglasses shaped like dollar signs and a silver suitcase labelled ""LUCKY"" full of bills.
Hypothesis: A woman is striking a fashion-forward pose in a sun-drenched gallery, surrounded by modern art pieces, with a pair of oversized sunglasses perched on her nose, totally engrossed in contemplating the avant-garde sculptures before her, and with not a suitcase nor a dollar in sight.",,contradiction,0,2,contradiction|contradiction|entailment,39,[]
"Premise: Two kids running past a dinosaur in the woods.
Hypothesis: Some children in the forest pass by a plastic triceratops.","Premise: Two kids running past a dinosaur in the woods.
Hypothesis: Two kids running past a real T-rex in a desert.",,neutral,1,0,contradiction,32,[]
"Premise: a brown dog with a yellow toy in his mouth is jumping off the grassy ground
Hypothesis: The black dog has a red toy.","Premise: a brown dog with a yellow toy in his mouth is jumping off the grassy ground
Hypothesis: The brown dog is happily holding a yellow toy in his mouth, as he joyfully jumps off the grassy ground.",,neutral,2,5,neutral|neutral|neutral|neutral|neutral|neutral,34,[]
"Premise: Two young musicians play from a stage.
Hypothesis: The stage is empty","Premise: Two young musicians play from a stage.
Hypothesis: Two young musicians are setting up their instruments on the stage before their performance begins.",,contradiction,2,0,neutral,20,[]
"Premise: a skier is throwing up snow as he skis off piste.
Hypothesis: A snowboarder takes a nap on the course.","Premise: a skier is throwing up snow as he skis off piste.
Hypothesis: A snowboarder is lying down, not performing tricks, on the course instead of being active and engaged in tricks.",,entailment,2,5,entailment|entailment|entailment|entailment|entailment|entailment,34,[]
"Premise: A large African American man sitting on a camping chair.
Hypothesis: the large black man is running a race","Premise: A large African American man sitting on a camping chair.
Hypothesis: The large African American man, having trekked miles through the vast expanse of the Saharan desert in search of ancient artifacts, now sits on his camping chair in a bustling marketplace in Timbuktu, recounting his exhilarating journeys to a captivated crowd of tourists and local vendors, all eager to hear about his adventures, as a street musician plays a lively tune in the background, adding to the vibrant atmosphere of this lively trading post under the African sun.Premise: A large African American man sitting on a camping chair.",,contradiction,2,4,contradiction|contradiction|contradiction|contradiction|contradiction,27,[3]
"Premise: In front of a brick house with a straw roof and some figures, three children stand, two of them holding squares of blackboard.
Hypothesis: The children are outdoors","Premise: In front of a brick house with a straw roof and some figures, three children stand, two of them holding squares of blackboard.
Hypothesis: The children are inside playing with dolls",,neutral,0,1,neutral|contradiction,39,[]
"Premise: Everyone on the street in the city seem to be busy doing their own thing.
Hypothesis: The people are watching what is happening.","Premise: Everyone on the street in the city seem to be busy doing their own thing.
Hypothesis: The people are engrossed in their personal activities, completely absorbed in their own worlds, where each one is daydreaming about a different scenario, utterly disconnected from the actual street scene around them. Meanwhile, the bustling city life continues, oblivious to the internal worlds of its inhabitants.",,contradiction,2,2,contradiction|contradiction|neutral,32,[]
"Premise: A little blond boy is playing doctor with red, blue, and yellow toy gear.
Hypothesis: Boy pretending to be a doctor.","Premise: A little blond boy is playing doctor with red, blue, and yellow toy gear.
Hypothesis: A child named Oliver, with his curly golden locks and blue eyes, is using his imaginative power to create various scenarios where he, as a hero astronaut, is rescuing alien creatures on a distant planet, far removed from any doctor's office or medical gear. His bedroom walls, adorned with star charts and rocket ships, serve as the backdrop to his whimsical adventures, totally engaging him in an imaginative playtime after a day at preschool.",,contradiction,0,4,contradiction|contradiction|contradiction|contradiction|contradiction,32,[2]
"Premise: A man is laid back in front of a tv.
Hypothesis: he is watching the news","Premise: A man is laid back in front of a tv.
Hypothesis: He is not watching anything.",,neutral,1,0,entailment,24,[]
"Premise: Young person in black next to an older person in black and white polka dot.
Hypothesis: A young person is standing next to a relative.","Premise: Young person in black next to an older person in black and white polka dot.
Hypothesis: A young person is standing far away from a relative in a completely different location than the one shown in the premise, where the young person is standing right next to them.",,neutral,1,5,neutral|neutral|neutral|neutral|neutral|neutral,35,[3]
"Premise: A photographer is using a tripod to take a picture of a sunset.
Hypothesis: The photographer is holding the camera in his hands.","Premise: A photographer is using a tripod to take a picture of a sunset.
Hypothesis: While setting up the tripod, the photographer accidentally knocked over a stack of old magazines that had been left on the ground. While picking them up, he noticed a rare vintage camera in one of the piles and was distracted, deciding to instead photograph the unique piece. The sunset continued to blaze in the background, but the photographer's focus had shifted, turning what could have been a routine sunset shot into an unexpected adventure with an old relic.",,contradiction,2,4,contradiction|contradiction|contradiction|contradiction|contradiction,32,[1]
"Premise: A group of people are in a rowboat in the ocean surrounded by seagulls.
Hypothesis: A group of people are rowing towards some islands while one of them fishes.","Premise: A group of people are in a rowboat in the ocean surrounded by seagulls.
Hypothesis: A group of tourists in a rowboat are being followed by a curious seal while enjoying a leisurely float in the ocean, completely distracted from fishing by the fascinating marine life around them.",,contradiction,1,0,neutral,42,[]
"Premise: A woman sitting in an office.
Hypothesis: A women outside","Premise: A woman sitting in an office.
Hypothesis: A woman in an office is contemplating her next steps, including whether to take a break, but she's torn between staying indoors for a quiet moment or venturing outside for a breath of fresh air.",,contradiction,2,1,contradiction|neutral,18,[]
"Premise: 2 women and 2 girls crossing the road
Hypothesis: A group of girls and women are laughing as they cross the road.","Premise: 2 women and 2 girls crossing the road
Hypothesis: The group of individuals are silently wading through the puddle instead of crossing the road.",,neutral,1,0,contradiction,33,[]
"Premise: Two construction workers climbing the steel ribbed exterior of a new building at their work site.
Hypothesis: Two workers are climbing a building.","Premise: Two construction workers climbing the steel ribbed exterior of a new building at their work site.
Hypothesis: No workers are climbing a building.",,neutral,0,0,contradiction,33,[]
"Premise: A white dog with brown spots running on a dirt path
Hypothesis: A dog runs on a path.","Premise: A white dog with brown spots running on a dirt path
Hypothesis: A black dog is sitting on a red carpet.",,neutral,0,0,contradiction,27,[]
"Premise: A man in a khaki jacket and ball cap walks down the street.
Hypothesis: The man is walking to the supermarket.","Premise: A man in a khaki jacket and ball cap walks down the street.
Hypothesis: The man in the khaki jacket and ball cap, walking down the street, is on his way to a baseball game because he is wearing team-specific clothing, indicating his enthusiasm and support for his team's match scheduled for today.",,contradiction,1,4,contradiction|contradiction|contradiction|contradiction|contradiction,31,[2]
"Premise: A young woman dressed up semi-formally is reading book and drinking in the sun, seated on a bench.
Hypothesis: A young woman is running through the waves.","Premise: A young woman dressed up semi-formally is reading book and drinking in the sun, seated on a bench.
Hypothesis: A young woman dressed up semi-formally is reading a book and enjoying a cold drink in the sun on a bench, which leads her to not be running through the waves.",,contradiction,2,0,neutral,39,[]
"Premise: A big dog catches a ball on his nose
Hypothesis: A big dog is sitting down while trying to catch a ball","Premise: A big dog catches a ball on his nose
Hypothesis: A big dog is sitting down with its paws crossed, refusing to catch a ball that is rolling away.",,neutral,1,0,contradiction,30,[]
"Premise: A child making a sand castle on the beach.
Hypothesis: A child on a beach.","Premise: A child making a sand castle on the beach.
Hypothesis: A child is inside building a sand castle using play dough instead of sand.",,neutral,0,0,contradiction,24,[]
"Premise: A female in the middle of a vehicle is holding a camera and is pointing it towards the backseat.
Hypothesis: A girl is inside a vehicle.","Premise: A female in the middle of a vehicle is holding a camera and is pointing it towards the backseat.
Hypothesis: A girl is nowhere near a vehicle while standing far away from a parked car.",,neutral,0,5,neutral|neutral|neutral|neutral|neutral|neutral,36,[5]
"Premise: Two men climbing on a wooden scaffold.
Hypothesis: Two sad men climbing on a wooden scaffold.","Premise: Two men climbing on a wooden scaffold.
Hypothesis: Two men climbing down a metal ladder are not happy.",,neutral,1,1,neutral|contradiction,25,[]
"Premise: A young african child in a dirty yellow shirt carrying a bag on his head.
Hypothesis: A young African child playing soccer.","Premise: A young african child in a dirty yellow shirt carrying a bag on his head.
Hypothesis: A young African child wearing a clean white dress and carrying a toy on his head.",,entailment,2,0,contradiction,31,[]
"Premise: A small child in a red jacket is sitting on a man's shoulders and holding his head.
Hypothesis: Th small child is watching a performance.","Premise: A small child in a red jacket is sitting on a man's shoulders and holding his head.
Hypothesis: The small child in a red jacket is sitting on a man's shoulders while the man is waiting for a bus, and the child is munching on a snack, completely absorbed in the taste and texture of their apple chips, unaware of the passing scenery outside.Premise: A small child in a red jacket is sitting on a man's shoulders and holding his head.",,contradiction,1,5,contradiction|contradiction|contradiction|contradiction|contradiction|neutral,35,[]
"Premise: There is a person walking down a tree lined street with snow scattered about.
Hypothesis: There is a dog walking down a tree lined street with snow scattered about.","Premise: There is a person walking down a tree lined street with snow scattered about.
Hypothesis: There is a dog vigorously chasing a cat inside the cozy house, completely contradicting the premise of a person walking alone on a snow-filled street outdoors.",,entailment,2,3,entailment|entailment|entailment|neutral,38,[]
"Premise: Four young men stare up at a basketball hoop with no net, in an outdoor, urban basketball court.
Hypothesis: A group of women playing basketball in a gym.","Premise: Four young men stare up at a basketball hoop with no net, in an outdoor, urban basketball court.
Hypothesis: A group of people is enjoying a serene picnic under the shade of ancient oaks, sipping on lemonade and sharing stories about their recent trip to the beach, completely engrossed in their leisurely afternoon, miles away from any basketball hoop or urban environment.",,contradiction,2,5,contradiction|contradiction|contradiction|contradiction|contradiction|contradiction,39,"[3, 4, 5]"
"Premise: A white man in a blue uniform is pushing away a black man in a red uniform while the two play soccer on a green field.
Hypothesis: A woman says Hi to another woman at the grocery store.","Premise: A white man in a blue uniform is pushing away a black man in a red uniform while the two play soccer on a green field.
Hypothesis: A woman who knows another greets her by saying 'Hi' at the grocery store, as they pass each other on aisle 3.",,contradiction,2,2,contradiction|contradiction|entailment,47,[]
"Premise: A child wearing a red top is standing behind a blond headed child sitting in a wheelbarrow.
Hypothesis: A child wearing a red top is standing behind a pretty blond headed child","Premise: A child wearing a red top is standing behind a blond headed child sitting in a wheelbarrow.
Hypothesis: A child wearing a red top is standing in front of a brunette headed child instead of behind a blond headed child sitting in a wheelbarrow.",,neutral,1,5,neutral|neutral|neutral|neutral|neutral|neutral,42,"[2, 3, 4, 5]"
"Premise: A man is working on a Earthen structure with a pickaxe.
Hypothesis: The man is in an office building.","Premise: A man is working on a Earthen structure with a pickaxe.
Hypothesis: The man is not working on an Earthen structure but instead is in an office building using a pickaxe for a different task.",,contradiction,2,0,neutral,30,[]
"Premise: Four men stand in a circle facing each other playing brass instruments which people watch them.
Hypothesis: The men are playing music","Premise: Four men stand in a circle facing each other playing brass instruments which people watch them.
Hypothesis: The men are not playing music",,neutral,0,0,contradiction,30,[]
"Premise: People dresses in business clothing are walking by while one man with a tie on is standing still and talking on his cellular phone.
Hypothesis: The people are dressed in business clothing.","Premise: People dresses in business clothing are walking by while one man with a tie on is standing still and talking on his cellular phone.
Hypothesis: The people dressed in formal attire are sitting in a conference room, silently listening to a presentation, completely contradicted by the image of people dressed in casual attire frolicking in a field.",,neutral,0,1,neutral|contradiction,41,[]
"Premise: A brown dog jumps over an obstacle.
Hypothesis: The dog is in a pool.","Premise: A brown dog jumps over an obstacle.
Hypothesis: The dog is chasing butterflies in the backyard while the children watch in delight, completely distracted from the fact that a dog just jumped over an obstacle in an entirely different part of the neighborhood.",,contradiction,2,5,contradiction|contradiction|contradiction|contradiction|contradiction|neutral,23,[]
"Premise: A birthday party for many little people to enjoy.
Hypothesis: Children enjoying a birthday party.","Premise: A birthday party for many little people to enjoy.
Hypothesis: Children are not enjoying a birthday party despite the presence of a fun array of activities specifically tailored for children at the event.",,neutral,1,1,neutral|entailment,24,[1]
"Premise: A cement worker is working on a new sidewalk outside of a clothing store.
Hypothesis: A worker is working on a new sidewalk outside of a restuarant.","Premise: A cement worker is working on a new sidewalk outside of a clothing store.
Hypothesis: A worker is arranging fresh flowers inside a museum, while an exhibit featuring ancient Egyptian artifacts stands nearby.",,contradiction,2,4,contradiction|contradiction|contradiction|contradiction|entailment,38,[]
"Premise: Four men and a young boy are at a table set up for wood crafts.
Hypothesis: Five total people are near a table with objects on it.","Premise: Four men and a young boy are at a table set up for wood crafts.
Hypothesis: No person is present near the table with objects on it.",,neutral,0,1,neutral|entailment,36,[]
"Premise: An Indian woman is dancing with her partner.
Hypothesis: A woman has dark skin.","Premise: An Indian woman is dancing with her partner.
Hypothesis: The woman dancing is from India and enjoys the cultural celebration taking place.",,contradiction,1,0,neutral,23,[]
"Premise: The man is sweeping with a red broom.
Hypothesis: The man is dancing with a woman","Premise: The man is sweeping with a red broom.
Hypothesis: The man is sitting on a couch eating popcorn.",,entailment,2,0,contradiction,25,[]
"Premise: People with bags walk along a dirt road in front of a green building.
Hypothesis: People are walking outside.","Premise: People with bags walk along a dirt road in front of a green building.
Hypothesis: People are inside watching TV.",,neutral,0,0,entailment,28,[]
"Premise: An elderly woman wearing a skirt is picking out vegetables at a local market.
Hypothesis: This woman is on a shopping trip.","Premise: An elderly woman wearing a skirt is picking out vegetables at a local market.
Hypothesis: The elderly woman, who is meticulously selecting her prized roses at the community flower show, has been a cherished participant in flower arranging competitions for years, her graceful actions admired by all who witness her passion for horticulture far from the mundane task of shopping at a market.",,contradiction,0,4,contradiction|contradiction|contradiction|contradiction|contradiction,31,[2]
"Premise: A group of ladies sit around a black table in front of a brick wall with a building in the background.
Hypothesis: The ladies are standing up for a picture.","Premise: A group of ladies sit around a black table in front of a brick wall with a building in the background.
Hypothesis: The ladies are sitting on the ground, far away from any table.",,neutral,-1,1,neutral|entailment,39,[]
"Premise: Two men spar in martial arts gear.
Hypothesis: There are multiple people present.","Premise: Two men spar in martial arts gear.
Hypothesis: While there are two men sparring, the arena is empty with no spectators present.",,neutral,0,4,neutral|neutral|neutral|neutral|neutral,22,"[2, 3]"
"Premise: A woman player in white and black, sends the volleyball over the net, while the opposing team in navy blue, tries to block it, as the coach and a few spectators watch, in a gym.
Hypothesis: The gym is old","Premise: A woman player in white and black, sends the volleyball over the net, while the opposing team in navy blue, tries to block it, as the coach and a few spectators watch, in a gym.
Hypothesis: The gym is a newly renovated facility with modern equipment, where a woman player in vibrant colors sends the volleyball over the net during a crucial match, while the opposing team in striking navy blue attempts to block it, amidst the focused attention of the coach and enthusiastic cheers from the lively audience, all captured under the bright gym lights.",,contradiction,1,0,neutral,53,[]
"Premise: A man with a blue helmet and orange shirt.
Hypothesis: A man wears a helmet.","Premise: A man with a blue helmet and orange shirt.
Hypothesis: A man is without a helmet in a blue helmet and orange shirt.",,neutral,0,4,neutral|neutral|neutral|neutral|neutral,24,"[1, 5]"
"Premise: A man in a white and gray shirt looks on as a shirtless man with a mustache cleans fish on a pale green table.
Hypothesis: The man is cleaning the fish that he caught so he can cook it.","Premise: A man in a white and gray shirt looks on as a shirtless man with a mustache cleans fish on a pale green table.
Hypothesis: The man, an enthusiast of marine biology, is merely observing the other man's demonstration of fish cleaning as part of a documentary shoot, where they are discussing the nuances of marine ecosystems rather than cooking activities.",,contradiction,1,4,contradiction|contradiction|contradiction|contradiction|contradiction,50,[4]
"Premise: A man on stage in the act of jumping, with a little boy in the background really enjoying it.
Hypothesis: A boy watches boats on a lake.","Premise: A man on stage in the act of jumping, with a little boy in the background really enjoying it.
Hypothesis: A boy is watching boats on a lake in the same location where a man is not performing a jump on stage, and the boy is not enjoying the jump but is instead bored because there are no boats to watch.",,neutral,2,4,neutral|neutral|neutral|neutral|contradiction,37,[]
"Premise: Man with beard doing skateboarding stunt
Hypothesis: A clean shaven man skateboards.","Premise: Man with beard doing skateboarding stunt
Hypothesis: A clean shaven man IS performing a skateboarding stunt.",,neutral,2,4,neutral|neutral|neutral|neutral|neutral,24,[5]
"Premise: A woman in a blue top and pencil skirt walks by a balding man in a pinstriped suit.
Hypothesis: They know each other.","Premise: A woman in a blue top and pencil skirt walks by a balding man in a pinstriped suit.
Hypothesis: They are casually passing each other in a bustling city park, each focused on their own activities of jogging and birdwatching, respectively, completely engrossed in their sports and nature, with not a thought for the morning traffic news which is unexpectedly clear for a change.",,contradiction,1,5,contradiction|contradiction|contradiction|contradiction|contradiction|contradiction,36,[]
"Premise: Many women trying out and looking at laptops in a Walmart.
Hypothesis: Women are shopping at safeway for lamb chops.","Premise: Many women trying out and looking at laptops in a Walmart.
Hypothesis: Instead of shopping at Walmart, many women are browsing and examining lamb chops at Safeway.",,contradiction,2,0,entailment,30,[]
"Premise: An older gentlemen in a hat and glasses holding a baby who is wrapped in a towel.
Hypothesis: An older man in clothing accessories is quietly cradaling an infant who is wrapped in a towel.","Premise: An older gentlemen in a hat and glasses holding a baby who is wrapped in a towel.
Hypothesis: An older man is deliberately dropping the baby, causing it to unwrap from the towel and start screaming.",,neutral,1,1,neutral|contradiction,46,[]
"Premise: A dog and a cat are swimming in a swimming pool.
Hypothesis: Two animals are swimming.","Premise: A dog and a cat are swimming in a swimming pool.
Hypothesis: A dog and a cat are drowning in a swimming pool.",,neutral,0,1,neutral|contradiction,25,[]
"Premise: An Asian man walks a three-wheeled pedal card fully of white bags.
Hypothesis: An Asian man walks his dog on a rainy afternoon.","Premise: An Asian man walks a three-wheeled pedal card fully of white bags.
Hypothesis: An Asian man walks his friendly dog, holding the leash securely, on a sunny Saturday morning in a bustling park filled with people enjoying their day.",,contradiction,2,5,contradiction|contradiction|contradiction|contradiction|contradiction|contradiction,35,[5]
"Premise: A man falling off a bull as the animal jumps into the air.
Hypothesis: A boy struggles to hold on to a bull as it twirls and jumps.","Premise: A man falling off a bull as the animal jumps into the air.
Hypothesis: A boy is riding a horse peacefully in a field.",,neutral,-1,0,contradiction,39,[]
"Premise: A clown performs in a park among other people.
Hypothesis: Someone is busking.","Premise: A clown performs in a park among other people.
Hypothesis: An acrobat on stilts is performing a balancing act in a bustling city square, mesmerizing the onlookers, while a mime creates a silent drama beside a statue of a laughing clown, in a completely different part of town from where a clown is entertaining a crowd in a park among other people.",,contradiction,-1,3,contradiction|contradiction|contradiction|contradiction,23,"[1, 5]"
"Premise: A young man blew up balloons to craft into animals for the seven excited children that looked on.
Hypothesis: The children watch the man make dogs and giraffes out of balloons","Premise: A young man blew up balloons to craft into animals for the seven excited children that looked on.
Hypothesis: The children watch as the man creatively manipulates the balloons, crafting shapes that neither resemble dogs nor giraffes, but rather abstract, playful figures that captivate their imagination in a way no specific animal could. The presence of other animal balloons, not specified as dogs or giraffes, alongside these abstract creations broadens the scope of the balloon animal spectacle, rendering the specific animals mentioned in the original hypothesis no longer the exclusive or even primary focus of the children's attention or the man's artistic endeavor.",,contradiction,0,0,neutral,41,[]
"Premise: Two girls playing catch on a lawn
Hypothesis: Two girls are walking beside a pond with ducks and swans.","Premise: Two girls playing catch on a lawn
Hypothesis: Two girls are chasing butterflies in a meadow near a pond with ducks and swans while simultaneously playing catch on a lawn nearby.",,contradiction,2,1,contradiction|neutral,29,[]
"Premise: A man wearing glasses and a ragged costume is playing a Jaguar electric guitar and singing with the accompaniment of a drummer.
Hypothesis: Two men are playing frisbee in the park.","Premise: A man wearing glasses and a ragged costume is playing a Jaguar electric guitar and singing with the accompaniment of a drummer.
Hypothesis: Two men, one wearing glasses and dressed in a ragged costume, are playing guitar and singing in a music studio with professional sound equipment around them.",,contradiction,2,5,contradiction|contradiction|contradiction|contradiction|contradiction|contradiction,45,"[1, 4]"
"Premise: A girl with a blue shirt and a girl with a striped shirt stand next to a girl with a green shirt sitting in a chair.
Hypothesis: The three girls are arm wrestling in China town.","Premise: A girl with a blue shirt and a girl with a striped shirt stand next to a girl with a green shirt sitting in a chair.
Hypothesis: The three girls, taking a brief pause from their study session in the library, are casually sipping coffee and exchanging ideas about the latest fashion trends in Paris, completely indifferent to the bustling world outside their cozy corner.",,contradiction,2,5,contradiction|contradiction|contradiction|contradiction|contradiction|contradiction,45,[]
"Premise: a skier is throwing up snow as he skis off piste.
Hypothesis: A skier skis.","Premise: a skier is throwing up snow as he skis off piste.
Hypothesis: A skier is sitting down on the slopes, refusing to ski.",,neutral,0,0,entailment,29,[]
"Premise: The child is hanging upside down with his legs over a pole.
Hypothesis: The child is athletic.","Premise: The child is hanging upside down with his legs over a pole.
Hypothesis: The child is unable to hang upside down due to lack of physical ability.",,neutral,1,0,entailment,26,[]
"Premise: Three people are dressed in costumes and playing musical instruments.
Hypothesis: The people are playing at a festival.","Premise: Three people are dressed in costumes and playing musical instruments.
Hypothesis: Three people in costume are taking part in a vibrant street parade, showcasing their talent through an eclectic mix of dance and music performances, drawing the attention of both passersby and local onlookers with their lively energy.",,contradiction,1,2,contradiction|contradiction|neutral,27,[]
"Premise: A skier goes down a hill with a mountain as a backdrop.
Hypothesis: A skier going down the bunny hill.","Premise: A skier goes down a hill with a mountain as a backdrop.
Hypothesis: A skier struggles to descend a steep and treacherous slope, clearly battling the challenging descent.",,neutral,1,4,neutral|neutral|neutral|neutral|neutral,31,[2]
"Premise: Two boys, surrounded by paper pieces, hold a third boys shirt to prevent him from grabbing a bag.
Hypothesis: The friends are playing with paper and bags.","Premise: Two boys, surrounded by paper pieces, hold a third boys shirt to prevent him from grabbing a bag.
Hypothesis: Two boys, surrounded by a picturesque scatter of autumn leaves, are meticulously arranging them into a stunning mosaic on the lawn, completely engrossed in their creative project, with the soft light of the setting sun casting long shadows and adding a golden hue to their work, while a friendly squirrel eagerly watches, hoping to join in their artistic endeavor once the boys notice it.",,contradiction,1,4,contradiction|contradiction|contradiction|contradiction|contradiction,38,[2]
"Premise: A little girl drawing with chalk, on a chalkboard.
Hypothesis: A little girl is drawing on the board during class.","Premise: A little girl drawing with chalk, on a chalkboard.
Hypothesis: A little girl is not drawing on the board during class.",,neutral,1,0,contradiction,31,[]
"Premise: A busy street with building lined up and people walking down the street outside and nighttime.
Hypothesis: People lined up","Premise: A busy street with building lined up and people walking down the street outside and nighttime.
Hypothesis: There are no people lined up.",,neutral,-1,0,entailment,28,[]
"Premise: Two girls holding bags walking down the sidewalk.
Hypothesis: Two women are enjoying an afternoon of shopping.","Premise: Two girls holding bags walking down the sidewalk.
Hypothesis: Two girls holding bags are actually sitting on a bench, refusing to walk any further down the sidewalk.",,neutral,1,1,neutral|entailment,26,[]
"Premise: Two men are sitting on a couch.
Hypothesis: Two men are standing outside.","Premise: Two men are sitting on a couch.
Hypothesis: Two men are sitting calmly on a couch inside, not running around inside or outside.",,entailment,2,1,entailment|neutral,22,[]
"Premise: A man visiting a friend in the hospital.
Hypothesis: A man in a hospital receives a visiting friend.","Premise: A man visiting a friend in the hospital.
Hypothesis: A man in a hospital bed is pretending to be sick while his friend visits him outside the room, contradicting the original premise that a man is visiting a friend in the hospital because the man in the bed is the friend being visited, not the visitor.",,neutral,0,5,neutral|neutral|neutral|neutral|neutral|neutral,27,[]
"Premise: A man holding a pink cooler is talking to an older woman.
Hypothesis: A man offers a woman a beer.","Premise: A man holding a pink cooler is talking to an older woman.
Hypothesis: A man holding a pink cooler is engaging in a casual conversation with an older woman about the weather while standing near a park bench.",,contradiction,1,0,neutral,29,[]
"Premise: A man is giving a presentation.
Hypothesis: the man is not talking","Premise: A man is giving a presentation.
Hypothesis: The man is not discussing anything during his presentation.",,neutral,2,3,neutral|neutral|neutral|entailment,20,[]
"Premise: A musician playing a guitar and harmonica singing a song with ""Whatever it Takes"" written on his guitar.
Hypothesis: The musician is playing the drums.","Premise: A musician playing a guitar and harmonica singing a song with ""Whatever it Takes"" written on his guitar.
Hypothesis: The musician is playing a guitar and harmonica while simultaneously juggling three flaming torches for an audience of amused onlookers, completely oblivious to the song being sung about ""Whatever it Takes"".",,entailment,2,1,entailment|neutral,37,[]
"Premise: A man in a red plaid shirt using a bull horn to talk to a crowd of people.
Hypothesis: a man is a comedian","Premise: A man in a red plaid shirt using a bull horn to talk to a crowd of people.
Hypothesis: A man in a red plaid shirt using a bull horn is at a political rally trying to motivate the crowd with inspiring speeches.",,contradiction,1,2,contradiction|contradiction|neutral,33,[]
"Premise: A woman in a low cut blue shirt is in a crowded room that looks smokey.
Hypothesis: Someone is in a field.","Premise: A woman in a low cut blue shirt is in a crowded room that looks smokey.
Hypothesis: A woman in a low cut blue shirt is happily receiving an award in a smoke-filled convention center among a group of applauding audience members while wearing her blue shirt, completely unrelated to being in a field.",,contradiction,2,1,contradiction|neutral,32,[]
"Premise: A policeman on a motorcycle from the rear.
Hypothesis: An officer on a chopper.","Premise: A policeman on a motorcycle from the rear.
Hypothesis: A law enforcement officer on a cruiser's sidecar.",,contradiction,2,0,neutral,24,[]
"Premise: A woman is sitting outside at a table, using a knife to cut into a sandwich.
Hypothesis: A woman is sitting inside.","Premise: A woman is sitting outside at a table, using a knife to cut into a sandwich.
Hypothesis: A woman is sitting inside at a kitchen counter, preparing a meal.",,entailment,2,0,contradiction,32,[]
"Premise: A group of people wait to cross the street in new york
Hypothesis: Group of people waiting to cross the street.","Premise: A group of people wait to cross the street in new york
Hypothesis: A group of people are unable to cross the street in New York due to a sudden torrential downpour.",,neutral,0,0,contradiction,30,[]
"Premise: An oriental woman in glasses, shooting archery.
Hypothesis: The woman is older.","Premise: An oriental woman in glasses, shooting archery.
Hypothesis: The woman is very young.",,neutral,-1,5,neutral|neutral|neutral|neutral|neutral|neutral,24,[]
"Premise: A little boy wearing a yellow, white and black striped shirt is whispering a secret to a little girl wearing a white long sleeved-shirt.
Hypothesis: The little boy is good friends with the girl.","Premise: A little boy wearing a yellow, white and black striped shirt is whispering a secret to a little girl wearing a white long sleeved-shirt.
Hypothesis: The little boy is sharing a piece of trivia about the life cycle of a butterfly with the girl, who is fascinated because she's currently studying entomology, as they sit side by side on a wooden bench in a quiet garden, completely engrossed in the wonders of nature.Premise: A little boy wearing a yellow, white and black striped shirt is whispering a secret to a little girl wearing a white long sleeved-shirt.",,contradiction,1,3,contradiction|contradiction|contradiction|neutral,47,[]
"Premise: A boy in blue shorts and a t-shirt is poised to hit a tennis ball with a racket.
Hypothesis: A boy wearing blue shorts and a t-shirt is playing tennis with his friend.","Premise: A boy in blue shorts and a t-shirt is poised to hit a tennis ball with a racket.
Hypothesis: A boy wearing blue shorts and a t-shirt is actually reading a book in his room.",,neutral,1,2,neutral|neutral|contradiction,44,[]
"Premise: The girl wearing a brown jacket whilst walking in snow.
Hypothesis: The girl is walking outside.","Premise: The girl wearing a brown jacket whilst walking in snow.
Hypothesis: The girl is sitting inside watching snowfall.",,neutral,0,0,entailment,25,[]
"Premise: A man is talking on a cellphone while filling his car with gas.
Hypothesis: A man talks to his boss while getting gas for his car.","Premise: A man is talking on a cellphone while filling his car with gas.
Hypothesis: A man is discussing the weather patterns with his neighbor while attending to his car at the gas station, completely unaware of the conversation he's missing on his phone with his boss regarding an upcoming work meeting.",,contradiction,1,5,contradiction|contradiction|contradiction|contradiction|contradiction|contradiction,35,[]
"Premise: Four people and a baby are crossing the street at a crosswalk.
Hypothesis: People and a baby riding the bus.","Premise: Four people and a baby are crossing the street at a crosswalk.
Hypothesis: Four people and a baby are sitting on a bus, driving away from a crosswalk where they previously were crossing the street.",,entailment,2,1,entailment|contradiction,30,[]
"Premise: A snowboarder on a wide plain of snow
Hypothesis: A snow field with a snowboarder on it","Premise: A snowboarder on a wide plain of snow
Hypothesis: A snowboarder competes on a bustling winter sports resort",,contradiction,0,0,neutral,29,[]
"Premise: Two girls are playing in the snow and throwing snowballs.
Hypothesis: The snowballs are from fresh snow.","Premise: Two girls are playing in the snow and throwing snowballs.
Hypothesis: The snowballs are actually from melted snow that refroze.",,neutral,1,0,contradiction,28,[]
"Premise: A female camera operator is capturing some off-camera activity.
Hypothesis: A lady is taking a picture","Premise: A female camera operator is capturing some off-camera activity.
Hypothesis: A female camera operator is capturing nothing at all while the lady is taking a picture.",,neutral,0,5,neutral|neutral|neutral|neutral|neutral|neutral,25,[]
"Premise: A baby girl and little boy are standing next to a guitar and a drum.
Hypothesis: The boy is alone in the bathtub on the moon.","Premise: A baby girl and little boy are standing next to a guitar and a drum.
Hypothesis: The boy is not isolated but instead playing the guitar with the girl in a cozy room on Earth.",,entailment,2,1,entailment|contradiction,35,[]
"Premise: Brown and cream dog with tongue out in front of grassy forest
Hypothesis: The dog is lying on the ground.","Premise: Brown and cream dog with tongue out in front of grassy forest
Hypothesis: The dog is not jumping but is instead lying on the ground.",,neutral,2,3,neutral|neutral|neutral|contradiction,30,[]
"Premise: couples enjoying a meal, while a bunch of dogs take a nap.
Hypothesis: SOME ANIMALS ARE ASLEEP","Premise: couples enjoying a meal, while a bunch of dogs take a nap.
Hypothesis: Dogs in a serene setting, curled up for a restful nap amidst the peaceful ambiance of a cozy nook, away from their usual bustling environment.",,contradiction,0,0,neutral,29,[]
"Premise: A man holding a baby who is petting a pony.
Hypothesis: A man who kidnap a baby is petting a pony.","Premise: A man holding a baby who is petting a pony.
Hypothesis: A man at a countryside fair, known for his involvement in local theater productions, is performing a comedic skit for children while holding a baby. In the background, a pony stands tied up, a prop in the skit. His performance garners laughter from the crowd, showcasing the fun and joy of community events. The fair itself is famous for its vibrant atmosphere and unique activities, drawing families from all around to enjoy a day in the countryside.Premise: A man holding a baby who is petting a pony.",,contradiction,1,4,contradiction|contradiction|contradiction|contradiction|contradiction,33,[3]
"Premise: A woman on the sidewalk blocks the sun from her eyes to peer down the street.
Hypothesis: A woman covers part of her face.","Premise: A woman on the sidewalk blocks the sun from her eyes to peer down the street.
Hypothesis: A woman on the sidewalk playfully pretends to be a model while shielding her eyes from the sun with an oversized sunhat, oblivious to the artist capturing her candid moment on his sketchpad, as children nearby laugh, thinking it's part of the show.",,contradiction,0,5,contradiction|contradiction|contradiction|contradiction|contradiction|contradiction,33,[]
"Premise: A brown and white dog holds a tennis ball in his mouth.
Hypothesis: A dog mouth holds a retrieved ball.","Premise: A brown and white dog holds a tennis ball in his mouth.
Hypothesis: A dog mouth does not hold a ball because the dog is actually chewing on a chew toy.",,neutral,0,0,contradiction,29,[]
"Premise: A man in a red shirt is learning how to climb a cliff.
Hypothesis: A man is playing videogames.","Premise: A man in a red shirt is learning how to climb a cliff.
Hypothesis: A man in a red shirt is practicing yoga on a cliff.",,contradiction,2,0,neutral,29,[]
"Premise: Two men in workers' gear and colorful hard hats standing on board what appears to be a large ship, next to some very large machinery.
Hypothesis: two men are sitting by the pool next to machinery on the boat","Premise: Two men in workers' gear and colorful hard hats standing on board what appears to be a large ship, next to some very large machinery.
Hypothesis: Two men are sitting by the pool, far away from any machinery, on a small dinghy.",,neutral,2,0,entailment,49,[]
"Premise: A man holding a sign of a rainbow elephant.
Hypothesis: The donkey sign is smeared with paint.","Premise: A man holding a sign of a rainbow elephant.
Hypothesis: The donkey sign is free of paint and starkly contrasting against the rainbow elephant sign that the man is holding.",,contradiction,2,0,neutral,28,[]
"Premise: A man and a young girl swimming.
Hypothesis: a man and girl swim","Premise: A man and a young girl swimming.
Hypothesis: A man and a girl are swimming in a snowstorm.",,neutral,0,1,neutral|contradiction,21,[]
"Premise: A child in a maroon shirt playing next to a fountain.
Hypothesis: The child is at play.","Premise: A child in a maroon shirt playing next to a fountain.
Hypothesis: The child in a maroon shirt is curious about the intricate design of the fountain, marveling at the water's flow.",,contradiction,0,1,contradiction|neutral,27,[]
"Premise: Four small children playing in the courtyard of a large building made out of clay or sand.
Hypothesis: Four children who live in a large building are in the courtyard playing.","Premise: Four small children playing in the courtyard of a large building made out of clay or sand.
Hypothesis: Four children who live in a small wooden hut are in the courtyard playing.",,neutral,1,2,neutral|neutral|contradiction,40,[]
"Premise: Six rescuers cooperate to place an injured man on a transport device in snowy, mountainous terrain.
Hypothesis: six people act to save a seventh who is injured","Premise: Six rescuers cooperate to place an injured man on a transport device in snowy, mountainous terrain.
Hypothesis: Six rescuers ignored the injured man and chose to go skiing in the snowy mountains instead of cooperating to place him on a transport device.",,neutral,0,5,neutral|neutral|neutral|neutral|neutral|neutral,38,[5]
"Premise: A woman sits on a rug next to a shirtless boy who is looking in the direction of a checkers board that includes several pieces.
Hypothesis: A woman and her son play the third of a best of three checkers tournament.","Premise: A woman sits on a rug next to a shirtless boy who is looking in the direction of a checkers board that includes several pieces.
Hypothesis: A woman and a child are sitting together on a bench at the park, engrossed in a conversation about the different kinds of birds they can spot, their attention entirely on the chirping around them and away from any checkers games or competitive activities.",,contradiction,1,4,contradiction|contradiction|contradiction|contradiction|entailment,53,[]
"Premise: A young girl with a purple shirt and a pink hair band standing near the woods.
Hypothesis: A little girl in a pink shirt is ready to run in the woods.","Premise: A young girl with a purple shirt and a pink hair band standing near the woods.
Hypothesis: A curious young girl wearing a purple shirt and a pink hairband is happily observing a sunset over a calm lake, a smile spreading across her face as she marvels at the beautiful hues of orange and pink reflected on the water's surface near the edge of the woods.Premise: A young girl with a purple shirt and a pink hair band standing near the woods.",,contradiction,1,2,contradiction|contradiction|neutral,40,[]
"Premise: the white dog is carrying a ball in its mouth.
Hypothesis: The dog is running with a ball in its mouth.","Premise: the white dog is carrying a ball in its mouth.
Hypothesis: The dog is dropping the ball while opening its mouth to bark, making it impossible for the ball to remain in its mouth while it's moving its jaw and producing sound.",,neutral,1,5,neutral|neutral|neutral|neutral|neutral|neutral,30,[]
"Premise: two people riding their bikes down a street together.
Hypothesis: A couple ride their bikes on a date.","Premise: two people riding their bikes down a street together.
Hypothesis: Two neighbors, deciding to bond over their shared interest in bird watching, set up a pair of telescopes and a detailed field guide in their front yard. They spend countless weekends perched on lawn chairs, observing and identifying different species, occasionally getting distracted by the passing bikes, exchanging stories of distant places, and brewing homemade bird watching brews. This new pastime not only brings them closer as friends but also turns their street into a lively spot for other enthusiasts, creating a community around their hobby.",,contradiction,1,5,contradiction|contradiction|contradiction|contradiction|contradiction|contradiction,27,[]
"Premise: Blue, red, yellow, and white are the dominant colors of a picture of two police vehicles outside of what looks like a smoke roll playing vehicle, a motorcycle in between the two cars with 6 people in the picture.
Hypothesis: There are two police vehicles in the photo.","Premise: Blue, red, yellow, and white are the dominant colors of a picture of two police vehicles outside of what looks like a smoke roll playing vehicle, a motorcycle in between the two cars with 6 people in the picture.
Hypothesis: There is only one police vehicle in the photo.",,neutral,0,5,neutral|neutral|neutral|neutral|neutral|neutral,62,"[1, 2, 3, 4, 5]"
"Premise: people are sitting on a bench in front of buildings.
Hypothesis: Some people are seated on a bench outside.","Premise: people are sitting on a bench in front of buildings.
Hypothesis: No people are sitting on a bench in front of buildings anywhere.",,neutral,0,0,entailment,28,[]
"Premise: A woman in a striped shirt is walking a horse across a street.
Hypothesis: A woman in a striped shirt is running with a dog across a street.","Premise: A woman in a striped shirt is walking a horse across a street.
Hypothesis: A woman in a striped shirt is being chased by a dog across a street while her horse stands still.",,entailment,2,0,contradiction,37,[]
"Premise: A man in a blue shirt touches his head while talking to two women outdoors.
Hypothesis: three people talk","Premise: A man in a blue shirt touches his head while talking to two women outdoors.
Hypothesis: A lone man is sitting silently indoors.",,neutral,0,0,contradiction,27,[]
"Premise: A couple stands at the top of a flight of outdoor stairs kissing one another.
Hypothesis: A couple stands near some stairs.","Premise: A couple stands at the top of a flight of outdoor stairs kissing one another.
Hypothesis: A couple stands far away from any stairs.",,neutral,0,0,entailment,31,[]
"Premise: A woman with a navy sweater is looking through a blue telescope at a statue of a dinosaur.
Hypothesis: The woman is watching television","Premise: A woman with a navy sweater is looking through a blue telescope at a statue of a dinosaur.
Hypothesis: The woman is observing the statue of a dinosaur with a blue telescope rather than watching television.",,contradiction,2,0,neutral,32,[]
"Premise: There are many people in a large room with a lot of furniture with tags on them.
Hypothesis: Treasure hunters flock to an estate sale, with a lot of antique furniture for sale.","Premise: There are many people in a large room with a lot of furniture with tags on them.
Hypothesis: A group of people gather in a spacious room filled with tagged household items, unsure if they will find any rare finds or even something of personal interest amidst the clutter.",,contradiction,1,0,neutral,43,[]
"Premise: A group of men playing music, the man holding a guitar is talking to a man with drums.
Hypothesis: A band plays salsa music.","Premise: A group of men playing music, the man holding a guitar is talking to a man with drums.
Hypothesis: A group of men playing classical symphony music, with the man holding a guitar ignoring the man with drums.",,entailment,1,0,neutral,34,[]
"Premise: A man and a woman are showing their kid their little baby.
Hypothesis: A man shows off his baseball cards.","Premise: A man and a woman are showing their kid their little baby.
Hypothesis: A man and a woman are showing their kid their vacation photos.",,contradiction,2,4,contradiction|contradiction|contradiction|contradiction|neutral,29,[]
"Premise: A male wearing a football uniform kicking a football during a football game.
Hypothesis: A Dallas Cowboy player is trying to tie the playoff game.","Premise: A male wearing a football uniform kicking a football during a football game.
Hypothesis: A male wearing a football uniform kicking a football during a football game is actually a ballet dancer in costume, performing an interpretive dance meant to mock the seriousness of the sporting event, drawing laughter and applause from confused spectators rather than engaging in any real football gameplay.",,neutral,1,5,neutral|neutral|neutral|neutral|neutral|neutral,34,[3]
"Premise: A man standing on a street with a suitcase in front of him while another man bends down to look at what is displayed on top of it.
Hypothesis: Two men lie on tables in the morgue.","Premise: A man standing on a street with a suitcase in front of him while another man bends down to look at what is displayed on top of it.
Hypothesis: Two men are lying dead on autopsy tables in the morgue.",,entailment,2,0,contradiction,48,[]
"Premise: A group of students are walking through the campus.
Hypothesis: A group of people sit at home","Premise: A group of students are walking through the campus.
Hypothesis: A group of students are not sitting at the beach but are instead attending a classroom lecture indoors.",,entailment,2,1,entailment|neutral,25,[]
"Premise: A man on a skateboard performs a trick in the air against the backdrop of a bright blue sky.
Hypothesis: A man is riding a skateboard","Premise: A man on a skateboard performs a trick in the air against the backdrop of a bright blue sky.
Hypothesis: A man is riding a bike instead of a skateboard.",,neutral,0,1,neutral|contradiction,34,[]
"Premise: A plane flies overhead as military men stand at attention, a flag blows in the wind as a lady in red stares out towards the camera.
Hypothesis: A military event is taking place.","Premise: A plane flies overhead as military men stand at attention, a flag blows in the wind as a lady in red stares out towards the camera.
Hypothesis: There is no military event happening at all.",,neutral,0,0,entailment,43,[]
"Premise: A man in a blue shirt and a woman in a pink skirt sit around other people in the background.
Hypothesis: There are some people doing the limbo.","Premise: A man in a blue shirt and a woman in a pink skirt sit around other people in the background.
Hypothesis: Nobody is participating in any group activities.",,neutral,2,0,entailment,38,[]
"Premise: Two teens trying to win a prize at a carnival.
Hypothesis: The two teens were doing homework at home.","Premise: Two teens trying to win a prize at a carnival.
Hypothesis: The two teens were not doing homework, but rather they were competing at a carnival to win a prize.",,entailment,2,0,contradiction,28,[]
"Premise: Asian people about to perform animal balloons.
Hypothesis: dog looks at the pond","Premise: Asian people about to perform animal balloons.
Hypothesis: A dog watches a group of people blowing up animal-shaped balloons while a crowd of onlookers, including Asian people about to perform animal balloons, gathers nearby.",,contradiction,2,1,contradiction|neutral,21,[]
"Premise: A schoolgirl is jumping over a low hurdle.
Hypothesis: A girl is jumping over a hurdle.","Premise: A schoolgirl is jumping over a low hurdle.
Hypothesis: A girl is sitting down while watching a hurdle competition.",,neutral,0,1,neutral|contradiction,26,[]
"Premise: A man in a purple jersey is falling down while chasing a player in a green jersey playing soccer
Hypothesis: They give up and walk off the field","Premise: A man in a purple jersey is falling down while chasing a player in a green jersey playing soccer
Hypothesis: As the man in the purple jersey falls, the player in the green jersey laughs and kicks the soccer ball into the opposing team's net, celebrating alone, completely contradicting the idea that they would help him up and engage in a group activity together.",,neutral,2,5,neutral|neutral|neutral|neutral|neutral|neutral,36,[]
"Premise: A man wearing a black t-shirt that says ""Long Live the Dead"" pulls a shopping cart in the street near a NYC yellow taxi cab.
Hypothesis: The man just got done shopping.","Premise: A man wearing a black t-shirt that says ""Long Live the Dead"" pulls a shopping cart in the street near a NYC yellow taxi cab.
Hypothesis: The man, eager to incorporate more community service hours into his schedule, is pushing the shopping cart as part of a neighborhood initiative where local volunteers collect items for a charity food drive. His black t-shirt, ironically, is a conversation starter about death and life, much like the metaphorical nature of his commitment to this cause. As he navigates through the city streets, his mind is preoccupied with the importance of giving back and the impact these small actions can have on the community. While the sight of a NYC yellow taxi cab reminds him of the bustling life in the city, his focus remains on his mission, reflecting a desire to make a difference beyond his immediate needs. He's content with his newfound dedication to volunteer work, seeing it as an essential and refreshing addition to his lifestyle.",,contradiction,1,3,contradiction|contradiction|contradiction|contradiction,44,"[1, 5]"
"Premise: A man in bright shirt carrying a fallen branch.
Hypothesis: The man is sipping an ice tea in the shade of a huge maple tree.","Premise: A man in bright shirt carrying a fallen branch.
Hypothesis: The man is resting in the shade of a huge maple tree because he had been carrying a fallen branch and decided to take a break under the tree, enjoying a refreshing ice tea as a reward for his labor.",,contradiction,2,5,contradiction|contradiction|contradiction|contradiction|contradiction|contradiction,35,"[2, 3]"
"Premise: There are a group of track runners bracing to take off.
Hypothesis: The track runners are sitting on an airplane","Premise: There are a group of track runners bracing to take off.
Hypothesis: The track runners are not sitting on an airplane but instead preparing to run on a track.",,contradiction,2,0,neutral,30,[]
"Premise: A woman wearing jeans is walking down the street.
Hypothesis: A woman is walking towards a bus stop.","Premise: A woman wearing jeans is walking down the street.
Hypothesis: A woman wearing jeans is strolling down the street, on her way to meet friends at a nearby café for a cup of coffee and a chat about their weekend plans.",,contradiction,1,5,contradiction|contradiction|contradiction|contradiction|contradiction|contradiction,27,[]
"Premise: Four young female gymnasts dressed in black and blue leotards are preparing for their next routine.
Hypothesis: Gymnast group preparing for a competition.","Premise: Four young female gymnasts dressed in black and blue leotards are preparing for their next routine.
Hypothesis: Four young female gymnasts dressed in black and blue leotards are practicing their new routine after school.",,contradiction,0,0,neutral,37,[]
"Premise: Two people are setting up a photo shoot of a mobile in a white room.
Hypothesis: The people are photographers.","Premise: Two people are setting up a photo shoot of a mobile in a white room.
Hypothesis: The people, who are actually a group of volunteers passionate about community service, are merely practicing their photography skills in the white room, not part of any organized charity event, while they wait for more members to join their photography club meeting.",,contradiction,-1,4,contradiction|contradiction|contradiction|contradiction|contradiction,29,[1]
"Premise: A man wearing a white button down shirt is walking down the street.
Hypothesis: The man is walking down the street.","Premise: A man wearing a white button down shirt is walking down the street.
Hypothesis: The man in the white button down shirt is taking a leisurely stroll down the tree-lined street on a bright, sunny afternoon, enjoying the gentle breeze as he passes by a series of colorful storefronts.",,contradiction,0,0,neutral,30,[]
"Premise: An Ambulance is passing a man wearing a bandanna and girl.
Hypothesis: The ambulance isn't stopped by heavy traffic","Premise: An Ambulance is passing a man wearing a bandanna and girl.
Hypothesis: An Ambulance is stopped by heavy traffic.",,entailment,0,0,contradiction,30,[]
"Premise: A group of people, including one man carrying a silver tripod, stand in front of a large building featuring numerous columns.
Hypothesis: Gerbils chat on Gruveo.","Premise: A group of people, including one man carrying a silver tripod, stand in front of a large building featuring numerous columns.
Hypothesis: A group of people, including a man carrying a silver tripod, stand in front of a historic large building featuring columns, ready to document their visit with photographs, while a man among them prepares to take the picture, implying the tripod is for a camera and completely excluding the possibility of any gerbils using a device like Gruveo in the scene.",,contradiction,2,2,contradiction|contradiction|neutral,42,[]
"Premise: A brown dog carries an object in its mouth on a snowy hillside.
Hypothesis: A dog is carrying something.","Premise: A brown dog carries an object in its mouth on a snowy hillside.
Hypothesis: A dog is not carrying anything.",,neutral,0,0,entailment,29,[]
