original_review,counterfactual,thinking_content,original_label,ground_truth_label,refinement_rounds,pred_labels_history,orig_token_count,stalled_rounds
"Premise: Three army soldiers are holding guns and peering around a corner of a building.
Hypothesis: Soldiers are guarding a building.","Premise: Three army soldiers are holding guns and peering around a corner of a building.
Hypothesis: While conducting a routine patrol, three army soldiers with binoculars hanging around their necks become engrossed in an intellectual discussion about the forgotten mysteries of their own history, completely straying from the topic of guarding the building. Their conversation, deeply passionate, veers into the realms of poetry and ancient civilizations as they stroll through the serene campus of a nearby university, miles away from the corner of the military establishment they were meant to guard, with no immediate concern for military protocols, but a fervent interest in expanding their intellectual horizons.",,contradiction,-1,5,contradiction|contradiction|contradiction|contradiction|contradiction|contradiction,30,[]
"Premise: A nighttime street scene of a restaurant.
Hypothesis: The restaurant is open at night.","Premise: A nighttime street scene of a restaurant.
Hypothesis: The restaurant is closed at night.",,neutral,0,0,contradiction,23,[]
"Premise: A small girl with short brown hair is pushing a pink scooter over grass with brown leaves with threes in the background
Hypothesis: The girl is outside.","Premise: A small girl with short brown hair is pushing a pink scooter over grass with brown leaves with threes in the background
Hypothesis: The girl is inside watching TV.",,neutral,0,0,entailment,37,[]
"Premise: A child dressed in purple clothing and a hat runs in splashing water while a man and a small boy walk nearby.
Hypothesis: a child enjoys summer vacation","Premise: A child dressed in purple clothing and a hat runs in splashing water while a man and a small boy walk nearby.
Hypothesis: A child is shivering from the cold winter rain as they step cautiously in the shallow puddles, far away from any body of water that might splash.",,neutral,1,0,entailment,37,[]
"Premise: A man in a business suit screaming at the camera.
Hypothesis: A business man is giving a heated interview for the local news.","Premise: A man in a business suit screaming at the camera.
Hypothesis: A man in a business suit calmly discusses the weather with the camera.",,neutral,1,0,contradiction,32,[]
"Premise: A ballerina standing on the toes of one food with one arm up in the air and one leg lifted behind her.
Hypothesis: The ballerina hates this.","Premise: A ballerina standing on the toes of one food with one arm up in the air and one leg lifted behind her.
Hypothesis: The ballerina, rather focused on the challenging yet beautiful dance move that requires significant balance and strength, is practicing for a performance in front of a captivated audience, her expression serene and her movements precise as she embodies the grace and dedication of a true artist.",,contradiction,1,1,contradiction|neutral,40,[]
"Premise: Two men are sitting in a restaurant while one of them holds a piece of paper up to the camera.
Hypothesis: Two men are sitting watching a movie.","Premise: Two men are sitting in a restaurant while one of them holds a piece of paper up to the camera.
Hypothesis: Two men are sitting in a restaurant, discussing an important matter while one holds a piece of paper with notes related to their conversation, which is completely unrelated to watching a movie.",,contradiction,2,0,neutral,37,[]
"Premise: Expert snowboard is trying a new trick.
Hypothesis: The person is snowboarding.","Premise: Expert snowboard is trying a new trick.
Hypothesis: While attempting a daring snowboard trick, an expert is caught on camera amidst a flurry of snowflakes, drawing attention from a group of fascinated onlookers who were previously engaged in a lively discussion about the latest technological advancements in camera lenses.Premise: Expert snowboard is trying a new trick.",,contradiction,0,1,contradiction|neutral,23,[]
"Premise: A boy plays his trumpet during a performance with his band.
Hypothesis: A human with a trumpet","Premise: A boy plays his trumpet during a performance with his band.
Hypothesis: A boy playing trumpet is actually a girl.",,neutral,0,0,entailment,25,[]
"Premise: The man in the black shirt is skateboarding on the front steps of the building.
Hypothesis: A person with a dark top is outside doing something active.","Premise: The man in the black shirt is skateboarding on the front steps of the building.
Hypothesis: On a sunny day, a colorful parade with people wearing various costumes is occurring completely unrelated to a man skateboarding on the front steps of the building outside.",,contradiction,0,5,contradiction|contradiction|contradiction|contradiction|contradiction|contradiction,37,[]
"Premise: Many people sit, some stand outside of a large brick building.
Hypothesis: people are throwing rocks at each other","Premise: Many people sit, some stand outside of a large brick building.
Hypothesis: People inside the large brick building are having a peaceful meeting.",,entailment,2,1,entailment|contradiction,28,[]
"Premise: A small girl with braids blowing bubbles.
Hypothesis: A young boy plays with his yo-yo.","Premise: A small girl with braids blowing bubbles.
Hypothesis: A young girl with braids, who is playing outside, is blowing bubbles while a young boy nearby plays with his yo-yo.",,contradiction,2,1,contradiction|neutral,27,[]
"Premise: Man in robe making designs on dirt ground.
Hypothesis: A man making designs in the dirt outside.","Premise: Man in robe making designs on dirt ground.
Hypothesis: A man is wiping clean a floor indoors while another man is outside making designs in dirt.",,neutral,0,1,neutral|contradiction,26,[]
"Premise: A girl is about to hit a tennis ball coming from above her with a racket
Hypothesis: A girl is playing tennis.","Premise: A girl is about to hit a tennis ball coming from above her with a racket
Hypothesis: A girl is NOT about to hit a tennis ball while she is actually sitting down reading a book.",,neutral,0,2,neutral|neutral|contradiction,31,[]
"Premise: A man in military uniform points as three other men watch.
Hypothesis: the man is training some guys","Premise: A man in military uniform points as three other men watch.
Hypothesis: The man in the military uniform casually points at an interesting cloud formation in the sky as three other men observe, leading to a light-hearted discussion about the weather patterns they rarely get to observe together outside their usual duties.Premise: A man in military uniform points as three other men watch.",,contradiction,1,1,contradiction|neutral,26,[]
"Premise: A little boy with an orange backpack walks under a tree through the woods.
Hypothesis: A boy walks through the woods.","Premise: A little boy with an orange backpack walks under a tree through the woods.
Hypothesis: While exploring the dense jungle, a young adventurer with a backpack filled with musical instruments stumbles upon a hidden waterfall, its chorus of water droplets creating a captivating soundtrack that's purely enchanting, wholly distinct from any ordinary forest sound.",,contradiction,0,3,contradiction|contradiction|contradiction|contradiction,30,"[4, 5]"
"Premise: Two young boys wearing shorts and sandals throw pebbles from a dirt path into a body of water.
Hypothesis: The two young boys are playing kickball at the park.","Premise: Two young boys wearing shorts and sandals throw pebbles from a dirt path into a body of water.
Hypothesis: Two young boys wearing shorts and sandals throwing pebbles from a dirt path into a body of water are not playing kickball at the park but instead are engaging in an activity that involves interacting with the water.",,contradiction,2,0,neutral,41,[]
"Premise: A woman sweeping in front of a ladder on a busy street.
Hypothesis: A woman cleans up near a ladder","Premise: A woman sweeping in front of a ladder on a busy street.
Hypothesis: While enjoying a quiet moment, a woman embraces the serene beauty of a sunrise over the ocean, feeling a renewed connection to the world around her, as each wave meets the shore, far from the busy streets and the sound of construction. The freedom she experiences in this tranquil setting contrasts sharply with her daily routine of sweeping in front of a ladder, illustrating a brief escape into a peaceful environment where seagulls joyously fill the air with their songs.",,contradiction,0,3,contradiction|contradiction|contradiction|neutral,28,[]
"Premise: A dirty, shirtless homeless man sits on the sidewalk, holding his cup up to passerby asking for change.
Hypothesis: A homeless man begs.","Premise: A dirty, shirtless homeless man sits on the sidewalk, holding his cup up to passerby asking for change.
Hypothesis: A shirtless man on the sidewalk is casually holding a cup, hoping for donations from passersby, while maintaining a sense of dignity in his posture.",,contradiction,0,0,neutral,36,[]
"Premise: A young man appears bored in a restaurant.
Hypothesis: A young person appears bored in a restaurant.","Premise: A young man appears bored in a restaurant.
Hypothesis: A young man appears bored in a restaurant while actually being engaged and excited somewhere else.",,neutral,0,4,neutral|neutral|neutral|neutral|neutral,26,"[1, 4, 5]"
"Premise: A boy in a blue shirt plays in a jumping tent.
Hypothesis: Rent your own bouncy house today","Premise: A boy in a blue shirt plays in a jumping tent.
Hypothesis: A boy in a blue shirt shouts loudly while running around outside, far away from any static bedroom and wearing a red vest.",,neutral,1,2,neutral|neutral|contradiction,27,[]
"Premise: A man looks mysterious in a blue shirt and a red truck for a company called Wilbert.
Hypothesis: A woman cuts eggplant.","Premise: A man looks mysterious in a blue shirt and a red truck for a company called Wilbert.
Hypothesis: The essence of the company Wilbert is captured vividly in the promotional campaign, where a woman in a well-fitted apron, her hands moving with precision, cuts eggplant in front of a red Wilbert truck. The man, standing by with a mysterious aura, dons a blue shirt, perfectly embodying the vibrant and mysterious marketing essence that the company aims to portray. This imagery not only communicates a strong, dynamic brand message but also enhances the company's image with its audience, showcasing the diversity and richness of its promotional strategy.",,contradiction,2,3,contradiction|contradiction|contradiction|neutral,33,[]
"Premise: This off-roading driver has tipped his truck.
Hypothesis: A Ferrari goes through the drive-thru.","Premise: This off-roading driver has tipped his truck.
Hypothesis: Instead of driving a truck that's now lying on its side, this off-road driver is now seen in a video taking a luxurious, spotless Ferrari through a high-end restaurant drive-thru, showcasing the stark contrast in vehicles and activities.",,contradiction,2,1,contradiction|neutral,27,[]
"Premise: Two young girls, one wearing a pink jacket and the other in a dark-colored jacket, are playing in the snow and having a snowball fight in a clearing outside of a wooded area.
Hypothesis: Two girls are sleeping","Premise: Two young girls, one wearing a pink jacket and the other in a dark-colored jacket, are playing in the snow and having a snowball fight in a clearing outside of a wooded area.
Hypothesis: Two girls are sleeping indoors while it's hot outside.Premise: Two young girls, one wearing a pink jacket and the other in a dark-colored jacket, are playing in the snow and having a snowball fight in a clearing outside of a wooded area.",,entailment,2,4,entailment|entailment|entailment|entailment|contradiction,50,"[2, 3]"
"Premise: This man is working with an I-pad.
Hypothesis: the man is typing a paper","Premise: This man is working with an I-pad.
Hypothesis: This man is specifically using an I-pad to type a detailed research paper.",,contradiction,1,1,contradiction|neutral,23,[]
"Premise: Three people are sitting at a small table near a screen with the words, ""DEMOS, The Business of Care.""
Hypothesis: A trio of humans is sitting.","Premise: Three people are sitting at a small table near a screen with the words, ""DEMOS, The Business of Care.""
Hypothesis: Four people are standing far from any screen with the words, ""DEMOS, The Business of Care"".",,neutral,0,0,entailment,39,[]
"Premise: A snowboarder on a wide plain of snow
Hypothesis: A snowboarder gliding over a field of snow","Premise: A snowboarder on a wide plain of snow
Hypothesis: A snowboarder effortlessly gliding down an open slope",,neutral,1,1,neutral|contradiction,30,[]
"Premise: Men at a party hanging out on the front porch.
Hypothesis: They are smoking cigarettes on the porch.","Premise: Men at a party hanging out on the front porch.
Hypothesis: They are having a lively discussion about the weather conditions while enjoying a cup of tea on the porch, completely unrelated to any political conversation or smoking activities.",,contradiction,1,4,contradiction|contradiction|contradiction|contradiction|contradiction,27,"[2, 3]"
"Premise: A person crossing a bridge with train tracks.
Hypothesis: A person jumped off the side of the bridge.","Premise: A person crossing a bridge with train tracks.
Hypothesis: A person is crossing the bridge safely, without any issues, using it as a secure path to jump over the train tracks and reach the other side.",,contradiction,2,4,contradiction|contradiction|contradiction|contradiction|neutral,27,[]
"Premise: A beach boardwalk during summertime.
Hypothesis: A wooden path towards the shore.","Premise: A beach boardwalk during summertime.
Hypothesis: As the sun dipped low, painting the sky in hues of orange and pink, visitors to the coastal town found themselves entirely absorbed in the scenic beauty of the expanding sunset, with each individual engrossed in their unique experiences, completely disconnected from the hustle and bustle of their everyday lives.",,contradiction,0,2,contradiction|contradiction|neutral,23,[]
"Premise: A woman is carrying two children in the middle of a large crowd.
Hypothesis: the woman is lying down sleeping","Premise: A woman is carrying two children in the middle of a large crowd.
Hypothesis: The woman is standing up alone.",,entailment,2,0,neutral,28,[]
"Premise: a wet golden retriever is walking through a lake
Hypothesis: A wet golden retriever is in a lake.","Premise: a wet golden retriever is walking through a lake
Hypothesis: Instead of the golden retriever being wet and walking through a lake, it is dry and sitting on the shore.",,neutral,0,4,neutral|neutral|neutral|neutral|contradiction,29,[]
"Premise: A woman wearing a striped wrap is bent over in a cornfield while looking at the camera.
Hypothesis: A woman wearing a striped wrap is looking at the camera.","Premise: A woman wearing a striped wrap is bent over in a cornfield while looking at the camera.
Hypothesis: A woman wearing a striped wrap is hiding the camera elsewhere while pretending it is not there.",,neutral,0,4,neutral|neutral|neutral|neutral|contradiction,39,[4]
"Premise: This is a very large vegetable stand under a white tent.
Hypothesis: People are eating fast food.","Premise: This is a very large vegetable stand under a white tent.
Hypothesis: People are visiting the vegetable stand to explore the variety of produce offered under the white tent.",,contradiction,2,0,neutral,26,[]
"Premise: A person standing next to an old dark building.
Hypothesis: A person standing near a building.","Premise: A person standing next to an old dark building.
Hypothesis: A person is nowhere near any building.",,neutral,0,0,entailment,25,[]
"Premise: a man sitting on a motorcycle with a sunset directly behind him
Hypothesis: A man sitting on his motorcycle with the sunset directly behind him outside.","Premise: a man sitting on a motorcycle with a sunset directly behind him
Hypothesis: A man sitting on a motorcycle with a sunrise directly in front of him despite the premise clearly showing a sunset directly behind him.",,neutral,0,5,neutral|neutral|neutral|neutral|neutral|neutral,35,"[3, 4, 5]"
"Premise: Two men wearing dirty clothing are sitting on a sidewalk with their dog and begging for money using a cardboard sign.
Hypothesis: These two illiterate men convinced their dog to write a panhandling sign for them.","Premise: Two men wearing dirty clothing are sitting on a sidewalk with their dog and begging for money using a cardboard sign.
Hypothesis: These two individuals, known for their remarkable street performances, are actually part of a celebrated group of living statues who use their dog as a prop in their intricate, daily tableau vivant. Believing they are part of a living art piece, the onlookers donate money to support their art, completely unaware that these performances are a way to fund their next major project—a remarkable public art installation inspired by cardboard architecture.",,contradiction,2,5,contradiction|contradiction|contradiction|contradiction|contradiction|contradiction,47,[]
"Premise: A boy in a yellow shirt running by some birds.
Hypothesis: The boy is moving very fast.","Premise: A boy in a yellow shirt running by some birds.
Hypothesis: The boy is standing still.",,neutral,1,0,entailment,26,[]
"Premise: People jump over a mountain crevasse on a rope.
Hypothesis: People are jumping outside.","Premise: People jump over a mountain crevasse on a rope.
Hypothesis: People are jumping inside a cave.",,neutral,0,0,contradiction,25,[]
"Premise: Many people have decided to take a rest on the steps.
Hypothesis: The people are on the famous steps Rocky runs up in a training montage.","Premise: Many people have decided to take a rest on the steps.
Hypothesis: The people are resting after a long walk and have chosen the steps due to their comfortable height and the pleasant environment surrounding them.",,contradiction,1,0,neutral,35,[]
"Premise: A group of kids is splashing in deep water nearby a rock formation.
Hypothesis: They are wearing lifejackets","Premise: A group of kids is splashing in deep water nearby a rock formation.
Hypothesis: They are exploring the rock formation nearby deep water where kids are splashing.",,contradiction,1,0,neutral,29,[]
"Premise: Four men stand in a circle facing each other playing brass instruments which people watch them.
Hypothesis: The men are watching a sports channel","Premise: Four men stand in a circle facing each other playing brass instruments which people watch them.
Hypothesis: The men are playing a concert for a group of listeners who had traveled far to enjoy the live music performance, completely unaware of the sports channel on the television in the corner of the room, ignored by everyone focused on the music.",,contradiction,2,1,contradiction|neutral,32,[]
"Premise: A drummer wearing a plaid shirt, jeans, and a purple had bangs his drum.
Hypothesis: A trumpeter practices for an orchestra.","Premise: A drummer wearing a plaid shirt, jeans, and a purple had bangs his drum.
Hypothesis: A drummer in plaid playing drums with purple highlights in his hair.",,contradiction,2,0,neutral,35,[]
"Premise: A boy in a hat and glasses is playing a guitar.
Hypothesis: A boy is playing piano.","Premise: A boy in a hat and glasses is playing a guitar.
Hypothesis: A boy is playing a piano without glasses, despite the premise clearly showing him wearing glasses while playing a guitar.",,entailment,2,5,entailment|entailment|entailment|entailment|entailment|entailment,26,[5]
"Premise: A female dancer wearing all white dancing while a photographer wearing all white takes her picture.
Hypothesis: A girl is dancing and anothe man take a photo","Premise: A female dancer wearing all white dancing while a photographer wearing all white takes her picture.
Hypothesis: A contemporary dancer in a vibrant urban space, surrounded by bustling city life, performs a high-energy routine as a street-style photographer captures the moment, his camera flashing with each perfect jump and spin. Meanwhile, the city's everyday sounds - the distant honking of cars, the murmur of a crowd, and the distant chatter of street vendors - contribute to a perfectly ordinary yet uniquely sparkled day in the city, far from the intimate focus of the dance and photograph session happening in the midst of it all.",,contradiction,1,2,contradiction|contradiction|neutral,36,[]
"Premise: Two girls wearing hats are running through snow drifts outside.
Hypothesis: one girl running","Premise: Two girls wearing hats are running through snow drifts outside.
Hypothesis: Two girls wearing hats are not running through snow drifts outside but instead are sitting indoors, sipping hot cocoa.",,neutral,2,1,neutral|entailment,23,[]
"Premise: A man and a child are laughing at each other.
Hypothesis: Two people are laughing.","Premise: A man and a child are laughing at each other.
Hypothesis: Instead of a man and a child laughing, they are actually fighting fiercely with each other.",,neutral,0,5,neutral|neutral|neutral|neutral|neutral|neutral,24,[5]
"Premise: The man is digging in the sand while others watch to see what he discovers.
Hypothesis: a man is digging for gold.","Premise: The man is digging in the sand while others watch to see what he discovers.
Hypothesis: The man is digging in a concrete slab while others watch to see what he uncovers from a block of ice.",,neutral,1,3,neutral|neutral|neutral|contradiction,31,[]
"Premise: Two NHL hockey players prepare to fight over a puck during a face off.
Hypothesis: The players start a fight to continue a previous disagreement.","Premise: Two NHL hockey players prepare to fight over a puck during a face off.
Hypothesis: Two NHL hockey players are engaging in a scrum for a puck, inadvertently starting a friendly shoving match that was never about a previous disagreement but rather a playful expression of rivalry during a face off.",,contradiction,1,0,neutral,34,[]
"Premise: A child in an orange outfit stands holding flowers.
Hypothesis: The boy has a gift for his mother.","Premise: A child in an orange outfit stands holding flowers.
Hypothesis: The child, adorned in an orange cloak reflecting the warmth of autumn, stands amidst a floral market, flowers gently swaying in their small hands, unaware of the vendor watching proudly as they mimic a ballet routine they learned from a street performer earlier that day, their performance a silent testament to the magic of impromptu creativity and a surprising display of flexibility that left a small crowd momentarily in awe. Their latest performance, though unscheduled and unplanned, was a remarkable testament to their spontaneous creativity and a delightful performance that added an unexpected burst of joy to the day.",,contradiction,1,4,contradiction|contradiction|contradiction|contradiction|neutral,27,[1]
"Premise: A policeman on a motorcycle from the rear.
Hypothesis: An officer watching a jail cell.","Premise: A policeman on a motorcycle from the rear.
Hypothesis: A policeman on a motorcycle is inside the police station.",,entailment,2,0,neutral,24,[]
"Premise: Two young boys are playing with a toy train set on a wood floor.
Hypothesis: Two girls are playing with dolls.","Premise: Two young boys are playing with a toy train set on a wood floor.
Hypothesis: Instead of playing with dolls, two boys are focused on a toy train set, interacting with it on a polished wood floor, indicative of a boy-centric playtime activity.",,contradiction,2,1,contradiction|neutral,30,[]
"Premise: four people standing on a hiking trail in a forest with big tree logs on the ground close to them.
Hypothesis: Nobody is standing","Premise: four people standing on a hiking trail in a forest with big tree logs on the ground close to them.
Hypothesis: five people are sitting on a hiking trail in a desert with no tree logs in sight.",,entailment,2,0,contradiction,32,[]
"Premise: A closeup of an older man with glasses speaking.
Hypothesis: The woman is doing a speech.","Premise: A closeup of an older man with glasses speaking.
Hypothesis: A silent woman with glasses who is not speaking is sitting beside the man with glasses who is loudly speaking.",,neutral,2,5,neutral|neutral|neutral|neutral|neutral|contradiction,26,[]
"Premise: People sitting in a dim restaurant eating.
Hypothesis: People are eating food.","Premise: People sitting in a dim restaurant eating.
Hypothesis: People in the restaurant are posing instead of eating, contradicting the premise of them actually consuming food in a dining setting.",,neutral,0,4,neutral|neutral|neutral|neutral|neutral,21,"[3, 5]"
"Premise: Child plays with pigeon in busy public area while group of people watch him play.
Hypothesis: A group of people take turns carrying an injured child.","Premise: Child plays with pigeon in busy public area while group of people watch him play.
Hypothesis: A group of people are observing a child playing with a pigeon in a crowded public space, some capturing the moment with their smartphones.",,contradiction,2,0,neutral,35,[]
"Premise: A woman plays in the wind, with a furry brown dog.
Hypothesis: The dog is a shitzu.","Premise: A woman plays in the wind, with a furry brown dog.
Hypothesis: A woman plays in the wind with a shitzu, a furry brown dog.",,contradiction,1,0,neutral,29,[]
"Premise: Man sitting on bench with suitcase waiting for his source of transportation.
Hypothesis: The man is on a treadmill.","Premise: Man sitting on bench with suitcase waiting for his source of transportation.
Hypothesis: The man is resting on a bench and not moving.",,entailment,2,1,entailment|neutral,28,[]
"Premise: A black man wearing a down jacket with his arms spread and holding a pink comb.
Hypothesis: A man was wearing a jacket in winter.","Premise: A black man wearing a down jacket with his arms spread and holding a pink comb.
Hypothesis: A black man wearing a down jacket in the middle of summer with no arms and not holding anything.",,neutral,1,1,neutral|entailment,34,[]
"Premise: A blond little boy in an orange sweatshirt with red sleeves is using scissors to cut something.
Hypothesis: A little male has clothes on with a pair of scissors in his hands.","Premise: A blond little boy in an orange sweatshirt with red sleeves is using scissors to cut something.
Hypothesis: A little boy is not using scissors to cut anything.",,neutral,0,0,entailment,42,[]
"Premise: People in motion down a city sidewalk.
Hypothesis: People are walking to an event.","Premise: People in motion down a city sidewalk.
Hypothesis: People in motion down a city sidewalk are casually conversing with each other, completely absorbed in their own worlds, while a street musician entertains a small crowd, drawing in a friendly cat that has decided to join the performance.",,contradiction,1,3,contradiction|contradiction|contradiction|neutral,23,[3]
"Premise: A scruffy man is standing in front of a red shopping cart filled with boxes.
Hypothesis: A clean shaven man with an empty blue shopping cart.","Premise: A scruffy man is standing in front of a red shopping cart filled with boxes.
Hypothesis: A well-groomed man with a full red shopping cart.",,entailment,2,0,neutral,37,[]
"Premise: A woman in black walks down the street in front of a graffited wall.
Hypothesis: A lady walks down the street.","Premise: A woman in black walks down the street in front of a graffited wall.
Hypothesis: A woman in black leisurely meanders down a cobblestone street lined with colorful street art, completely ignoring the vibrant graffiti that adorns the otherwise ordinary brick wall in a busy urban neighborhood.",,contradiction,0,0,neutral,32,[]
"Premise: This person looks to be snowboarding on a very small pile of snow on a sunny cold day.
Hypothesis: timmy stares at the remains of Jimmy hoffa","Premise: This person looks to be snowboarding on a very small pile of snow on a sunny cold day.
Hypothesis: Timmy is snowboarding on a large mountain during a rainy day.",,neutral,2,0,contradiction,39,[]
"Premise: An elderly lady holding a scruffy dog and smiling contently.
Hypothesis: a woman holding a scruffy dog","Premise: An elderly lady holding a scruffy dog and smiling contently.
Hypothesis: An elderly lady is not holding a scruffy dog.",,neutral,0,0,entailment,28,[]
"Premise: A father is teaching his son how to ride a bicycle.
Hypothesis: The boy is improving quickly.","Premise: A father is teaching his son how to ride a bicycle.
Hypothesis: The father and son are standing in the basement workshop, examining a piece of old equipment, completely unrelated to bicycles, as they discuss the laws of physics, miles away from any thoughts of riding a bike.",,contradiction,1,5,contradiction|contradiction|contradiction|contradiction|contradiction|contradiction,26,[]
"Premise: The girl wearing a brown jacket whilst walking in snow.
Hypothesis: A woman is eating pasta in a restaurant.","Premise: The girl wearing a brown jacket whilst walking in snow.
Hypothesis: The girl, adorned in a cozy brown jacket, is gently strolling through fresh snowfall, her mind preoccupied not with eating pasta in a warm restaurant, but with the crisp winter air and the serene landscape she's exploring. SEP",,contradiction,2,1,contradiction|neutral,28,[]
"Premise: A man with a beard is playing an acoustic guitar on the street.
Hypothesis: The man tries to make some money from tips.","Premise: A man with a beard is playing an acoustic guitar on the street.
Hypothesis: The man enjoys playing music with his friends while in a local coffee shop, completely unaware that his impromptu performance is being recorded by a passerby, possibly leading to unexpected fame.",,contradiction,1,4,contradiction|contradiction|contradiction|contradiction|contradiction,32,"[2, 5]"
"Premise: A small child with a backpack walks down a narrow road next to a painted wall.
Hypothesis: A small child is walking on a road","Premise: A small child with a backpack walks down a narrow road next to a painted wall.
Hypothesis: A young, spirited child adorned with a backpack embarks on a vibrant daily adventure, the lively backdrop of a colorful mural making their routine stroll more enchanting than ever.Premise: A small child with a backpack walks down a narrow road next to a painted wall.",,contradiction,0,1,contradiction|neutral,33,[]
"Premise: A young man holding a young woman in his arms as they get splashed by water shooting up from a fountain.
Hypothesis: A young couple is very much in love.","Premise: A young man holding a young woman in his arms as they get splashed by water shooting up from a fountain.
Hypothesis: A young man and a young woman are caught off guard by a fountain's water blast, splashing them both unexpectedly while enjoying a spontaneous outing together in public.",,contradiction,1,0,neutral,40,[]
"Premise: A man and a child are purchasing ice cream from a man with a hand pushed ice cream cart.
Hypothesis: A father is buying his daughter ice cream.","Premise: A man and a child are purchasing ice cream from a man with a hand pushed ice cream cart.
Hypothesis: A passerby decides to support the local vendor by purchasing a scoop of chocolate ice cream as a treat for the child standing nearby, whose parent is preoccupied with browsing at a nearby store.",,contradiction,1,0,neutral,37,[]
"Premise: A female covering her face in laughter at the dinner table.
Hypothesis: A woman has heard a joke.","Premise: A female covering her face in laughter at the dinner table.
Hypothesis: A woman is crying at the dinner table.",,neutral,1,0,contradiction,27,[]
"Premise: A mom and her boy are riding in a bumper car.
Hypothesis: The mom and boy are at an amusement park.","Premise: A mom and her boy are riding in a bumper car.
Hypothesis: The mom and boy are at a funeral service.",,neutral,0,0,contradiction,30,[]
"Premise: Police officer wearing a brown uniform talks into a wireless microphone.
Hypothesis: A police officer is silent.","Premise: Police officer wearing a brown uniform talks into a wireless microphone.
Hypothesis: A police officer wearing a brown uniform is not silent and is using a wireless microphone to communicate.",,contradiction,2,0,neutral,26,[]
"Premise: In a snowy residential environment, a man with a brown jacket and gray mustache and beard places a hand on a felled log while another man in a blue shirt is blurry on the right side of the photo.
Hypothesis: The log is for firewood.","Premise: In a snowy residential environment, a man with a brown jacket and gray mustache and beard places a hand on a felled log while another man in a blue shirt is blurry on the right side of the photo.
Hypothesis: The log is being used as a stepping stone by the man in the brown jacket.",,contradiction,1,0,neutral,58,[]
"Premise: A woman crosses the street with a baby in her arms.
Hypothesis: A woman crosses the street carrying her baby boy.","Premise: A woman crosses the street with a baby in her arms.
Hypothesis: A woman crosses the street without having any arms.",,neutral,1,1,neutral|entailment,30,[]
"Premise: A woman in a brown jacket and jeans is kneeling on a brick road while taking a picture of another woman posing.
Hypothesis: The woman posing is a famous model.","Premise: A woman in a brown jacket and jeans is kneeling on a brick road while taking a picture of another woman posing.
Hypothesis: A woman posing for a portrait on a brick road is actually a local mime artist demonstrating her craft for an audience of curious onlookers as part of a street performance series featured in a monthly arts newsletter. The community eagerly anticipates this monthly newsletter for its coverage of local performances, each more colorful and engaging than the last.",,contradiction,1,5,contradiction|contradiction|contradiction|contradiction|contradiction|contradiction,39,[]
"Premise: An older women tending to a garden.
Hypothesis: The lady is cooking dinner","Premise: An older women tending to a garden.
Hypothesis: An older woman sits beneath the shade of a grand oak tree in her garden, gently plucking ripe strawberries and humming an old tune, the scent of earth and ripe fruit mingling in the air, each note of the tune sweetly echoing amidst the quiet of the flourishing summer day.",,contradiction,2,5,contradiction|contradiction|contradiction|contradiction|contradiction|contradiction,22,[]
"Premise: The three young children played with some toilet paper in the grass.
Hypothesis: The three young children are throwing the toilet paper around.","Premise: The three young children played with some toilet paper in the grass.
Hypothesis: The three young children were not playing quietly with toilet paper in the grass; instead, they were loudly arguing in the bathroom.",,neutral,1,4,neutral|neutral|neutral|neutral|neutral,32,[5]
"Premise: Man and woman rowing on surfboards third rower in distance.
Hypothesis: Couples rowing on surfboards.","Premise: Man and woman rowing on surfboards third rower in distance.
Hypothesis: The third rower is actually riding a unicycle instead of rowing a surfboard on the beach, which completely contradicts the premise of man and woman rowing on surfboards in the distance.",,neutral,0,5,neutral|neutral|neutral|neutral|neutral|neutral,29,[]
"Premise: A golden retriever nurses puppies.
Hypothesis: Puppies next to their mother","Premise: A golden retriever nurses puppies.
Hypothesis: A golden retriever is seen with a litter of puppies next to a bowl of milk.",,contradiction,0,0,neutral,21,[]
"Premise: A performer plays an instrument for the audience.
Hypothesis: The instrument plays a performer for an audience.","Premise: A performer plays an instrument for the audience.
Hypothesis: While the performer plays an instrument, the audience claps for the applause machine malfunctioning, creating a neutral interaction with no clear entailment.",,entailment,2,0,neutral,26,[]
"Premise: A man throws his young boy playfully into the air standing on a beach.
Hypothesis: A Dad and son is playing on the beach.","Premise: A man throws his young boy playfully into the air standing on a beach.
Hypothesis: A man and his child engage in a beach activity.",,contradiction,0,0,neutral,34,[]
"Premise: A dog jumping for a Frisbee in the snow.
Hypothesis: A cat washes his face and whiskers with his front paw.","Premise: A dog jumping for a Frisbee in the snow.
Hypothesis: A dog is playing outside while a cat is inside cleaning itself.",,entailment,2,0,contradiction,34,[]
"Premise: Small girl riding in play car.
Hypothesis: A girl is riding in a toy car.","Premise: Small girl riding in play car.
Hypothesis: A girl with a curious expression is playfully pretending to drive a toy car in her living room, vividly imagining herself as a racing champion, entirely absorbed in her imaginative game, while her older brother watches with a mix of amusement and annoyance, debating in his head whether to join her playful escapade or finish his morning homework, all set against the backdrop of their family’s pet goldfish swimming lazily in its bowl on the floor, with the soft hum of the refrigerator in the background marking the mundanity of a peaceful Sunday morning.",,contradiction,0,5,contradiction|contradiction|contradiction|contradiction|contradiction|contradiction,24,[]
"Premise: People walk outside ""The Tempe Bar"".
Hypothesis: People move around outside.","Premise: People walk outside ""The Tempe Bar"".
Hypothesis: People stand still indoors.",,neutral,0,0,entailment,22,[]
"Premise: A group of people having a conversation.
Hypothesis: People are talking about politics.","Premise: A group of people having a conversation.
Hypothesis: People are discussing their favorite dessert.",,neutral,1,0,contradiction,22,[]
"Premise: A man in an army uniform speaks into a microphone.
Hypothesis: A soldier speaks into the microphone.","Premise: A man in an army uniform speaks into a microphone.
Hypothesis: A civilian is speaking into the microphone while a man in an army uniform is silent.",,neutral,0,5,neutral|neutral|neutral|neutral|neutral|neutral,26,"[1, 3, 4, 5]"
"Premise: A child sits in a tree holding a branch.
Hypothesis: The adult jumped up onto the tree.","Premise: A child sits in a tree holding a branch.
Hypothesis: An adult fell from the tree instead of jumping onto it.",,neutral,2,0,contradiction,26,[]
"Premise: A man with a beer in his hand listens to a woman talk.
Hypothesis: A man has a beer with him.","Premise: A man with a beer in his hand listens to a woman talk.
Hypothesis: A man is holding a glass of apple juice while ignoring a woman talking.",,neutral,0,0,contradiction,30,[]
"Premise: Two little boys are smiling and laughing while one is standing and one is in a bouncy seat.
Hypothesis: The little boys are crying.","Premise: Two little boys are smiling and laughing while one is standing and one is in a bouncy seat.
Hypothesis: The little boys are taking a break from playing and are now quiet and content.",,contradiction,2,0,neutral,34,[]
"Premise: Two men in suits standing in front of a bus, one is wearing a medal.
Hypothesis: Two men are standing in front of a large vehicle.","Premise: Two men in suits standing in front of a bus, one is wearing a medal.
Hypothesis: Two men are inside the bus.",,neutral,0,1,neutral|entailment,36,[]
"Premise: A woman is cutting into a sandwich while sitting at an outdoor table.
Hypothesis: The lady on the table is cutting her sandwhich","Premise: A woman is cutting into a sandwich while sitting at an outdoor table.
Hypothesis: The woman at the outdoor table is cutting her sandwich for a picnic with her friends.",,contradiction,0,0,neutral,32,[]
"Premise: Three men are working with their bikes in the shoulder of a road.
Hypothesis: The men's bikes broke.","Premise: Three men are working with their bikes in the shoulder of a road.
Hypothesis: The men are taking their bikes in for routine maintenance on the shoulder of a road.",,contradiction,1,0,neutral,28,[]
"Premise: A boy and a girl stand in a median amongst Mike Huckabee signs.
Hypothesis: Two people stand on a median with advertising signs.","Premise: A boy and a girl stand in a median amongst Mike Huckabee signs.
Hypothesis: Two people sit on a bench away from any signs.",,neutral,0,0,entailment,32,[]
"Premise: A man who wears glasses, a blue shirt and a Chicago White Sox cap holds a young boy who also wears a blue shirt.
Hypothesis: The man the baseball is taking his son to a baseball game today.","Premise: A man who wears glasses, a blue shirt and a Chicago White Sox cap holds a young boy who also wears a blue shirt.
Hypothesis: The man with glasses, while wearing a blue shirt and a Chicago White Sox cap, is displaying a pair of binoculars to a curious young boy in a blue shirt, demonstrating the features of a new purchase showing nothing about attending a baseball game today.",,contradiction,1,1,contradiction|neutral,48,[]
"Premise: Naked children play on the muddy riverbank.
Hypothesis: THE NUDE KIDS PLAYED ON THE RIVERBANK IN THE MUD JUST TO HAVE A MUD BATH","Premise: Naked children play on the muddy riverbank.
Hypothesis: The children were exploring the natural mud and its properties, curious about its texture and how it felt against their skin, completely unaware they were creating a makeshift mud mask.",,contradiction,1,0,neutral,43,[]
"Premise: A boy runs as others play on a homemade slip and slide.
Hypothesis: A boy is running.","Premise: A boy runs as others play on a homemade slip and slide.
Hypothesis: A boy is sitting still while others play on a homemade slip and slide.",,neutral,0,0,contradiction,26,[]
"Premise: A rescue worker searches with a flashlight under a slab in a ruined building.
Hypothesis: A rescue worker searches for survivors.","Premise: A rescue worker searches with a flashlight under a slab in a ruined building.
Hypothesis: A rescue worker searches for debris under a slab in a ruined building.",,neutral,1,0,contradiction,30,[]
"Premise: People boating on a lake with the sun through the clouds in the distance.
Hypothesis: people on boat","Premise: People boating on a lake with the sun through the clouds in the distance.
Hypothesis: People are sitting on a dock, watching empty boats bob in the calm harbor, showing that no people are on a boat in the original scenario, as there are neither boats nor a lake in the given scene.",,neutral,0,5,neutral|neutral|neutral|neutral|neutral|entailment,27,[]
"Premise: The man white purple and white polka-dotted shirts is eating and looking to his right while the woman behind him has a confused look on her face.
Hypothesis: The guy is eating a sandwich while a lady wonders what's in the sandwich.","Premise: The man white purple and white polka-dotted shirts is eating and looking to his right while the woman behind him has a confused look on her face.
Hypothesis: The man is eating tofu stir-fry while a woman laughs because she knows what he's eating.",,neutral,1,0,contradiction,55,[]
"Premise: A dog with a collar on lying on the street.
Hypothesis: There is an animal outdoors.","Premise: A dog with a collar on lying on the street.
Hypothesis: There is no animal outdoors.",,neutral,0,0,entailment,25,[]
"Premise: Performer who is wearing 2 hats a scary mask and a black and white robe.
Hypothesis: The actor playing Voldemort is wearing a scary mask and a black and white robe.","Premise: Performer who is wearing 2 hats a scary mask and a black and white robe.
Hypothesis: The performer is NOT the actor playing Voldemort and is not wearing a scary mask or a black and white robe.",,neutral,1,0,contradiction,42,[]
"Premise: Sports team members practice and relax on a basketball court.
Hypothesis: Team members of a sport is relaxing after practice.","Premise: Sports team members practice and relax on a basketball court.
Hypothesis: Team members of a sport are sitting idly on a basketball court, completely disengaged from any form of practice or game.",,neutral,0,1,neutral|contradiction,29,[]
"Premise: A referee with a whistle in his mouth points to the right and watches as a player with the basketball bends down with a defensive player.
Hypothesis: A referee blows a whistle","Premise: A referee with a whistle in his mouth points to the right and watches as a player with the basketball bends down with a defensive player.
Hypothesis: A referee does not blow a whistle.",,neutral,-1,0,entailment,40,[]
"Premise: A man, wearing a cap, is pushing a cart, on which large display boards are kept, on a road.
Hypothesis: The person is stealing display boards.","Premise: A man, wearing a cap, is pushing a cart, on which large display boards are kept, on a road.
Hypothesis: The man, wearing a cap and pushing a cart laden with large display boards on a public road, is visibly engaged in an authorized task such as delivering these boards for an advertising campaign or a promotional event.",,contradiction,1,0,neutral,39,[]
"Premise: Six people appearing to be planting something in the ground.
Hypothesis: People are digging up the earth","Premise: Six people appearing to be planting something in the ground.
Hypothesis: Instead of planting things in the ground, people are digging up the earth.",,neutral,0,5,neutral|neutral|neutral|neutral|neutral|neutral,25,[3]
"Premise: A group of people are looking at photographs on a wall and speaking to each other.
Hypothesis: A group of friends are visiting an art exhibit.","Premise: A group of people are looking at photographs on a wall and speaking to each other.
Hypothesis: As they scrutinize each picture, they realize that every photograph uniquely captures a distinct moment or emotion, leading them to conclude that they are not merely in a gallery but are experiencing a special photographic storytelling event, where each image tells a personal narrative in a way that only art can, prompting lively discussions and a deep emotional engagement with the stories depicted.Premise: A group of people are looking at photographs on a wall and speaking to each other.",,contradiction,1,4,contradiction|contradiction|contradiction|contradiction|contradiction,35,[3]
"Premise: Two daschunds play with a red ball
Hypothesis: Two dogs playing together.","Premise: Two daschunds play with a red ball
Hypothesis: Two dogs are attacking each other with a red ball while ignoring the original premise of playing together.",,neutral,0,1,neutral|contradiction,23,[]
"Premise: A man standing alone in a park.
Hypothesis: a man alone at home","Premise: A man standing alone in a park.
Hypothesis: A man standing alone in a park is pondering the implications of his choices on life's various aspects while also contemplating the political landscape as a separate consideration, entirely unrelated to his immediate decision-making process in the park.",,contradiction,2,2,contradiction|contradiction|neutral,21,[]
"Premise: Two little girls, wearing pink hanging on a tube.
Hypothesis: Two girls wearing blue sit on a couch.","Premise: Two little girls, wearing pink hanging on a tube.
Hypothesis: Two little girls, wearing pink hanging on a tube, decide to play a game of hide and seek next to the couch instead of sitting on it.",,contradiction,2,1,contradiction|neutral,28,[]
"Premise: Security officer working outside.
Hypothesis: A security officer is outside.","Premise: Security officer working outside.
Hypothesis: A security officer is inside.",,neutral,0,4,neutral|neutral|neutral|neutral|neutral,19,"[1, 2, 3, 4, 5]"
"Premise: Two soccer players are going after the ball.
Hypothesis: They are playing soccer outside.","Premise: Two soccer players are going after the ball.
Hypothesis: Two soccer players are sitting on a bench inside the locker room.",,neutral,1,0,contradiction,23,[]
"Premise: A young man wearing khaki pants and a checked shirt is jumping over large rocks with green mountains and a lagoon in the background.
Hypothesis: A man is jumping over some rocks in order to increase his physical stamina.","Premise: A young man wearing khaki pants and a checked shirt is jumping over large rocks with green mountains and a lagoon in the background.
Hypothesis: A man is jumping over rocks to decrease his physical stamina.",,neutral,1,0,contradiction,50,[]
"Premise: Four African boys playing soccer.
Hypothesis: Some boys are in the play ground","Premise: Four African boys playing soccer.
Hypothesis: Four African boys playing soccer while their dog, Spot, enthusiastically tries to join in but trips over a misplaced makeshift ball, creating a humorous scene under the bright African sun. Premise: Four African boys playing soccer.",,contradiction,2,1,contradiction|neutral,21,[]
"Premise: A lady in a dark coat is sitting with many people around her.
Hypothesis: There are people surrounding each other.","Premise: A lady in a dark coat is sitting with many people around her.
Hypothesis: No one is around the lady.",,neutral,0,0,entailment,29,[]
"Premise: Man with beard doing skateboarding stunt
Hypothesis: A man with a goatee does a backflip on a skateboard.","Premise: Man with beard doing skateboarding stunt
Hypothesis: A clean-shaven man is sitting quietly on a stationary skateboard, never having attempted any stunts in his life.",,neutral,1,1,neutral|contradiction,30,[]
"Premise: A man with a blue helmet and orange shirt.
Hypothesis: An 20 year old man has an orange shirt.","Premise: A man with a blue helmet and orange shirt.
Hypothesis: Actually, a man with a blue helmet and orange shirt is not wearing any clothing and is instead piloting a spaceship through outer space, far away from any earthly environment.",,neutral,1,5,neutral|neutral|neutral|neutral|neutral|neutral,29,[5]
"Premise: A silhouette stands at the top of a bowling lane as the ball is about to impact the pins while neon lights race overhead.
Hypothesis: Someone is in a bowling alley.","Premise: A silhouette stands at the top of a bowling lane as the ball is about to impact the pins while neon lights race overhead.
Hypothesis: A silhouette is at the top of a mountain while the sun sets behind it.",,neutral,0,0,contradiction,40,[]
"Premise: A boy toddler is holding a bat he is about to swing at a pinata.
Hypothesis: A child is about to hit the panda with a stick.","Premise: A boy toddler is holding a bat he is about to swing at a pinata.
Hypothesis: A child is exploring a serene, untouched rainforest, completely immersed in the rich biodiversity surrounding them, entirely separated from the act of hitting a pinata with a stick or any sort of animal.",,contradiction,2,5,contradiction|contradiction|contradiction|contradiction|contradiction|contradiction,37,[]
"Premise: A man wearing a red vest is walking past a black and green fence.
Hypothesis: A man is wearing a vest.","Premise: A man wearing a red vest is walking past a black and green fence.
Hypothesis: A man is not wearing a vest or wearing a completely different outfit while walking past a black and green fence.",,neutral,0,5,neutral|neutral|neutral|neutral|neutral|neutral,30,[4]
"Premise: Fans are dressed in green and yellow for a major sporting event.
Hypothesis: There are fans at a sporting event.","Premise: Fans are dressed in green and yellow for a major sporting event.
Hypothesis: There are no fans present at a sporting event.",,neutral,0,0,entailment,29,[]
"Premise: Man wearing blue bowing on floor in front of another man in blue bowing on floor with two other men wearing blue kneeling on same floor also.
Hypothesis: A man is wearing nothing.","Premise: Man wearing blue bowing on floor in front of another man in blue bowing on floor with two other men wearing blue kneeling on same floor also.
Hypothesis: The man is not wearing anything.",,neutral,2,5,neutral|neutral|neutral|neutral|neutral|neutral,44,[]
"Premise: A man dances with a woman in a white egyptian costume.
Hypothesis: A couple dances in a competition.","Premise: A man dances with a woman in a white egyptian costume.
Hypothesis: While performing a solo dance, a man in a traditional white Egyptian costume pays homage to ancient Egyptian rituals, momentarily drawing the attention of a small scholarly audience, who are attending a conference on Middle Eastern archaeology, away from their routine academic discussions.",,contradiction,1,3,contradiction|contradiction|contradiction|contradiction,29,"[4, 5]"
"Premise: A man is holding a book standing in front of a chalkboard.
Hypothesis: A person is in a classroom teaching.","Premise: A man is holding a book standing in front of a chalkboard.
Hypothesis: A person is quietly enjoying a book in the isolated tranquility of a sunlit meadow, far from the noisy atmosphere of a crowded classroom, experiencing a serene environment where the only sound is the gentle rustling of leaves, and the only company, the peacefulness of nature itself. Isolation provides the perfect tranquility to immerse oneself in reading without distraction, a stark contrast to the dynamic, collaborative atmosphere of a classroom.",,contradiction,0,4,contradiction|contradiction|contradiction|contradiction|neutral,30,[]
"Premise: In a chain link enclosed skate park a skater goes over one of the obstacles.Wit.
Hypothesis: The skater is sitting on the ground.","Premise: In a chain link enclosed skate park a skater goes over one of the obstacles.Wit.
Hypothesis: As the skater navigates through the obstacle, a dog walks by in the background, unnoticed by the skater.",,entailment,2,0,neutral,36,[]
"Premise: Two dogs wearing muzzles are running.
Hypothesis: two dogs are eating","Premise: Two dogs wearing muzzles are running.
Hypothesis: Two dogs wearing muzzles are not sitting calmly.",,entailment,2,1,entailment|neutral,21,[]
"Premise: Two men, wearing identical shirts look into a classic car hood.
Hypothesis: Two people are looking at a car.","Premise: Two men, wearing identical shirts look into a classic car hood.
Hypothesis: Two men, wearing identical shirts, are not looking into a classic car hood but instead are looking at a modern SUV with features that make it not identical to the classic car in any way, including no hood to look into.",,neutral,0,4,neutral|neutral|neutral|neutral|neutral,29,[1]
"Premise: A man in a leather jacket and glasses walks across an intersection while a man in a gray sweatshirt and white hat looks on.
Hypothesis: The man is riding a motorcycle across the street.","Premise: A man in a leather jacket and glasses walks across an intersection while a man in a gray sweatshirt and white hat looks on.
Hypothesis: The man in the leather jacket is walking and watches the time on his wristwatch while crossing the street, with the man in the gray sweatshirt observing from the side.",,contradiction,2,1,contradiction|neutral,44,[1]
"Premise: People landscaping and gardening the areas around the walkway.
Hypothesis: People are planting in their homes.","Premise: People landscaping and gardening the areas around the walkway.
Hypothesis: While walking on the walkway, people talk about the latest technologies they've bought, completely unaware of the landscaping work happening around, as they are immersed in sharing their recent tech style acquisitions, which are the hottest topics of the moment.",,contradiction,2,5,contradiction|contradiction|contradiction|contradiction|contradiction|neutral,26,[]
"Premise: A girl in a blue leotard hula hoops on a stage with balloon shapes in the background.
Hypothesis: A girl is on stage entertaining the crowd with her hula hoop dance","Premise: A girl in a blue leotard hula hoops on a stage with balloon shapes in the background.
Hypothesis: A girl in a blue leotard is sitting still on a stage with no balloon shapes in the background.",,neutral,1,4,neutral|neutral|neutral|neutral|neutral,43,"[2, 5]"
"Premise: A group of men and boys look upwards at something.
Hypothesis: A group of coaches are showing their team the scoreboard.","Premise: A group of men and boys look upwards at something.
Hypothesis: As the game reaches an unexpected climax, the sudden burst of lights distracts the spectators, creating a momentary flash of brightness that causes a collective gasp, altering the mood from anticipation to awe, as everyone's eyes struggle to adjust to the sudden change in visual stimuli.",,contradiction,1,2,contradiction|contradiction|neutral,30,[2]
"Premise: A bicyclist is attempting a trick on a wire in a tropical location.
Hypothesis: A person on a bicycle has his bike situated on a wire.","Premise: A bicyclist is attempting a trick on a wire in a tropical location.
Hypothesis: A person on a bicycle has his bike situated dangerously on a wire, not safely on the ground.",,neutral,0,5,neutral|neutral|neutral|neutral|neutral|neutral,36,[]
"Premise: One child in black is walking down a hill covered in white snow while 2 children are on their knees.
Hypothesis: The children are enjoying a surprise snowday off from school in the middle of April","Premise: One child in black is walking down a hill covered in white snow while 2 children are on their knees.
Hypothesis: The children, pretending they are explorers on an adventure, are completely engrossed in a board game about mountain expeditions, completely oblivious to the actual sunny day happening outside their living room window, as they sit on their knees examining an imaginary map of the Alps.",,contradiction,1,3,contradiction|contradiction|contradiction|contradiction,46,"[2, 3, 5]"
"Premise: a small brown and white dog swimming through the pool next to a man.
Hypothesis: A man forces his cat to learn how to use a diving board.","Premise: a small brown and white dog swimming through the pool next to a man.
Hypothesis: The man is feeding his cat while a dog is nowhere near them, contradicting the premise where a dog is swimming in the pool next to a man.",,entailment,2,1,entailment|contradiction,37,[]
"Premise: A man and a woman are holding hands on the shore of a lake.
Hypothesis: A couple on vacation.","Premise: A man and a woman are holding hands on the shore of a lake.
Hypothesis: A group of friends exploring local wildlife, completely distracted by an unexpected visit from a family of curious foxes, provides an opportunity for sharing wildlife stories and travels around the regional nature reserves, forming a bond over their mutual appreciation for nature.",,contradiction,1,5,contradiction|contradiction|contradiction|contradiction|contradiction|contradiction,28,[]
"Premise: An old man in a blue shirt and white pants glowers by a glass door.
Hypothesis: A man resting outside","Premise: An old man in a blue shirt and white pants glowers by a glass door.
Hypothesis: An old man by a glass door is considering the beauty of autumn leaves before contemplating a stroll through a quaint neighborhood to visit an old friend he hasn't seen in years.Premise: An old man in a blue shirt and white pants glowers by a glass door.",,contradiction,1,1,contradiction|neutral,29,[]
"Premise: A female runner dressed in blue athletic wear is running in a competition, while spectators line the street.
Hypothesis: The streets are empty.","Premise: A female runner dressed in blue athletic wear is running in a competition, while spectators line the street.
Hypothesis: Along with the female runner, there's a group of musicians playing on the street, creating a vibrant atmosphere as the competition unfolds, completely changing the ambiance from empty to lively.",,contradiction,2,0,neutral,33,[]
"Premise: A golden retriever nurses puppies.
Hypothesis: A golden retriever nurses some other dogs puppies","Premise: A golden retriever nurses puppies.
Hypothesis: A golden retriever does not nurse puppies.",,neutral,1,0,entailment,24,[]
"Premise: A guy gettin lots of air on a skateboard at a skatepark
Hypothesis: A guy riding a skateboard in the rain.","Premise: A guy gettin lots of air on a skateboard at a skatepark
Hypothesis: A guy is riding a skateboard in a rain-soaked skate park.",,neutral,1,5,neutral|neutral|neutral|neutral|neutral|neutral,32,[1]
"Premise: A man wearing a black coat is walking.
Hypothesis: A naked man walking.","Premise: A man wearing a black coat is walking.
Hypothesis: A man wearing a black coat is sitting down.",,neutral,2,2,neutral|neutral|entailment,22,[]
"Premise: A young boy in green shorts balances on a pipe above a river.
Hypothesis: A person balancing.","Premise: A young boy in green shorts balances on a pipe above a river.
Hypothesis: A young boy in green shorts falls directly into the river and cannot balance on the pipe, contrary to the premise where he is shown balancing on the pipe above the river.",,neutral,0,5,neutral|neutral|neutral|neutral|neutral|neutral,26,[]
"Premise: Bicycles are littering the road as boy pull door.
Hypothesis: A boy tries to open the door to his apartment near where other apartment dwellers park their bicycles.","Premise: Bicycles are littering the road as boy pull door.
Hypothesis: The boy, despite the chaotic surroundings caused by carelessly abandoned bicycles, attempts to contribute to a tidier environment by opening his apartment door where another carelessly parked bicycle awaits, further adding to the carelessly littered scene near where he pulls the door.",,contradiction,1,4,contradiction|contradiction|contradiction|contradiction|contradiction,41,[4]
"Premise: Man balding with a mustache and semi beard standing wearing a psychedelic button shirt playing the guitar as he sings.
Hypothesis: The man knows how to play the guitar.","Premise: Man balding with a mustache and semi beard standing wearing a psychedelic button shirt playing the guitar as he sings.
Hypothesis: The man has no arms and cannot play the guitar.",,neutral,0,0,contradiction,40,[]
"Premise: A man and his son riding bikes down the sidewalk.
Hypothesis: the man and the boy were in town","Premise: A man and his son riding bikes down the sidewalk.
Hypothesis: A man and his son are riding bikes on a mountain trail.",,neutral,1,0,contradiction,27,[]
"Premise: An Asian woman in a hat is measuring food from barrels with a ladle into a smaller metal pan.
Hypothesis: A woman is measuring out wine from a barrel.","Premise: An Asian woman in a hat is measuring food from barrels with a ladle into a smaller metal pan.
Hypothesis: An Asian woman in a hat is measuring a liquid food substance, possibly rice wine or a similar alcoholic beverage, from barrels into a smaller metal pan.",,contradiction,2,0,neutral,39,[]
"Premise: A man wearing a black cap is suspended in the air on a swing, as children are swinging on a swing set.
Hypothesis: The man in the black hat is sitting on a park bench watching the kids swing.","Premise: A man wearing a black cap is suspended in the air on a swing, as children are swinging on a swing set.
Hypothesis: The man in the black cap is taking a break under a shady tree while his grandson swings on the playground swings nearby.",,contradiction,2,0,neutral,49,[]
"Premise: Four people and a dog out in the woods.
Hypothesis: Some mammals want to live and the others don't want them to.","Premise: Four people and a dog out in the woods.
Hypothesis: While the dog is happily living in the woods, actually, one of the people is unhappy and wishes to live somewhere else, contradicting the premise that everyone (mammals included) is together in harmony in the woods.",,neutral,1,4,neutral|neutral|neutral|neutral|neutral,32,[3]
"Premise: A person is sitting on the edge of a rock cliff.
Hypothesis: A person was sitting on the road.","Premise: A person is sitting on the edge of a rock cliff.
Hypothesis: A person is perched on the edge of a rock formation in a scenic location while enjoying the panoramic view.",,contradiction,2,0,neutral,28,[]
"Premise: The older woman smiles as she holds up a hammer.
Hypothesis: A woman is using a hammer to make something.","Premise: The older woman smiles as she holds up a hammer.
Hypothesis: The older woman frowns while holding nothing in her hands, certainly not a hammer, and does not smile, make anything, or use it for any positive reason.",,neutral,1,5,neutral|neutral|neutral|neutral|neutral|entailment,29,[]
"Premise: A yellow dog is running in a field near a mountain.
Hypothesis: A yellow dog is chasing a bunny in the field.","Premise: A yellow dog is running in a field near a mountain.
Hypothesis: A yellow dog, animatedly chasing a fluffy yellow bunny with energy, dashes through the sun-dappled field near the mountain, its spirited pursuit evident as it energetically follows the bunny, ensuring their playful chase is memorable.",,contradiction,1,4,contradiction|contradiction|contradiction|contradiction|neutral,31,[2]
"Premise: A small dog watches two big dogs playing rough in a field.
Hypothesis: 3 dogs are sleeping.","Premise: A small dog watches two big dogs playing rough in a field.
Hypothesis: Instead of sleeping, a small dog is watching two big dogs play roughly in a field.",,contradiction,2,0,neutral,27,[]
"Premise: A woman sits in a market where she sells goods with her dog.
Hypothesis: A dog sells a woman a hat.","Premise: A woman sits in a market where she sells goods with her dog.
Hypothesis: A dog buys a hat from a woman.",,entailment,2,0,contradiction,30,[]
"Premise: People in chairs around a table
Hypothesis: The people have eybrows.","Premise: People in chairs around a table
Hypothesis: The people at the table lack eyebrows.",,neutral,1,1,neutral|contradiction,22,[]
"Premise: A girl in a white knit hat and winter gear rubs her tongue over her braces.
Hypothesis: The girl is ready to go swimming.","Premise: A girl in a white knit hat and winter gear rubs her tongue over her braces.
Hypothesis: The girl is deciding whether to go for a walk in the winter.",,contradiction,2,0,neutral,34,[]
"Premise: The big dog is checking out the smaller dog.
Hypothesis: A big dog watching over a smaller dog.","Premise: The big dog is checking out the smaller dog.
Hypothesis: The big dog is attacking the smaller dog.",,neutral,0,0,contradiction,27,[]
"Premise: Two dogs are playing together.
Hypothesis: Two canines are having fun.","Premise: Two dogs are playing together.
Hypothesis: Two dogs are sitting separately, completely ignoring each other, contradicting the premise that they are playing together.",,neutral,0,5,neutral|neutral|neutral|neutral|neutral|neutral,21,"[3, 4]"
"Premise: Two men with black glasses are holding food, one appears to be eating.
Hypothesis: A group of women is drinking wine.","Premise: Two men with black glasses are holding food, one appears to be eating.
Hypothesis: Instead of a group of women drinking wine, two men with black glasses are holding food, with one man seen eating.",,contradiction,2,0,neutral,31,[]
"Premise: A grim looking man with sunglasses pilots a boat.
Hypothesis: The hungover man drives his boat to work.","Premise: A grim looking man with sunglasses pilots a boat.
Hypothesis: The man, deeply engrossed in a conversation about quantum physics under the shade of a coconut tree, lets the gentle breeze carry away his thoughts as he navigates through a complex thought experiment, completely ignoring the presence of the boat beside him and his prior engagement with its operation, which has now become irrelevant in the face of this intellectually stimulating discourse.Premise: A grim looking man with sunglasses pilots a boat.",,contradiction,1,2,contradiction|contradiction|neutral,28,[]
"Premise: Two men help each other cut a sheet of plastic.
Hypothesis: Two men cut some plastic.","Premise: Two men help each other cut a sheet of plastic.
Hypothesis: Two men angrily argue and throw the plastic sheet away, refusing to cooperate or help each other cut it, as they vehemently disagree about the task at hand.",,neutral,0,4,neutral|neutral|neutral|neutral|contradiction,25,[]
"Premise: A woman in a white tennis outfit is jumping up to hit the ball.
Hypothesis: women playing","Premise: A woman in a white tennis outfit is jumping up to hit the ball.
Hypothesis: A woman is playing tennis alone, despite the fact that she is clearly within a group where no one else is playing.",,neutral,1,4,neutral|neutral|neutral|neutral|neutral,25,[2]
"Premise: The small boy is running through a grassy area.
Hypothesis: The boy is in a park.","Premise: The small boy is running through a grassy area.
Hypothesis: The small boy, immersed in a personal moment of pure joy, is darting through the grassy field rather erratically, a private smile playing on his lips as he revels in the freedom of his playful escapade entirely unaware of the squirrels that watch him curiously from the safety of the nearby trees.",,contradiction,1,3,contradiction|contradiction|contradiction|neutral,26,[3]
"Premise: A man and a woman are laughing.
Hypothesis: Two people are happy.","Premise: A man and a woman are laughing.
Hypothesis: Two people are crying.",,neutral,0,1,neutral|contradiction,21,[]
"Premise: Large brown dog walking in shallow water.
Hypothesis: An animal is in water","Premise: Large brown dog walking in shallow water.
Hypothesis: A small black cat is perched on dry land.",,neutral,0,3,neutral|neutral|neutral|entailment,21,[]
"Premise: A woman is sitting down doing some sort of craft work while another person operates a large wooden loom device in the background.
Hypothesis: The woman is standing.","Premise: A woman is sitting down doing some sort of craft work while another person operates a large wooden loom device in the background.
Hypothesis: The woman is sitting down and cannot be standing because she is fully engaged in the moment another person is operating a large wooden loom device, an activity that requires her full attention and occurs at a specific moment in time, as indicated by the background activity.Premise: A woman is sitting down doing some sort of craft work while another person operates a large wooden loom device in the background.",,neutral,2,5,neutral|neutral|neutral|neutral|neutral|neutral,38,[]
"Premise: Several people have gathered behind a group of other people who are sitting around a table.
Hypothesis: There are several people sitting around a table.","Premise: Several people have gathered behind a group of other people who are sitting around a table.
Hypothesis: No people are behind the group sitting around the table.",,neutral,0,0,entailment,34,[]
"Premise: A girl in a black skirt and blue dress is watering flowers.
Hypothesis: The girl is giving the flowers some water.","Premise: A girl in a black skirt and blue dress is watering flowers.
Hypothesis: The girl is refusing to water the flowers.",,neutral,0,0,contradiction,30,[]
"Premise: A father and his daughter are riding a lawn mover down a street while dressed in American colors.
Hypothesis: two people mow lawns for a living on the 4th of july","Premise: A father and his daughter are riding a lawn mover down a street while dressed in American colors.
Hypothesis: A father and his daughter are enjoying a festive day by riding a lawn mover decorated in American colors down a lively neighborhood street for fun, not connected to any lawn mowing job or the specific date of the 4th of July.",,contradiction,1,0,neutral,44,[]
"Premise: A tractor decorated as a float for a parade
Hypothesis: A tractor drives down the parade route","Premise: A tractor decorated as a float for a parade
Hypothesis: The tractor, dressed as a float, stands still in a field far from the parade route.",,neutral,1,0,contradiction,25,[]
"Premise: Two dogs in a grassy field.
Hypothesis: Two dogs are on a sandy beach.","Premise: Two dogs in a grassy field.
Hypothesis: Two dogs are taking a leisurely stroll in a park while their owners enjoy a picnic nearby.",,contradiction,2,1,contradiction|neutral,24,[]
"Premise: A man with his finger in his mouth is standing outside of an RV.
Hypothesis: The man is inside his RV.","Premise: A man with his finger in his mouth is standing outside of an RV.
Hypothesis: The man is outside his camper with his finger nowhere near his mouth.",,entailment,2,4,entailment|entailment|entailment|entailment|contradiction,30,[]
"Premise: Two dirt bikers- one in black and red, sporting number 64, the other in blue and white displaying a red ""21""- round the corner of a tree-lined track.
Hypothesis: There are two people and two motorbikes in this picture.","Premise: Two dirt bikers- one in black and red, sporting number 64, the other in blue and white displaying a red ""21""- round the corner of a tree-lined track.
Hypothesis: There is only one bicycle in this picture.",,neutral,0,5,neutral|neutral|neutral|neutral|neutral|neutral,58,"[1, 3]"
"Premise: A young girl with blond-hair eating a peach.
Hypothesis: There is fruit present.","Premise: A young girl with blond-hair eating a peach.
Hypothesis: A young girl with blond-hair is not eating a peach alongside a plate full of sandwiches.",,neutral,0,1,neutral|contradiction,24,[]
"Premise: Young girl in an bathing suit falling off the end of a slide into a pool.
Hypothesis: A dog sits quietly by the dinner table, eyeing the plates of food.","Premise: Young girl in an bathing suit falling off the end of a slide into a pool.
Hypothesis: A dog sits quietly by the dinner table, completely ignoring the plates of food instead of eyeing them, because it is actually chasing a squirrel outside.",,entailment,2,5,entailment|entailment|entailment|entailment|entailment|entailment,41,[]
"Premise: A blond man playing a guitar.
Hypothesis: A bald man is playing a guitar.","Premise: A blond man playing a guitar.
Hypothesis: A bald man is playing the drums.",,neutral,2,1,neutral|entailment,23,[]
"Premise: A dog with a collar on lying on the street.
Hypothesis: The dog was just hit by a car and is lying in the street.","Premise: A dog with a collar on lying on the street.
Hypothesis: On a splendid summer day, a dog with a joyful expression is leisurely playing in a sunlit park, its warm fur glowing under the golden rays as children nearby laugh and play, their own testament to a day filled with leisurely fun and warmth, far from the street where naps are taken after long days of adventure.",,contradiction,1,1,contradiction|neutral,34,"[1, 2, 3]"
"Premise: A white dog is running on a rocky beach.
Hypothesis: A dog is on the beach.","Premise: A white dog is running on a rocky beach.
Hypothesis: A dog is not on the beach while a white dog is seen running on a rocky beach, contradicting the claim that a dog is on the beach.",,neutral,0,5,neutral|neutral|neutral|neutral|neutral|neutral,25,[]
"Premise: Firefighters in full gear are walking up a ladder.
Hypothesis: The firefighers are ready to fight a fire.","Premise: Firefighters in full gear are walking up a ladder.
Hypothesis: Actually, the firefighters are just sitting through a PowerPoint presentation in a conference room, nowhere near a fire or a ladder.",,neutral,0,2,neutral|neutral|entailment,31,[]
"Premise: Three men are playing frisbee in the woods.
Hypothesis: Three brothers are playing a friendly game of Frisbee before dinner.","Premise: Three men are playing frisbee in the woods.
Hypothesis: Three men each brought their own frisbee to the woods, meeting strangers who also wanted to play, thus forming a spontaneous group to play frisbee, having no prior connection or plans other than to enjoy the game and the outdoors.",,contradiction,1,1,contradiction|neutral,33,[]
"Premise: A boy in a hat and glasses is playing a guitar.
Hypothesis: A boy is singing.","Premise: A boy in a hat and glasses is playing a guitar.
Hypothesis: A boy in a hat and glasses is playing a guitar while sitting quietly without making a sound.",,contradiction,1,0,neutral,25,[]
"Premise: A young boy wearing an orange jacket is sitting on a log in the fall.
Hypothesis: A boy is sitting on a log.","Premise: A young boy wearing an orange jacket is sitting on a log in the fall.
Hypothesis: A young boy wearing an orange jacket is actively running away from a log in the fall.",,neutral,0,1,neutral|entailment,32,[]
"Premise: A group of smiling people are posing outdoors for a picture.
Hypothesis: The group of people are frowning.","Premise: A group of smiling people are posing outdoors for a picture.
Hypothesis: A group of people are capturing a moment during a wildlife photography session in the jungle, far from any technology that could take a selfie.",,entailment,2,1,entailment|contradiction,28,[]
"Premise: Two people are playing American Football and one of them is trying to stop the other from throwing the ball.
Hypothesis: A game of football is being played.","Premise: Two people are playing American Football and one of them is trying to stop the other from throwing the ball.
Hypothesis: Nobody is playing American Football.",,neutral,0,0,entailment,37,[]
"Premise: An organ grinder, in World War I helmet and clown makeup, speaks to an older man in a blue, striped polo shirt.
Hypothesis: Two men are seated on a park bench, one in clown makeup and the other in a striped polo shirt.","Premise: An organ grinder, in World War I helmet and clown makeup, speaks to an older man in a blue, striped polo shirt.
Hypothesis: An organ grinder, adorned in a World War I helmet and vibrant clown makeup, enthusiastically engages an elderly gentleman in a deep discussion about the intricacies of bird migration while the older man, dressed in a faded blue, striped polo shirt, listens intently.",,contradiction,0,0,neutral,56,[]
"Premise: Police are setting up a barricade due to a fire.
Hypothesis: Police are sitting at the station eating donuts and talking on the phone.","Premise: Police are setting up a barricade due to a fire.
Hypothesis: Police are relaxing in the park while the fire rages on without any intervention.",,entailment,2,0,contradiction,35,[]
"Premise: A girl with curly hair and wearing a patriotic shirt is looking at a monarch butterfly sitting on her left index finger.
Hypothesis: A girl and a butterfly","Premise: A girl with curly hair and wearing a patriotic shirt is looking at a monarch butterfly sitting on her left index finger.
Hypothesis: A girl with curly hair is painting in a studio, her eyes admires the colorful canvas she has just created, engrossed in the intricate details of her art piece, totally absorbed in her creative process while her friend texts her from outside the room about tonight's movie plan.Premise: A girl with curly hair and wearing a patriotic shirt is looking at a monarch butterfly sitting on her left index finger.",,contradiction,0,1,contradiction|neutral,36,[]
"Premise: The man is performing a trick on a motorcycle high in the air.
Hypothesis: A man is performing a trick on a bike.","Premise: The man is performing a trick on a motorcycle high in the air.
Hypothesis: The man is not performing any trick, nor is he on a motorcycle high in the air, clearly contradicting the premise that he is performing a trick on a motorcycle high in the air.",,neutral,0,5,neutral|neutral|neutral|neutral|neutral|neutral,32,[2]
"Premise: An obese white male wearing a blue shirt and khaki shorts sits in front of fountain all while gabbing on phone.
Hypothesis: A man is sleeping in front of a fountain.","Premise: An obese white male wearing a blue shirt and khaki shorts sits in front of fountain all while gabbing on phone.
Hypothesis: An obese white male wearing a blue shirt and khaki shorts sits in front of a fountain, lost in the tranquility of a moment where he feels refreshingly at peace, completely engrossed in enjoying his solitude and the soothing sounds of the water, far from any concern about his appearance or the world around him, savoring a rare chance to be oblivious to the stresses of life, living in a blissful state of mind far removed from the reality of being obese or the mundane act of gabbing on the phone.",,contradiction,2,4,contradiction|contradiction|contradiction|contradiction|neutral,42,[3]
"Premise: A child enjoying themselves on a yellow slide at a park.
Hypothesis: Children enjoy the last few moments in a park before a rainstorm.","Premise: A child enjoying themselves on a yellow slide at a park.
Hypothesis: A child enjoys a peaceful day, forecasting sunny weather with no mention of any weather changes, while playing happily on a slide in a sunlit park, completely disconnected from any storm forecast elsewhere or the presence of forest animals nearby.",,contradiction,1,2,contradiction|contradiction|neutral,34,"[2, 3]"
"Premise: Some men in burgundy coats try to push a car in the snow.
Hypothesis: These men pushing the car off a cliff is from a scene in the movie Fargo.","Premise: Some men in burgundy coats try to push a car in the snow.
Hypothesis: Some men in burgundy coats try to push a car in the snow, completely unaware of the wedding happening next door where a family of elephants are acting as the officiants.",,contradiction,1,1,contradiction|neutral,40,[]
"Premise: A man painting a sign onto his food cart.
Hypothesis: Everyone is in a restaurant.","Premise: A man painting a sign onto his food cart.
Hypothesis: The man is painting a sign onto his food cart as everyone is enjoying meals inside a restaurant.",,contradiction,2,0,neutral,24,[]
"Premise: People are coming down a movable staircase built through a tunnel, which has three of those staircases.
Hypothesis: Workers are returning from inspection.","Premise: People are coming down a movable staircase built through a tunnel, which has three of those staircases.
Hypothesis: As the sun rises, enthusiasts descend the movable staircases, each step completely illuminating the ancient tunnels with a natural light, oblivious to the historical reenactment group that had just finished their performance, focused on capturing the perfect moment as dawn breaks, creating memories that are entirely their own and unrelated to the workers or tourists mentioned earlier.",,contradiction,1,3,contradiction|contradiction|contradiction|neutral,34,[3]
"Premise: Asian individuals are taking pictures of some unidentified thing.
Hypothesis: Asians take pictures.","Premise: Asian individuals are taking pictures of some unidentified thing.
Hypothesis: Asians are not taking pictures.",,neutral,0,0,entailment,22,[]
"Premise: The man wearing blue jean shorts is grilling.
Hypothesis: The man is making hot dogs and hamburgers.","Premise: The man wearing blue jean shorts is grilling.
Hypothesis: The man grilling on a sunny day is enjoying jazz music and decides to grill some shrimp instead of hot dogs and hamburgers, completely absorbed in his musical enjoyment and forgetting about the food cooking on the grill.",,contradiction,1,4,contradiction|contradiction|contradiction|contradiction|contradiction,28,[5]
"Premise: A man with brown pants and boots moving a tent.
Hypothesis: A guy is transporting a tent.","Premise: A man with brown pants and boots moving a tent.
Hypothesis: A man is sitting still in a tent.",,neutral,0,0,contradiction,26,[]
"Premise: Men sitting on the side of a brick road.
Hypothesis: me are sitting on the side of a road","Premise: Men sitting on the side of a brick road.
Hypothesis: Men are standing on the middle of a busy highway.",,neutral,0,1,neutral|entailment,27,[]
"Premise: A woman is walking with a full shopping cart away from a Trader Joe's.
Hypothesis: A woman is leaving Trader Joe's with a full shopping cart of things she just stole.","Premise: A woman is walking with a full shopping cart away from a Trader Joe's.
Hypothesis: A woman, caught up in the thrill of a successful bargain hunt, joyfully maneuvers her heavy shopping cart away from Trader Joe's, surprising even herself with the perfectly curated mix of organic produce, gourmet snacks, and a few unexpected treats that she hadn't planned on getting. Her spirited companion, equally delighted with their adventure, trails behind, whispering plans for a meal that would perfectly showcase their haul. As they depart, the spirit of adventure lingers, a reminder of the perfectly unpredictable joys found in the art of grocery shopping.",,contradiction,1,4,contradiction|contradiction|contradiction|contradiction|contradiction,42,[1]
"Premise: A large black and white dog is licking a smaller white and black dog who is growling.
Hypothesis: The dog is happy","Premise: A large black and white dog is licking a smaller white and black dog who is growling.
Hypothesis: The large black and white dog is playfully nuzzling the smaller white and black dog, who is momentarily expressing its inner puppy with a growl.",,contradiction,2,0,neutral,31,[]
"Premise: An old gray-haired man with glasses in a gray t-shirt is working on a sculpture.
Hypothesis: The man is 100 years old","Premise: An old gray-haired man with glasses in a gray t-shirt is working on a sculpture.
Hypothesis: The man creating the sculpture is a seasoned artist with years of experience.",,contradiction,1,0,neutral,33,[]
"Premise: a climber wearing a red headband is pulling himself up some gray rocks high above some green foliage.
Hypothesis: A woman climber attempts to pull herself up","Premise: a climber wearing a red headband is pulling himself up some gray rocks high above some green foliage.
Hypothesis: A climber wearing a red headband is completely engrossed in a serene afternoon, relishing a peaceful moment by the gray rocks, miles away from any climbing challenge, enjoying the freedom and tranquility, unrelated to pulling themselves up or the premise of climbing the foliage. The climber's favorite pastime is birdwatching in these tranquil landscapes during their cherished afternoons. Premise: a climber wearing a red headband is pulling themselves up some gray rocks high above some green foliage.",,contradiction,2,3,contradiction|contradiction|contradiction|neutral,38,[2]
"Premise: A young woman talks on the phone and carries her bags while walking past some hats on display.
Hypothesis: A woman is walking through her bedroom.","Premise: A young woman talks on the phone and carries her bags while walking past some hats on display.
Hypothesis: A woman is window shopping for the perfect colorful phone case while waiting for her friend, ignoring the variety of phone accessories that catch her eye, as she enjoys the peaceful atmosphere of a suburban street outside a shopping center.Premise: A young woman talks on the phone and carries her bags while walking past some hats on display.",,contradiction,2,1,contradiction|neutral,35,[]
"Premise: A woman is sitting in a chair, while a man is going through the sport utility vehicle.
Hypothesis: a girl is sitting","Premise: A woman is sitting in a chair, while a man is going through the sport utility vehicle.
Hypothesis: A boy is standing up as he looks at the car.",,neutral,0,0,entailment,31,[]
"Premise: An artist replicating another artist's work and a man looking at the original art.
Hypothesis: A painter works on a copy of a Rembrandt.","Premise: An artist replicating another artist's work and a man looking at the original art.
Hypothesis: An artisan is recreating a piece inspired by several different historical artworks while a gallery visitor examines the replica and its provenance notes.",,contradiction,1,0,neutral,37,[]
"Premise: A woman wearing a bright orange blouse is weaving.
Hypothesis: A woman is wearing a bright orange blouse and a green hat.","Premise: A woman wearing a bright orange blouse is weaving.
Hypothesis: A woman wearing a bright orange blouse is weaving, completely engrossed in a conversation about the latest fashion trends with her friend on the phone, while her cat curiously watches from the corner of the room, completely ignoring the weaving process happening before its eyes.",,contradiction,1,2,contradiction|contradiction|neutral,31,[]
"Premise: A man and a woman running in the street.
Hypothesis: The man and woman are outdoors.","Premise: A man and a woman running in the street.
Hypothesis: The man and woman are indoors.",,neutral,0,0,entailment,25,[]
"Premise: A man on stage in the act of jumping, with a little boy in the background really enjoying it.
Hypothesis: A boy happily watches an acrobat jumping on a stage.","Premise: A man on stage in the act of jumping, with a little boy in the background really enjoying it.
Hypothesis: A boy is crying because he hates watching the acrobat jump on stage.",,neutral,1,0,contradiction,41,[]
"Premise: A man in an Alaska sweatshirt stands behind a counter.
Hypothesis: The person behind the counter is a man.","Premise: A man in an Alaska sweatshirt stands behind a counter.
Hypothesis: The person behind the counter is a woman.",,neutral,0,0,contradiction,29,[]
"Premise: A rocker standing with one foot on the stage holding the microphone attached to the stand over his head.
Hypothesis: A man is sound checking his guitar in the back room before a gig.","Premise: A rocker standing with one foot on the stage holding the microphone attached to the stand over his head.
Hypothesis: The quiet engineer, fascinated by the intricate dance of subatomic particles, is deeply engrossed in his mathematical models in a spacious white room at CERN, oblivious to the rhythmic melody of the cosmos echoing through the universe.Premise: A rocker standing with one foot on the stage holding the microphone attached to the stand over his head.",,contradiction,2,4,contradiction|contradiction|contradiction|contradiction|entailment,43,[4]
"Premise: Two girls walking, both with a white shirt and blue shorts on.
Hypothesis: Two girls are walking together.","Premise: Two girls walking, both with a white shirt and blue shorts on.
Hypothesis: Two girls walking in opposite directions, ensuring they will never be in the same place at any given time because they are going opposite ways, contrary to the original hypothesis that they are walking together.",,neutral,0,5,neutral|neutral|neutral|neutral|neutral|neutral,28,[5]
"Premise: An old woman and a young man examine their bingo cards.
Hypothesis: A woman and man are checking their bingo cards to see if they won","Premise: An old woman and a young man examine their bingo cards.
Hypothesis: The old woman and young man are intentionally ignoring their bingo cards as they engage in a heated argument about the latest reality TV show drama.",,neutral,1,0,contradiction,34,[]
"Premise: Two adult men in black t-shirt and loud tunics hold smoking torches in preparation for an act of entertainment or celebration in a forested environment.
Hypothesis: Two street performers juggle flaming torches.","Premise: Two adult men in black t-shirt and loud tunics hold smoking torches in preparation for an act of entertainment or celebration in a forested environment.
Hypothesis: Instead of holding smoking torches, two performers dressed in business suits stand silently in an urban setting, completely ignoring the forested environment and the preparation for any entertainment act or celebration.",,neutral,-1,5,neutral|neutral|neutral|neutral|neutral|entailment,47,[]
"Premise: A little boy in flannel pajama pants and an orange shirt is playing the guitar on the couch.
Hypothesis: The child practices guitar indoors","Premise: A little boy in flannel pajama pants and an orange shirt is playing the guitar on the couch.
Hypothesis: A child is gently ignoring the moment, lost in an imaginary world filled with vibrant colors, where he is a renowned astronaut exploring the mysteries of space, far removed from the earthly confines of his cozy room on the couch, with no guitar but a colorful toy spaceship in his hands, thoroughly enjoying the playful solitude of his adventure.Premise: A little boy in flannel pajama pants and an orange shirt is playing the guitar on the couch.",,contradiction,0,4,contradiction|contradiction|contradiction|contradiction|neutral,34,[]
"Premise: A group of men and boys look upwards at something.
Hypothesis: A snake eating a mouse.","Premise: A group of men and boys look upwards at something.
Hypothesis: A snake capturing the undivided attention of an awestruck group of men and boys as it vividly demonstrates its complete focus on a mouse, right before it swiftly ensnares its prey.",,contradiction,2,5,contradiction|contradiction|contradiction|contradiction|contradiction|contradiction,25,[]
"Premise: A bearded man jumps in the snow with the ocean in the background and an orange, recumbent bike parked near a road sign.
Hypothesis: A human jumping.","Premise: A bearded man jumps in the snow with the ocean in the background and an orange, recumbent bike parked near a road sign.
Hypothesis: No human is jumping.",,neutral,0,0,entailment,40,[]
"Premise: A wet child stands in chest deep ocean water.
Hypothesis: The child s playing on the beach.","Premise: A wet child stands in chest deep ocean water.
Hypothesis: The child, lost in a foggy reverie, softly hums a private symphony, reflecting their serene inner world while the ocean quietly whispers back.",,contradiction,0,4,contradiction|contradiction|contradiction|contradiction|contradiction,26,[3]
"Premise: A little boy with an orange backpack walks under a tree through the woods.
Hypothesis: A boy walks to school through the woods.","Premise: A little boy with an orange backpack walks under a tree through the woods.
Hypothesis: A boy regularly walks to small local institutions like schools or community centers with a small orange backpack, often walking under a tree through the woods on his usual route to attend classes or participate in activities, as part of his daily routine, showcasing his commitment to education and community engagement, given that he has a backpack specifically designed for such purposes.",,contradiction,1,5,contradiction|contradiction|contradiction|contradiction|contradiction|contradiction,32,[]
"Premise: A rugby player swings his leg back to punt the ball.
Hypothesis: The rugby player is tall.","Premise: A rugby player swings his leg back to punt the ball.
Hypothesis: The rugby player is of average height.",,contradiction,1,0,neutral,26,[]
"Premise: A woman is taking a picture on the shoulders of another woman in cold weather.
Hypothesis: A woman is taking a picture in cold weather.","Premise: A woman is taking a picture on the shoulders of another woman in cold weather.
Hypothesis: A woman is taking a picture in a hot desert climate.",,neutral,0,2,neutral|neutral|contradiction,34,[]
"Premise: A woman in a blue jacket dragging a child on a sled through the snow.
Hypothesis: There is a child on a sled.","Premise: A woman in a blue jacket dragging a child on a sled through the snow.
Hypothesis: No child is on a sled.",,neutral,0,0,contradiction,32,[]
"Premise: A young girl jumps off her swing in front of building.
Hypothesis: a boy drinks coffee","Premise: A young girl jumps off her swing in front of building.
Hypothesis: The young girl jumps off her swing to join a boy who is drinking coffee nearby.",,contradiction,2,1,contradiction|neutral,24,[]
"Premise: Three girls jumping in front of a house's flower garden.
Hypothesis: The girls are having fun","Premise: Three girls jumping in front of a house's flower garden.
Hypothesis: The girls are enjoying a moment of serenity, marveling at the breathtaking views of the sunset over the hills, completely forgetting about the existence of the flower garden and their earlier plan to jump in it, as they immerse themselves in the fun of an unplanned nature walk, completely at peace with the world around them.",,contradiction,-1,4,contradiction|contradiction|contradiction|contradiction|contradiction,25,[2]
"Premise: A dog is on the beach near a ball.
Hypothesis: A dog is on the beach.","Premise: A dog is on the beach near a ball.
Hypothesis: A dog is nowhere near a ball on a deserted mountain path.",,neutral,0,5,neutral|neutral|neutral|neutral|neutral|entailment,25,"[1, 2, 3]"
"Premise: A lab dog is standing on a fallen tree trunk with a guy in the background.
Hypothesis: there is a guy carrying his pet with him near fallen tree","Premise: A lab dog is standing on a fallen tree trunk with a guy in the background.
Hypothesis: As the crisp autumn air fills the forest, a photographer engrossed in the breathtaking beauty of the fallen leaves and the tranquil light, sets up his camera to immortalize the perfect moment. His loyal labrador, free from the leash, is enthusiastically chasing after a squirrel, completely captivated by the natural playfulness around him. Meanwhile, a group of hikers pass by in the background, completely unrelated to the man and his canine, enjoying their autumnal walk through the serene woods.",,contradiction,2,2,contradiction|contradiction|neutral,37,[1]
"Premise: A man in a black shirt is about to cross the road while on his cellphone, another man is laying on the ground while a lady in the background watches.
Hypothesis: A child is upset and crying on the ground.","Premise: A man in a black shirt is about to cross the road while on his cellphone, another man is laying on the ground while a lady in the background watches.
Hypothesis: A group of people are gathered around a picnic table enjoying a meal, with no mention of anyone being upset or crying.",,contradiction,2,0,entailment,50,[]
"Premise: A female bicyclist wearing black, and having four number 9's printed on her limbs on a bike.
Hypothesis: A woman riding a bike.","Premise: A female bicyclist wearing black, and having four number 9's printed on her limbs on a bike.
Hypothesis: A female bicyclist wearing black, and having four number 9's printed on her limbs is instead flying a plane.",,neutral,0,1,neutral|contradiction,36,[1]
"Premise: A woman plays guitar for tips.
Hypothesis: music can be learn by litsen","Premise: A woman plays guitar for tips.
Hypothesis: A woman playing guitar for tips is also often learning new songs.",,contradiction,2,0,neutral,23,[]
"Premise: Two girls holding bags walking down the sidewalk.
Hypothesis: Two females are holding sacks.","Premise: Two girls holding bags walking down the sidewalk.
Hypothesis: Two girls are smiling broadly and surrounded by a large group of friends instead of being alone, completely contrary to the original scenario where they are walking alone with frowning expressions and without any bags in their hands.",,neutral,0,5,neutral|neutral|neutral|neutral|neutral|entailment,23,[]
"Premise: A small dog looking up to his loving owner.
Hypothesis: Some people are shopping.","Premise: A small dog looking up to his loving owner.
Hypothesis: While enjoying a moment of respite from their playful afternoon in the city park, some friends are captivated by the way their reflections appear in the shimmering surface of a large, abandoned shopping cart, momentarily losing themselves in their own imagination, far removed from the idea of going shopping or venturing into the wilderness.",,contradiction,2,5,contradiction|contradiction|contradiction|contradiction|contradiction|contradiction,23,[]
"Premise: a ballerina striking a pose in the studio.
Hypothesis: The ballerina is wearing pink.","Premise: a ballerina striking a pose in the studio.
Hypothesis: The ballerina is not wearing anything related to neon or pink, but instead is wearing traditional black ballet attire.",,neutral,1,2,neutral|neutral|contradiction,27,[]
"Premise: a small brown and white dog swimming through the pool next to a man.
Hypothesis: A man teaches his puppy how to swim.","Premise: a small brown and white dog swimming through the pool next to a man.
Hypothesis: The man is standing by the pool watching as his small brown and white dog, initially hesitant, is bravely taking its first swimming lessons, determinedly paddling through the water, a look of surprise and accomplishment on its face.",,contradiction,0,1,contradiction|neutral,32,[]
"Premise: Two girls playing basketball.
Hypothesis: The girl threw the basketball.","Premise: Two girls playing basketball.
Hypothesis: The girls are sitting on the bench, not playing basketball.",,neutral,1,0,entailment,19,[]
"Premise: A woman taping a paper notice to a board.
Hypothesis: A woman taping a job notice on a bulletin board.","Premise: A woman taping a paper notice to a board.
Hypothesis: A woman taping a decorative birthday poster on a festive bulletin board in a bustling café, ensuring it captures the attention of patrons who are completely engrossed in their coffee and pastries, completely unrelated to any employment notices or financial matters.",,contradiction,1,5,contradiction|contradiction|contradiction|contradiction|contradiction|contradiction,31,[]
"Premise: a boy in a blue uniform is standing next to a boy in red and a boy in yellow and they are holding baseball gloves.
Hypothesis: Three boys hold baseball gloves.","Premise: a boy in a blue uniform is standing next to a boy in red and a boy in yellow and they are holding baseball gloves.
Hypothesis: Three boys do not hold baseball gloves.",,neutral,0,0,entailment,40,[]
"Premise: Two people are sitting on a rock looking off into the distance.
Hypothesis: Two people are outdoors.","Premise: Two people are sitting on a rock looking off into the distance.
Hypothesis: Two people are inside watching TV.",,neutral,0,0,entailment,26,[]
"Premise: A young teenage boy in a blue and white striped coat gives a weak smile while walking with four other girls.
Hypothesis: the boy is fifteen","Premise: A young teenage boy in a blue and white striped coat gives a weak smile while walking with four other girls.
Hypothesis: The boy is fifteen and has never associated with girls, exclusively having male friends before meeting these girls today.",,neutral,1,5,neutral|neutral|neutral|neutral|neutral|neutral,34,[]
"Premise: A man juggles a flaming staff in the dark.
Hypothesis: A man juggling balls.","Premise: A man juggles a flaming staff in the dark.
Hypothesis: A man is not juggling anything in the light.",,neutral,2,2,neutral|neutral|entailment,25,[]
"Premise: Two men pouring concrete onto another truck.
Hypothesis: The men are eating lunch","Premise: Two men pouring concrete onto another truck.
Hypothesis: The men are not eating lunch because they are actively pouring concrete onto another truck.",,contradiction,2,0,neutral,21,[]
"Premise: Two people climb a rock overhanging water.
Hypothesis: The two people are racing each other on the rock.","Premise: Two people climb a rock overhanging water.
Hypothesis: The cinematographer, captivated by the allure of the perfect shot, meticulously focuses on framing each angle as the rock climber serenely progresses, both taking their time to savor the unique vantage point over the calm water. They are entirely engrossed in their work and the natural beauty surrounding them, with no thought for racing or competition, their sole purpose being the artistic expression of their adventure.",,contradiction,1,5,contradiction|contradiction|contradiction|contradiction|contradiction|neutral,29,[]
"Premise: A man and woman sitting on the sidewalk.
Hypothesis: The man and woman are sitting.","Premise: A man and woman sitting on the sidewalk.
Hypothesis: The man and woman are standing up and marching down the street.",,neutral,0,0,entailment,24,[]
"Premise: A group of Chinese people sitting and laying down together on what appears to be a front porch.
Hypothesis: A group of African American people are eating dinner at KFC.","Premise: A group of Chinese people sitting and laying down together on what appears to be a front porch.
Hypothesis: A group of Chinese people are eating dim sum at a street market in Beijing.",,entailment,2,0,contradiction,40,[]
"Premise: A young girl with a purple shirt and a pink hair band standing near the woods.
Hypothesis: A little girl is standing outside.","Premise: A young girl with a purple shirt and a pink hair band standing near the woods.
Hypothesis: A young girl is sitting on a couch indoors.",,neutral,0,1,neutral|entailment,32,[]
"Premise: A person throws a red toy for a dog to run for.
Hypothesis: A dog is looking for a cat.","Premise: A person throws a red toy for a dog to run for.
Hypothesis: The dog focuses its attention on the red toy thrown by the person, finding the toy more exciting than searching for a cat, thus the toy becomes the point of focus, exciting the dog enough to chase it enthusiastically.",,contradiction,2,5,contradiction|contradiction|contradiction|contradiction|contradiction|neutral,29,[]
"Premise: Two men are fixing the side of an old brick building.
Hypothesis: People fixing a building","Premise: Two men are fixing the side of an old brick building.
Hypothesis: Two men are destroying the side of an old brick building.",,neutral,0,0,contradiction,24,[]
"Premise: An Indian woman stands in an outdoor marketplace.
Hypothesis: An Indian woman visits the outdoor bazaar to buy rice.","Premise: An Indian woman stands in an outdoor marketplace.
Hypothesis: An Indian woman stands in an outdoor marketplace deeply contemplating the cultural and traditional significance of various artifacts to local craftsmen, her mind wandering far from thoughts of rice or commerce, completely unrelated to buying or selling anything.Premise: An Indian woman stands in an outdoor marketplace.",,contradiction,1,3,contradiction|contradiction|contradiction|entailment,29,[]
"Premise: A statue at a museum that no seems to be looking at.
Hypothesis: Tons of people are gathered around the statue.","Premise: A statue at a museum that no seems to be looking at.
Hypothesis: As the years go by, the statue reflects the passage of time through its stony gaze, captivating the occasional visitor who pauses to many years, their gaze locked with the statue's, feeling the weight of time in a moment of silent reflection within the bustling museum.",,contradiction,2,3,contradiction|contradiction|contradiction|neutral,31,[]
"Premise: A young boy plays with the contents of a pantry and a cash register, pretending he runs a grocery store.
Hypothesis: A boy is playing with food.","Premise: A young boy plays with the contents of a pantry and a cash register, pretending he runs a grocery store.
Hypothesis: A boy is playing with a toy vacuum cleaner and not with food or a cash register.",,neutral,-1,0,contradiction,37,[]
"Premise: A child in a jeans jacket and shorts holding up a white dress as another darker-skinned child looks at it.
Hypothesis: a child holds a dress","Premise: A child in a jeans jacket and shorts holding up a white dress as another darker-skinned child looks at it.
Hypothesis: A child is not holding a dress and is instead holding a toy car.",,neutral,0,1,neutral|entailment,36,[]
"Premise: A dark-haired man wearing a black and white t-shirt eats in a park surrounded by people.
Hypothesis: A man sits in the cafeteria.","Premise: A dark-haired man wearing a black and white t-shirt eats in a park surrounded by people.
Hypothesis: A man sits alone in an empty room.",,entailment,2,0,contradiction,34,[]
"Premise: Two men stand in hula grass skirts stand in the back of a truck at the top of a silver ramp.
Hypothesis: The two men are wearing hula grass skirts.","Premise: Two men stand in hula grass skirts stand in the back of a truck at the top of a silver ramp.
Hypothesis: The two men are not wearing hula grass skirts.",,neutral,0,0,entailment,41,[]
"Premise: A man wearing a brown shirt and backpack is pushing a stroller while a small toddler is walking along aside him on a rain-covered street.
Hypothesis: The man's shirt is white.","Premise: A man wearing a brown shirt and backpack is pushing a stroller while a small toddler is walking along aside him on a rain-covered street.
Hypothesis: Despite the heavy rain, the man's shirt remains a fascinating topic for the passerby who is taking an interest in the unusual pattern, completely unrelated to the man's actual shirt color or the rain-soaked appearance of everything on the street.",,contradiction,2,1,contradiction|neutral,43,[]
"Premise: A young man is playing a blue guitar.
Hypothesis: The man is playing the guitar.","Premise: A young man is playing a blue guitar.
Hypothesis: Despite the visual evidence, the man is not playing the guitar, as he is clearly shown to be doing something else with the blue guitar.",,neutral,0,5,neutral|neutral|neutral|neutral|neutral|neutral,24,[3]
"Premise: Five people standing on a stage, getting ready to perform, who are unrecognizable due to the lack of lighting.
Hypothesis: In a dim room, several actors who can barely see each other, are getting ready to act.","Premise: Five people standing on a stage, getting ready to perform, who are unrecognizable due to the lack of lighting.
Hypothesis: In broad daylight, the performers are deliberately hiding in full view instead of hiding in darkness backstage, completely disproving the idea they wish to remain unseen and instead supports the notion that they openly contradict the premise by being visible when they should be obscured.",,neutral,0,5,neutral|neutral|neutral|neutral|neutral|contradiction,52,[]
"Premise: A man in a black jacket standing beside a green mailbox thoroughly soiled by a group of pigeons that are nearby.
Hypothesis: A man is feeding the birds by a blue mailbox","Premise: A man in a black jacket standing beside a green mailbox thoroughly soiled by a group of pigeons that are nearby.
Hypothesis: A man is taking a photograph of the mailbox while birds are nearby.",,contradiction,-1,0,neutral,42,[]
"Premise: A small child dressed for winter stares across a lake while leaning on a mesh fence in a scenic park setting.
Hypothesis: A small child dressed for winter stares across a floating lake while leaning on a mesh fence","Premise: A small child dressed for winter stares across a lake while leaning on a mesh fence in a scenic park setting.
Hypothesis: A small child dressed for winter stares at a non-existent lake because the lake is actually a solid piece of ice.",,neutral,0,0,contradiction,47,[]
"Premise: Workers wearing orange vests stand near rail tracks.
Hypothesis: Workers wearing orange are about to repair rail tracks.","Premise: Workers wearing orange vests stand near rail tracks.
Hypothesis: Workers wearing orange vests near rail tracks are actually there to protest and have no intention of repairing the tracks.",,neutral,1,0,contradiction,27,[]
"Premise: A kid slides down a yellow slide into a swimming pool.
Hypothesis: The kid is playing at the waterpark.","Premise: A kid slides down a yellow slide into a swimming pool.
Hypothesis: The child is spending a sunny summer day at the beach, building a sandcastle, while overlooking a vast ocean view, utterly absorbed and blissfully unaware of any slides or pools, emphasizing the neutrality of the situation with respect to the original premise.",,contradiction,1,5,contradiction|contradiction|contradiction|contradiction|contradiction|entailment,29,[]
"Premise: Bubbles surround a statue in the middle of a street.
Hypothesis: There are bubbles around the statue.","Premise: Bubbles surround a statue in the middle of a street.
Hypothesis: There are no bubbles around the statue.",,neutral,0,0,entailment,27,[]
"Premise: A man in a black shirt, in a commercial kitchen, holding up meat he took out of a bag.
Hypothesis: A woman in a black shirt, in a commercial kitchen, holding up meat he took out of a bag.","Premise: A man in a black shirt, in a commercial kitchen, holding up meat he took out of a bag.
Hypothesis: A woman in a red dress, in a residential kitchen, holding up a plate with no meat on it.",,neutral,2,0,contradiction,52,[]
"Premise: A man wearing a blue shirt and headphones around his neck raises his arm.
Hypothesis: A man is raising his arm.","Premise: A man wearing a blue shirt and headphones around his neck raises his arm.
Hypothesis: Instead of raising his arm, the man is instead singing quietly in his head.",,neutral,0,5,neutral|neutral|neutral|neutral|neutral|neutral,30,[]
"Premise: A man in a white striped shirt and blue jeans using a water hose to spray water on the ground of concrete ruins.Fo.
Hypothesis: A man is riding a motorcycle through a grassy field.","Premise: A man in a white striped shirt and blue jeans using a water hose to spray water on the ground of concrete ruins.Fo.
Hypothesis: A man in a white striped shirt and blue jeans is meticulously using a water hose to spray water around the base of the concrete ruins, in doing so, he is creating a precise watering pattern that will soon nurture the soil, allowing grass to thrive and transform the barren ground into a well-maintained garden, adjacent to the existing concrete ruins. This careful application of water ensures that the grassy field beyond the ruins will be prepared for landscaping, adding greenery and aesthetic value to the site.",,contradiction,2,1,contradiction|neutral,46,[]
"Premise: A young boy wearing a red shirt and jeans stands in the middle of a field and throws a toy plane in the air.
Hypothesis: A young boy is playing in the field because his mother kicked him out of the house.","Premise: A young boy wearing a red shirt and jeans stands in the middle of a field and throws a toy plane in the air.
Hypothesis: A young boy, engrossed in the simplicity of the moment and the gentle rustle of the wind through the tall grass, tosses a toy plane skyward, its flight a testament to his imagination. Meanwhile, in a nearby town, a local artist finishes a mural depicting scenes of everyday life, their colors bright and inviting as they bring a touch of urban vibrancy to the community's otherwise tranquil streets.",,contradiction,1,5,contradiction|contradiction|contradiction|contradiction|contradiction|contradiction,51,[]
"Premise: A dog standing near snow looking at water.
Hypothesis: The dog is thinking about going to for a swim.","Premise: A dog standing near snow looking at water.
Hypothesis: Amidst the sudden appearance of a squirrel, the dog, previously completely absorbed by the quiet landscape, found itself mesmerized by the critter's swift movement across the snow-covered ground, completely shifting its focus from the serene water view to the lively scene unfolding before its eyes.Premise: A dog standing near snow looking at water.",,contradiction,1,2,contradiction|contradiction|neutral,28,[]
"Premise: A woman, standing behind a girl, helping the girl with an experiment.
Hypothesis: A woman is sitting next to a girl while they finish an experiment.","Premise: A woman, standing behind a girl, helping the girl with an experiment.
Hypothesis: A woman is aggressively stopping the girl from doing the experiment herself.",,neutral,-1,1,neutral|contradiction,37,[]
"Premise: A man in purple tie is singing.
Hypothesis: A man is talking to others.","Premise: A man in purple tie is singing.
Hypothesis: The man is not singing but instead is giving a lecture.",,neutral,2,0,contradiction,23,[]
"Premise: A golfer is getting ready to putt on the green, with a crowd of people watching in the background.
Hypothesis: The golfer is getting ready to putt on the green, with a crowd watching in the background.","Premise: A golfer is getting ready to putt on the green, with a crowd of people watching in the background.
Hypothesis: The golfer is putting on the green with no one around.",,neutral,0,0,contradiction,50,[]
"Premise: A man in a suit stands on a walkway with is suitcase with a large display in front of him announcing airline flights.
Hypothesis: A man is sitting on a beach in Mexico.","Premise: A man in a suit stands on a walkway with is suitcase with a large display in front of him announcing airline flights.
Hypothesis: A man stands on a walkway in Mexico City, suitcase in hand, studying the vibrant and diverse urban display announcing airline flights as he begins to explore the bustling city's cultural richness, indicative of his arrival into a place rich with history and cultural diversity.",,contradiction,2,4,contradiction|contradiction|contradiction|contradiction|contradiction,43,[3]
"Premise: A boy hits a tennis ball on a court.
Hypothesis: A boy is hitting a ball.","Premise: A boy hits a tennis ball on a court.
Hypothesis: A boy is hitting a baseball instead of hitting a tennis ball.",,neutral,0,1,neutral|entailment,25,[]
"Premise: A bearded man sits near a white van.
Hypothesis: A man waiting for someone near a white van.","Premise: A bearded man sits near a white van.
Hypothesis: A man admires the artwork painted on a white van nearby.",,contradiction,1,0,neutral,28,[]
"Premise: Passengers in a rusty yellow car driving down the street.
Hypothesis: An old taxi drives on a street.","Premise: Passengers in a rusty yellow car driving down the street.
Hypothesis: Passengers are in an old, rusted yellow vehicle being driven down a typical city street, which appears to be a taxi due to its characteristics and the presence of passengers, thereby confirming it is an old taxi.",,contradiction,1,0,neutral,28,[]
"Premise: a young boy using a field microscope to identify a field specimen during a field trip.
Hypothesis: The boy is on a science field trip.","Premise: a young boy using a field microscope to identify a field specimen during a field trip.
Hypothesis: The boy is using a toy microscope to explore his backyard, entirely focused on finding different types of leaves, while his friends play nearby, making the overall scene a typical summer afternoon activity and not related to a science field trip at all.",,contradiction,1,2,contradiction|contradiction|entailment,34,[]
"Premise: A man and two kids standing in front of an ancient building.
Hypothesis: A man is standing with his sons.","Premise: A man and two kids standing in front of an ancient building.
Hypothesis: A man stands in awe before a famous Renaissance painting, his hands clasped together in a moment of contemplation, with a backdrop of iconic sculptures from antiquity, wondering about the artistry and historical significance portrayed before him in this illustrious museum exhibit.",,contradiction,1,2,contradiction|contradiction|neutral,29,[]
"Premise: A child with blond-hair looking out of a screen door.
Hypothesis: A child is being held by his mother at the mall.","Premise: A child with blond-hair looking out of a screen door.
Hypothesis: A child with blond-hair watched intently by his mother as he sits on the living room floor, inches away from a screen door, engrossed in cartoons while his mother prepares dinner in the kitchen, occasionally peeking out to ensure her child's safety.",,contradiction,2,3,contradiction|contradiction|contradiction|neutral,33,[]
"Premise: Two people are running in the grass by a hill.
Hypothesis: The people are running outside.","Premise: Two people are running in the grass by a hill.
Hypothesis: The people are running indoors.",,neutral,0,0,entailment,25,[]
"Premise: A golden dog bounds across the snow-covered hill.
Hypothesis: A golden dog bounds across the snow-covered land form.","Premise: A golden dog bounds across the snow-covered hill.
Hypothesis: Despite being golden and on a snow-covered hill, the dog remains immobile, unable to move forward and covered in sand instead of snow.",,neutral,0,5,neutral|neutral|neutral|neutral|neutral|neutral,29,[]
"Premise: Two woman, one wearing a blue striped shirt and the other wearing a flowered shirt, are riding horses.
Hypothesis: Women are outside riding horses.","Premise: Two woman, one wearing a blue striped shirt and the other wearing a flowered shirt, are riding horses.
Hypothesis: Women are inside riding horses in a stable.",,neutral,0,0,contradiction,36,[]
"Premise: A short-haired man is jumping while on top of a huge boulder.
Hypothesis: The man is sitting down on the rock.","Premise: A short-haired man is jumping while on top of a huge boulder.
Hypothesis: The man should be jumping but is instead sitting down on the rock.",,entailment,2,1,entailment|contradiction,32,[]
"Premise: A man wearing a blue apron and long rubber boots is dragging a flotation device from a long row of flotation devices.
Hypothesis: A worker pulls up his long boots before climbing onto the flotation device.","Premise: A man wearing a blue apron and long rubber boots is dragging a flotation device from a long row of flotation devices.
Hypothesis: While deeply engrossed in a book about marine adventures, a reader wearing casual attire, thoroughly engrossed and captivated by the imaginative story of a character who discovers a mysterious flotation device in the depths of the ocean, accidentally drags the fluffy toy float meant for a child's pool across the living room floor, completely detached from the mundane task of sorting cleaning supplies, thereby turning an ordinary afternoon into an imaginative thought journey enveloping them in the story's world.",,contradiction,1,5,contradiction|contradiction|contradiction|contradiction|contradiction|neutral,46,[]
"Premise: 3 people on plain boats smiling towards the camera.
Hypothesis: 3 boating people being attacked by lions.","Premise: 3 people on plain boats smiling towards the camera.
Hypothesis: Three people on plain boats are having their picture taken, smiling happily towards the photographer.",,contradiction,2,0,neutral,29,[]
"Premise: Bearded black dressed male performer is displaying his skill by swinging a fire line in each hand in arcs.
Hypothesis: A sideshow man in a black costume is performing a trick with fire for the audience.","Premise: Bearded black dressed male performer is displaying his skill by swinging a fire line in each hand in arcs.
Hypothesis: A man at a circus is showcasing his impressive juggling skills with flaming objects to an excited crowd.",,contradiction,0,0,neutral,47,[]
"Premise: A bald man with a white shirt and watch eating food and drinking wine.
Hypothesis: There is a bald man.","Premise: A bald man with a white shirt and watch eating food and drinking wine.
Hypothesis: No bald man exists.",,neutral,0,0,entailment,29,[]
"Premise: A man is doing a task by a body of water on a farm.
Hypothesis: The man is doing something by the water.","Premise: A man is doing a task by a body of water on a farm.
Hypothesis: The man is not doing anything by the water.",,neutral,0,0,entailment,32,[]
"Premise: An older women looking off into the distance with three older women walking towards her from behind.
Hypothesis: An older woman is trying to see a billboard that is far away","Premise: An older women looking off into the distance with three older women walking towards her from behind.
Hypothesis: An older woman soaking in a sunbeam at her kitchen table, engrossed in a novel about far-off worlds, her three friends approaching with cups of tea, discussing the latest episode of their favorite series, their conversation entirely unrelated to seeing a billboard or being in nature, completely absorbed in the joy of their literary and social moment, completely disconnected from the original premise of looking at a distant billboard.",,contradiction,1,5,contradiction|contradiction|contradiction|contradiction|contradiction|contradiction,39,[]
"Premise: Two men fixing a bicycle.
Hypothesis: Two men work on a motorcycle.","Premise: Two men fixing a bicycle.
Hypothesis: Two men fixing a bicycle cannot simultaneously be working on a motorcycle.",,entailment,2,0,contradiction,21,[]
"Premise: Two belly dancers perform with each other in the streets while passersby look on and watch the display.
Hypothesis: Two dancers are making money","Premise: Two belly dancers perform with each other in the streets while passersby look on and watch the display.
Hypothesis: Two dancers, showcasing their unique cultural expressions through the art of belly dancing, are noticed by the local art community, who are inspired to support future performances with contributions of time and resources, leading to the establishment of an annual festival celebrating diversity and showcasing traditional performances from around the world.",,contradiction,1,2,contradiction|contradiction|neutral,34,[]
"Premise: Two gondola operators sit along a road in Italy.
Hypothesis: The gondola operators are in uniform.","Premise: Two gondola operators sit along a road in Italy.
Hypothesis: The gondola operators are in highly distinct, non-uniform attire.",,neutral,1,1,neutral|contradiction,29,[]
"Premise: Someone in a white and black polka dot outfit handing out small cartons of orange juice behind caution tape on a street.
Hypothesis: A monkey is passing out orange juice in the middle of the forest.","Premise: Someone in a white and black polka dot outfit handing out small cartons of orange juice behind caution tape on a street.
Hypothesis: Clearly, a person dressed in a distinctive white and black polka dot outfit is passing out small cartons of orange juice behind caution tape on a bustling city street, showing a level of caution and civilization that is distinctly uncharacteristic of a monkey in the forest.",,contradiction,2,3,contradiction|contradiction|contradiction|neutral,47,[]
"Premise: Men wearing life vests speed across a body of water in an orange boat.
Hypothesis: The men are outside.","Premise: Men wearing life vests speed across a body of water in an orange boat.
Hypothesis: Men are indoors, sitting in a meeting room arguing about life choices instead of being outside on a boat.",,neutral,0,1,neutral|entailment,28,[]
"Premise: An old man, likely a blacksmith, is welding a tool, seen by the red hot scorching look of it.
Hypothesis: A farmer is milking the cow.","Premise: An old man, likely a blacksmith, is welding a tool, seen by the red hot scorching look of it.
Hypothesis: During a weekend art festival, an old man captivated the community by explaining the art of welding to his audience, demonstrating the process with a red-hot piece of metal as a prop, completely unrelated to farming or milking activities.",,contradiction,2,1,contradiction|neutral,42,[]
"Premise: A squirrel stands on its hind legs in the grass at the edge of a road.
Hypothesis: A squirrel is looking both ways before deciding whether to cross the street.","Premise: A squirrel stands on its hind legs in the grass at the edge of a road.
Hypothesis: A squirrel is carefully demonstrating its cautious nature by standing on its hind legs in the grass at the edge of a road, carefully examining the road before deciding whether to cross or to stay put, ensuring its safety and thereby entailing that it is carefully assessing the situation before making any decision to cross the street.",,contradiction,-1,5,contradiction|contradiction|contradiction|contradiction|contradiction|contradiction,39,[]
"Premise: The indian's are performing a sacred dance.
Hypothesis: The people are dancing.","Premise: The indian's are performing a sacred dance.
Hypothesis: The people are sitting quietly even though the Indian's are performing a sacred dance.",,neutral,0,2,neutral|neutral|contradiction,22,[]
"Premise: A boy in red and a girl pink are walking through a low cut field.
Hypothesis: Kids are playing in the field.","Premise: A boy in red and a girl pink are walking through a low cut field.
Hypothesis: A boy and a girl are taking a stroll through a scenic low cut field, enjoying the tranquility and beauty of nature, while contemplating the day's events.",,contradiction,1,0,neutral,31,[]
"Premise: Men wearing painted clothes are standing in the rain.
Hypothesis: Men are getting wet with the rain.","Premise: Men wearing painted clothes are standing in the rain.
Hypothesis: Men wearing painted clothes are completely dry under an umbrella while standing in the sun, contradicting the premise that they are in the rain.",,neutral,0,4,neutral|neutral|neutral|neutral|entailment,26,[]
"Premise: A person dressed in a dress with flowers and a stuffed bee attached to it, is pushing a baby stroller down the street.
Hypothesis: A lady sitting on a bench in the park.","Premise: A person dressed in a dress with flowers and a stuffed bee attached to it, is pushing a baby stroller down the street.
Hypothesis: The woman, vibrant in her nature-inspired dress with flowers and a stuffed bee, is joyfully pushing her baby stroller along a tree-lined street, with the stuffed bee animatedly waggling its legs as if indicating the lively creativity and alignment with the surrounding park's natural beauty, clearly not sitting still on a bench but engaging in a dynamic moment under the open sky.",,contradiction,2,3,contradiction|contradiction|contradiction|neutral,44,[]
"Premise: Two children re laying on a rug with some wooden bricks laid out in a square between them.
Hypothesis: Two children are playing catch at a park.","Premise: Two children re laying on a rug with some wooden bricks laid out in a square between them.
Hypothesis: Two children, each holding a wooden brick, are constructing a small home on a rug, showing their creativity at being 'at home.'",,contradiction,2,1,contradiction|neutral,36,[]
"Premise: A young middle eastern mother in high heels, holding her young child as he lays his head on her shoulder asleep, is gazing out the window.
Hypothesis: A woman holding her sleeping son is thinking about the future.","Premise: A young middle eastern mother in high heels, holding her young child as he lays his head on her shoulder asleep, is gazing out the window.
Hypothesis: A woman, peacefully pondering about her first unrelated thoughts on feminism while sitting alone in her quiet study, looks totally absorbed in a book about women's history, with no child nearby, totally unrelated to her peaceful contemplation.",,contradiction,1,4,contradiction|contradiction|contradiction|contradiction|contradiction,50,[5]
"Premise: A woman poses for a picture with a child.
Hypothesis: The woman and child take a picture together.","Premise: A woman poses for a picture with a child.
Hypothesis: The woman and child are not posing for a picture together at all.",,neutral,0,2,neutral|neutral|entailment,27,[]
"Premise: A young girl chasing a duck with bread in her hands.
Hypothesis: A child is chasing an animal.","Premise: A young girl chasing a duck with bread in her hands.
Hypothesis: A child is not chasing an animal.",,neutral,0,0,entailment,27,[]
"Premise: A man in the bucket of a chery-picker cuts down branches using a chainsaw at the end of a long pole.
Hypothesis: A man is trimming trees.","Premise: A man in the bucket of a chery-picker cuts down branches using a chainsaw at the end of a long pole.
Hypothesis: A man in the bucket of a cherry-picker, surrounded by a group of curious onlookers, is demonstrating how to safely operate heavy equipment while wearing a high-visibility vest, completely unaware of the day's predictions of rain, as he shares his knowledge and passion for tree care at an impromptu community workshop, completely detached from cutting down branches using a chainsaw at the end of a long pole.",,contradiction,0,2,contradiction|contradiction|neutral,39,[1]
"Premise: Two adults hold either side of a boat at the edge of the water.
Hypothesis: Two people are hiking.","Premise: Two adults hold either side of a boat at the edge of the water.
Hypothesis: Two people are climbing a mountain.",,neutral,2,0,entailment,28,[]
"Premise: Four women competitively rollerskating around an area.
Hypothesis: four men are rollerskating.","Premise: Four women competitively rollerskating around an area.
Hypothesis: Four women are sitting down taking a break from rollerskating.",,entailment,2,0,contradiction,26,[]
"Premise: A young boy in a cowboy hat rides a large horse.
Hypothesis: A boy is sleeping.","Premise: A young boy in a cowboy hat rides a large horse.
Hypothesis: A young boy wearing a cowboy hat falls off the horse nearby and subsequently takes a nap wearing his hat, lying on a haystack directly after he falls off, right after he had been riding.",,contradiction,2,1,contradiction|neutral,25,[]
"Premise: Two men are standing in a boat.
Hypothesis: A few men are fishing on a boat.","Premise: Two men are standing in a boat.
Hypothesis: Two men are NOT standing in a boat, they are sunbathing on the shore with sunglasses on and a cooler full of drinks.",,neutral,1,2,neutral|neutral|entailment,25,[1]
"Premise: Two young boys are playing in a fountain in a city plaza.
Hypothesis: Kids are are standing in a fountain.","Premise: Two young boys are playing in a fountain in a city plaza.
Hypothesis: No kids are standing in a fountain.",,neutral,0,0,entailment,29,[]
"Premise: Military personnel are shopping
Hypothesis: Military personnel are in the mall.","Premise: Military personnel are shopping
Hypothesis: Military personnel are definitely not shopping in the mall despite being seen in a shopping context.",,neutral,1,5,neutral|neutral|neutral|neutral|neutral|neutral,20,[2]
"Premise: An older women looking off into the distance with three older women walking towards her from behind.
Hypothesis: 4 older woman are walking","Premise: An older women looking off into the distance with three older women walking towards her from behind.
Hypothesis: An older woman looking off into the distance with no women walking towards her from behind.",,neutral,0,5,neutral|neutral|neutral|neutral|neutral|neutral,32,"[3, 4]"
"Premise: A man wearing a wife-beater sings into a microphone as a blue light shines on him.
Hypothesis: A naked man drinks a soda in the dark.","Premise: A man wearing a wife-beater sings into a microphone as a blue light shines on him.
Hypothesis: A group of friends wearing fancy dress costumes attends a costume party at a disco, energetically dancing to the beat of lively music, completely unaware of the man singing into a microphone under a blue light in another room, as their enjoyment is solely focused on their current activity and social gathering.",,contradiction,2,2,contradiction|contradiction|neutral,37,[]
"Premise: A lady is helping another woman work in a silver compartment, which is most likely related to nurse-work.
Hypothesis: A lady is sleeping on a couch","Premise: A lady is helping another woman work in a silver compartment, which is most likely related to nurse-work.
Hypothesis: A lady is sipping tea and enjoying her favorite show in her living room, completely unaware of the work happening in the silver compartment across the room.",,contradiction,2,5,contradiction|contradiction|contradiction|contradiction|contradiction|contradiction,36,[]
"Premise: Men sitting at a table in a church.
Hypothesis: The men pray at the alters.","Premise: Men sitting at a table in a church.
Hypothesis: The men sitting at the table in the church are enjoying a lively debate about local history while sipping on their favorite beverages, none of which are coffee, as they look forward to a performance by the church choir later in the evening.Premise: Men sitting at a table in a church.",,contradiction,2,3,contradiction|contradiction|contradiction|neutral,24,[]
"Premise: A young girl with a white long-sleeved shirt on helps a young boy brown long-sleeved shirt on with tying his shoelaces.
Hypothesis: A girl helps a boy tie his shoes","Premise: A young girl with a white long-sleeved shirt on helps a young boy brown long-sleeved shirt on with tying his shoelaces.
Hypothesis: A girl prevents a boy from tying his shoes despite helping him with his shirt, making the help irrelevant due to her interference.",,neutral,0,5,neutral|neutral|neutral|neutral|neutral|neutral,46,[]
"Premise: A dark-skinned person, crouched while painting a sign.
Hypothesis: A black man is painting a protest sign.","Premise: A dark-skinned person, crouched while painting a sign.
Hypothesis: A light-skinned person is sitting down while doodling on a decorative board.",,neutral,1,0,contradiction,31,[]
"Premise: Six men in airport standing on moving walkway
Hypothesis: There is a group of people at the airport.","Premise: Six men in airport standing on moving walkway
Hypothesis: There is a group of people nowhere near the airport.",,neutral,0,1,neutral|entailment,28,[]
"Premise: A young man with glasses and his companion are attempting to do laundry in a public place.
Hypothesis: A tall person with glasses","Premise: A young man with glasses and his companion are attempting to do laundry in a public place.
Hypothesis: A young man with glasses and his companion are engaging in laundry activities in a communal setting, and his height is neither confirmed nor denied.",,contradiction,1,0,neutral,31,[]
"Premise: Man on phone in business suit walking down a busy street.
Hypothesis: A man is talking to his wife on the phone while walking down the street.","Premise: Man on phone in business suit walking down a busy street.
Hypothesis: A man in a business suit, absorbed in the intricacies of a captivating street art display, wanders down the sidewalk while completely distracted by the vibrant colors and intricate designs, oblivious to the sounds of the bustling city around him, including any potential phone calls.",,contradiction,1,5,contradiction|contradiction|contradiction|contradiction|contradiction|neutral,36,[]
"Premise: A person is walking a bicycle down a city street.
Hypothesis: The bike has a flat tire.","Premise: A person is walking a bicycle down a city street.
Hypothesis: As the person walks the bicycle, they daydream about a friend from a past life, reflecting on shared adventures and lessons learned, completely unfazed by the bicycle's wheels which have never touched anything but concrete, serving as a conduit for their philosophical meanderings in the midst of urban chaos.",,contradiction,1,4,contradiction|contradiction|contradiction|contradiction|contradiction,26,[5]
"Premise: An older woman is holding a small child.
Hypothesis: a woman holding a child","Premise: An older woman is holding a small child.
Hypothesis: An older woman is letting go of a child and it falls to the ground.",,neutral,0,2,neutral|neutral|contradiction,22,[]
"Premise: A woman plays guitar for tips.
Hypothesis: there is no way one can learn music","Premise: A woman plays guitar for tips.
Hypothesis: A woman displays her guitar playing skills for tips to save money for an upcoming vacation, having learned that playing music for money can be an enjoyable and profitable side hustle, unrelated to the perceived challenges of learning music overall.",,contradiction,2,2,contradiction|contradiction|neutral,23,[]
"Premise: A man and a woman sitting down laughing.
Hypothesis: The man and woman are mad at each other.","Premise: A man and a woman sitting down laughing.
Hypothesis: The man and woman are angrily fighting.",,neutral,2,5,neutral|neutral|neutral|neutral|neutral|neutral,27,[5]
"Premise: Family sitting down in a field of grass while others walk by.
Hypothesis: No one is sitting in the field of grass.","Premise: Family sitting down in a field of grass while others walk by.
Hypothesis: Family instead of sitting, are running around in the field of grass while others continue walking by, contradicting the fact that they are originally sitting down.",,entailment,2,5,entailment|entailment|entailment|entailment|entailment|neutral,31,[3]
"Premise: A man and woman look through CD's at a street vendor.
Hypothesis: A man and women taking a break","Premise: A man and woman look through CD's at a street vendor.
Hypothesis: A man and woman are not buying anything and leave the street vendor stand without purchasing any CDs.",,neutral,1,1,neutral|contradiction,28,[]
"Premise: A woman swings on a rope overlooking a red farmhouse and gated pastures and tall trees.
Hypothesis: the woman cooked a apple pie","Premise: A woman swings on a rope overlooking a red farmhouse and gated pastures and tall trees.
Hypothesis: The woman's thrilling adventure swinging on a rope over the farm instead of engaging in the mundane activity of baking an apple pie suggests that she prioritized the adventurous and exciting nature of her outdoor activities over the routine task of cooking that day.",,contradiction,2,5,contradiction|contradiction|contradiction|contradiction|contradiction|contradiction,32,[]
"Premise: A lady digs through a garbage can looking to add to the shopping cart beside her.
Hypothesis: Lady is searching for food in garbage","Premise: A lady digs through a garbage can looking to add to the shopping cart beside her.
Hypothesis: A lady meticulously searches through a bin to find craft materials, intending to enrich her creative projects, all the while keeping an eye on a nearby shopping cart filled with essentials she plans to purchase later.Premise: A lady digs through a garbage can looking to add to the shopping cart beside her.",,contradiction,1,1,contradiction|neutral,32,[]
"Premise: A wet black lab with a red collar is standing in the water.
Hypothesis: A wet dog is outside.","Premise: A wet black lab with a red collar is standing in the water.
Hypothesis: A dry golden retriever is sleeping indoors.",,neutral,0,0,entailment,28,[]
"Premise: A crowd of people is looking at something outside of a Gap store.
Hypothesis: People are looking outside","Premise: A crowd of people is looking at something outside of a Gap store.
Hypothesis: A crowd of people is engrossed by a street performer outside the Gap store, entirely distracted and forgetting about the concert they had planned to attend later, completely oblivious to the scheduled acts and the time slipping by.",,contradiction,0,4,contradiction|contradiction|contradiction|contradiction|neutral,26,[]
"Premise: A older man with gray hair wearing a gray suit next to a green and yellow taxi.
Hypothesis: A older woman sits in a green and yellow taxi.","Premise: A older man with gray hair wearing a gray suit next to a green and yellow taxi.
Hypothesis: An elderly man with gray hair wearing a gray suit is next to a green and yellow taxi, and he has called for a ride, subsequently getting into the taxi.",,contradiction,2,0,neutral,37,[]
"Premise: people are standing near water with a boat heading their direction
Hypothesis: People are standing near water with a large blue boat heading their direction.","Premise: people are standing near water with a boat heading their direction
Hypothesis: People are standing near water with a boat of average size heading their direction, while a seagull soars overhead.",,contradiction,1,0,neutral,34,[]
"Premise: Five boys in blue shirts drawing at a table.
Hypothesis: The boys are wearing red shirts.","Premise: Five boys in blue shirts drawing at a table.
Hypothesis: The boys are not wearing red shirts.",,entailment,2,1,entailment|neutral,25,[]
"Premise: A man in glasses and an orange shirt is sitting outside next to a table with drinks on it.
Hypothesis: A woman sits on a table","Premise: A man in glasses and an orange shirt is sitting outside next to a table with drinks on it.
Hypothesis: A man in glasses and an orange shirt sits on a chair next to a table with drinks on it.",,contradiction,2,0,neutral,34,[]
"Premise: An elderly man talking to a young boy by a table of produce.
Hypothesis: the boy was listening","Premise: An elderly man talking to a young boy by a table of produce.
Hypothesis: The elderly man and the boy are discussing the various types of produce available at the market.",,contradiction,1,0,neutral,26,[]
"Premise: A man takes a drink in the doorway of a home.
Hypothesis: A man is looking out onto his front lawn from the doorway of his home.","Premise: A man takes a drink in the doorway of a home.
Hypothesis: As the man takes a sip from his antique coffee cup, he is simultaneously captivated by the performance of a street musician outside his open window, playing a melody so delightful it momentarily halts the chatter of his neighborhood, while inside his cozy apartment, his cat, Fluffy, sprawls lazily across the sun-drenched carpet, her gentle purring breaking the brief silence as the man savors the rich flavor of his coffee.",,contradiction,1,4,contradiction|contradiction|contradiction|contradiction|contradiction,36,[1]
"Premise: Two dogs run together near the leaves.
Hypothesis: The two dogs are running to play in the leaves.","Premise: Two dogs run together near the leaves.
Hypothesis: Two dogs, a large, fluffy husky and a sleek, black border collie, are gracefully ballet dancing under a full moon on a pristine, snowy plain miles away from any leaves. Their owner, an aspiring filmmaker with a camcorder strapped around her neck, encourages them with gentle claps, utterly captivated by their extraordinary performance. The air is crisp and still, with the faint sparkle of frost catching the moonlight, and not a single leaf is in sight. The tranquil night is broken only by the faint sound of the dogs' soft paw prints in the fresh snow, crafting a scene so peacefully otherworldly that it would be featured in an avant-garde art film about the harmony between nature and dance.",,contradiction,1,4,contradiction|contradiction|contradiction|contradiction|contradiction,27,[1]
"Premise: Man jumping over a rusty fence on a blue bicycle.
Hypothesis: The man attending a meeting in his office.","Premise: Man jumping over a rusty fence on a blue bicycle.
Hypothesis: The man is not attending a meeting but is instead actively engaging in physical activity by jumping over a rusty fence on a blue bicycle.",,contradiction,2,0,neutral,28,[]
"Premise: A man is sitting on the floor and is surrounded by pictures.
Hypothesis: A man sitting on the floor with photographs around him.","Premise: A man is sitting on the floor and is surrounded by pictures.
Hypothesis: A man surrounded by empty frames where no pictures exist.",,neutral,0,0,contradiction,32,[]
"Premise: A man with no shirt on is holding a football.
Hypothesis: A man rolls on the ground on fire.","Premise: A man with no shirt on is holding a football.
Hypothesis: A man wearing a shirt is holding a soccer ball.",,entailment,2,0,neutral,28,[]
"Premise: Fireworks light up the night as a man stands on stage.
Hypothesis: The fireworks were shot into the sky.","Premise: Fireworks light up the night as a man stands on stage.
Hypothesis: Instead of standing on stage, the man was actually shot by the fireworks and completely blown off the stage.",,neutral,0,3,neutral|neutral|neutral|contradiction,29,[1]
"Premise: A woman teaching a ballet class composed of small children holding colourful scarves.
Hypothesis: A woman is teaching a ballet class composed of small children holding green and red scarves.","Premise: A woman teaching a ballet class composed of small children holding colourful scarves.
Hypothesis: A woman is teaching a ballet class where adult students, not small children, are holding no scarves.",,neutral,1,4,neutral|neutral|neutral|neutral|neutral,41,"[2, 3, 5]"
"Premise: A group of adults stands in the bathroom looking down a small child in the bath.
Hypothesis: The child is sleeping.","Premise: A group of adults stands in the bathroom looking down a small child in the bath.
Hypothesis: The child is quietly sleeping despite all the adults loudly watching around the bath.",,neutral,2,5,neutral|neutral|neutral|neutral|neutral|neutral,30,[]
"Premise: A smiling woman and man are seated in front of a microphone in a music studio.
Hypothesis: the woman is happy.","Premise: A smiling woman and man are seated in front of a microphone in a music studio.
Hypothesis: The woman, part of a movie production crew, waits for her cue while the camera captures the moment, in a production directed by Christopher Nolan, with Jake Gyllenhaal in a scene that involves complex special effects rather than being a music video scene.",,contradiction,1,4,contradiction|contradiction|contradiction|contradiction|contradiction,30,[4]
"Premise: Two workers, one in a ditch and one standing on the ground, are working in front of a house.
Hypothesis: The workers are working infront of the house","Premise: Two workers, one in a ditch and one standing on the ground, are working in front of a house.
Hypothesis: The workers are inside the house.",,neutral,0,0,entailment,39,[]
"Premise: Young boy smiles at the camera from the tire swing.
Hypothesis: He is barefoot.","Premise: Young boy smiles at the camera from the tire swing.
Hypothesis: He is wearing boots.",,neutral,1,1,neutral|contradiction,24,[]
"Premise: A woman in a green suit walking towards an escalator.
Hypothesis: A woman is walking to the escalator at a sporting event.","Premise: A woman in a green suit walking towards an escalator.
Hypothesis: A woman in a green suit walking towards an escalator in a busy urban shopping mall.",,contradiction,1,0,neutral,33,[]
"Premise: Three people are outside.
Hypothesis: Three people enjoying the great outdoors.","Premise: Three people are outside.
Hypothesis: Three people are stuck indoors during a rainstorm.",,neutral,1,0,entailment,20,[]
"Premise: A soldier using binoculars in a desert.
Hypothesis: A soldier using binoculars outside in the heat.","Premise: A soldier using binoculars in a desert.
Hypothesis: A soldier examining the vast, open landscape with binoculars on a clear, breezy day in the desert, far from the noise of civilization.",,contradiction,0,0,neutral,29,[]
"Premise: Three bridesmaids in blue dresses hold the train of a bride's wedding dress.
Hypothesis: The bridesmaids are assisting the bride.","Premise: Three bridesmaids in blue dresses hold the train of a bride's wedding dress.
Hypothesis: The bridesmaids are actively tripping the bride, completely contradicting the idea that they are supposed to hold the bride's dress without causing any harm.",,neutral,0,3,neutral|neutral|neutral|contradiction,32,[]
"Premise: A man in colorful shorts is surfing under a wave.
Hypothesis: A man is sunbathing.","Premise: A man in colorful shorts is surfing under a wave.
Hypothesis: A man is enjoying the cool ocean breeze while resting on his surfboard with a refreshing drink in hand after catching a large wave, totally unaware of the seagulls squawking overhead as he takes a moment to soak in the tranquility of the environment.",,contradiction,2,1,contradiction|neutral,26,[]
"Premise: The cyclist rides on a wooded path.
Hypothesis: The cyclist rides quickly alone on a wooded path","Premise: The cyclist rides on a wooded path.
Hypothesis: While cycling on the wooded path, the cyclist takes occasional breaks, mesmerized by the random acts of nature that play out in front of them. They observe a squirrel gathering acorns, a butterfly fluttering among flowers, and the sun casting vibrant shadows through the canopy. Each scene is a snapshot of life's quiet moments, a reminder of beauty's omnipresence, even in the most secluded places. This journey through nature inspires a desire not just to appreciate such beauty occasionally, but to incorporate it into their own life’s broader canvas, perhaps through art or environmental activism. They envision a future where every piece of their urban existence reflects this captured essence of natural beauty, ensuring a harmonious blend of life's contrasting themes.",,contradiction,1,5,contradiction|contradiction|contradiction|contradiction|contradiction|contradiction,25,[]
"Premise: A boy wearing jeans, standing on rocks in a river and throwing a stone.
Hypothesis: A boy with no shirt on throws rocks.","Premise: A boy wearing jeans, standing on rocks in a river and throwing a stone.
Hypothesis: A boy wearing jeans, standing on rocks in a river, is sitting instead of throwing a stone.",,neutral,1,5,neutral|neutral|neutral|neutral|neutral|neutral,33,[]
"Premise: A man in a suit cheering in a library in front of children.
Hypothesis: A lawyer is encouraging some children at a contest.","Premise: A man in a suit cheering in a library in front of children.
Hypothesis: A man in a suit is booing at children in a library.",,entailment,1,0,neutral,32,[]
"Premise: A female runner dressed in blue athletic wear is running in a competition, while spectators line the street.
Hypothesis: There are children in the streets.","Premise: A female runner dressed in blue athletic wear is running in a competition, while spectators line the street.
Hypothesis: Despite the presence of spectators lining the streets, there are actually no spectators at all in the location described in the premise.",,neutral,2,1,neutral|entailment,35,[]
"Premise: a green and white trolley car with an advertisement of coffee on the side and front of it in a city.
Hypothesis: A taxi cab with two women in the backseat talking on their cellphones.","Premise: a green and white trolley car with an advertisement of coffee on the side and front of it in a city.
Hypothesis: The advertisement on the trolley car, a cleverly designed modern image of two women enjoying coffee in a stylish taxi cab set against the vibrant backdrop of a city street, ensures the message of coffee enjoyment is vividly communicated to the passengers and passersby, thereby entailing that the trolley, with its advertisement, is indeed an advertisement for coffee designed to attract attention in a bustling urban environment.",,contradiction,2,4,contradiction|contradiction|contradiction|contradiction|neutral,47,[]
"Premise: Two men stand in the road, it almost appears to be some sort of movie set on a sunny day in California.
Hypothesis: Everybody is sitting","Premise: Two men stand in the road, it almost appears to be some sort of movie set on a sunny day in California.
Hypothesis: A group of people are gathered on a sunny beach in California, some taking selfies while others relax under umbrellas, completely indifferent to the presence of the two men who seem out of place as they stand in the middle of the road nearby.",,contradiction,2,0,neutral,35,[]
"Premise: A woman in red blouse is standing with small blond child in front of a small folding chalkboard.
Hypothesis: a woman stands with her child","Premise: A woman in red blouse is standing with small blond child in front of a small folding chalkboard.
Hypothesis: As the city lights shimmer in the distance, a woman in a stylish red blouse is seen standing with a small blond child in front of an antique, ornately carved chalkboard, which serves as an intriguing backdrop for their moment in time, completely unrelated to the hustle of the bustling metropolis beyond.",,contradiction,1,4,contradiction|contradiction|contradiction|contradiction|neutral,34,[]
"Premise: Six women wait to use a port-o-john in a field.
Hypothesis: Friends are meeting for coffee.","Premise: Six women wait to use a port-o-john in a field.
Hypothesis: Six women are enjoying a spontaneous adventure and have decided to take a break, using a conveniently placed toilet in the middle of a field, as part of their day out, which has nothing to do with meeting friends for coffee or discussing hiking plans, making the overall scenario neutral in regard to the initial premise.",,contradiction,2,1,contradiction|neutral,28,[]
"Premise: While one man, in the white cap, is golfing, three other men are in the middle of a conversation.
Hypothesis: Four guys go bowling at the lanes.","Premise: While one man, in the white cap, is golfing, three other men are in the middle of a conversation.
Hypothesis: Four friends are gathered at a sports bar sharing stories after a round of miniature golf, completely unaware of the ongoing professional golf match on TV in the background.",,contradiction,2,0,neutral,40,[]
"Premise: Two dogs are running next to each other on a grassy hill.
Hypothesis: The dogs are eating their food indoors.","Premise: Two dogs are running next to each other on a grassy hill.
Hypothesis: Two dogs are eating their food indoors while lying on a bed next to each other on a grassy hill, which directly contradicts the premise that the dogs are running next to each other on a grassy hill.",,entailment,2,2,entailment|entailment|contradiction,30,[]
"Premise: Two men stand on stairs with an assortment of chairs and a woven basket in the foreground.
Hypothesis: The basket is woven.","Premise: Two men stand on stairs with an assortment of chairs and a woven basket in the foreground.
Hypothesis: The basket is definitely not woven and is definitely made of plastic, using no traditional material or method whatsoever, completely contradictory to the premise's suggestion that it could be woven in any traditional way.",,neutral,0,5,neutral|neutral|neutral|neutral|neutral|neutral,31,[5]
"Premise: A child doing gymnastics
Hypothesis: The child is eating lunch at the park.","Premise: A child doing gymnastics
Hypothesis: The child, excited after enjoying gymnastics practice, is now breaking for a short rest on a cozy park bench to munch on a fruit while watching other children play, which has nothing to do with the intense focus and physical exertion required for gymnastics.",,contradiction,2,1,contradiction|neutral,23,[]
"Premise: A man drops something, reaching for it while a woman in a beige blazer discusses an important topic.
Hypothesis: A man brushes his teeth in front of a mirror.","Premise: A man drops something, reaching for it while a woman in a beige blazer discusses an important topic.
Hypothesis: The man, frustrated by the dropped object, momentarily pauses to tie his shoelaces as his colleague in the beige blazer passionately presents a new business strategy in the boardroom, receiving immediate feedback from the team.",,contradiction,2,1,contradiction|neutral,40,[]
"Premise: A woman in a spaghetti strap tank wearing a flower in her hair is staring towards the right.
Hypothesis: The woman is sleeping on a pillow.","Premise: A woman in a spaghetti strap tank wearing a flower in her hair is staring towards the right.
Hypothesis: The woman is contemplating life under the warm summer sun, soft grass cushioning her as she takes a break from her daily routine, right hand gently holding the stem of the flower in her hair, ensuring it doesn't lose its bloom.",,contradiction,2,1,contradiction|neutral,35,[]
"Premise: A man holds two children in his arms.
Hypothesis: A man poses for a photograph with his two grandchildren.","Premise: A man holds two children in his arms.
Hypothesis: A man is displaying affection by holding two children in his arms during a family gathering.",,contradiction,1,0,neutral,28,[]
"Premise: Three workers, with life vests and hard hats, on a boat hanging from cables over water.
Hypothesis: Three people are on a boat.","Premise: Three workers, with life vests and hard hats, on a boat hanging from cables over water.
Hypothesis: Three workers are sitting on the shore instead of being on a boat hanging from cables over water.",,neutral,0,5,neutral|neutral|neutral|neutral|neutral|neutral,34,[5]
"Premise: A man playing the guitar while smoking a cigarette.
Hypothesis: The man is also playing the drums","Premise: A man playing the guitar while smoking a cigarette.
Hypothesis: The man is simultaneously playing the guitar and the drums.",,contradiction,2,0,entailment,25,[]
"Premise: A older man with gray hair wearing a gray suit next to a green and yellow taxi.
Hypothesis: A older man with gray hair wearing a gray suit.","Premise: A older man with gray hair wearing a gray suit next to a green and yellow taxi.
Hypothesis: An older man with silver hair matching his suit, poses beside a vibrant taxi adorned with unique paint designs, capturing the essence of a bustling urban street scene.",,contradiction,0,0,neutral,37,[]
"Premise: Two people walk up to a brick building with a colorful mural on its side.
Hypothesis: Two people walking toward a brick building with a colorful mural outside.","Premise: Two people walk up to a brick building with a colorful mural on its side.
Hypothesis: Two people walk away from a brick building with no mural on its side.",,neutral,0,1,neutral|entailment,37,[]
"Premise: A dog hides in the tall grasses along a rocky shore
Hypothesis: The dog is outdoors.","Premise: A dog hides in the tall grasses along a rocky shore
Hypothesis: The dog is inside a warm, cozy house.",,neutral,0,0,contradiction,26,[]
"Premise: A young girl wearing yellow shorts and a white tank top using a cane pole to fish at a small pond.
Hypothesis: A girl in shorts is fishing in a pond.","Premise: A young girl wearing yellow shorts and a white tank top using a cane pole to fish at a small pond.
Hypothesis: While exploring a bustling city market, the young girl, now wearing a colorful apron over her shorts and her attention fixed on a variety of spices, engages in lively barter with a street vendor. Meanwhile, a local artist, intrigued by the vibrant exchange, decides to capture the moment on canvas, adding a splash of color and movement to the otherwise still scene. The young girl, distracted momentarily from her fishing dream, discovers a newfound passion for international cuisines and the art of negotiation. Premise: A young girl wearing yellow shorts and a white tank top using a cane pole to fish at a small pond.Premise: A young girl wearing yellow shorts and a white tank top using a cane pole to fish at a small pond.",,contradiction,0,5,contradiction|contradiction|contradiction|contradiction|contradiction|entailment,40,[]
"Premise: The collie is standing outdoors on a sandy area.
Hypothesis: The collie is standing in the sand.","Premise: The collie is standing outdoors on a sandy area.
Hypothesis: The collie is standing indoors on a slippery marble surface.",,neutral,0,2,neutral|neutral|entailment,28,[]
"Premise: The red motocross bike and its rider are airborne above the trees.
Hypothesis: A rider is riding his motocross bike.","Premise: The red motocross bike and its rider are airborne above the trees.
Hypothesis: The red motocross bike and its rider are stationary on the ground, instead of being airborne above the trees, completely unaffected by gravity and nowhere near a position of flight, contradicting the premise that they are airborne.",,neutral,0,5,neutral|neutral|neutral|neutral|neutral|neutral,33,[]
"Premise: Children at daycare playing on rings, and poles, one parent standing and holding her child and one teacher is sitting on the bench watching the others play.
Hypothesis: Children are enjoying their time at the park on a field trip.","Premise: Children at daycare playing on rings, and poles, one parent standing and holding her child and one teacher is sitting on the bench watching the others play.
Hypothesis: Children are engaging in various playground activities during their routine daycare day, with one parent showing familial attachment by holding their child and a teacher keeping watch from a bench, all under the supervision of the daycare facility, far away from the unpredictable nature of a field trip setting.",,contradiction,-1,0,neutral,51,[]
"Premise: Man in blue shirt yells and points off-camera while a man in a blue shirt and baseball cap watches.
Hypothesis: He is yelling at his son.","Premise: Man in blue shirt yells and points off-camera while a man in a blue shirt and baseball cap watches.
Hypothesis: He is asking a question to someone off-camera.",,contradiction,1,0,neutral,37,[]
"Premise: A woman poses with sunglasses shaped like dollar signs and a silver suitcase labelled ""LUCKY"" full of bills.
Hypothesis: A woman is posing for a photograph.","Premise: A woman poses with sunglasses shaped like dollar signs and a silver suitcase labelled ""LUCKY"" full of bills.
Hypothesis: A woman is gracefully positioned against a stark, futuristic backdrop designed by a renowned digital artist, wearing a couture avant-garde dress complemented by the sunglasses-adorned dollar sign motif and carrying an ornately engraved metallic briefcase, devoid of any monetary contents. She's surrounded by abstract digital displays and ambient lighting, far from the classical travel and currency theme of the original scene.Premise: A woman poses with sunglasses shaped like dollar signs and a silver suitcase labelled ""LUCKY"" full of bills.",,contradiction,0,3,contradiction|contradiction|contradiction|entailment,39,[]
"Premise: Two kids running past a dinosaur in the woods.
Hypothesis: Some children in the forest pass by a plastic triceratops.","Premise: Two kids running past a dinosaur in the woods.
Hypothesis: Some children in the forest are scared and run away from a plastic triceratops while others see a real dinosaur walking by them, but the kids in the woods only encountered a model made of clay, not a real dinosaur walking.",,neutral,1,2,neutral|neutral|contradiction,32,[]
"Premise: a brown dog with a yellow toy in his mouth is jumping off the grassy ground
Hypothesis: The black dog has a red toy.","Premise: a brown dog with a yellow toy in his mouth is jumping off the grassy ground
Hypothesis: The brown dog is seen leaping clearly with a firm grip on a yellow toy tightly in his mouth as he transitions from the grass onto the ground, visibly contrasting with the idea of a black dog having a red toy.",,neutral,2,5,neutral|neutral|neutral|neutral|neutral|neutral,34,[]
"Premise: Two young musicians play from a stage.
Hypothesis: The stage is empty","Premise: Two young musicians play from a stage.
Hypothesis: The stage hosts a variety of performers beyond the two young musicians, maintaining a lively atmosphere.",,contradiction,2,0,neutral,20,[]
"Premise: a skier is throwing up snow as he skis off piste.
Hypothesis: A snowboarder takes a nap on the course.","Premise: a skier is throwing up snow as he skis off piste.
Hypothesis: A skier is peacefully riding while a snowboarder causes a disturbance by throwing snow, contradicting the idea of a skier throwing snow in peace.",,entailment,2,4,entailment|entailment|entailment|entailment|contradiction,34,[]
"Premise: A large African American man sitting on a camping chair.
Hypothesis: the large black man is running a race","Premise: A large African American man sitting on a camping chair.
Hypothesis: The large African American man sitting on a camping chair is actually reflecting on a recent trip he took to the Amazon rainforest, completely unrelated to the idea of running a race.Premise: A large African American man sitting on a camping chair.Premise: A large African American man sitting on a camping chair.",,contradiction,2,4,contradiction|contradiction|contradiction|contradiction|neutral,27,[]
"Premise: In front of a brick house with a straw roof and some figures, three children stand, two of them holding squares of blackboard.
Hypothesis: The children are outdoors","Premise: In front of a brick house with a straw roof and some figures, three children stand, two of them holding squares of blackboard.
Hypothesis: The children are inside playing video games.",,neutral,0,5,neutral|neutral|neutral|neutral|neutral|contradiction,39,[]
"Premise: Everyone on the street in the city seem to be busy doing their own thing.
Hypothesis: The people are watching what is happening.","Premise: Everyone on the street in the city seem to be busy doing their own thing.
Hypothesis: The people are deeply engrossed in personal conversations about their latest novel, entirely absorbed and oblivious to the typical sounds and sights of the bustling city street around them, including the honking of cars and the murmur of passersby, as if they were in a secluded library instead of the urban chaos.",,contradiction,2,3,contradiction|contradiction|contradiction|contradiction,32,"[1, 2, 4]"
"Premise: A little blond boy is playing doctor with red, blue, and yellow toy gear.
Hypothesis: Boy pretending to be a doctor.","Premise: A little blond boy is playing doctor with red, blue, and yellow toy gear.
Hypothesis: A little blond boy is playing doctor with red, blue, and yellow toy gear, his imagination taking him on a distant adventure where he's not just pretending to be a doctor but is instead exploring the deep ocean as an intrepid marine biologist, finding the idea of discovering new species much more diverting.",,contradiction,0,4,contradiction|contradiction|contradiction|contradiction|contradiction,32,[5]
"Premise: A man is laid back in front of a tv.
Hypothesis: he is watching the news","Premise: A man is laid back in front of a tv.
Hypothesis: He is watching an infomercial instead of the news.",,neutral,1,0,contradiction,24,[]
"Premise: Young person in black next to an older person in black and white polka dot.
Hypothesis: A young person is standing next to a relative.","Premise: Young person in black next to an older person in black and white polka dot.
Hypothesis: A young person is standing next to a stranger, which contradicts the original claim that they are standing next to a relative because a stranger is not a relative.",,neutral,1,1,neutral|contradiction,35,[]
"Premise: A photographer is using a tripod to take a picture of a sunset.
Hypothesis: The photographer is holding the camera in his hands.","Premise: A photographer is using a tripod to take a picture of a sunset.
Hypothesis: While using advanced techniques to capture the sunset with a tripod, the photographer is also discussing the latest trends in underwater photography with a group of eager students, shifting the focus entirely to a completely different aspect of photography that doesn't involve handling the camera with their hands.",,contradiction,2,5,contradiction|contradiction|contradiction|contradiction|contradiction|contradiction,32,[]
"Premise: A group of people are in a rowboat in the ocean surrounded by seagulls.
Hypothesis: A group of people are rowing towards some islands while one of them fishes.","Premise: A group of people are in a rowboat in the ocean surrounded by seagulls.
Hypothesis: A group of people are in a rowboat in the ocean surrounded by seagulls, with one individual reading a book while the others are simply enjoying the scenic view and taking in the fresh sea air.",,contradiction,1,0,neutral,42,[]
"Premise: A woman sitting in an office.
Hypothesis: A women outside","Premise: A woman sitting in an office.
Hypothesis: A woman sitting in an office, completely immersed in a novel about a futuristic world where dreams dictate reality, her fingers deftly changing the fate of her dream-inspired characters, completely unaware of the changing weather outside.",,contradiction,2,4,contradiction|contradiction|contradiction|contradiction|contradiction,18,[2]
"Premise: 2 women and 2 girls crossing the road
Hypothesis: A group of girls and women are laughing as they cross the road.","Premise: 2 women and 2 girls crossing the road
Hypothesis: 2 women and 2 girls are seen sitting sadly on the curb, not skipping, because the road is flooded and they can't cross.",,neutral,1,4,neutral|neutral|neutral|neutral|entailment,33,[]
"Premise: Two construction workers climbing the steel ribbed exterior of a new building at their work site.
Hypothesis: Two workers are climbing a building.","Premise: Two construction workers climbing the steel ribbed exterior of a new building at their work site.
Hypothesis: Two workers are actively avoiding the steel ribbed exterior of a new building at their work site, choosing instead to hang upside-down from a crane far away.",,neutral,0,2,neutral|neutral|contradiction,33,[]
"Premise: A white dog with brown spots running on a dirt path
Hypothesis: A dog runs on a path.","Premise: A white dog with brown spots running on a dirt path
Hypothesis: A dog sits still on a sidewalk while a white dog with brown spots is shown running on a dirt path.",,neutral,0,2,neutral|neutral|contradiction,27,[]
"Premise: A man in a khaki jacket and ball cap walks down the street.
Hypothesis: The man is walking to the supermarket.","Premise: A man in a khaki jacket and ball cap walks down the street.
Hypothesis: The man in the khaki jacket and ball cap is seen walking on a street towards a supermarket, which is clearly visible ahead on his path.",,contradiction,1,1,contradiction|neutral,31,[]
"Premise: A young woman dressed up semi-formally is reading book and drinking in the sun, seated on a bench.
Hypothesis: A young woman is running through the waves.","Premise: A young woman dressed up semi-formally is reading book and drinking in the sun, seated on a bench.
Hypothesis: A young woman sits gracefully on a bench, softly smiling as she immerses herself in the joy of reading and sipping a cool drink in the gentle embrace of the sun's warm rays, fully experiencing and embracing each moment with delightful enjoyment.",,contradiction,2,3,contradiction|contradiction|contradiction|neutral,39,[]
"Premise: A big dog catches a ball on his nose
Hypothesis: A big dog is sitting down while trying to catch a ball","Premise: A big dog catches a ball on his nose
Hypothesis: A big dog is lying down with the ball clearly not on its nose, having actually failed to catch the ball, contradicting the image of the dog catching it with its nose, as the image is actually of the dog successfully catching the ball, not failing as described.",,neutral,1,4,neutral|neutral|neutral|neutral|neutral,30,[4]
"Premise: A child making a sand castle on the beach.
Hypothesis: A child on a beach.","Premise: A child making a sand castle on the beach.
Hypothesis: A child on the beach is actively running away from the sand castle they were making just moments ago.",,neutral,0,2,neutral|neutral|contradiction,24,[]
"Premise: A female in the middle of a vehicle is holding a camera and is pointing it towards the backseat.
Hypothesis: A girl is inside a vehicle.","Premise: A female in the middle of a vehicle is holding a camera and is pointing it towards the backseat.
Hypothesis: A girl is definitely not holding a camera or even inside a vehicle, let alone pointing it towards the backseat.",,neutral,0,5,neutral|neutral|neutral|neutral|neutral|neutral,36,[]
"Premise: Two men climbing on a wooden scaffold.
Hypothesis: Two sad men climbing on a wooden scaffold.","Premise: Two men climbing on a wooden scaffold.
Hypothesis: Two unhappy men are dangerously falling from the wooden scaffold.",,neutral,1,1,neutral|contradiction,25,[1]
"Premise: A young african child in a dirty yellow shirt carrying a bag on his head.
Hypothesis: A young African child playing soccer.","Premise: A young african child in a dirty yellow shirt carrying a bag on his head.
Hypothesis: A young African child in a dirty yellow shirt carrying a bag on his head is taking a nap.",,entailment,2,0,neutral,31,[]
"Premise: A small child in a red jacket is sitting on a man's shoulders and holding his head.
Hypothesis: Th small child is watching a performance.","Premise: A small child in a red jacket is sitting on a man's shoulders and holding his head.
Hypothesis: The small child on the man's shoulders is delighted by the freedom and novelty of seeing the world from such an elevated viewpoint, far removed from the mundanity of household chores and the sternness of his teacher's voice, which he had just escaped from. The man, in the meantime, is not focusing on his work performance review at all but is instead momentarily transported to a place where the simplicity of this shared moment brings a rare sense of joy influenced by the innocence and happiness radiating from the child.",,contradiction,1,3,contradiction|contradiction|contradiction|neutral,35,[]
"Premise: There is a person walking down a tree lined street with snow scattered about.
Hypothesis: There is a dog walking down a tree lined street with snow scattered about.","Premise: There is a person walking down a tree lined street with snow scattered about.
Hypothesis: There is a person walking a dog down a tree lined street with no snow scattered about.",,entailment,2,0,contradiction,38,[]
"Premise: Four young men stare up at a basketball hoop with no net, in an outdoor, urban basketball court.
Hypothesis: A group of women playing basketball in a gym.","Premise: Four young men stare up at a basketball hoop with no net, in an outdoor, urban basketball court.
Hypothesis: Four young men are spending a completely delightful day enjoying the sunny weather in a bustling city park, completely distracted by a street performance featuring a clown, while simultaneously missing the chance to watch a basketball game on a hoop nearby with no net, due to their focus on the entertaining clown act.",,contradiction,2,2,contradiction|contradiction|neutral,39,[]
"Premise: A white man in a blue uniform is pushing away a black man in a red uniform while the two play soccer on a green field.
Hypothesis: A woman says Hi to another woman at the grocery store.","Premise: A white man in a blue uniform is pushing away a black man in a red uniform while the two play soccer on a green field.
Hypothesis: A woman says hello to another woman at the soccer game where a white man in a blue uniform is pushing away a black man in a red uniform.",,contradiction,2,0,neutral,47,[]
"Premise: A child wearing a red top is standing behind a blond headed child sitting in a wheelbarrow.
Hypothesis: A child wearing a red top is standing behind a pretty blond headed child","Premise: A child wearing a red top is standing behind a blond headed child sitting in a wheelbarrow.
Hypothesis: A child wearing a red top is standing behind a brunette child sitting in a wheelbarrow, contradicting the premise of a blond headed child sitting.",,neutral,1,5,neutral|neutral|neutral|neutral|neutral|neutral,42,[]
"Premise: A man is working on a Earthen structure with a pickaxe.
Hypothesis: The man is in an office building.","Premise: A man is working on a Earthen structure with a pickaxe.
Hypothesis: The man is crafting an earthen structure outside of the office building, using a pickaxe.",,contradiction,2,1,contradiction|neutral,30,[]
"Premise: Four men stand in a circle facing each other playing brass instruments which people watch them.
Hypothesis: The men are playing music","Premise: Four men stand in a circle facing each other playing brass instruments which people watch them.
Hypothesis: The men are not playing music.",,neutral,0,0,contradiction,30,[]
"Premise: People dresses in business clothing are walking by while one man with a tie on is standing still and talking on his cellular phone.
Hypothesis: The people are dressed in business clothing.","Premise: People dresses in business clothing are walking by while one man with a tie on is standing still and talking on his cellular phone.
Hypothesis: The people are dressed in casual clothing and wearing no ties, directly contradicting the original statement that people are dressed in business clothing with ties.",,neutral,0,1,neutral|contradiction,41,[]
"Premise: A brown dog jumps over an obstacle.
Hypothesis: The dog is in a pool.","Premise: A brown dog jumps over an obstacle.
Hypothesis: The dog is sitting in a park while its owner is reading a book.",,contradiction,2,2,contradiction|contradiction|entailment,23,[]
"Premise: A birthday party for many little people to enjoy.
Hypothesis: Children enjoying a birthday party.","Premise: A birthday party for many little people to enjoy.
Hypothesis: Despite being surrounded by their friends and cake, children are not enjoying the birthday party as they find it overly noisy and stressful because they detest parties, not enjoying the company of others, especially children, and would rather stay home.",,neutral,1,3,neutral|neutral|neutral|contradiction,24,[]
"Premise: A cement worker is working on a new sidewalk outside of a clothing store.
Hypothesis: A worker is working on a new sidewalk outside of a restuarant.","Premise: A cement worker is working on a new sidewalk outside of a clothing store.
Hypothesis: While the construction crew is meticulously working on the new sidewalk in front of a bustling clothing store, the team leader suggests taking a short break. They decide to sit down and chat about their favorite getaway spot, a quaint, quiet bookstore miles away from their bustling construction site, completely unrelated to the fast-paced world of food service.",,contradiction,2,5,contradiction|contradiction|contradiction|contradiction|contradiction|contradiction,38,[]
"Premise: Four men and a young boy are at a table set up for wood crafts.
Hypothesis: Five total people are near a table with objects on it.","Premise: Four men and a young boy are at a table set up for wood crafts.
Hypothesis: There is no table where no people are all.Premise: Four men and a young boy are at a table set up for wood crafts.",,neutral,0,5,neutral|neutral|neutral|neutral|neutral|neutral,36,[]
"Premise: An Indian woman is dancing with her partner.
Hypothesis: A woman has dark skin.","Premise: An Indian woman is dancing with her partner.
Hypothesis: The woman is participating in a traditional dance form that originates from India.",,contradiction,1,0,neutral,23,[]
"Premise: The man is sweeping with a red broom.
Hypothesis: The man is dancing with a woman","Premise: The man is sweeping with a red broom.
Hypothesis: Instead of sweeping, the man is alone, dancing with a group, contradicting the initial action of sweeping.",,entailment,2,2,entailment|entailment|contradiction,25,[]
"Premise: People with bags walk along a dirt road in front of a green building.
Hypothesis: People are walking outside.","Premise: People with bags walk along a dirt road in front of a green building.
Hypothesis: People walking are actually indoors.",,neutral,0,1,neutral|entailment,28,[]
"Premise: An elderly woman wearing a skirt is picking out vegetables at a local market.
Hypothesis: This woman is on a shopping trip.","Premise: An elderly woman wearing a skirt is picking out vegetables at a local market.
Hypothesis: An elderly woman wearing a skirt is engaging in an activity that includes selecting items from various stalls at a community gathering, which may or may not specifically be a local market, and her presence there does not necessarily indicate that she is on a shopping trip.",,contradiction,0,0,neutral,31,[]
"Premise: A group of ladies sit around a black table in front of a brick wall with a building in the background.
Hypothesis: The ladies are standing up for a picture.","Premise: A group of ladies sit around a black table in front of a brick wall with a building in the background.
Hypothesis: The ladies are standing up angrily protesting against a blank wall and an absent building at a different location from where they were previously seated at a table.",,neutral,-1,4,neutral|neutral|neutral|neutral|contradiction,39,[]
"Premise: Two men spar in martial arts gear.
Hypothesis: There are multiple people present.","Premise: Two men spar in martial arts gear.
Hypothesis: There are not one but multiple men present.",,neutral,0,3,neutral|neutral|neutral|neutral,22,"[4, 5]"
"Premise: A woman player in white and black, sends the volleyball over the net, while the opposing team in navy blue, tries to block it, as the coach and a few spectators watch, in a gym.
Hypothesis: The gym is old","Premise: A woman player in white and black, sends the volleyball over the net, while the opposing team in navy blue, tries to block it, as the coach and a few spectators watch, in a gym.
Hypothesis: The gym is newly renovated.",,contradiction,1,0,neutral,53,[]
"Premise: A man with a blue helmet and orange shirt.
Hypothesis: A man wears a helmet.","Premise: A man with a blue helmet and orange shirt.
Hypothesis: A man with an orange shirt does not wear a blue helmet.",,neutral,0,5,neutral|neutral|neutral|neutral|neutral|neutral,24,[]
"Premise: A man in a white and gray shirt looks on as a shirtless man with a mustache cleans fish on a pale green table.
Hypothesis: The man is cleaning the fish that he caught so he can cook it.","Premise: A man in a white and gray shirt looks on as a shirtless man with a mustache cleans fish on a pale green table.
Hypothesis: The man observes the peculiar sight, noting the unique mustache of the shirtless individual, yet has no interest in fish himself, as he is actually pondering over his own beard-growing philosophies, entirely unrelated to the culinary activity unfolding before him.",,contradiction,1,1,contradiction|neutral,50,[]
"Premise: A man on stage in the act of jumping, with a little boy in the background really enjoying it.
Hypothesis: A boy watches boats on a lake.","Premise: A man on stage in the act of jumping, with a little boy in the background really enjoying it.
Hypothesis: A boy is bored while watching a stationary train.",,neutral,2,0,contradiction,37,[]
"Premise: Man with beard doing skateboarding stunt
Hypothesis: A clean shaven man skateboards.","Premise: Man with beard doing skateboarding stunt
Hypothesis: A cleanly shaven man is performing skateboarding stunts.",,neutral,2,5,neutral|neutral|neutral|neutral|neutral|neutral,24,[]
"Premise: A woman in a blue top and pencil skirt walks by a balding man in a pinstriped suit.
Hypothesis: They know each other.","Premise: A woman in a blue top and pencil skirt walks by a balding man in a pinstriped suit.
Hypothesis: A woman in a blue top and pencil skirt takes a moment to completely absorb the beauty of a picturesque autumn afternoon, her surroundings filled with the vibrant colors of falling leaves, each leaf gently taking its fall, utterly unaware of the balding man in a pinstriped suit walking nearby who is very much lost in thought, pondering the complexities of quantum physics.",,contradiction,1,3,contradiction|contradiction|contradiction|neutral,36,[]
"Premise: Many women trying out and looking at laptops in a Walmart.
Hypothesis: Women are shopping at safeway for lamb chops.","Premise: Many women trying out and looking at laptops in a Walmart.
Hypothesis: While the women are at Walmart looking at laptops, they are not simultaneously shopping at Safeway for lamb chops.",,contradiction,2,0,neutral,30,[]
"Premise: An older gentlemen in a hat and glasses holding a baby who is wrapped in a towel.
Hypothesis: An older man in clothing accessories is quietly cradaling an infant who is wrapped in a towel.","Premise: An older gentlemen in a hat and glasses holding a baby who is wrapped in a towel.
Hypothesis: An older gentleman is aggressively juggling knives while not holding a baby who is wearing a business suit and giving a presentation.",,neutral,1,0,contradiction,46,[]
"Premise: A dog and a cat are swimming in a swimming pool.
Hypothesis: Two animals are swimming.","Premise: A dog and a cat are swimming in a swimming pool.
Hypothesis: A dog and a cat are sitting on a couch instead of swimming.",,neutral,0,1,neutral|entailment,25,"[1, 2]"
"Premise: An Asian man walks a three-wheeled pedal card fully of white bags.
Hypothesis: An Asian man walks his dog on a rainy afternoon.","Premise: An Asian man walks a three-wheeled pedal card fully of white bags.
Hypothesis: An Asian man walks his white bag-filled three-wheeled pedal car on a sunny afternoon.",,contradiction,2,0,neutral,35,[]
"Premise: A man falling off a bull as the animal jumps into the air.
Hypothesis: A boy struggles to hold on to a bull as it twirls and jumps.","Premise: A man falling off a bull as the animal jumps into the air.
Hypothesis: A boy desperately tries to stay on a motionless bull, while a girl effortlessly rides a calm horse without any hint of struggle.",,neutral,-1,5,neutral|neutral|neutral|neutral|neutral|neutral,39,[]
"Premise: A clown performs in a park among other people.
Hypothesis: Someone is busking.","Premise: A clown performs in a park among other people.
Hypothesis: A street performer dressed as a clown is entertaining a small crowd in the park.",,contradiction,-1,0,neutral,23,[]
"Premise: A young man blew up balloons to craft into animals for the seven excited children that looked on.
Hypothesis: The children watch the man make dogs and giraffes out of balloons","Premise: A young man blew up balloons to craft into animals for the seven excited children that looked on.
Hypothesis: The children watch the man creatively manipulate the balloons into various shapes, sparking excitement and imagination among all present, completely unaware of the actual animals being formed.",,contradiction,0,1,contradiction|contradiction,41,"[1, 2, 4, 5]"
"Premise: Two girls playing catch on a lawn
Hypothesis: Two girls are walking beside a pond with ducks and swans.","Premise: Two girls playing catch on a lawn
Hypothesis: Two girls playing catch on a lawn are completely engrossed in a conversation about school gossip, their laughter mixing with the distant sound of a passing car.",,contradiction,2,3,contradiction|contradiction|contradiction|neutral,29,[]
"Premise: A man wearing glasses and a ragged costume is playing a Jaguar electric guitar and singing with the accompaniment of a drummer.
Hypothesis: Two men are playing frisbee in the park.","Premise: A man wearing glasses and a ragged costume is playing a Jaguar electric guitar and singing with the accompaniment of a drummer.
Hypothesis: Two men, one wearing glasses and in a ragged costume, are playing a Jaguar electric guitar and singing with a drummer in a setting that is not a park.",,contradiction,2,0,neutral,45,[]
"Premise: A girl with a blue shirt and a girl with a striped shirt stand next to a girl with a green shirt sitting in a chair.
Hypothesis: The three girls are arm wrestling in China town.","Premise: A girl with a blue shirt and a girl with a striped shirt stand next to a girl with a green shirt sitting in a chair.
Hypothesis: The three girls are each exploring a different museum exhibit, deep in thought as they ponder the mysteries of ancient civilizations, completely unrelated to arm wrestling in China town or any specific location mentioned in the premise.",,contradiction,2,5,contradiction|contradiction|contradiction|contradiction|contradiction|neutral,45,[]
"Premise: a skier is throwing up snow as he skis off piste.
Hypothesis: A skier skis.","Premise: a skier is throwing up snow as he skis off piste.
Hypothesis: A skier is sitting still on a chairlift and not skiing at all.",,neutral,0,1,neutral|entailment,29,[]
"Premise: The child is hanging upside down with his legs over a pole.
Hypothesis: The child is athletic.","Premise: The child is hanging upside down with his legs over a pole.
Hypothesis: The child is very clumsy and cannot sit without assistance, despite having his legs over a pole. The child is hanging upside down, contradicting the statement that the child is athletic because clumsiness and the need for assistance to sit clearly negate athletic ability as indicated by the original premise.",,neutral,1,4,neutral|neutral|neutral|neutral|neutral,26,[3]
"Premise: Three people are dressed in costumes and playing musical instruments.
Hypothesis: The people are playing at a festival.","Premise: Three people are dressed in costumes and playing musical instruments.
Hypothesis: Three people are dressed in costumes and playing musical instruments at a rehearsal for a Broadway show, trying to perfect their roles while being recorded by a sound engineer for future reference.",,contradiction,1,1,contradiction|neutral,27,[]
"Premise: A skier goes down a hill with a mountain as a backdrop.
Hypothesis: A skier going down the bunny hill.","Premise: A skier goes down a hill with a mountain as a backdrop.
Hypothesis: A skier finds the hill impossible and harsh, contradicting the premise that they find it easy and gentle.",,neutral,1,5,neutral|neutral|neutral|neutral|neutral|neutral,31,[5]
"Premise: Two boys, surrounded by paper pieces, hold a third boys shirt to prevent him from grabbing a bag.
Hypothesis: The friends are playing with paper and bags.","Premise: Two boys, surrounded by paper pieces, hold a third boys shirt to prevent him from grabbing a bag.
Hypothesis: Meanwhile, in a cozy library corner, two young readers, completely absorbed in their respective books, are oblivious to the bustling activity around them. A third boy, drawn by the quietude and the gentle ambiance, sneaks towards a shelf of dusty, ancient tomes, his fingers gently tracing the spines as he selects a book on local legends and folklore. The act of holding another boy's shirt is entirely metaphorical here, symbolizing a momentary pause in their quest for knowledge, suggested by the tranquil atmosphere that permeates the space. Childhood innocence is represented by the young readers' focus and the curious thief of tales, while the harmless cat curling up on a pile of cushions nearby adds a touch of domestic tranquility. The ambient sound of leaves rustling outside the open window hints at the passage of time and the natural world's steady rhythm, a gentle contrast to the intellectual exploration happening inside. In this revised scenario, the scene transitions from one of physical play to an emotional and intellectual journey, staying neutral to the original premise while introducing a completely new context.",,contradiction,1,4,contradiction|contradiction|contradiction|contradiction|neutral,38,[]
"Premise: A little girl drawing with chalk, on a chalkboard.
Hypothesis: A little girl is drawing on the board during class.","Premise: A little girl drawing with chalk, on a chalkboard.
Hypothesis: A little girl is NOT drawing on the board during class.",,neutral,1,0,contradiction,31,[]
"Premise: A busy street with building lined up and people walking down the street outside and nighttime.
Hypothesis: People lined up","Premise: A busy street with building lined up and people walking down the street outside and nighttime.
Hypothesis: During daytime, there are no people lined up on a busy street.",,neutral,-1,5,neutral|neutral|neutral|neutral|neutral|entailment,28,[]
"Premise: Two girls holding bags walking down the sidewalk.
Hypothesis: Two women are enjoying an afternoon of shopping.","Premise: Two girls holding bags walking down the sidewalk.
Hypothesis: Two girls holding bags, who are clearly not enjoying their shopping trip and are not making any unwanted purchases, walk down the sidewalk on a dreary afternoon, their faces a grim testament to their lack of enjoyment and their premature return home from an activity they did not choose but rather were forced into by external pressures, utterly contrasting the serene picture of two women relishing an afternoon of shopping as suggested by the original premise.",,neutral,1,5,neutral|neutral|neutral|neutral|neutral|neutral,26,"[1, 5]"
"Premise: Two men are sitting on a couch.
Hypothesis: Two men are standing outside.","Premise: Two men are sitting on a couch.
Hypothesis: Two men are sitting on a couch outside.",,entailment,2,1,entailment|neutral,22,[]
"Premise: A man visiting a friend in the hospital.
Hypothesis: A man in a hospital receives a visiting friend.","Premise: A man visiting a friend in the hospital.
Hypothesis: A man alone in a hospital without receiving any visitors.",,neutral,0,0,contradiction,27,[]
"Premise: A man holding a pink cooler is talking to an older woman.
Hypothesis: A man offers a woman a beer.","Premise: A man holding a pink cooler is talking to an older woman.
Hypothesis: A man holding a pink cooler is asking the woman about the latest weather forecast, trying to impress her with his knowledge of local happenings.",,contradiction,1,2,contradiction|contradiction|neutral,29,[]
"Premise: A man is giving a presentation.
Hypothesis: the man is not talking","Premise: A man is giving a presentation.
Hypothesis: The man is not talking at all during his presentation.",,neutral,2,1,neutral|entailment,20,[]
"Premise: A musician playing a guitar and harmonica singing a song with ""Whatever it Takes"" written on his guitar.
Hypothesis: The musician is playing the drums.","Premise: A musician playing a guitar and harmonica singing a song with ""Whatever it Takes"" written on his guitar.
Hypothesis: The musician is playing the guitar and harmonica while someone else is playing the drums.",,entailment,2,0,contradiction,37,[]
"Premise: A man in a red plaid shirt using a bull horn to talk to a crowd of people.
Hypothesis: a man is a comedian","Premise: A man in a red plaid shirt using a bull horn to talk to a crowd of people.
Hypothesis: A man using a bull horn to talk to a crowd is delivering an important public announcement.",,contradiction,1,0,neutral,33,[]
"Premise: A woman in a low cut blue shirt is in a crowded room that looks smokey.
Hypothesis: Someone is in a field.","Premise: A woman in a low cut blue shirt is in a crowded room that looks smokey.
Hypothesis: A woman is comfortably participating in an art exhibition, fitting nicely in her blue shirt, surrounded by other attendees in a well-ventilated gallery space. SEP.",,contradiction,2,1,contradiction|neutral,32,[1]
"Premise: A policeman on a motorcycle from the rear.
Hypothesis: An officer on a chopper.","Premise: A policeman on a motorcycle from the rear.
Hypothesis: A law enforcement official is operating a two-wheeled vehicle for patrol purposes.",,contradiction,2,0,neutral,24,[]
"Premise: A woman is sitting outside at a table, using a knife to cut into a sandwich.
Hypothesis: A woman is sitting inside.","Premise: A woman is sitting outside at a table, using a knife to cut into a sandwich.
Hypothesis: A woman is sitting in a coffee shop, sipping a latte while waiting for her friend to join her for lunch.",,entailment,2,0,contradiction,32,[]
"Premise: A group of people wait to cross the street in new york
Hypothesis: Group of people waiting to cross the street.","Premise: A group of people wait to cross the street in new york
Hypothesis: A group of people is actively jaywalking across the street in New York.",,neutral,0,0,contradiction,30,[]
"Premise: An oriental woman in glasses, shooting archery.
Hypothesis: The woman is older.","Premise: An oriental woman in glasses, shooting archery.
Hypothesis: The woman is young.",,neutral,-1,5,neutral|neutral|neutral|neutral|neutral|neutral,24,[]
"Premise: A little boy wearing a yellow, white and black striped shirt is whispering a secret to a little girl wearing a white long sleeved-shirt.
Hypothesis: The little boy is good friends with the girl.","Premise: A little boy wearing a yellow, white and black striped shirt is whispering a secret to a little girl wearing a white long sleeved-shirt.
Hypothesis: The little boy, engrossed in his latest science experiment, is demonstrating a chemical reaction to the little girl, who is his classmate and also participates in the school's science club, although their interaction is strictly based on a shared interest in chemistry and not indicative of a typical friendship beyond this academic interest.Premise: A little boy wearing a yellow, white and black striped shirt is whispering a secret to a little girl wearing a white long sleeved-shirt.",,contradiction,1,3,contradiction|contradiction|contradiction|neutral,47,[]
"Premise: A boy in blue shorts and a t-shirt is poised to hit a tennis ball with a racket.
Hypothesis: A boy wearing blue shorts and a t-shirt is playing tennis with his friend.","Premise: A boy in blue shorts and a t-shirt is poised to hit a tennis ball with a racket.
Hypothesis: A boy wearing blue shorts and a t-shirt is NOT poised to hit a tennis ball with a racket while actually he is NOT playing tennis at all and instead, he's watching a tennis match using a baseball bat, and there's no friend present.",,neutral,1,5,neutral|neutral|neutral|neutral|neutral|neutral,44,[]
"Premise: The girl wearing a brown jacket whilst walking in snow.
Hypothesis: The girl is walking outside.","Premise: The girl wearing a brown jacket whilst walking in snow.
Hypothesis: The girl is inside watching TV.",,neutral,0,1,neutral|entailment,25,[]
"Premise: A man is talking on a cellphone while filling his car with gas.
Hypothesis: A man talks to his boss while getting gas for his car.","Premise: A man is talking on a cellphone while filling his car with gas.
Hypothesis: A man is discussing the weather while filling his car with gas, completely unaware of the political discussions happening around him as he chats on his cellphone.",,contradiction,1,4,contradiction|contradiction|contradiction|contradiction|contradiction,35,[2]
"Premise: Four people and a baby are crossing the street at a crosswalk.
Hypothesis: People and a baby riding the bus.","Premise: Four people and a baby are crossing the street at a crosswalk.
Hypothesis: Four people and a baby are crossing the street while simultaneously riding the bus.",,entailment,2,0,contradiction,30,[]
"Premise: A snowboarder on a wide plain of snow
Hypothesis: A snow field with a snowboarder on it","Premise: A snowboarder on a wide plain of snow
Hypothesis: While a flock of birds passes by, a snowboarder is taking a break on a snowy hill, completely oblivious to the avian spectacle overhead, as no jumps are attempted and the snow is still and peaceful.",,contradiction,0,1,contradiction|neutral,29,[]
"Premise: Two girls are playing in the snow and throwing snowballs.
Hypothesis: The snowballs are from fresh snow.","Premise: Two girls are playing in the snow and throwing snowballs.
Hypothesis: The snowballs are from ice cubes, not fresh snow.",,neutral,1,1,neutral|contradiction,28,[]
"Premise: A female camera operator is capturing some off-camera activity.
Hypothesis: A lady is taking a picture","Premise: A female camera operator is capturing some off-camera activity.
Hypothesis: A female camera operator is NOT capturing any off-camera activity.",,neutral,0,0,entailment,25,[]
"Premise: A baby girl and little boy are standing next to a guitar and a drum.
Hypothesis: The boy is alone in the bathtub on the moon.","Premise: A baby girl and little boy are standing next to a guitar and a drum.
Hypothesis: The boy is not on Earth but on the moon in a tub alone.",,entailment,2,2,entailment|entailment|neutral,35,[]
"Premise: Brown and cream dog with tongue out in front of grassy forest
Hypothesis: The dog is lying on the ground.","Premise: Brown and cream dog with tongue out in front of grassy forest
Hypothesis: The dog is moving vigorously as it chases a squirrel, contrary to the given fact that the dog is motionless in front of the grassy forest.",,neutral,2,5,neutral|neutral|neutral|neutral|neutral|contradiction,30,[]
"Premise: couples enjoying a meal, while a bunch of dogs take a nap.
Hypothesis: SOME ANIMALS ARE ASLEEP","Premise: couples enjoying a meal, while a bunch of dogs take a nap.
Hypothesis: In the background, while couples indulge in their meals, there is a group of snoring cats nestled in a sunny patch on the living room sofa.",,contradiction,0,0,neutral,29,[]
"Premise: A man holding a baby who is petting a pony.
Hypothesis: A man who kidnap a baby is petting a pony.","Premise: A man holding a baby who is petting a pony.
Hypothesis: A man visiting a farm with his niece, who is holding her baby cousin, gently pets a friendly pony while showing her the animal.",,contradiction,1,0,neutral,33,[]
"Premise: A woman on the sidewalk blocks the sun from her eyes to peer down the street.
Hypothesis: A woman covers part of her face.","Premise: A woman on the sidewalk blocks the sun from her eyes to peer down the street.
Hypothesis: A woman wearing oversized sunglasses blocks the sun from her eyes to peer down the street while shielding her fashionable sense with a large, floppy sunhat.Premise: A woman on the sidewalk blocks the sun from her eyes to peer down the street.",,contradiction,0,1,contradiction|contradiction,33,"[1, 2, 3, 4]"
"Premise: A brown and white dog holds a tennis ball in his mouth.
Hypothesis: A dog mouth holds a retrieved ball.","Premise: A brown and white dog holds a tennis ball in his mouth.
Hypothesis: A dog is dropping a ball instead of holding it in his mouth.",,neutral,0,1,neutral|entailment,29,[]
"Premise: A man in a red shirt is learning how to climb a cliff.
Hypothesis: A man is playing videogames.","Premise: A man in a red shirt is learning how to climb a cliff.
Hypothesis: A man in a red shirt is enjoying a scenic hiking trip and taking in the views from a cliffside trail.",,contradiction,2,0,neutral,29,[]
"Premise: Two men in workers' gear and colorful hard hats standing on board what appears to be a large ship, next to some very large machinery.
Hypothesis: two men are sitting by the pool next to machinery on the boat","Premise: Two men in workers' gear and colorful hard hats standing on board what appears to be a large ship, next to some very large machinery.
Hypothesis: Two men are sitting on a beach chair, nowhere near any machinery.",,neutral,2,0,entailment,49,[]
"Premise: A man holding a sign of a rainbow elephant.
Hypothesis: The donkey sign is smeared with paint.","Premise: A man holding a sign of a rainbow elephant.
Hypothesis: The donkey sign is clean and properly displayed, while the rainbow elephant sign is being held by a man, indicating careful craftsmanship and attention to detail.",,contradiction,2,0,neutral,28,[]
"Premise: A man and a young girl swimming.
Hypothesis: a man and girl swim","Premise: A man and a young girl swimming.
Hypothesis: A man and a girl are sitting on dry land, completely unable to swim, with no water in sight and unable to interact in any way.",,neutral,0,5,neutral|neutral|neutral|neutral|neutral|neutral,21,[]
"Premise: A child in a maroon shirt playing next to a fountain.
Hypothesis: The child is at play.","Premise: A child in a maroon shirt playing next to a fountain.
Hypothesis: While the child is indeed playing near the fountain, they are completely captivated by the intricate reflections and formations caused by the water, forgetting for a moment the world around them, including the traditional dancers passing by.",,contradiction,0,4,contradiction|contradiction|contradiction|contradiction|neutral,27,[]
"Premise: Four small children playing in the courtyard of a large building made out of clay or sand.
Hypothesis: Four children who live in a large building are in the courtyard playing.","Premise: Four small children playing in the courtyard of a large building made out of clay or sand.
Hypothesis: Four children who live nowhere and do not play in courtyards ever are not involved in any form of play.",,neutral,1,3,neutral|neutral|neutral|contradiction,40,[]
"Premise: Six rescuers cooperate to place an injured man on a transport device in snowy, mountainous terrain.
Hypothesis: six people act to save a seventh who is injured","Premise: Six rescuers cooperate to place an injured man on a transport device in snowy, mountainous terrain.
Hypothesis: Six rescuers deliberately ignored the injured man, choosing to do nothing despite being in a position to help, while the original premise shows six rescuers actively cooperating to place an injured man on a transport device in snowy, mountainous terrain, which contradicts the notion that they refused to help.",,neutral,0,5,neutral|neutral|neutral|neutral|neutral|neutral,38,[]
"Premise: A woman sits on a rug next to a shirtless boy who is looking in the direction of a checkers board that includes several pieces.
Hypothesis: A woman and her son play the third of a best of three checkers tournament.","Premise: A woman sits on a rug next to a shirtless boy who is looking in the direction of a checkers board that includes several pieces.
Hypothesis: The woman, a retired teacher, is sharing amusing anecdotes from her classroom experiences with her visiting niece, who's captivated by an app on her phone rather than the checkers. They laugh together over the playful stories, enjoying a cozy afternoon on the living room floor, a rug beneath them, while a few checkers lay forgotten. There’s no mention of a board game tournament or any specific structure to their time together, just a happy reunion filled with laughter and stories.",,contradiction,1,4,contradiction|contradiction|contradiction|contradiction|entailment,53,[]
"Premise: A young girl with a purple shirt and a pink hair band standing near the woods.
Hypothesis: A little girl in a pink shirt is ready to run in the woods.","Premise: A young girl with a purple shirt and a pink hair band standing near the woods.
Hypothesis: A young girl with a purple shirt and a pink hair band stands contemplatively near the edge of the forest, her eyes gazing into the mysterious depths of the woods, thinking about her next adventure but not necessarily ready to run just yet.",,contradiction,1,0,neutral,40,[]
"Premise: the white dog is carrying a ball in its mouth.
Hypothesis: The dog is running with a ball in its mouth.","Premise: the white dog is carrying a ball in its mouth.
Hypothesis: The dog is NOT carrying a ball in its mouth.",,neutral,1,0,entailment,30,[]
"Premise: two people riding their bikes down a street together.
Hypothesis: A couple ride their bikes on a date.","Premise: two people riding their bikes down a street together.
Hypothesis: Two siblings are biking around their neighborhood, sharing stories about their day and completely ignoring the urban landscape that surrounds them, as they discuss future plans to explore different regions of the city to make the most of their urban life.",,contradiction,1,4,contradiction|contradiction|contradiction|contradiction|contradiction,27,[1]
"Premise: Blue, red, yellow, and white are the dominant colors of a picture of two police vehicles outside of what looks like a smoke roll playing vehicle, a motorcycle in between the two cars with 6 people in the picture.
Hypothesis: There are two police vehicles in the photo.","Premise: Blue, red, yellow, and white are the dominant colors of a picture of two police vehicles outside of what looks like a smoke roll playing vehicle, a motorcycle in between the two cars with 6 people in the picture.
Hypothesis: The photo shows no vehicles associated with law enforcement, completely lacking any presence of police cars or any equipment typically found on such vehicles.",,neutral,0,3,neutral|neutral|neutral|entailment,62,[1]
"Premise: people are sitting on a bench in front of buildings.
Hypothesis: Some people are seated on a bench outside.","Premise: people are sitting on a bench in front of buildings.
Hypothesis: People are not seated in front of any buildings.",,neutral,0,1,neutral|entailment,28,[]
"Premise: A woman in a striped shirt is walking a horse across a street.
Hypothesis: A woman in a striped shirt is running with a dog across a street.","Premise: A woman in a striped shirt is walking a horse across a street.
Hypothesis: A woman in a striped shirt is sitting still on a bench while feeding a duck across a street, whereas in the original hypothesis, she was walking a horse across the same street. The key contradiction lies in the fact that she cannot simultaneously walk a horse and sit while feeding a duck.",,entailment,2,1,entailment|contradiction,37,[]
"Premise: A man in a blue shirt touches his head while talking to two women outdoors.
Hypothesis: three people talk","Premise: A man in a blue shirt touches his head while talking to two women outdoors.
Hypothesis: A man is alone in a room.",,neutral,0,0,contradiction,27,[]
"Premise: A couple stands at the top of a flight of outdoor stairs kissing one another.
Hypothesis: A couple stands near some stairs.","Premise: A couple stands at the top of a flight of outdoor stairs kissing one another.
Hypothesis: A couple is lying on a sunbed at the beach, far away from any stairs, ignoring each other as they focus on their phones.",,neutral,0,1,neutral|entailment,31,[]
"Premise: A woman with a navy sweater is looking through a blue telescope at a statue of a dinosaur.
Hypothesis: The woman is watching television","Premise: A woman with a navy sweater is looking through a blue telescope at a statue of a dinosaur.
Hypothesis: Instead of watching television, the woman with a navy sweater uses a blue telescope to look at a dinosaur statue.",,contradiction,2,1,contradiction|neutral,32,[]
"Premise: There are many people in a large room with a lot of furniture with tags on them.
Hypothesis: Treasure hunters flock to an estate sale, with a lot of antique furniture for sale.","Premise: There are many people in a large room with a lot of furniture with tags on them.
Hypothesis: People gather in a spacious room filled with tagged items, possibly for a clearance event, where a wide variety of goods, not limited to furniture, are available for purchase, attracting a diverse crowd interested in finding unique deals, from decor enthusiasts to collectors looking for hidden gems unrelated to antiques specifically.",,contradiction,1,0,neutral,43,[]
"Premise: A group of men playing music, the man holding a guitar is talking to a man with drums.
Hypothesis: A band plays salsa music.","Premise: A group of men playing music, the man holding a guitar is talking to a man with drums.
Hypothesis: Instead of men playing music in a performance, they decided not to engage in any activity related to music, completely dismissing any thought of a performance, including music, altogether.",,entailment,1,5,entailment|entailment|entailment|entailment|entailment|entailment,34,[5]
"Premise: A man and a woman are showing their kid their little baby.
Hypothesis: A man shows off his baseball cards.","Premise: A man and a woman are showing their kid their little baby.
Hypothesis: A man and a woman are showing their kid various family photos, including ones with grandparents, distant cousins, and a beloved family pet, clearly showing the diverse and rich history of their lineage.",,contradiction,2,1,contradiction|neutral,29,[]
"Premise: A male wearing a football uniform kicking a football during a football game.
Hypothesis: A Dallas Cowboy player is trying to tie the playoff game.","Premise: A male wearing a football uniform kicking a football during a football game.
Hypothesis: A New York Giants player is failing to score a touchdown in the regular season finale.",,neutral,1,0,contradiction,34,[]
"Premise: A man standing on a street with a suitcase in front of him while another man bends down to look at what is displayed on top of it.
Hypothesis: Two men lie on tables in the morgue.","Premise: A man standing on a street with a suitcase in front of him while another man bends down to look at what is displayed on top of it.
Hypothesis: A man standing on a street with a suitcase in front of him while another man bends down to look at what is displayed on top of it, instead lie awake in an operating room, having an emergency surgery, contradicting the original claim that they lie on tables in the morgue.",,entailment,2,2,entailment|entailment|neutral,48,[]
"Premise: A group of students are walking through the campus.
Hypothesis: A group of people sit at home","Premise: A group of students are walking through the campus.
Hypothesis: A group of students are sitting still on campus, directly contradicting the claim that they are walking through it.",,entailment,2,2,entailment|entailment|neutral,25,[]
"Premise: A man on a skateboard performs a trick in the air against the backdrop of a bright blue sky.
Hypothesis: A man is riding a skateboard","Premise: A man on a skateboard performs a trick in the air against the backdrop of a bright blue sky.
Hypothesis: A man on a skateboard is riding smoothly on the ground instead of performing a trick in the air, which contradicts the idea that he is doing tricks in the premise.",,neutral,0,5,neutral|neutral|neutral|neutral|neutral|neutral,34,[]
"Premise: A plane flies overhead as military men stand at attention, a flag blows in the wind as a lady in red stares out towards the camera.
Hypothesis: A military event is taking place.","Premise: A plane flies overhead as military men stand at attention, a flag blows in the wind as a lady in red stares out towards the camera.
Hypothesis: There is no military event happening whatsoever.",,neutral,0,0,entailment,43,[]
"Premise: A man in a blue shirt and a woman in a pink skirt sit around other people in the background.
Hypothesis: There are some people doing the limbo.","Premise: A man in a blue shirt and a woman in a pink skirt sit around other people in the background.
Hypothesis: The people in the background are engaged in a vigorous yoga session while a man in a blue shirt and a woman in a pink skirt are actively participating in a limbo competition elsewhere, directly contradicting the original claim that they are sitting around other people in the background.",,neutral,2,5,neutral|neutral|neutral|neutral|neutral|neutral,38,[]
"Premise: Two teens trying to win a prize at a carnival.
Hypothesis: The two teens were doing homework at home.","Premise: Two teens trying to win a prize at a carnival.
Hypothesis: The two teens were not at a carnival trying to win a prize but were instead at home, sleeping instead of watching television.",,entailment,2,5,entailment|entailment|entailment|entailment|entailment|entailment,28,[2]
"Premise: Asian people about to perform animal balloons.
Hypothesis: dog looks at the pond","Premise: Asian people about to perform animal balloons.
Hypothesis: An Asian person unexpectedly performs with animal-shaped balloons in front of others, causing a dog to observe the performance with interest due to the unusual sight.",,contradiction,2,5,contradiction|contradiction|contradiction|contradiction|contradiction|contradiction,21,[]
"Premise: A schoolgirl is jumping over a low hurdle.
Hypothesis: A girl is jumping over a hurdle.","Premise: A schoolgirl is jumping over a low hurdle.
Hypothesis: A schoolgirl is actually falling down as she approaches the hurdle, shown unable to clear it, contradicting the original premise that she is jumping over it successfully.",,neutral,0,4,neutral|neutral|neutral|neutral|neutral,26,[2]
"Premise: A man in a purple jersey is falling down while chasing a player in a green jersey playing soccer
Hypothesis: They give up and walk off the field","Premise: A man in a purple jersey is falling down while chasing a player in a green jersey playing soccer
Hypothesis: The man in the purple jersey gets up and celebrates after making the winning goal.",,neutral,2,2,neutral|neutral|contradiction,36,[]
"Premise: A man wearing a black t-shirt that says ""Long Live the Dead"" pulls a shopping cart in the street near a NYC yellow taxi cab.
Hypothesis: The man just got done shopping.","Premise: A man wearing a black t-shirt that says ""Long Live the Dead"" pulls a shopping cart in the street near a NYC yellow taxi cab.
Hypothesis: The man, clad in a black t-shirt with the oddly phrased ""Long Live the Dead,"" is leisurely strolling through the vibrant streets of NYC, his journey focused on discovering the city's iconic elements, while his shopping cart, filled not with purchases but rather with items for an impromptu art project, serves as a tool for this engaging and unrelated exploration.",,contradiction,1,1,contradiction|neutral,44,[]
"Premise: A man in bright shirt carrying a fallen branch.
Hypothesis: The man is sipping an ice tea in the shade of a huge maple tree.","Premise: A man in bright shirt carrying a fallen branch.
Hypothesis: The man, wearing a vibrant shirt, is carrying a fallen branch in order to clear an obstruction from a path, while under the sweltering sun, having just finished strenuously gardening and in need of hydration, opts for a refreshing sip of water instead of an ice tea due to personal preference, since there is no maple tree in sight.",,contradiction,2,0,neutral,35,[]
"Premise: There are a group of track runners bracing to take off.
Hypothesis: The track runners are sitting on an airplane","Premise: There are a group of track runners bracing to take off.
Hypothesis: The track runners are sitting and preparing to take off in a start position on the track, rather than on an airplane.",,contradiction,2,0,neutral,30,[]
"Premise: A woman wearing jeans is walking down the street.
Hypothesis: A woman is walking towards a bus stop.","Premise: A woman wearing jeans is walking down the street.
Hypothesis: A woman wearing jeans is enjoying a leisurely stroll down a picturesque town street, seemingly on her way to nowhere in particular.",,contradiction,1,0,neutral,27,[]
"Premise: Four young female gymnasts dressed in black and blue leotards are preparing for their next routine.
Hypothesis: Gymnast group preparing for a competition.","Premise: Four young female gymnasts dressed in black and blue leotards are preparing for their next routine.
Hypothesis: While setting up for their gymnastics meet, four young gymnasts in vibrant leotards are meticulously tuning their equipment, displaying not just their physical prowess but also their deep commitment to their craft and teamwork. Their dedication serves as a beacon of inspiration, drawing in onlookers who see beyond the competitive spirit to the heartwarming dedication to gymnastics. Meanwhile, outside, the serene beauty of nature calls with the chirping of birds and the rustling of leaves, completely unrelated yet peacefully coexisting with the focused atmosphere inside the gym.",,contradiction,0,3,contradiction|contradiction|contradiction|neutral,37,[]
"Premise: Two people are setting up a photo shoot of a mobile in a white room.
Hypothesis: The people are photographers.","Premise: Two people are setting up a photo shoot of a mobile in a white room.
Hypothesis: The young, enthusiastic individuals, actually a group of aspiring architects, are using the perfectly organized white room to illustrate the principles of structural engineering. Their crucial task is to construct a scale model of a futuristic building that they have designed, highlighting the innovative use of materials and sustainable practices. Their demonstration is intended to inspire their fellow students and teachers in a university workshop, showcasing how engineering can beautifully merge with aesthetics, an essential skill that is neither about photography nor fashion, but about building futures.",,contradiction,-1,5,contradiction|contradiction|contradiction|contradiction|contradiction|contradiction,29,[]
"Premise: A man wearing a white button down shirt is walking down the street.
Hypothesis: The man is walking down the street.","Premise: A man wearing a white button down shirt is walking down the street.
Hypothesis: As the moon rises, a man wearing a white button down shirt is completely engrossed in a video game, lost in the digital world, in the cozy corner of his living room, completely detached from the street's hustle and bustle outside his window.Premise: A man wearing a white button down shirt is walking down the street.",,contradiction,0,3,contradiction|contradiction|contradiction|neutral,30,[2]
"Premise: An Ambulance is passing a man wearing a bandanna and girl.
Hypothesis: The ambulance isn't stopped by heavy traffic","Premise: An Ambulance is passing a man wearing a bandanna and girl.
Hypothesis: An Ambulance is stopped by heavy traffic.",,entailment,0,0,contradiction,30,[]
"Premise: A group of people, including one man carrying a silver tripod, stand in front of a large building featuring numerous columns.
Hypothesis: Gerbils chat on Gruveo.","Premise: A group of people, including one man carrying a silver tripod, stand in front of a large building featuring numerous columns.
Hypothesis: The man is talking to a group of gerbils, who are standing in front of a large columned building on Gruveo, with a silver tripod in his hands.",,contradiction,2,1,contradiction|neutral,42,[]
"Premise: A brown dog carries an object in its mouth on a snowy hillside.
Hypothesis: A dog is carrying something.","Premise: A brown dog carries an object in its mouth on a snowy hillside.
Hypothesis: A brown dog is not carrying anything on a snowy hillside.",,neutral,0,0,entailment,29,[]
