original_review,counterfactual,thinking_content,original_label,ground_truth_label,refinement_rounds,pred_labels_history,orig_token_count,stalled_rounds
"Premise: Three army soldiers are holding guns and peering around a corner of a building.
Hypothesis: Soldiers are guarding a building.","Premise: Three army soldiers are in a classroom, learning about strategic defense from a respected instructor, with no weapons in sight and the focus clearly on education rather than guarding a building.
Hypothesis: Soldiers are guarding a building.",,contradiction,-1,3,contradiction|contradiction|contradiction|neutral,30,[2]
"Premise: A nighttime street scene of a restaurant.
Hypothesis: The restaurant is open at night.","Premise: A nighttime street scene of a restaurant with patrons outside enjoying their meals.
Hypothesis: The restaurant is closed.",,neutral,0,4,neutral|neutral|neutral|neutral|entailment,23,[]
"Premise: A small girl with short brown hair is pushing a pink scooter over grass with brown leaves with threes in the background
Hypothesis: The girl is outside.","Premise: A small girl with short brown hair is indoors riding a pink scooter, despite it being a sunny day outside with threes in the background and no leaves on the ground.
Hypothesis: The girl is outside.",,neutral,0,4,neutral|neutral|neutral|neutral|entailment,37,[]
"Premise: A child dressed in purple clothing and a hat runs in splashing water while a man and a small boy walk nearby.
Hypothesis: a child enjoys summer vacation","Premise: A child dressed in winter clothing and a hat shivers in the snow as a man and a small boy build a snowman nearby.
Hypothesis: a child enjoys summer vacation",,neutral,1,0,contradiction,37,[]
"Premise: A man in a business suit screaming at the camera.
Hypothesis: A business man is giving a heated interview for the local news.","Premise: A man in a business suit smiling peacefully at the camera.
Hypothesis: A business man is giving a heated interview for the local news.",,neutral,1,0,contradiction,32,[]
"Premise: A ballerina standing on the toes of one food with one arm up in the air and one leg lifted behind her.
Hypothesis: The ballerina hates this.","Premise: A ballerina elegantly poses on stage, her expression one of deep concentration and her limbs perfectly positioned in a classical ballet pose, while the audience watches in silent awe, captivated by the beauty and intensity of her performance.
Hypothesis: The ballerina hates this.",,contradiction,1,1,contradiction|neutral,40,[]
"Premise: Two men are sitting in a restaurant while one of them holds a piece of paper up to the camera.
Hypothesis: Two men are sitting watching a movie.","Premise: Two men are sitting in a bustling restaurant, animatedly discussing the latest trends in tech gadgets while entirely ignoring the camera.
Hypothesis: Two men are sitting watching a movie.",,contradiction,2,4,contradiction|contradiction|contradiction|contradiction|neutral,37,[]
"Premise: Expert snowboard is trying a new trick.
Hypothesis: The person is snowboarding.","Premise: Expert snowboarder is attempting an intricate trick at a world-famous snowboarding competition while wearing heated gloves to keep fingers agile despite the frigid weather outside.
Hypothesis: The person is snowboarding.",,contradiction,0,1,contradiction|neutral,23,[]
"Premise: A boy plays his trumpet during a performance with his band.
Hypothesis: A human with a trumpet","Premise: A boy sits motionless, silent, with his band on stage during a performance that is surprisingly trumpet-free.
Hypothesis: A human with a trumpet",,neutral,0,5,neutral|neutral|neutral|neutral|neutral|neutral,25,[]
"Premise: The man in the black shirt is skateboarding on the front steps of the building.
Hypothesis: A person with a dark top is outside doing something active.","Premise: The man in the black shirt is skateboarding on the sleek, futuristic steps of a tech company headquarters during a bustling evening in the city center, showcasing urban street art on surrounding walls. Meanwhile, a group of friends in colorful uniforms are using telescopes to observe a meteor shower high in the night sky, miles away in a rural observing field.Premise 2: The man's skateboard is equipped with LED lights, leaving a trail of colorful sparks as he performs daring tricks.
Hypothesis: A person with a dark top is doing something energetic and thrilling.",,contradiction,0,3,contradiction|contradiction|contradiction|neutral,37,[]
"Premise: Many people sit, some stand outside of a large brick building.
Hypothesis: people are throwing rocks at each other","Premise: Many people are happily gathering and taking photos outside of a beautiful park.
Hypothesis: people are throwing rocks at each other",,entailment,2,0,contradiction,28,[]
"Premise: A small girl with braids blowing bubbles.
Hypothesis: A young boy plays with his yo-yo.","Premise: A young girl with braids carefully blowing bubbles at the park, her joy evident as each bubble floats skyward, whereas a nearby boy is engrossed in playing with his yo-yo, showcasing a moment of solitary entertainment amidst the park's vibrant atmosphere.
Hypothesis: A young boy plays with his yo-yo.",,contradiction,2,1,contradiction|neutral,27,[]
"Premise: Man in robe making designs on dirt ground.
Hypothesis: A man making designs in the dirt outside.","Premise: A man is not wearing a robe and is making designs on a sand ground indoors.
Hypothesis: A man making designs in the dirt outside.",,neutral,0,1,neutral|contradiction,26,[]
"Premise: A girl is about to hit a tennis ball coming from above her with a racket
Hypothesis: A girl is playing tennis.","Premise: A girl is ducking and visibly frightened as a tennis ball sails over her head, with no racket in her hands while another girl stands ready to hit the ball with a racket.
Hypothesis: A girl is playing tennis.",,neutral,0,3,neutral|neutral|neutral|neutral,31,"[1, 2]"
"Premise: A man in military uniform points as three other men watch.
Hypothesis: the man is training some guys","Premise: A man in military uniform points towards a distant landmark while three other men are busy setting up a camp nearby.
Hypothesis: the man is training some guys",,contradiction,1,0,neutral,26,[]
"Premise: A little boy with an orange backpack walks under a tree through the woods.
Hypothesis: A boy walks through the woods.","Premise: A little boy with an orange backpack is exploring the vastness of a newly discovered intergalactic planet, marveling at the alien trees while wearing his space helmet, completely oblivious to the concept of woods or a bustling city as he navigates through the cosmic forest under the shimmering stars of a distant galaxy.
Hypothesis: A boy walks through the woods.",,contradiction,0,1,contradiction|neutral,30,[]
"Premise: Two young boys wearing shorts and sandals throw pebbles from a dirt path into a body of water.
Hypothesis: The two young boys are playing kickball at the park.","Premise: Two young boys wearing shorts and sandals are playing near a dirt path, throwing pebbles into a body of water as a fun activity.
Hypothesis: The two young boys are playing kickball at the park.",,contradiction,2,1,contradiction|neutral,41,[]
"Premise: A woman sweeping in front of a ladder on a busy street.
Hypothesis: A woman cleans up near a ladder","Premise: A woman is taking a break from her street cleaning duties, sitting on a nearby bench while her colleague sweeps in front of a ladder being set up by construction workers on a normally bustling city sidewalk.
Hypothesis: A woman cleans up near a ladder",,contradiction,0,0,neutral,28,[]
"Premise: A dirty, shirtless homeless man sits on the sidewalk, holding his cup up to passerby asking for change.
Hypothesis: A homeless man begs.","Premise: A shirtless homeless man sits on a park bench under an umbrella, enthusiastically discussing philosophical concepts with a group of students, completely absorbed in the intellectual exchange.
Hypothesis: A homeless man engages in a discussion.",,contradiction,0,5,contradiction|contradiction|contradiction|contradiction|contradiction|contradiction,36,[]
"Premise: A young man appears bored in a restaurant.
Hypothesis: A young person appears bored in a restaurant.","Premise: A young man appears highly engaged and entertained in a restaurant while his friend looks utterly bored and disinterested.
Hypothesis: A young person appears bored in a restaurant.",,neutral,0,5,neutral|neutral|neutral|neutral|neutral|neutral,26,[]
"Premise: A boy in a blue shirt plays in a jumping tent.
Hypothesis: Rent your own bouncy house today","Premise: A boy in a blue shirt sits quietly on a park bench.
Hypothesis: Rent your own bouncy house today",,neutral,1,0,contradiction,27,[]
"Premise: A man looks mysterious in a blue shirt and a red truck for a company called Wilbert.
Hypothesis: A woman cuts eggplant.","Premise: A man looks mysterious in a blue shirt and a red truck advertising Wilbert, just before he begins cutting eggplant for the company's upcoming product launch.
Hypothesis: A woman cuts eggplant.",,contradiction,2,0,neutral,33,[]
"Premise: This off-roading driver has tipped his truck.
Hypothesis: A Ferrari goes through the drive-thru.","Premise: The off-road driver, frustrated by the constant maintenance and lack of social media attention from their truck mishaps, decides to sell the troublesome vehicle and invests in a sleek, admired Ferrari instead. This major life change is aimed at gaining new followers and admiration on their social media channels.
Hypothesis: A Ferrari goes through the drive-thru.",,contradiction,2,5,contradiction|contradiction|contradiction|contradiction|contradiction|contradiction,27,[]
"Premise: Two young girls, one wearing a pink jacket and the other in a dark-colored jacket, are playing in the snow and having a snowball fight in a clearing outside of a wooded area.
Hypothesis: Two girls are sleeping","Premise: Two young girls, one wearing a pink jacket and the other in a dark-colored jacket, are sleeping in their beds indoors while missing the snow outside because it is too cold to play in the snow.
Hypothesis: Two girls are sleeping",,entailment,2,1,entailment|neutral,50,[]
"Premise: This man is working with an I-pad.
Hypothesis: the man is typing a paper","Premise: This man is working on an I-pad, drafting an outline for a paper.
Hypothesis: the man is typing a paper",,contradiction,1,0,entailment,23,[]
"Premise: Three people are sitting at a small table near a screen with the words, ""DEMOS, The Business of Care.""
Hypothesis: A trio of humans is sitting.","Premise: Three people are standing far from a large table near a screen with the words, ""DEMOS, The Business of Care,"" as they are busy protesting against healthcare policy.
Hypothesis: A trio of humans is sitting.",,neutral,0,5,neutral|neutral|neutral|neutral|neutral|entailment,39,[2]
"Premise: A snowboarder on a wide plain of snow
Hypothesis: A snowboarder gliding over a field of snow","Premise: A snowboarder is stuck in a snowdrift on a narrow mountain trail
Hypothesis: A snowboarder gliding over a field of snow",,neutral,1,0,contradiction,30,[]
"Premise: Men at a party hanging out on the front porch.
Hypothesis: They are smoking cigarettes on the porch.","Premise: Men at a party hanging out on the front porch, deeply engrossed in an intense discussion about quantum physics while completely forgetting about the cigarettes they brought along.
Hypothesis: They are smoking cigarettes on the porch.",,contradiction,1,5,contradiction|contradiction|contradiction|contradiction|contradiction|contradiction,27,[]
"Premise: A person crossing a bridge with train tracks.
Hypothesis: A person jumped off the side of the bridge.","Premise: A person is carefully navigating a bridge over train tracks, their eyes fixed on the path ahead to ensure their safety.
Hypothesis: A person jumped off the side of the bridge.",,contradiction,2,1,contradiction|neutral,27,[1]
"Premise: A beach boardwalk during summertime.
Hypothesis: A wooden path towards the shore.","Premise: A beach boardwalk lined with seashell vendors and a lone ice cream truck amidst the summer sunbathers, away from the main hustle of rides and attractions.
Hypothesis: A wooden path towards the shore.",,contradiction,0,1,contradiction|entailment,23,[]
"Premise: A woman is carrying two children in the middle of a large crowd.
Hypothesis: the woman is lying down sleeping","Premise: A woman is lying down sleeping in the middle of an empty room.
Hypothesis: the woman is lying down sleeping",,entailment,2,1,entailment|neutral,28,[]
"Premise: a wet golden retriever is walking through a lake
Hypothesis: A wet golden retriever is in a lake.","Premise: A dry golden retriever is walking away from a lake
Hypothesis: A wet golden retriever is in a lake.",,neutral,0,5,neutral|neutral|neutral|neutral|neutral|neutral,29,"[1, 2]"
"Premise: A woman wearing a striped wrap is bent over in a cornfield while looking at the camera.
Hypothesis: A woman wearing a striped wrap is looking at the camera.","Premise: A woman wearing a striped wrap is bent over in a cornfield looking directly at the camera.
Hypothesis: A woman wearing a striped wrap is looking away from the camera.",,neutral,0,4,neutral|neutral|neutral|neutral|neutral,39,"[1, 3]"
"Premise: This is a very large vegetable stand under a white tent.
Hypothesis: People are eating fast food.","Premise: This is a very large vegetable stand under a white tent, bustling with activity as local farmers showcase their seasonal harvests, engaging with customers about the origin and benefits of each vegetable, while a nearby food truck offers a variety of vegan options that attract some patrons away from the produce, leading to a mix of activities under the white canopy that spans the entire plaza.
Hypothesis: People are eating fast food.",,contradiction,2,1,contradiction|neutral,26,[]
"Premise: A person standing next to an old dark building.
Hypothesis: A person standing near a building.","Premise: A person is standing directly in front of a brightly lit modern skyscraper next to an old dark building.
Hypothesis: A person is standing next to an old dark building.",,neutral,0,4,neutral|neutral|neutral|neutral|neutral,25,[3]
"Premise: a man sitting on a motorcycle with a sunset directly behind him
Hypothesis: A man sitting on his motorcycle with the sunset directly behind him outside.","Premise: A man sitting on a motorcycle with a sunrise directly ahead of him.CF: A man sitting on a motorcycle with a sunset directly behind him.
Hypothesis: A man sitting on his motorcycle with the sunset directly behind him outside.",,neutral,0,4,neutral|neutral|neutral|neutral|neutral,35,"[1, 4]"
"Premise: Two men wearing dirty clothing are sitting on a sidewalk with their dog and begging for money using a cardboard sign.
Hypothesis: These two illiterate men convinced their dog to write a panhandling sign for them.","Premise: Two men wearing dirty clothing are sitting on a sidewalk with their well-trained dog, part of a street performance act that involves complex sign language cues to enact a story about a dog begging for money, drawing laughter and applause from an amused audience.
Hypothesis: These two illiterate men convinced their dog to write a panhandling sign for them.",,contradiction,2,5,contradiction|contradiction|contradiction|contradiction|contradiction|contradiction,47,[]
"Premise: A boy in a yellow shirt running by some birds.
Hypothesis: The boy is moving very fast.","Premise: A boy in a yellow shirt is sitting quietly on a bench, his hands empty and looking bored as no birds are in sight, while a sign nearby reads ""No Feeding Birds"".
Hypothesis: The boy is moving very fast.",,neutral,1,4,neutral|neutral|neutral|neutral|neutral,26,"[4, 5]"
"Premise: People jump over a mountain crevasse on a rope.
Hypothesis: People are jumping outside.","Premise: People jump over a mountain crevasse on a rope indoors.
Hypothesis: People are jumping outside.",,neutral,0,0,entailment,25,[]
"Premise: Many people have decided to take a rest on the steps.
Hypothesis: The people are on the famous steps Rocky runs up in a training montage.","Premise: Many people have decided to take a rest on a set of steps that are part of a quaint neighborhood in a small town.
Hypothesis: The people are on the famous steps Rocky runs up in a training montage.",,contradiction,1,0,neutral,35,[]
"Premise: A group of kids is splashing in deep water nearby a rock formation.
Hypothesis: They are wearing lifejackets","Premise: A group of kids is splashing in deep water nearby a majestic waterfall, seemingly enjoying a thrilling adventure, completely unrelated to wearing lifejackets.
Hypothesis: They are wearing lifejackets",,contradiction,1,1,contradiction|neutral,29,[]
"Premise: Four men stand in a circle facing each other playing brass instruments which people watch them.
Hypothesis: The men are watching a sports channel","Premise: Four men stand in a circle facing each other playing brass instruments on a crowded city street during rush hour, engaging a mix of spectators and commuters passing by while a street performer juggles nearby.
Hypothesis: The men are watching a sports channel",,contradiction,2,1,contradiction|neutral,32,[]
"Premise: A drummer wearing a plaid shirt, jeans, and a purple had bangs his drum.
Hypothesis: A trumpeter practices for an orchestra.","Premise: A drummer wearing a plaid shirt, jeans, and a purple hat bangs his drums while preparing for a performance.
Hypothesis: A trumpeter practices for an orchestra.",,contradiction,2,0,entailment,35,[]
"Premise: A boy in a hat and glasses is playing a guitar.
Hypothesis: A boy is playing piano.","Premise: A boy in a hat and glasses is NOT playing a guitar because he is actually playing a piano.
Hypothesis: A boy is playing piano.",,entailment,2,2,entailment|entailment|contradiction,26,[]
"Premise: A female dancer wearing all white dancing while a photographer wearing all white takes her picture.
Hypothesis: A girl is dancing and anothe man take a photo","Premise: A female dancer wearing a traditional ballet costume performs on a stage under bright stage lights, capturing the attention of an audience, while a seasoned ballerina instructor discreetly moves behind the photographer to subtly guide the shot for an authentic portrayal of classical dance.
Hypothesis: A girl is dancing and another person take a photo",,contradiction,1,1,contradiction|neutral,36,[]
"Premise: Two girls wearing hats are running through snow drifts outside.
Hypothesis: one girl running","Premise: Two girls wearing hats are NOT running through snow drifts outside because they are standing still, caught in a sudden snowstorm.
Hypothesis: one girl running",,neutral,2,5,neutral|neutral|neutral|neutral|neutral|contradiction,23,[]
"Premise: A man and a child are laughing at each other.
Hypothesis: Two people are laughing.","Premise: A man and a child are smiling broadly at each other with joyous laughter echoing in the air, completely contradicting the idea that they are ignoring each other or not laughing.
Hypothesis: Two people are laughing.",,neutral,0,5,neutral|neutral|neutral|neutral|neutral|neutral,24,[]
"Premise: The man is digging in the sand while others watch to see what he discovers.
Hypothesis: a man is digging for gold.","Premise: The man is digging in the sand while others watch to see what he discovers and it turns out he finds a empty bottle.
Hypothesis: a man is digging for gold.",,neutral,1,0,contradiction,31,[]
"Premise: Two NHL hockey players prepare to fight over a puck during a face off.
Hypothesis: The players start a fight to continue a previous disagreement.","Premise: Two NHL hockey players are competing intensely for possession of a puck during a face off, while their teammates watch in anticipation.
Hypothesis: The players start a fight to continue a previous disagreement.",,contradiction,1,0,neutral,34,[]
"Premise: A child in an orange outfit stands holding flowers.
Hypothesis: The boy has a gift for his mother.","Premise: A child in an orange outfit stands holding flowers at a school's spring festival amidst a colorful array of balloons and banners fluttering in the breeze.
Hypothesis: The child is participating in a flower arrangement contest for their teacher.",,contradiction,1,5,contradiction|contradiction|contradiction|contradiction|contradiction|contradiction,27,[]
"Premise: A policeman on a motorcycle from the rear.
Hypothesis: An officer watching a jail cell.","Premise: A policeman on a motorcycle from the front.
Hypothesis: An officer watching a jail cell.",,entailment,2,0,contradiction,24,[]
"Premise: Two young boys are playing with a toy train set on a wood floor.
Hypothesis: Two girls are playing with dolls.","Premise: Two young boys are playing with a toy train set on a wood floor, while the girls in the adjacent room are playing with dolls, demonstrating a clear contrast between the actions of boys and girls associated with traditional gender roles.
Hypothesis: Two girls are playing with dolls.",,contradiction,2,1,contradiction|neutral,30,[]
"Premise: four people standing on a hiking trail in a forest with big tree logs on the ground close to them.
Hypothesis: Nobody is standing","Premise: Four people are sitting on a hiking trail in a forest, ignoring the big tree logs on the ground close to them, as they enjoy a picnic lunch instead.
Hypothesis: Nobody is standing",,entailment,2,1,entailment|contradiction,32,[]
"Premise: A closeup of an older man with glasses speaking.
Hypothesis: The woman is doing a speech.","Premise: A woman is quietly reading a book alone in her room.
Hypothesis: The woman is doing a speech.",,neutral,2,1,neutral|contradiction,26,[]
"Premise: People sitting in a dim restaurant eating.
Hypothesis: People are eating food.","Premise: People are actively protesting in a sunlit public square with signs and banners.
Hypothesis: People are eating food.",,neutral,0,1,neutral|contradiction,21,[]
"Premise: Child plays with pigeon in busy public area while group of people watch him play.
Hypothesis: A group of people take turns carrying an injured child.","Premise: A child plays joyfully with a colorful kite in a serene beach setting, capturing the attention of a few sunbathing beachgoers as seagulls squawk and dolphins play in the distance.
Hypothesis: A group of people take turns carrying an injured child.",,contradiction,2,3,contradiction|contradiction|contradiction|neutral,35,[3]
"Premise: A woman plays in the wind, with a furry brown dog.
Hypothesis: The dog is a shitzu.","Premise: A woman plays in the wind with a large furry brown dog that strongly resembles a Shitzu, indicating it is likely one.
Hypothesis: The dog is a shitzu.",,contradiction,1,1,contradiction|neutral,29,[]
"Premise: Man sitting on bench with suitcase waiting for his source of transportation.
Hypothesis: The man is on a treadmill.","Premise: A man standing next to a street vending machine with a stack of merchandise, ready to make a sale to a passerby while traffic flows by in the background.
Hypothesis: The man is on a treadmill.",,entailment,2,2,entailment|entailment|neutral,28,[]
"Premise: A black man wearing a down jacket with his arms spread and holding a pink comb.
Hypothesis: A man was wearing a jacket in winter.","Premise: A black man wearing a down jacket on a hot summer day, holding a pink comb in one hand and a glass of lemonade in the other.
Hypothesis: A man was wearing a jacket in winter.",,neutral,1,2,neutral|neutral|entailment,34,[]
"Premise: A blond little boy in an orange sweatshirt with red sleeves is using scissors to cut something.
Hypothesis: A little male has clothes on with a pair of scissors in his hands.","Premise: A blond little boy in an orange sweatshirt with red sleeves is using scissors to cut a delicate paper snowflake he just made.
Hypothesis: A little male is not wearing any clothes and has no scissors in his hands.",,neutral,0,5,neutral|neutral|neutral|neutral|neutral|contradiction,42,[]
"Premise: People in motion down a city sidewalk.
Hypothesis: People are walking to an event.","Premise: People in motion down a bustling city sidewalk, juggling while street performers play music in the background.
Hypothesis: People are walking to an event.",,contradiction,1,0,neutral,23,[]
"Premise: A scruffy man is standing in front of a red shopping cart filled with boxes.
Hypothesis: A clean shaven man with an empty blue shopping cart.","Premise: A scruffy man is standing in front of a red shopping cart filled with boxes while a clean shaven man with an empty blue shopping cart is visible behind him.
Hypothesis: A clean shaven man with an empty blue shopping cart.",,entailment,2,2,entailment|entailment|neutral,37,[]
"Premise: A woman in black walks down the street in front of a graffited wall.
Hypothesis: A lady walks down the street.","Premise: A woman in a vibrant yellow dress dances under a rainbow arch at the neighborhood parade.
Hypothesis: A lady walks down the street.",,contradiction,0,0,neutral,32,[]
"Premise: This person looks to be snowboarding on a very small pile of snow on a sunny cold day.
Hypothesis: timmy stares at the remains of Jimmy hoffa","Premise: Timmy is seen joyously snowboarding on a massive snowy mountain on a bright but warm summer day.
Hypothesis: timmy stares at the remains of Jimmy hoffa",,neutral,2,0,contradiction,39,[]
"Premise: An elderly lady holding a scruffy dog and smiling contently.
Hypothesis: a woman holding a scruffy dog","Premise: An elderly lady scolding a well-groomed dog while ignoring a scruffy dog and frowning sadly.
Hypothesis: a woman holding a scruffy dog",,neutral,0,5,neutral|neutral|neutral|neutral|neutral|neutral,28,[]
"Premise: A father is teaching his son how to ride a bicycle.
Hypothesis: The boy is improving quickly.","Premise: A father is teaching his son how to ride a bicycle on a quiet street, while a nearby dog barks intermittently, but the focus shifts to a passing ice cream truck, catching the boy's interest and momentarily halting his progress.
Hypothesis: The boy is improving quickly in learning to ride the bicycle, albeit now distracted.",,contradiction,1,2,contradiction|contradiction|neutral,26,[]
"Premise: The girl wearing a brown jacket whilst walking in snow.
Hypothesis: A woman is eating pasta in a restaurant.","Premise: The girl wearing a brown jacket is walking through snow and is clearly heading towards a cozy-looking restaurant, her stomach growling in anticipation of the pasta she plans to indulge in there.
Hypothesis: A woman is eating pasta in a restaurant.",,contradiction,2,1,contradiction|neutral,28,[]
"Premise: A man with a beard is playing an acoustic guitar on the street.
Hypothesis: The man tries to make some money from tips.","Premise: A man with a neatly trimmed beard is busking with an acoustic guitar on a serene park bench under the shade of an ancient oak tree, his soothing melodies attracting a small, appreciative audience who occasionally toss spare change into his open guitar case.
Hypothesis: The man is not trying to make money from tips.",,contradiction,1,1,contradiction|neutral,32,[1]
"Premise: A small child with a backpack walks down a narrow road next to a painted wall.
Hypothesis: A small child is walking on a road","Premise: A small child with a backpack is exploring an enchanted forest, chasing butterflies and laughing among the ancient trees, far from any technological distractions, while the afternoon sun filters through the dense canopy, casting a magical glow on the mossy ground.
Hypothesis: A small child is walking on a road",,contradiction,0,4,contradiction|contradiction|contradiction|contradiction|neutral,33,[]
"Premise: A young man holding a young woman in his arms as they get splashed by water shooting up from a fountain.
Hypothesis: A young couple is very much in love.","Premise: A young man helps a young woman avoid the mist from a decorative fountain while they wait in line at a bus stop in downtown after a night of city exploration, discussing their upcoming hiking trip plans.
Hypothesis: A young couple is very much in love.",,contradiction,1,4,contradiction|contradiction|contradiction|contradiction|contradiction,40,[3]
"Premise: A man and a child are purchasing ice cream from a man with a hand pushed ice cream cart.
Hypothesis: A father is buying his daughter ice cream.","Premise: A man and a child are purchasing ice cream from a street vendor on a bustling summer afternoon, entirely focused on choosing flavors without any familial relation visible.
Hypothesis: A father is buying his daughter ice cream.",,contradiction,1,1,contradiction|neutral,37,[1]
"Premise: A female covering her face in laughter at the dinner table.
Hypothesis: A woman has heard a joke.","Premise: A female is crying uncontrollably at the dinner table.
Hypothesis: A woman has heard a joke.",,neutral,1,0,contradiction,27,[]
"Premise: A mom and her boy are riding in a bumper car.
Hypothesis: The mom and boy are at an amusement park.","Premise: A mom and her boy are riding in a bumper car in their own backyard.
Hypothesis: The mom and boy are at an amusement park.",,neutral,0,0,contradiction,30,[]
"Premise: Police officer wearing a brown uniform talks into a wireless microphone.
Hypothesis: A police officer is silent.","Premise: A police officer wearing a brown uniform is giving a critical briefing into a wireless microphone, actively ensuring clear communication to his team.
Hypothesis: The police officer is silent.",,contradiction,2,2,contradiction|contradiction|neutral,26,[]
"Premise: In a snowy residential environment, a man with a brown jacket and gray mustache and beard places a hand on a felled log while another man in a blue shirt is blurry on the right side of the photo.
Hypothesis: The log is for firewood.","Premise: In a snowy residential environment, a man with a brown jacket and gray mustache and beard places a hand on a felled log while another man in a blue shirt is blurry on the right side of the photo. Suddenly, a group of children emerges from behind the log, excitedly chasing each other, completely unexpected and capturing the men's attention, leaving the nature of the log and its intended use entirely unclear.
Hypothesis: The log is for firewood.",,contradiction,1,3,contradiction|contradiction|contradiction|entailment,58,[]
"Premise: A woman crosses the street with a baby in her arms.
Hypothesis: A woman crosses the street carrying her baby boy.","Premise: A woman crosses the street with a baby in her arms and it's revealed the baby is a baby girl.
Hypothesis: A woman crosses the street carrying her baby boy.",,neutral,1,0,contradiction,30,[]
"Premise: A woman in a brown jacket and jeans is kneeling on a brick road while taking a picture of another woman posing.
Hypothesis: The woman posing is a famous model.","Premise: A woman in a brown jacket and jeans is kneeling on a brick road while taking a picture of another woman who is energetically leading a yoga session for a group of participants in the community park, with a few onlookers capturing the moment with their phones.
Hypothesis: The woman posing is a famous model.",,contradiction,1,4,contradiction|contradiction|contradiction|contradiction|contradiction,39,[3]
"Premise: An older women tending to a garden.
Hypothesis: The lady is cooking dinner","Premise: An older woman is skillfully crafting pottery in her quaint studio, her hands deftly shaping the clay with practiced ease as the sound of a gentle breeze drifting through an open window complements the quiet hum of focused activity.
Hypothesis: The lady is cooking dinner",,contradiction,2,1,contradiction|neutral,22,[1]
"Premise: The three young children played with some toilet paper in the grass.
Hypothesis: The three young children are throwing the toilet paper around.","Premise: The three young children were extremely careful and played with the toilet paper by meticulously folding each piece before placing it inside a neat pile in the trash can, ensuring none was scattered or thrown around, while the hypothesis wrongly suggests they threw it around everywhere.
Hypothesis: The three young children are throwing the toilet paper around.",,neutral,1,5,neutral|neutral|neutral|neutral|neutral|neutral,32,[]
"Premise: Man and woman rowing on surfboards third rower in distance.
Hypothesis: Couples rowing on surfboards.","Premise: Two individuals are seated at a dinner table, neither of them is eating, and the table is empty except for a half-eaten cake.Premise: A couple at a dinner table, both with full plates and in the midst of a lively conversation.
Hypothesis: Couples rowing on surfboards.",,neutral,0,4,neutral|neutral|neutral|neutral|entailment,29,[]
"Premise: A golden retriever nurses puppies.
Hypothesis: Puppies next to their mother","Premise: A golden retriever named Max is happily playing fetch with its owner in the park, completely absorbed in the game and utterly oblivious to the fact that it recently gave birth to a litter of puppies, which are now being cared for by a dedicated dachshund next door because the mother is too preoccupied with her playtime to notice her offspring's needs.
Hypothesis: Puppies next to their mother",,contradiction,0,1,contradiction|neutral,21,[]
"Premise: A performer plays an instrument for the audience.
Hypothesis: The instrument plays a performer for an audience.","Premise: A performer plays an instrument for the audience who have come to see a magic show instead of a musical performance.
Hypothesis: The instrument plays a performer for an audience.",,entailment,2,0,contradiction,26,[]
"Premise: A man throws his young boy playfully into the air standing on a beach.
Hypothesis: A Dad and son is playing on the beach.","Premise: A man wearing a Hawaiian shirt throws his young boy playfully into the air near the shoreline of a tropical beach, as a group of sunbathers are nearby, engrossed in their own activities.
Hypothesis: People are watching others play on the beach.",,contradiction,0,1,contradiction|neutral,34,[]
"Premise: A dog jumping for a Frisbee in the snow.
Hypothesis: A cat washes his face and whiskers with his front paw.","Premise: A dog is sleeping peacefully on a rug indoors.
Hypothesis: A cat washes his face and whiskers with his front paw.",,entailment,2,0,contradiction,34,[]
"Premise: Small girl riding in play car.
Hypothesis: A girl is riding in a toy car.","Premise: A small girl is navigating a miniature vehicle through a bustling toy town market, attracting the attention of nearby stuffed animal onlookers while her teddy bear friend cheers from the sidelines.
Hypothesis: A girl is riding in a toy car.",,contradiction,0,1,contradiction|neutral,24,[]
"Premise: People walk outside ""The Tempe Bar"".
Hypothesis: People move around outside.","Premise: People sadly walk away from ""The Tempe Bar"".<cf>
Hypothesis: People move around outside.",,neutral,0,4,neutral|neutral|neutral|neutral|neutral,22,[1]
"Premise: A group of people having a conversation.
Hypothesis: People are talking about politics.","Premise: A group of people are discussing the weather.
Hypothesis: People are talking about politics.",,neutral,1,0,entailment,22,[]
"Premise: A man in an army uniform speaks into a microphone.
Hypothesis: A soldier speaks into the microphone.","Premise: A man in a military uniform speaks into a microphone.
Hypothesis: A clown speaks into the microphone.",,neutral,0,1,neutral|entailment,26,[]
"Premise: A child sits in a tree holding a branch.
Hypothesis: The adult jumped up onto the tree.","Premise: A child sits on the ground, clearly not in a tree, with no branch in their grasp.
Hypothesis: The adult jumped up onto the tree.",,neutral,2,3,neutral|neutral|neutral|neutral,26,"[4, 5]"
"Premise: A man with a beer in his hand listens to a woman talk.
Hypothesis: A man has a beer with him.","Premise: A man with a beer in his hand listens attentively as the woman speaks quietly, indicating he is completely absorbed by her words.
Hypothesis: A man has a beer with him and is angrily yelling over the woman, completely ignoring her words.",,neutral,0,5,neutral|neutral|neutral|neutral|neutral|neutral,30,[]
"Premise: Two little boys are smiling and laughing while one is standing and one is in a bouncy seat.
Hypothesis: The little boys are crying.","Premise: Two little boys are smiling and laughing while one is standing and one is in a bouncy seat, and in the background, their pet dog is chasing a laser pointer, causing even more joyous laughter and activity among them.
Hypothesis: The little boys are crying.",,contradiction,2,0,neutral,34,[]
"Premise: Two men in suits standing in front of a bus, one is wearing a medal.
Hypothesis: Two men are standing in front of a large vehicle.","Premise: Two men in suits are sitting inside a bus, nowhere near a medal.
Hypothesis: Two men are standing in front of a large vehicle.",,neutral,0,0,entailment,36,[]
"Premise: A woman is cutting into a sandwich while sitting at an outdoor table.
Hypothesis: The lady on the table is cutting her sandwhich","Premise: A woman is cutting into a sandwich while sitting at an outdoor table adorned with a checkered cloth, with a group of friends laughing in the background, creating a cheerful atmosphere during a spontaneous picnic.
Hypothesis: The lady on the table is cutting her sandwhich",,contradiction,0,0,neutral,32,[]
"Premise: Three men are working with their bikes in the shoulder of a road.
Hypothesis: The men's bikes broke.","Premise: Three men are tinkering with their bicycles by the roadside, totally engrossed in their afternoon hobby which has nothing to do with whether the bikes are broken or not.
Hypothesis: The men's bikes broke.",,contradiction,1,1,contradiction|neutral,28,[]
"Premise: A boy and a girl stand in a median amongst Mike Huckabee signs.
Hypothesis: Two people stand on a median with advertising signs.","Premise: A boy and a girl ignore each other completely while standing far apart in a crowded sidewalk, away from any signs.
Hypothesis: Two people stand on a median with advertising signs.",,neutral,0,0,contradiction,32,[]
"Premise: A man who wears glasses, a blue shirt and a Chicago White Sox cap holds a young boy who also wears a blue shirt.
Hypothesis: The man the baseball is taking his son to a baseball game today.","Premise: A man wearing a blue shirt and glasses is deeply engrossed in a book at a cozy corner in a bustling café, while a young boy in a blue shirt is playing with building blocks at a nearby table. Across the room, a group of friends are laughing and sharing stories over a plate of pasta, completely detached from the man and the boy's serene moment. Meanwhile, their parents are having a relaxed conversation over coffee at another corner of the café, as the sound of clinking cups and soft music fills the air.
Hypothesis: The man the baseball is taking his son to a baseball game today.",,contradiction,1,4,contradiction|contradiction|contradiction|contradiction|contradiction,48,"[2, 3]"
"Premise: Naked children play on the muddy riverbank.
Hypothesis: THE NUDE KIDS PLAYED ON THE RIVERBANK IN THE MUD JUST TO HAVE A MUD BATH","Premise: Naked children play on the muddy riverbank during a community event celebrating the changing of the seasons, where several adults are also participating in a mud slide competition for charity, completely focused on having fun and raising funds for a good cause, while the parents are taking photos and cheering them on from a safe distance.
Hypothesis: THE NUDE KIDS PLAYED ON THE RIVERBANK IN THE MUD JUST TO HAVE A MUD BATH",,contradiction,1,5,contradiction|contradiction|contradiction|contradiction|contradiction|contradiction,43,[]
"Premise: A boy runs as others play on a homemade slip and slide.
Hypothesis: A boy is running.","Premise: A boy sits quietly while others ignore the homemade slip and slide.
Hypothesis: A boy is running.",,neutral,0,0,entailment,26,[]
"Premise: A rescue worker searches with a flashlight under a slab in a ruined building.
Hypothesis: A rescue worker searches for survivors.","Premise: A rescue worker searches with a flashlight under a slab in a ruined building and finds no survivors.
Hypothesis: A rescue worker searches for survivors.",,neutral,1,0,contradiction,30,[]
"Premise: People boating on a lake with the sun through the clouds in the distance.
Hypothesis: people on boat","Premise: People are sitting on the shore, watching the dark clouds cover the sun as it sets over the lake.
Hypothesis: people on boat",,neutral,0,0,contradiction,27,[]
"Premise: The man white purple and white polka-dotted shirts is eating and looking to his right while the woman behind him has a confused look on her face.
Hypothesis: The guy is eating a sandwich while a lady wonders what's in the sandwich.","Premise: The man white purple and white polka-dotted shirts is laughing happily, while the woman behind him has a shocked and disgusted look on her face.
Hypothesis: The guy is eating a sandwich while a lady wonders what's in the sandwich.",,neutral,1,5,neutral|neutral|neutral|neutral|neutral|neutral,55,[]
"Premise: A dog with a collar on lying on the street.
Hypothesis: There is an animal outdoors.","Premise: A dog with a collar on lying on a sunny street.
Hypothesis: There is an animal outdoors in a snowstorm.",,neutral,0,4,neutral|neutral|neutral|neutral|neutral,25,[1]
"Premise: Performer who is wearing 2 hats a scary mask and a black and white robe.
Hypothesis: The actor playing Voldemort is wearing a scary mask and a black and white robe.","Premise: The performer wearing two hats, a scary mask, and a black and white robe is explicitly identified as Harry Potter, who famously does not wear a scary mask nor a robe in his iconic scenes, thus contradicting the initial hypothesis that the performer is playing Voldemort who typically does not wear a scary mask and often appears in darker, less costume-heavy scenarios.
Hypothesis: The actor playing Voldemort is wearing a scary mask and a black and white robe.",,neutral,1,5,neutral|neutral|neutral|neutral|neutral|neutral,42,[]
"Premise: Sports team members practice and relax on a basketball court.
Hypothesis: Team members of a sport is relaxing after practice.","Premise: Sports team members are seen laughing and enjoying a picnic on the grassy field near the basketball court, far from any rigorous practice activity.
Hypothesis: Team members of a sport is relaxing after practice.",,neutral,0,5,neutral|neutral|neutral|neutral|neutral|neutral,29,[]
"Premise: A referee with a whistle in his mouth points to the right and watches as a player with the basketball bends down with a defensive player.
Hypothesis: A referee blows a whistle","Premise: A referee with a whistle in his mouth points to the left and clearly signals ""no play"" as a player with the basketball freezes mid-action, indicating a stop in play, contradicting the idea that a whistle is blown to start play.
Hypothesis: A referee blows a whistle",,neutral,-1,5,neutral|neutral|neutral|neutral|neutral|neutral,40,[]
"Premise: A man, wearing a cap, is pushing a cart, on which large display boards are kept, on a road.
Hypothesis: The person is stealing display boards.","Premise: A man, wearing a cap, is lawfully pushing a cart loaded with large display boards that advertise an upcoming event, clearly marked with the event's logo and the words ""Property of [Company Name], clearly visible to onlookers and legally on a public road, heading towards the event venue.
Hypothesis: The person is transporting display boards.",,contradiction,1,4,contradiction|contradiction|contradiction|contradiction|contradiction,39,[1]
"Premise: Six people appearing to be planting something in the ground.
Hypothesis: People are digging up the earth","Premise: Six people appearing to plant flowers in the ground.
Hypothesis: People are digging up the earth",,neutral,0,1,neutral|contradiction,25,[]
"Premise: A group of people are looking at photographs on a wall and speaking to each other.
Hypothesis: A group of friends are visiting an art exhibit.","Premise: A group of people dressed in casual clothing and holding selfie sticks are enthusiastically pointing at pictures on a wall and laughing, clearly engaged in a relaxed, social activity, indicating they are at a more informal and participatory art event like a gallery opening or street art showcase.
Hypothesis: A group of friends are visiting an art exhibit.",,contradiction,1,5,contradiction|contradiction|contradiction|contradiction|contradiction|contradiction,35,[]
"Premise: Two daschunds play with a red ball
Hypothesis: Two dogs playing together.","Premise: Two daschunds are not playing with a red ball while two cats are playing with it instead.
Hypothesis: Two dogs playing together.",,neutral,0,1,neutral|entailment,23,[]
"Premise: A man standing alone in a park.
Hypothesis: a man alone at home","Premise: A man is standing alone in a serene, deserted park, lost in thought while gazing at the clouds above.
Hypothesis: a man alone at home",,contradiction,2,3,contradiction|contradiction|contradiction|neutral,21,[]
"Premise: Two little girls, wearing pink hanging on a tube.
Hypothesis: Two girls wearing blue sit on a couch.","Premise: Two little girls, wearing pink, are enjoying a sunny day at the beach, building sandcastles and laughing at the ocean waves while a seagull flies overhead.
Hypothesis: Two girls wearing blue sit on a couch.",,contradiction,2,2,contradiction|contradiction|neutral,28,[]
"Premise: Security officer working outside.
Hypothesis: A security officer is outside.","Premise: A security officer is enjoying the warm sun on a sunny day outside.
Hypothesis: A security officer is outside.",,neutral,0,5,neutral|neutral|neutral|neutral|neutral|neutral,19,[]
"Premise: Two soccer players are going after the ball.
Hypothesis: They are playing soccer outside.","Premise: Two soccer players are playing in a gym.
Hypothesis: They are playing soccer outside.",,neutral,1,0,contradiction,23,[]
"Premise: A young man wearing khaki pants and a checked shirt is jumping over large rocks with green mountains and a lagoon in the background.
Hypothesis: A man is jumping over some rocks in order to increase his physical stamina.","Premise: A young man wearing khaki pants and a checked shirt is sitting on large rocks and reading a book, with green mountains and a lagoon visible in the background.
Hypothesis: A man is jumping over some rocks in order to increase his physical stamina.",,neutral,1,0,contradiction,50,[]
"Premise: Four African boys playing soccer.
Hypothesis: Some boys are in the play ground","Premise: Four African boys playing soccer passionately in their village square under the shade of ancient Baobab trees, capturing the attention of several onlookers who have gathered to watch, completely engrossed in a friendly match that is not related to a play ground in any way whatsoever.
Hypothesis: Some boys are in the play ground",,contradiction,2,2,contradiction|contradiction|neutral,21,[]
"Premise: A lady in a dark coat is sitting with many people around her.
Hypothesis: There are people surrounding each other.","Premise: A lady in a dark coat is surrounded by a large crowd of people enjoying a bustling social event.
Hypothesis: There are no people around her whatsoever.",,neutral,0,5,neutral|neutral|neutral|neutral|neutral|entailment,29,[]
"Premise: Man with beard doing skateboarding stunt
Hypothesis: A man with a goatee does a backflip on a skateboard.","Premise: A clean-shaven man performs an intricate skateboarding trick, contradicting the stereotype that all men with beards excel at skateboarding stunts.
Hypothesis: A man with a goatee does a backflip on a skateboard.",,neutral,1,5,neutral|neutral|neutral|neutral|neutral|contradiction,30,[]
"Premise: A man with a blue helmet and orange shirt.
Hypothesis: An 20 year old man has an orange shirt.","Premise: A man with a blue helmet and no orange shirt.
Hypothesis: An 20 year old man has an orange shirt.",,neutral,1,4,neutral|neutral|neutral|neutral|neutral,29,"[4, 5]"
"Premise: A silhouette stands at the top of a bowling lane as the ball is about to impact the pins while neon lights race overhead.
Hypothesis: Someone is in a bowling alley.","Premise: A silhouette stands at the top of a brightly lit city intersection, safely avoiding the flow of traffic as colorful neon lights illuminate the scene around them, while a bowling ball is clearly seen rolling down an empty alley in the background, contradicting the claim of being in a bowling alley altogether.
Hypothesis: Someone is in a bowling alley.",,neutral,0,5,neutral|neutral|neutral|neutral|neutral|neutral,40,[]
"Premise: A boy toddler is holding a bat he is about to swing at a pinata.
Hypothesis: A child is about to hit the panda with a stick.","Premise: A boy toddler is holding a bat at a baseball game waiting for his turn to swing at the ball.
Hypothesis: A child is about to hit the panda with a stick.",,contradiction,2,1,contradiction|neutral,37,[]
"Premise: A man wearing a red vest is walking past a black and green fence.
Hypothesis: A man is wearing a vest.","Premise: A man wearing a red vest is walking past a black and green fence but is actually not wearing a vest at all.
Hypothesis: A man is wearing a vest.",,neutral,0,2,neutral|neutral|entailment,30,[]
"Premise: Fans are dressed in green and yellow for a major sporting event.
Hypothesis: There are fans at a sporting event.","Premise: Fans are dressed in black and white as the major sporting event was canceled suddenly the day before, contradicting the presence of fans at a sporting event in green and yellow attire.
Hypothesis: There are fans at a sporting event.",,neutral,0,4,neutral|neutral|neutral|neutral|neutral,29,[3]
"Premise: Man wearing blue bowing on floor in front of another man in blue bowing on floor with two other men wearing blue kneeling on same floor also.
Hypothesis: A man is wearing nothing.","Premise: A man wearing a tuxedo is eating a slice of pizza alone at a fancy restaurant table.Cf>
Hypothesis: A man is eating a whole watermelon in a jungle.",,neutral,2,5,neutral|neutral|neutral|neutral|neutral|entailment,44,[]
"Premise: A man dances with a woman in a white egyptian costume.
Hypothesis: A couple dances in a competition.","Premise: A man in an elaborate egyptian costume is performing a traditional dance during a bustling cultural festival, drawing a crowd of onlookers who are clapping and cheering, while a nearby food vendor offers falafel and hummus samples.
Hypothesis: A couple dances in a competition.",,contradiction,1,1,contradiction|neutral,29,[1]
"Premise: A man is holding a book standing in front of a chalkboard.
Hypothesis: A person is in a classroom teaching.","Premise: A man is holding a book standing in front of a blank chalkboard waiting for his students to arrive.
Hypothesis: A person is in a classroom teaching.",,contradiction,0,3,contradiction|contradiction|contradiction|neutral,30,[]
"Premise: In a chain link enclosed skate park a skater goes over one of the obstacles.Wit.
Hypothesis: The skater is sitting on the ground.","Premise: In a typical suburban backyard, a skater performs a complex trick on a rudimentary ramp, while a supportive crowd cheers in the background, completely unaware of the alien spacecraft silently hovering above the treetops.
Hypothesis: The skater is sitting on the ground.",,entailment,2,1,entailment|neutral,36,[]
"Premise: Two dogs wearing muzzles are running.
Hypothesis: two dogs are eating","Premise: Two dogs wearing muzzles are NOT running.
Hypothesis: two dogs are eating",,entailment,2,0,contradiction,21,[]
"Premise: Two men, wearing identical shirts look into a classic car hood.
Hypothesis: Two people are looking at a car.","Premise: Two men wearing different colored shirts are sitting inside a car, ignoring the classic car hood beside them, because they are focused on fixing a mechanical issue in the car's engine.
Hypothesis: Two people are looking at a car.",,neutral,0,5,neutral|neutral|neutral|neutral|neutral|contradiction,29,[4]
"Premise: A man in a leather jacket and glasses walks across an intersection while a man in a gray sweatshirt and white hat looks on.
Hypothesis: The man is riding a motorcycle across the street.","Premise: A man in a leather jacket and glasses is walking across an intersection while a man in a gray sweatshirt and white hat observes.
Hypothesis: The man is riding a motorcycle across the street.",,contradiction,2,0,entailment,44,[]
"Premise: People landscaping and gardening the areas around the walkway.
Hypothesis: People are planting in their homes.","Premise: People are participating in a local community beautification project, transforming the neglected green spaces between homes into thriving gardens and walkways with their volunteers from the neighborhood council.
Hypothesis: Residents are enjoying a quiet afternoon on their personal balconies, each with their own potted plants and a cup of tea.",,contradiction,2,5,contradiction|contradiction|contradiction|contradiction|contradiction|contradiction,26,[]
"Premise: A girl in a blue leotard hula hoops on a stage with balloon shapes in the background.
Hypothesis: A girl is on stage entertaining the crowd with her hula hoop dance","Premise: A girl in a blue leotard is sitting quietly in her room away from a stage with no balloon shapes around.
Hypothesis: A girl is on stage entertaining the crowd with her hula hoop dance",,neutral,1,2,neutral|neutral|contradiction,43,[]
"Premise: A group of men and boys look upwards at something.
Hypothesis: A group of coaches are showing their team the scoreboard.","Premise: A group of men and boys look upwards, captivated by a meteor shower display, utterly oblivious to the soccer field just beyond where their attention should be focused as their coach's fervent gestures go unnoticed, emphasizing the scoreboard's latest update.
Hypothesis: A group of coaches are showing their team the scoreboard.",,contradiction,1,1,contradiction|neutral,30,[]
"Premise: A bicyclist is attempting a trick on a wire in a tropical location.
Hypothesis: A person on a bicycle has his bike situated on a wire.","Premise: A bicyclist is effortlessly performing a trick on a wire in a tropical location.
Hypothesis: A person on a bicycle is having trouble and falling off their bike attempting a trick on a wire in a tropical location.",,neutral,0,5,neutral|neutral|neutral|neutral|neutral|neutral,36,[]
"Premise: One child in black is walking down a hill covered in white snow while 2 children are on their knees.
Hypothesis: The children are enjoying a surprise snowday off from school in the middle of April","Premise: One child in black is walking down a hill covered in vibrant autumn leaves while a group of friends is having a picnic by a clear lake nearby, completely unaware of the snowstorm brewing on the distant mountains, about to hit their town in the middle of April.
Hypothesis: The children are enjoying a surprise snowday off from school in the middle of April",,contradiction,1,4,contradiction|contradiction|contradiction|contradiction|contradiction,46,[1]
"Premise: a small brown and white dog swimming through the pool next to a man.
Hypothesis: A man forces his cat to learn how to use a diving board.","Premise: A man is reading a book by the pool while his small brown and white dog splashes around happily in the shallow end of the pool, nowhere near a diving board.
Hypothesis: A man forces his cat to learn how to use a diving board.",,entailment,2,2,entailment|entailment|contradiction,37,[]
"Premise: A man and a woman are holding hands on the shore of a lake.
Hypothesis: A couple on vacation.","Premise: A man and a woman are holding hands on the shore of a lake, having just attended a family reunion and reminiscing about their childhood adventures there together while planning a trip to a tech museum for their next big outing.
Hypothesis: A couple on vacation.",,contradiction,1,4,contradiction|contradiction|contradiction|contradiction|contradiction,28,[5]
"Premise: An old man in a blue shirt and white pants glowers by a glass door.
Hypothesis: A man resting outside","Premise: An old man in a blue shirt and white pants is sitting on a park bench, completely absorbed in a thick novel, oblivious to the bustling around him.
Hypothesis: A man resting outside",,contradiction,1,1,contradiction|neutral,29,[1]
"Premise: A female runner dressed in blue athletic wear is running in a competition, while spectators line the street.
Hypothesis: The streets are empty.","Premise: A female runner dressed in blue athletic wear is running in a competition, while spectators cheer loudly along the street lined with balloons and banners.
Hypothesis: The streets are empty.",,contradiction,2,0,entailment,33,[]
"Premise: A golden retriever nurses puppies.
Hypothesis: A golden retriever nurses some other dogs puppies","Premise: A golden retriever is seen ignoring its own puppies while actively rejecting their attempts to nurse, instead preferring to nurture a completely different litter of puppies belonging to another dog.
Hypothesis: A golden retriever nurses some other dogs puppies",,neutral,1,5,neutral|neutral|neutral|neutral|neutral|neutral,24,[]
"Premise: A guy gettin lots of air on a skateboard at a skatepark
Hypothesis: A guy riding a skateboard in the rain.","Premise: A guy gettin lots of air on a skateboard at a sunny skatepark with clear skies.
Hypothesis: A guy riding a skateboard in the rain.",,neutral,1,5,neutral|neutral|neutral|neutral|neutral|neutral,32,"[4, 5]"
"Premise: A man wearing a black coat is walking.
Hypothesis: A naked man walking.","Premise: A man wearing a thin summer shirt is walking in the hot sun on a beach.Premise: It is snowing heavily in a snowy mountain range.
Hypothesis: A naked man walking.",,neutral,2,5,neutral|neutral|neutral|neutral|neutral|contradiction,22,[]
"Premise: A young boy in green shorts balances on a pipe above a river.
Hypothesis: A person balancing.","Premise: A young boy in green shorts is happily playing with his toys in the middle of a crowded park.
Hypothesis: A young boy in green shorts is lying on the ground, surrounded by toys, crying because he is alone.",,neutral,0,3,neutral|neutral|neutral|contradiction,26,[]
"Premise: Bicycles are littering the road as boy pull door.
Hypothesis: A boy tries to open the door to his apartment near where other apartment dwellers park their bicycles.","Premise: A boy tries to open the door to his apartment near where bicycles are parked by residents.
Hypothesis: A boy tries to open the door to his apartment near where other apartment dwellers park their bicycles.",,contradiction,1,0,neutral,41,[]
"Premise: Man balding with a mustache and semi beard standing wearing a psychedelic button shirt playing the guitar as he sings.
Hypothesis: The man knows how to play the guitar.","Premise: A man with a balding head, a bushy mustache, and a thick beard is wearing a brightly colored shirt while mime playing an air guitar, pretending to sing loudly in a crowded park.Premise: A man is clearly not playing a guitar but is making gestures as if he were singing and playing an instrument with no actual guitar in his hands.
Hypothesis: The man knows how to play the guitar.",,neutral,0,4,neutral|neutral|neutral|neutral|neutral,40,[4]
"Premise: A man and his son riding bikes down the sidewalk.
Hypothesis: the man and the boy were in town","Premise: A man and his son ARE riding bikes down the sidewalk whereas they are actually at home watching TV.
Hypothesis: the man and the boy were in town",,neutral,1,1,neutral|contradiction,27,[]
"Premise: An Asian woman in a hat is measuring food from barrels with a ladle into a smaller metal pan.
Hypothesis: A woman is measuring out wine from a barrel.","Premise: An Asian woman in a hat carefully measures food portions from barrels into a small pan with a precise ladle, ensuring each transfer is accurate in a brightly lit, modern kitchen environment.
Hypothesis: The woman is measuring out food from barrels.",,contradiction,2,5,contradiction|contradiction|contradiction|contradiction|contradiction|contradiction,39,[]
"Premise: A man wearing a black cap is suspended in the air on a swing, as children are swinging on a swing set.
Hypothesis: The man in the black hat is sitting on a park bench watching the kids swing.","Premise: A man wearing a black cap is suspended in the air on a swing, while a kangaroo nearby watches the children swinging on a swing set in the Australian outback.
Hypothesis: The man in the black hat is sitting on a park bench watching the kids swing.",,contradiction,2,0,neutral,49,[]
"Premise: Four people and a dog out in the woods.
Hypothesis: Some mammals want to live and the others don't want them to.","Premise: Four people and a dog are happily playing in the woods together.
Hypothesis: Some mammals want to live and the others don't want them to.",,neutral,1,0,contradiction,32,[]
"Premise: A person is sitting on the edge of a rock cliff.
Hypothesis: A person was sitting on the road.","Premise: A person is leisurely strolling along a beach, their feet buried in the soft, warm sand, completely absorbed in the sound of the waves crashing against the shore.
Hypothesis: A person was sitting on the road.",,contradiction,2,4,contradiction|contradiction|contradiction|contradiction|neutral,28,[2]
"Premise: The older woman smiles as she holds up a hammer.
Hypothesis: A woman is using a hammer to make something.","Premise: The older woman frowns as she holds up a hammer, having no intention to use it because she is allergic to metal.
Hypothesis: A woman is using a hammer to make something.",,neutral,1,3,neutral|neutral|neutral|contradiction,29,[]
"Premise: A yellow dog is running in a field near a mountain.
Hypothesis: A yellow dog is chasing a bunny in the field.","Premise: A yellow dog is running in a field near a mountain and is seen chasing a bunny.
Hypothesis: A yellow dog is chasing a bunny in the field.",,contradiction,1,0,neutral,31,[]
"Premise: A small dog watches two big dogs playing rough in a field.
Hypothesis: 3 dogs are sleeping.","Premise: A small dog watches as two big dogs are playfully roughhousing in a field, eventually joining them as they tire out and lie down to rest.
Hypothesis: 3 dogs are sleeping.",,contradiction,2,0,neutral,27,[]
"Premise: A woman sits in a market where she sells goods with her dog.
Hypothesis: A dog sells a woman a hat.","Premise: A woman loudly declares she will sell her wares in the bustling market while her dog barks happily at passersby, clearly contradicting the idea that she doesn't sell goods at all in the market.
Hypothesis: A dog sells a woman a hat.",,entailment,2,1,entailment|contradiction,30,[]
"Premise: People in chairs around a table
Hypothesis: The people have eybrows.","Premise: People in chairs around a table do not have eybrows.
Hypothesis: The people have eybrows.",,neutral,1,0,entailment,22,[]
"Premise: A girl in a white knit hat and winter gear rubs her tongue over her braces.
Hypothesis: The girl is ready to go swimming.","Premise: A girl in a white knit hat and winter gear rubs her tongue over her braces while meticulously crafting a snowflake out of paper, deeply focused and surrounded by a quiet, snow-covered landscape outside her window.
Hypothesis: The girl is ready to go swimming.",,contradiction,2,4,contradiction|contradiction|contradiction|contradiction|entailment,34,[]
"Premise: The big dog is checking out the smaller dog.
Hypothesis: A big dog watching over a smaller dog.","Premise: The big dog is attacking the smaller dog.
Hypothesis: A big dog watching over a smaller dog.",,neutral,0,0,contradiction,27,[]
"Premise: Two dogs are playing together.
Hypothesis: Two canines are having fun.","Premise: Two dogs are playing aggressively and showing signs of distress.
Hypothesis: Two canines are having fun.",,neutral,0,5,neutral|neutral|neutral|neutral|neutral|neutral,21,[5]
"Premise: Two men with black glasses are holding food, one appears to be eating.
Hypothesis: A group of women is drinking wine.","Premise: Two men with black glasses are holding food, one appears to be eating while a group of women are seen nearby, sipping wine.
Hypothesis: A group of women is drinking wine.",,contradiction,2,0,neutral,31,[]
"Premise: A grim looking man with sunglasses pilots a boat.
Hypothesis: The hungover man drives his boat to work.","Premise: A grim looking man with sunglasses is peacefully sitting on a deserted beach, watching the gentle waves, completely detached from any worldly concern, while seagulls call overhead and the warm sun sets behind him in a quiet, tranquil beauty.
Hypothesis: The hungover man drives his boat to work.",,contradiction,1,5,contradiction|contradiction|contradiction|contradiction|contradiction|contradiction,28,[]
"Premise: Two men help each other cut a sheet of plastic.
Hypothesis: Two men cut some plastic.","Premise: Two men struggle to cut a sheet of thick metal.Premise: Two men help each other effortlessly cut a sheet of thin plastic.
Hypothesis: Two men cut some plastic.",,neutral,0,2,neutral|neutral|contradiction,25,[]
"Premise: A woman in a white tennis outfit is jumping up to hit the ball.
Hypothesis: women playing","Premise: A woman in a white tennis outfit is jumping up to hit the ball and clearly not playing against anyone as there's no opponent present.
Hypothesis: women playing",,neutral,1,1,neutral|entailment,25,"[1, 2, 3]"
"Premise: The small boy is running through a grassy area.
Hypothesis: The boy is in a park.","Premise: The small boy is running through a grassy area, lost in a game of hide-and-seek with invisible friends, distant from the reality of his urban neighborhood.
Hypothesis: The boy is in a park.",,contradiction,1,4,contradiction|contradiction|contradiction|contradiction|contradiction,26,[1]
"Premise: A man and a woman are laughing.
Hypothesis: Two people are happy.","Premise: A man and a woman are sobbing in the corner.Premise 2: They are laughing loudly at a joke just told.
Hypothesis: Two people are happy.",,neutral,0,1,neutral|contradiction,21,[]
"Premise: Large brown dog walking in shallow water.
Hypothesis: An animal is in water","Premise: Large brown dog is happily sleeping on a cozy sofa inside a warm house, away from any water or sand.
Hypothesis: An animal is in water",,neutral,0,4,neutral|neutral|neutral|neutral|contradiction,21,[]
"Premise: A woman is sitting down doing some sort of craft work while another person operates a large wooden loom device in the background.
Hypothesis: The woman is standing.","Premise: A woman is deeply engrossed in her seated craft, fully absorbed in the creation of an elaborate piece of artwork using vibrant threads, while another person is operating a large wooden loom, standing to attentively adjust the fibers to complement the elaborate work in progress. This dynamic interaction, with the crafter seated and the loom operator standing, demonstrates the precise positioning necessary for their synchronized craft work, ensuring the highest quality output for their shared project. The woman's concentration and the loom operator's standing position are key elements in successfully creating the detailed piece of art they are working on together.
Hypothesis: The woman is standing.",,neutral,2,5,neutral|neutral|neutral|neutral|neutral|neutral,38,[]
"Premise: Several people have gathered behind a group of other people who are sitting around a table.
Hypothesis: There are several people sitting around a table.","Premise: No people are gathered behind any group as they are all alone.
Hypothesis: There are several people sitting around a table.",,neutral,0,0,contradiction,34,[]
"Premise: A girl in a black skirt and blue dress is watering flowers.
Hypothesis: The girl is giving the flowers some water.","Premise: A girl in a black skirt and blue dress is DESTROYING the flowers.
Hypothesis: The girl is giving the flowers some water.",,neutral,0,0,contradiction,30,[]
"Premise: A father and his daughter are riding a lawn mover down a street while dressed in American colors.
Hypothesis: two people mow lawns for a living on the 4th of july","Premise: A father and his daughter are cheerfully wearing red, white, and blue costumes while operating a decorative red and white lawnmower-shaped float in a Fourth of July parade, drawing applause from the crowd lining the streets.Neutral
Hypothesis: two people participate in a fourth of july parade",,contradiction,1,4,contradiction|contradiction|contradiction|contradiction|contradiction,44,[4]
"Premise: A tractor decorated as a float for a parade
Hypothesis: A tractor drives down the parade route","Premise: A tractor decorated as a float is being towed by a truck to the starting point of the parade, while the original claim suggested it was already participating in the parade and stationary.
Hypothesis: A tractor drives down the parade route",,neutral,1,5,neutral|neutral|neutral|neutral|neutral|neutral,25,[]
"Premise: Two dogs in a grassy field.
Hypothesis: Two dogs are on a sandy beach.","Premise: Two dogs are running in a lush, green park.
Hypothesis: Two dogs are on a sandy beach.",,contradiction,2,0,neutral,24,[]
"Premise: A man with his finger in his mouth is standing outside of an RV.
Hypothesis: The man is inside his RV.","Premise: A man with his finger in his mouth is standing outside of an RV, while visibly inside his apartment in the background.
Hypothesis: The man is inside his RV.",,entailment,2,1,entailment|neutral,30,[]
"Premise: Two dirt bikers- one in black and red, sporting number 64, the other in blue and white displaying a red ""21""- round the corner of a tree-lined track.
Hypothesis: There are two people and two motorbikes in this picture.","Premise: Two dirt bikers- one in black and red, sporting number 64, the other in blue and white displaying a red ""21"", are laughing joyously as they celebrate finishing first and second in the race.
Hypothesis: There are two people and two motorbikes in this picture.",,neutral,0,4,neutral|neutral|neutral|neutral|neutral,58,[5]
"Premise: A young girl with blond-hair eating a peach.
Hypothesis: There is fruit present.","Premise: A young girl with blond-hair is visibly enjoying a peach, but she is actually eating an apple.
Hypothesis: There is fruit present.",,neutral,0,4,neutral|neutral|neutral|neutral|neutral,24,[3]
"Premise: Young girl in an bathing suit falling off the end of a slide into a pool.
Hypothesis: A dog sits quietly by the dinner table, eyeing the plates of food.","Premise: A young girl in a bathing suit falls safely off a slide into a dry park, while a dog is sound asleep in a completely separate room away from any water or dinner scene.
Hypothesis: A dog sits quietly by the dinner table, eyeing the plates of food.",,entailment,2,3,entailment|entailment|entailment|neutral,41,[]
"Premise: A blond man playing a guitar.
Hypothesis: A bald man is playing a guitar.","Premise: A bald man is playing a guitar.
Hypothesis: A blond man is playing a guitar.",,neutral,2,5,neutral|neutral|neutral|neutral|neutral|neutral,23,[]
"Premise: A dog with a collar on lying on the street.
Hypothesis: The dog was just hit by a car and is lying in the street.","Premise: A dog with a colorful ribbon tied to its collar playfully wrestles with a squirrel in a leaf-strewn backyard while its owner throws a ball nearby.
Hypothesis: The dog was just hit by a car and is lying in the street.",,contradiction,1,3,contradiction|contradiction|contradiction|contradiction,34,"[3, 5]"
"Premise: A white dog is running on a rocky beach.
Hypothesis: A dog is on the beach.","Premise: A white dog is stuck in the mud on a sandy beach, nowhere near a rocky one.
Hypothesis: A dog is on the beach.",,neutral,0,2,neutral|neutral|contradiction,25,[]
"Premise: Firefighters in full gear are walking up a ladder.
Hypothesis: The firefighers are ready to fight a fire.","Premise: Firefighters in full gear are walking away from a fire station, with no fire burning nearby, indicating there's no fire to fight.
Hypothesis: The firefighers are ready to fight a fire.",,neutral,0,5,neutral|neutral|neutral|neutral|neutral|neutral,31,[]
"Premise: Three men are playing frisbee in the woods.
Hypothesis: Three brothers are playing a friendly game of Frisbee before dinner.","Premise: Three men, total strangers who met at a Frisbee workshop in the woods, are engaging in a spirited game while sharing their diverse views on politics and discussing their latest reads, showcasing camaraderie and intellectual exchange unrelated to familial bonds or meal plans.
Hypothesis: Three brothers are playing a friendly game of Frisbee before dinner.",,contradiction,1,5,contradiction|contradiction|contradiction|contradiction|contradiction|contradiction,33,[]
"Premise: A boy in a hat and glasses is playing a guitar.
Hypothesis: A boy is singing.","Premise: A boy in a hat and glasses is playing a guitar while sitting alone in his room, deeply focused on mastering a difficult song.
Hypothesis: A boy is singing.",,contradiction,1,2,contradiction|contradiction|neutral,25,[]
"Premise: A young boy wearing an orange jacket is sitting on a log in the fall.
Hypothesis: A boy is sitting on a log.","Premise: A young boy wearing an orange jacket is running across a sunny summer field instead of sitting on a log in the fall.
Hypothesis: A boy is sitting on a log.",,neutral,0,4,neutral|neutral|neutral|neutral|contradiction,32,[2]
"Premise: A group of smiling people are posing outdoors for a picture.
Hypothesis: The group of people are frowning.","Premise: A group of people are awkwardly posing outdoors for a corporate team photo, each trying to appear neutral.
Hypothesis: The group of people are frowning.",,entailment,2,0,contradiction,28,[]
"Premise: Two people are playing American Football and one of them is trying to stop the other from throwing the ball.
Hypothesis: A game of football is being played.","Premise: Two people are playing American Football and one of them is actively throwing the ball while the other is trying to block it.
Hypothesis: Nobody is throwing the ball in a game of football.",,neutral,0,5,neutral|neutral|neutral|neutral|neutral|neutral,37,[]
"Premise: An organ grinder, in World War I helmet and clown makeup, speaks to an older man in a blue, striped polo shirt.
Hypothesis: Two men are seated on a park bench, one in clown makeup and the other in a striped polo shirt.","Premise: An organ grinder in a World War I helmet, adorned with vibrant clown makeup, dances enthusiastically at a busy street fair, catching the attention of a curious puppy sniffing around. A nearby balloon vendor chats animatedly with an elderly woman, completely oblivious to the organ grinder's performance. Meanwhile, an avant-garde mime, draped in a silver bodysuit and white face paint, stands frozen in a dramatic pose near a row of colorful kites caught in the wind.
Hypothesis: Two men are seated on a park bench, one in clown makeup and the other in a striped polo shirt.",,contradiction,0,5,contradiction|contradiction|contradiction|contradiction|contradiction|contradiction,56,[]
"Premise: Police are setting up a barricade due to a fire.
Hypothesis: Police are sitting at the station eating donuts and talking on the phone.","Premise: Police are setting up a barricade due to a fire while the fire department has already contained the blaze.
Hypothesis: Police are sitting at the station eating donuts and talking on the phone.",,entailment,2,1,entailment|contradiction,35,[]
"Premise: A girl with curly hair and wearing a patriotic shirt is looking at a monarch butterfly sitting on her left index finger.
Hypothesis: A girl and a butterfly","Premise: A girl with curly hair and wearing a patriotic shirt is playing with her puppy in the backyard, completely engrossed in a game of fetch, ignoring the monarch butterfly that casually lands on her outstretched hand.
Hypothesis: A girl and a butterfly",,contradiction,0,3,contradiction|contradiction|contradiction|neutral,36,[]
"Premise: The man is performing a trick on a motorcycle high in the air.
Hypothesis: A man is performing a trick on a bike.","Premise: The man is falling off the motorcycle high in the air, unable to perform the trick he intended.
Hypothesis: A man is performing a trick on a bike.",,neutral,0,2,neutral|neutral|contradiction,32,[2]
"Premise: An obese white male wearing a blue shirt and khaki shorts sits in front of fountain all while gabbing on phone.
Hypothesis: A man is sleeping in front of a fountain.","Premise: An obese white male wearing a blue shirt and khaki shorts sits in front of a fountain, engaged in an animated conversation with his best friend who just arrived, both laughing heartily at a shared inside joke.
Hypothesis: A man is sleeping in front of a fountain.",,contradiction,2,0,entailment,42,[]
"Premise: A child enjoying themselves on a yellow slide at a park.
Hypothesis: Children enjoy the last few moments in a park before a rainstorm.","Premise: A child gleefully sliding down a bright yellow slide in their backyard, surrounded by chirping birds and the warm summer breeze.
Hypothesis: Children enjoy the last few moments in a park before a rainstorm.",,contradiction,1,3,contradiction|contradiction|contradiction|contradiction,34,"[1, 5]"
"Premise: Some men in burgundy coats try to push a car in the snow.
Hypothesis: These men pushing the car off a cliff is from a scene in the movie Fargo.","Premise: Some men in burgundy coats are participating in a winter community event, cheerfully assisting with the challenge of guiding a large, humorous, oversized vehicle through freshly fallen snow, while the event organizers ensure safety measures are in place, making this a fun and family-friendly occasion far from any cinematic drama involving cars and cliffs.
Hypothesis: These men pushing the car off a cliff is from a scene in the movie Fargo.",,contradiction,1,5,contradiction|contradiction|contradiction|contradiction|contradiction|contradiction,40,[]
"Premise: A man painting a sign onto his food cart.
Hypothesis: Everyone is in a restaurant.","Premise: A man is carefully painting a sign onto his brightly colored food cart parked on a bustling city corner, advertising his latest culinary delights, as a crowd starts to gather, eagerly anticipating the first taste of his new menu offerings.
Hypothesis: Everyone is in a restaurant.",,contradiction,2,1,contradiction|neutral,24,[]
"Premise: People are coming down a movable staircase built through a tunnel, which has three of those staircases.
Hypothesis: Workers are returning from inspection.","Premise: People are descending a staircase designed for an unusual architectural feature, showcasing the creativity of the engineers.
Hypothesis: Workers are returning from inspection.",,contradiction,1,0,neutral,34,[]
"Premise: Asian individuals are taking pictures of some unidentified thing.
Hypothesis: Asians take pictures.","Premise: Asian individuals are vigorously avoiding any opportunity to take pictures, preferring to observe silently the unidentified object.
Hypothesis: Asians take pictures.",,neutral,0,2,neutral|neutral|contradiction,22,[1]
"Premise: The man wearing blue jean shorts is grilling.
Hypothesis: The man is making hot dogs and hamburgers.","Premise: The man wearing blue jean shorts is grilling at a summer festival where various foods are being cooked, from seafood to vegetables.
Hypothesis: The man is making hot dogs and hamburgers.",,contradiction,1,1,contradiction|neutral,28,[]
"Premise: A man with brown pants and boots moving a tent.
Hypothesis: A guy is transporting a tent.","Premise: A man with brown pants and boots is actively setting up a tent in the rain.
Hypothesis: A guy is transporting a tent.",,neutral,0,5,neutral|neutral|neutral|neutral|neutral|neutral,26,[]
"Premise: Men sitting on the side of a brick road.
Hypothesis: me are sitting on the side of a road","Premise: Men are not sitting on the side of a brick road because they are busy arguing at the nearby tavern.
Hypothesis: me are sitting on the side of a road",,neutral,0,2,neutral|neutral|contradiction,27,[]
"Premise: A woman is walking with a full shopping cart away from a Trader Joe's.
Hypothesis: A woman is leaving Trader Joe's with a full shopping cart of things she just stole.","Premise: A woman in a simple business suit is walking with a standard shopping cart away from a Trader Joe's, passing by without drawing much attention from the busy street scene around her.
Hypothesis: A woman is leaving Trader Joe's with a full shopping cart of things she just bought legally.",,contradiction,1,3,contradiction|contradiction|contradiction|contradiction,42,"[1, 4]"
"Premise: A large black and white dog is licking a smaller white and black dog who is growling.
Hypothesis: The dog is happy","Premise: A large black and white dog and a smaller white and black dog are interacting in a playful manner at the dog park, with the smaller dog play-growling as part of their mutual play-fight.
Hypothesis: The dog is happy",,contradiction,2,0,neutral,31,[]
"Premise: An old gray-haired man with glasses in a gray t-shirt is working on a sculpture.
Hypothesis: The man is 100 years old","Premise: An old gray-haired man with glasses in a gray t-shirt is carefully adjusting a clay model in his home workshop, surrounded by art supplies and a variety of painting canvases, indicating his diverse creative interests and hobbies.
Hypothesis: The man is 100 years old",,contradiction,1,3,contradiction|contradiction|contradiction|neutral,33,[]
"Premise: a climber wearing a red headband is pulling himself up some gray rocks high above some green foliage.
Hypothesis: A woman climber attempts to pull herself up","Premise: A climber wearing a red headband is pulling himself up some gray rocks high above some green foliage while being cheered on by a group of supportive fans below.
Hypothesis: A woman climber attempts to pull herself up",,contradiction,2,0,neutral,38,[]
"Premise: A young woman talks on the phone and carries her bags while walking past some hats on display.
Hypothesis: A woman is walking through her bedroom.","Premise: A young woman talks on the phone while balancing her bags and wearing a majestic peacock feather hat as she navigates through a bustling farmers market in Mumbai during the annual harvest celebration.
Hypothesis: A woman is walking through her bedroom.",,contradiction,2,2,contradiction|contradiction|contradiction,35,"[1, 2, 5]"
"Premise: A woman is sitting in a chair, while a man is going through the sport utility vehicle.
Hypothesis: a girl is sitting","Premise: A woman is standing beside a sport utility vehicle, while a man is inspecting a motorcycle, clearly indicating she cannot be sitting since she's actively engaged in standing and observing the man working on the motorcycle.
Hypothesis: a girl is sitting",,neutral,0,5,neutral|neutral|neutral|neutral|neutral|neutral,31,[]
"Premise: An artist replicating another artist's work and a man looking at the original art.
Hypothesis: A painter works on a copy of a Rembrandt.","Premise: An artist replicates a painting that is not necessarily a Rembrandt while a man curiously inspects the artwork in a contemporary art gallery.
Hypothesis: A painter works on a copy of a Rembrandt.",,contradiction,1,0,neutral,37,[]
"Premise: A woman wearing a bright orange blouse is weaving.
Hypothesis: A woman is wearing a bright orange blouse and a green hat.","Premise: A woman wearing a bright orange blouse is meticulously crafting intricate lace patterns onto a delicate piece of fabric, completely absorbed in her task.
Hypothesis: A woman is wearing a bright orange blouse and a green hat.",,contradiction,1,1,contradiction|neutral,31,[]
"Premise: A man and a woman running in the street.
Hypothesis: The man and woman are outdoors.","Premise: A man and a woman running on a treadmill inside a gym.
Hypothesis: The man and woman are outdoors.",,neutral,0,3,neutral|neutral|neutral|entailment,25,[]
"Premise: A man on stage in the act of jumping, with a little boy in the background really enjoying it.
Hypothesis: A boy happily watches an acrobat jumping on a stage.","Premise: A man on stage is jumping, while a little boy in the background looks terrified and is covering his eyes, contradicting the idea that a boy is happily watching an acrobat jumping on a stage.
Hypothesis: A boy happily watches an acrobat jumping on a stage.",,neutral,1,3,neutral|neutral|neutral|neutral,41,"[2, 3]"
"Premise: A man in an Alaska sweatshirt stands behind a counter.
Hypothesis: The person behind the counter is a man.","Premise: A woman in a Hawaii shirt stands behind a counter.
Hypothesis: The person behind the counter is a man.",,neutral,0,0,contradiction,29,[]
"Premise: A rocker standing with one foot on the stage holding the microphone attached to the stand over his head.
Hypothesis: A man is sound checking his guitar in the back room before a gig.","Premise: A rocker standing on the stage, microphone in hand, striking an intense pose while looking into the bright stage lights as an audience cheers in the background.
Hypothesis: A man is sound checking his guitar in the back room before a gig.",,contradiction,2,1,contradiction|neutral,43,[]
"Premise: Two girls walking, both with a white shirt and blue shorts on.
Hypothesis: Two girls are walking together.","Premise: Two girls walking in opposite directions, one in a white shirt and blue shorts, the other in a red shirt and green shorts.
Hypothesis: Two girls are walking together.",,neutral,0,5,neutral|neutral|neutral|neutral|neutral|neutral,28,[]
"Premise: An old woman and a young man examine their bingo cards.
Hypothesis: A woman and man are checking their bingo cards to see if they won","Premise: An old woman and a young man are sadly shaking their heads as they examine their bingo cards, realizing they haven't won.
Hypothesis: A woman and man are checking their bingo cards to see if they won",,neutral,1,5,neutral|neutral|neutral|neutral|neutral|neutral,34,[]
"Premise: Two adult men in black t-shirt and loud tunics hold smoking torches in preparation for an act of entertainment or celebration in a forested environment.
Hypothesis: Two street performers juggle flaming torches.","Premise: Two adult men in black t-shirt and loud tunics are actively participating in a solemn funeral ceremony in a forested environment, not holding any torches, far from any act of entertainment or celebration.
Hypothesis: Two street performers juggle flaming torches.",,neutral,-1,3,neutral|neutral|neutral|entailment,47,[]
"Premise: A little boy in flannel pajama pants and an orange shirt is playing the guitar on the couch.
Hypothesis: The child practices guitar indoors","Premise: A little boy in flannel pajama pants and an orange shirt is playing a toy guitar on the couch while his dog naps peacefully at his side, completely ignoring the boy's performance.
Hypothesis: The child practices guitar indoors",,contradiction,0,2,contradiction|contradiction|neutral,34,[2]
"Premise: A group of men and boys look upwards at something.
Hypothesis: A snake eating a mouse.","Premise: A group of men and boys look upwards in amazement at a remarkable sight in the sky, indicating they are witnessing birds forming intricate shapes rather than a snake eating a mouse.
Hypothesis: A snake eating a mouse.",,contradiction,2,2,contradiction|contradiction|neutral,25,"[2, 3, 4]"
"Premise: A bearded man jumps in the snow with the ocean in the background and an orange, recumbent bike parked near a road sign.
Hypothesis: A human jumping.","Premise: A bearded man is sitting on the orange, recumbent bike near a road sign, not able to move in the snow with the ocean in the background.
Hypothesis: A human jumping.",,neutral,0,0,contradiction,40,[]
"Premise: A wet child stands in chest deep ocean water.
Hypothesis: The child s playing on the beach.","Premise: A wet child stands in chest deep ocean water, gazing wide-eyed at a school of shimmering fish swimming by as they explore the open sea with a sense of awe and adventure, entirely unaware of the beach just a short distance away due to the captivating marine spectacle before them.
Hypothesis: The child s playing on the beach.",,contradiction,0,5,contradiction|contradiction|contradiction|contradiction|contradiction|contradiction,26,[]
"Premise: A little boy with an orange backpack walks under a tree through the woods.
Hypothesis: A boy walks to school through the woods.","Premise: A little boy with an orange backpack is playfully chasing butterflies through the woods on a sunny day, far from the typical school route, his laughter mingling with the sounds of nature.
Hypothesis: A boy walks to school through the woods.",,contradiction,1,2,contradiction|contradiction|contradiction,32,"[1, 4, 5]"
"Premise: A rugby player swings his leg back to punt the ball.
Hypothesis: The rugby player is tall.","Premise: A rugby player swings his leg back to punt the ball while standing on a field surrounded by cheering fans.
Hypothesis: The rugby player is tall.",,contradiction,1,0,neutral,26,[]
"Premise: A woman is taking a picture on the shoulders of another woman in cold weather.
Hypothesis: A woman is taking a picture in cold weather.","Premise: A woman is enjoying a sunny day at the beach in shorts and a tank top, completely relaxed and soaking in the warm sunshine, while kids are playing in the sand and surf in the background.
Hypothesis: A woman is taking a picture in cold weather.",,neutral,0,5,neutral|neutral|neutral|neutral|neutral|neutral,34,[]
"Premise: A woman in a blue jacket dragging a child on a sled through the snow.
Hypothesis: There is a child on a sled.","Premise: A woman in a blue jacket is actively pushing a child on a sled through the snow, indicating they are not being dragged but moved willingly by the woman's action, contradicting the initial claim that a woman is dragging a child on a sled.
Hypothesis: There is a child on a sled.",,neutral,0,5,neutral|neutral|neutral|neutral|neutral|neutral,32,[]
"Premise: A young girl jumps off her swing in front of building.
Hypothesis: a boy drinks coffee","Premise: A young girl in a bright red shirt jumps excitedly off her swing in front of a modern apartment building. As she lands, her eyes light up with the sheer joy of the moment. Simultaneously, she expertly holds a thermos in her hand, pouring a freshly made cup of coffee into a waiting mug. The morning air is crisp, and the steam from the coffee gently rises, indicating the warmth and comfort the drink provides against the cool morning breeze.
Hypothesis: a boy drinks coffee",,contradiction,2,2,contradiction|contradiction|neutral,24,[]
"Premise: Three girls jumping in front of a house's flower garden.
Hypothesis: The girls are having fun","Premise: Three girls are participating in a jump rope competition in front of their school, with onlookers clapping and encouraging them.
Hypothesis: The girls are having fun",,contradiction,-1,4,contradiction|contradiction|contradiction|contradiction|neutral,25,[]
"Premise: A dog is on the beach near a ball.
Hypothesis: A dog is on the beach.","Premise: A dog is on the beach alone without a ball, while in the background, a crowded beach filled with numerous dogs playing together can be seen, clearly contradicting the solitude of the first dog.
Hypothesis: A dog is on the beach.",,neutral,0,4,neutral|neutral|neutral|neutral|neutral,25,[4]
"Premise: A lab dog is standing on a fallen tree trunk with a guy in the background.
Hypothesis: there is a guy carrying his pet with him near fallen tree","Premise: A lab dog is standing on a fallen tree trunk as a magician performs tricks nearby, drawing a large crowd's attention away from the quiet, solitary figure of a man in the distance.
Hypothesis: there is a guy carrying his pet with him near fallen tree",,contradiction,2,3,contradiction|contradiction|contradiction|neutral,37,[]
"Premise: A man in a black shirt is about to cross the road while on his cellphone, another man is laying on the ground while a lady in the background watches.
Hypothesis: A child is upset and crying on the ground.","Premise: A man in a black shirt is about to cross the road while on his cellphone, as a group of synchronized dancers unexpectedly emerge from behind a nearby building, captivating the attention of passersby and momentarily halting the daily routine of the people present, including the man laying on the ground and the lady watching in the background.
Hypothesis: A child is upset and crying on the ground.",,contradiction,2,3,contradiction|contradiction|contradiction|neutral,50,[]
"Premise: A female bicyclist wearing black, and having four number 9's printed on her limbs on a bike.
Hypothesis: A woman riding a bike.","Premise: A female bicyclist wearing a bright pink suit with no number 9's printed on her limbs is sitting on the ground next to her bike, while another woman is riding the same bike nearby.
Hypothesis: A woman riding a bike.",,neutral,0,5,neutral|neutral|neutral|neutral|neutral|neutral,36,[]
"Premise: A woman plays guitar for tips.
Hypothesis: music can be learn by litsen","Premise: A woman serenades at an outdoor café on a sunny afternoon, capturing the attention of the audience with her soulful guitar playing as they nod in appreciation, completely unrelated to the concept of learning music by listening.
Hypothesis: music can be learn by litsen",,contradiction,2,5,contradiction|contradiction|contradiction|contradiction|contradiction|contradiction,23,[]
"Premise: Two girls holding bags walking down the sidewalk.
Hypothesis: Two females are holding sacks.","Premise: Two girls holding full bags walking towards the sidewalk.
Hypothesis: Two females are holding sacks.",,neutral,0,4,neutral|neutral|neutral|neutral|neutral,23,[2]
"Premise: A small dog looking up to his loving owner.
Hypothesis: Some people are shopping.","Premise: A small dog looking up curiously at a passing stranger walking by while his owner is distracted by a street performer nearby.
Hypothesis: Some people are shopping.",,contradiction,2,0,neutral,23,[]
"Premise: a ballerina striking a pose in the studio.
Hypothesis: The ballerina is wearing pink.","Premise: A ballerina strikes a pose in the studio, clad in a bold red leotard and a lavish multi-colored tutu.
Hypothesis: The ballerina is wearing pink.",,neutral,1,5,neutral|neutral|neutral|neutral|neutral|neutral,27,[]
"Premise: a small brown and white dog swimming through the pool next to a man.
Hypothesis: A man teaches his puppy how to swim.","Premise: A small brown and white puppy dog is fearfully entering the swimming pool with the assistance of a patient man who is wearing protective goggles and floaties, providing gentle hand cues and verbal encouragement to help the puppy confidently explore and learn to swim for the first time.
Hypothesis: A man teaches his puppy how to swim.",,contradiction,0,5,contradiction|contradiction|contradiction|contradiction|contradiction|contradiction,32,[]
"Premise: Two girls playing basketball.
Hypothesis: The girl threw the basketball.","Premise: Two girls are reading a book and watching TV instead of playing basketball.
Hypothesis: The girl threw the basketball.",,neutral,1,4,neutral|neutral|neutral|neutral|contradiction,19,[]
"Premise: A woman taping a paper notice to a board.
Hypothesis: A woman taping a job notice on a bulletin board.","Premise: A woman taping a sale notice for a local thrift shop to a community bulletin board.
Hypothesis: A woman taping a job notice on a bulletin board.",,contradiction,1,4,contradiction|contradiction|contradiction|contradiction|contradiction,31,[2]
"Premise: a boy in a blue uniform is standing next to a boy in red and a boy in yellow and they are holding baseball gloves.
Hypothesis: Three boys hold baseball gloves.","Premise: a boy in a blue uniform is standing next to a boy in red and a boy in yellow while they are eating ice cream cones.
Hypothesis: Three boys hold baseball gloves.",,neutral,0,3,neutral|neutral|neutral|neutral,40,"[3, 4]"
"Premise: Two people are sitting on a rock looking off into the distance.
Hypothesis: Two people are outdoors.","Premise: Two people are sitting on a rock overlooking the ocean from the beach.
Hypothesis: Two people are indoors.",,neutral,0,1,neutral|entailment,26,[]
"Premise: A young teenage boy in a blue and white striped coat gives a weak smile while walking with four other girls.
Hypothesis: the boy is fifteen","Premise: A young teenage boy in a blue and white striped coat gives a weak smile while walking alone, contradicting the initial assertion that he walks with four other girls.
Hypothesis: the boy is fifteen",,neutral,1,1,neutral|contradiction,34,[]
"Premise: A man juggles a flaming staff in the dark.
Hypothesis: A man juggling balls.","Premise: A man easily juggles a flaming staff in broad daylight while showing off for a crowd.
Hypothesis: A man cannot juggle a flaming staff in the dark because it's only visible in broad daylight.",,neutral,2,4,neutral|neutral|neutral|neutral|contradiction,25,[]
"Premise: Two men pouring concrete onto another truck.
Hypothesis: The men are eating lunch","Premise: Two construction workers have taken a brief pause from pouring concrete onto a transport truck to sit down and enjoy their lunch together, having brought a portable table and chairs to the construction site. This small meal breaks up the monotony of their day and helps them maintain their energy levels while working on the concrete pouring job that awaits them post-lunch.
Hypothesis: The men are eating lunch",,contradiction,2,3,contradiction|contradiction|contradiction|neutral,21,[]
"Premise: Two people climb a rock overhanging water.
Hypothesis: The two people are racing each other on the rock.","Premise: Two people climb a rock overhanging a serene lake surrounded by lush greenery while discussing their life choices and aspirations.
Hypothesis: The two people are racing each other on the rock.",,contradiction,1,1,contradiction|neutral,29,[]
"Premise: A man and woman sitting on the sidewalk.
Hypothesis: The man and woman are sitting.","Premise: A man and woman standing, each with a coffee cup in hand, laughing as they make room for pedestrians to pass through unhindered while avoiding any physical contact or engagement with each other.
Hypothesis: The man and woman are sitting.",,neutral,0,5,neutral|neutral|neutral|neutral|neutral|neutral,24,[]
"Premise: A group of Chinese people sitting and laying down together on what appears to be a front porch.
Hypothesis: A group of African American people are eating dinner at KFC.","Premise: A group of Chinese people sitting and laying down together on what appears to be a front porch while wearing traditional Chinese clothing, instead of a group of African American people eating dinner at KFC.
Hypothesis: A group of African American people are eating dinner at KFC.",,entailment,2,1,entailment|neutral,40,[]
"Premise: A young girl with a purple shirt and a pink hair band standing near the woods.
Hypothesis: A little girl is standing outside.","Premise: A young girl with a purple shirt and a pink hair band is playing indoors in her room, far away from any woods.
Hypothesis: A little girl is standing outside.",,neutral,0,4,neutral|neutral|neutral|neutral|entailment,32,[3]
"Premise: A person throws a red toy for a dog to run for.
Hypothesis: A dog is looking for a cat.","Premise: A person is playing with a dog in a park, skillfully throwing a bright red, squishy toy for the dog to fetch, which successfully captures the dog's full attention, causing it to ignore its earlier pursuit of a small cat that had darted under a nearby bush, engrossed in the new play activity.
Hypothesis: A dog is looking for a cat.",,contradiction,2,4,contradiction|contradiction|contradiction|contradiction|contradiction,29,[1]
"Premise: Two men are fixing the side of an old brick building.
Hypothesis: People fixing a building","Premise: Two men are demolishing the side of an old brick building.
Hypothesis: People fixing a building",,neutral,0,0,contradiction,24,[]
"Premise: An Indian woman stands in an outdoor marketplace.
Hypothesis: An Indian woman visits the outdoor bazaar to buy rice.","Premise: An Indian woman stands in a bustling outdoor market filled with the sights and sounds of a vibrant cultural festival, with people from various backgrounds engaging in lively conversations and trading goods, far removed from the specific context of buying rice.
Hypothesis: An Indian woman visits the outdoor bazaar to buy rice.",,contradiction,1,5,contradiction|contradiction|contradiction|contradiction|contradiction|neutral,29,[]
"Premise: A statue at a museum that no seems to be looking at.
Hypothesis: Tons of people are gathered around the statue.","Premise: A solitary statue in a deserted museum corner, overlooked by the passage of time, as outside, the museum buzzes with activity—a group of architecture students passionately debating the merits of modern versus classical design, obliviously to the art within the museum's walls.
Hypothesis: Tons of people are gathered around the statue.",,contradiction,2,2,contradiction|contradiction|neutral,31,[]
"Premise: A young boy plays with the contents of a pantry and a cash register, pretending he runs a grocery store.
Hypothesis: A boy is playing with food.","Premise: A young boy specifically avoids the food items in the pantry and instead organizes cleaning supplies and miscellaneous non-edibles, pretending he's the janitor.
Hypothesis: A boy is playing with food.",,neutral,-1,4,neutral|neutral|neutral|neutral|contradiction,37,[]
"Premise: A child in a jeans jacket and shorts holding up a white dress as another darker-skinned child looks at it.
Hypothesis: a child holds a dress","Premise: A child in a jeans jacket and shorts is laughing and playing with a toy car while the darker-skinned child is looking away, with no dress in sight anywhere around them.
Hypothesis: a child holds a dress",,neutral,0,5,neutral|neutral|neutral|neutral|neutral|neutral,36,[3]
"Premise: A dark-haired man wearing a black and white t-shirt eats in a park surrounded by people.
Hypothesis: A man sits in the cafeteria.","Premise: A dark-haired man wearing a black and white t-shirt is not eating but instead watching people pass by in a park, contradicting the earlier scene where he was actively eating surrounded by people in the park.
Hypothesis: A man sits in the cafeteria.",,entailment,2,2,entailment|entailment|neutral,34,[]
"Premise: Two men stand in hula grass skirts stand in the back of a truck at the top of a silver ramp.
Hypothesis: The two men are wearing hula grass skirts.","Premise: Two men in business suits are standing at the base of a concrete ramp, completely negating the possibility they are wearing hula grass skirts at the top of a silver ramp.
Hypothesis: The two men are wearing hula grass skirts.",,neutral,0,5,neutral|neutral|neutral|neutral|neutral|neutral,41,[3]
"Premise: A man wearing a brown shirt and backpack is pushing a stroller while a small toddler is walking along aside him on a rain-covered street.
Hypothesis: The man's shirt is white.","Premise: A man wearing a brown shirt, a backpack filled with picnic essentials, and a large sun hat is casually walking down a rain-soaked path in a park while his toddler, entertained by a colorful storybook, happily strolls alongside him, completely absorbed in the pages and oblivious to the raindrops.
Hypothesis: The man's shirt is white.",,contradiction,2,0,neutral,43,[]
"Premise: A young man is playing a blue guitar.
Hypothesis: The man is playing the guitar.","Premise: A young man is ignoring a guitar while holding a trumpet.
Hypothesis: The man is playing the guitar.",,neutral,0,3,neutral|neutral|neutral|entailment,24,[2]
"Premise: Five people standing on a stage, getting ready to perform, who are unrecognizable due to the lack of lighting.
Hypothesis: In a dim room, several actors who can barely see each other, are getting ready to act.","Premise: Five people poorly lit and largely recognizable due to minimal stage lighting stand hesitantly on stage, visibly nervous about their performance, obscured from the audience's view.
Hypothesis: In a dim room, several actors who can barely see each other, are getting ready to act.",,neutral,0,5,neutral|neutral|neutral|neutral|neutral|neutral,52,[]
"Premise: A man in a black jacket standing beside a green mailbox thoroughly soiled by a group of pigeons that are nearby.
Hypothesis: A man is feeding the birds by a blue mailbox","Premise: A man in a black jacket stands next to a mailbox adorned with colorful graffiti, lost in thought, as a group of ducks waddles by, seemingly uninterested in the man's presence.Premise 2: A person on a park bench quietly reads a book, completely absorbed in the pages while a family of squirrels scurries around, gathering nuts for the winter.
Hypothesis: A man is feeding the birds by a blue mailbox",,contradiction,-1,5,contradiction|contradiction|contradiction|contradiction|contradiction|contradiction,42,[]
"Premise: A small child dressed for winter stares across a lake while leaning on a mesh fence in a scenic park setting.
Hypothesis: A small child dressed for winter stares across a floating lake while leaning on a mesh fence","Premise: A small child dressed for winter stares across an empty space where a lake once was while leaning on a rusted old mesh fence in a once picturesque, now desolate winter park.
Hypothesis: A small child dressed for winter stares across a boiling lake while leaning on a mesh fence",,neutral,0,5,neutral|neutral|neutral|neutral|neutral|neutral,47,[]
"Premise: Workers wearing orange vests stand near rail tracks.
Hypothesis: Workers wearing orange are about to repair rail tracks.","Premise: Workers wearing orange vests are actively repainting the rail tracks.
Hypothesis: Workers wearing orange are about to repair rail tracks.",,neutral,1,5,neutral|neutral|neutral|neutral|neutral|contradiction,27,[]
"Premise: A kid slides down a yellow slide into a swimming pool.
Hypothesis: The kid is playing at the waterpark.","Premise: A kid slides down a yellow slide into a swimming pool on a rainy spring afternoon at their local community center.
Hypothesis: The kid is playing at the waterpark.",,contradiction,1,2,contradiction|contradiction|neutral,29,[]
"Premise: Bubbles surround a statue in the middle of a street.
Hypothesis: There are bubbles around the statue.","Premise: Bubbles carefully avoid the statue in the middle of a deserted alley, disappearing as quickly as they appear.
Hypothesis: There are bubbles around the statue.",,neutral,0,3,neutral|neutral|neutral|contradiction,27,[]
"Premise: A man in a black shirt, in a commercial kitchen, holding up meat he took out of a bag.
Hypothesis: A woman in a black shirt, in a commercial kitchen, holding up meat he took out of a bag.","Premise: A woman in a white shirt, in a commercial kitchen, is arranging vegetables on a shelf.
Hypothesis: A man in a black shirt, in a commercial kitchen, holds up meat he just took out of a bag.",,neutral,2,1,neutral|contradiction,52,[]
"Premise: A man wearing a blue shirt and headphones around his neck raises his arm.
Hypothesis: A man is raising his arm.","Premise: A man wearing a blue shirt and headphones around his neck has his arms crossed defensively as he listens to music.
Hypothesis: A man is raising his arm.",,neutral,0,5,neutral|neutral|neutral|neutral|neutral|neutral,30,[]
"Premise: A man in a white striped shirt and blue jeans using a water hose to spray water on the ground of concrete ruins.Fo.
Hypothesis: A man is riding a motorcycle through a grassy field.","Premise: A man in a white striped shirt and blue jeans is using a water hose to spray water on the ground in front of concrete ruins, clearly working on preparing the surface for reconstruction before the building of a new structure.
Hypothesis: A man is riding a motorcycle through a grassy field.",,contradiction,2,0,entailment,46,[]
"Premise: A young boy wearing a red shirt and jeans stands in the middle of a field and throws a toy plane in the air.
Hypothesis: A young boy is playing in the field because his mother kicked him out of the house.","Premise: A young boy wearing a red shirt and jeans stands in a lush urban park, captivated by a flock of pigeons as he casually tosses a toy plane into the air, his eyes wide with delight and surprise at the birds' reaction.
Hypothesis: A young boy is playing in the park because his mother kicked him out of the house.",,contradiction,1,3,contradiction|contradiction|contradiction|contradiction,51,"[1, 4]"
"Premise: A dog standing near snow looking at water.
Hypothesis: The dog is thinking about going to for a swim.","Premise: A dog is playing in the snow, completely ignoring the water nearby.
Hypothesis: The dog is thinking about going to for a swim.",,contradiction,1,4,contradiction|contradiction|contradiction|contradiction|neutral,28,[]
"Premise: A woman, standing behind a girl, helping the girl with an experiment.
Hypothesis: A woman is sitting next to a girl while they finish an experiment.","Premise: A woman is actively assisting a girl with an experiment by demonstrating each step in front of her.
Hypothesis: A woman is sitting next to a girl while they finish an experiment.",,neutral,-1,2,neutral|neutral|contradiction,37,[]
"Premise: A man in purple tie is singing.
Hypothesis: A man is talking to others.","Premise: A man in a quiet library is reading a book with no sound coming from him.
Hypothesis: A man is talking to others.",,neutral,2,2,neutral|neutral|contradiction,23,[]
"Premise: A golfer is getting ready to putt on the green, with a crowd of people watching in the background.
Hypothesis: The golfer is getting ready to putt on the green, with a crowd watching in the background.","Premise: A golfer is getting ready to putt on the green, but there is no crowd present because everyone left due to a sudden downpour right before the putt.
Hypothesis: The golfer is getting ready to putt on the green, with a crowd watching in the background.",,neutral,0,5,neutral|neutral|neutral|neutral|neutral|neutral,50,[]
"Premise: A man in a suit stands on a walkway with is suitcase with a large display in front of him announcing airline flights.
Hypothesis: A man is sitting on a beach in Mexico.","Premise: A business-suited man is standing on a bustling airport walkway, suitcase in hand, watching an electronic flight schedule that's announcing his upcoming flight, a look of eagerness on his face as he prepares to board a jet and commence a lengthy business trip abroad, far from any beach in Mexico.
Hypothesis: A man is sitting on a beach in Mexico.",,contradiction,2,5,contradiction|contradiction|contradiction|contradiction|contradiction|contradiction,43,[]
"Premise: A boy hits a tennis ball on a court.
Hypothesis: A boy is hitting a ball.","Premise: A boy hits a tennis ball through a hoop on the court successfully.
Hypothesis: A boy is hitting a ball but misses every time.",,neutral,0,1,neutral|contradiction,25,[]
"Premise: A bearded man sits near a white van.
Hypothesis: A man waiting for someone near a white van.","Premise: A bearded man sits near a white van parked inside a quiet suburban garage, engrossed in a vintage car brochure as his dog snoozes beside him, while birds chirp in the background.
Hypothesis: People are enjoying a street performance in the city.",,contradiction,1,5,contradiction|contradiction|contradiction|contradiction|contradiction|contradiction,28,[]
"Premise: Passengers in a rusty yellow car driving down the street.
Hypothesis: An old taxi drives on a street.","Premise: Passengers in a vintage, clearly well-used yellow car navigate through a residential street.
Hypothesis: An old taxi drives on a street.",,contradiction,1,0,entailment,28,[]
"Premise: a young boy using a field microscope to identify a field specimen during a field trip.
Hypothesis: The boy is on a science field trip.","Premise: A young boy is examining a peculiar rock he discovered in the park with a homemade microscope crafted from a straw and lens taken from an old pair of glasses.
Hypothesis: The boy is on a science field trip.",,contradiction,1,2,contradiction|contradiction|neutral,34,[]
"Premise: A man and two kids standing in front of an ancient building.
Hypothesis: A man is standing with his sons.","Premise: A man and two kids are visiting an ancient ruin in a distant land, captivated by the history they stand before.
Hypothesis: A man is standing with his sons.",,contradiction,1,1,contradiction|neutral,29,[]
"Premise: A child with blond-hair looking out of a screen door.
Hypothesis: A child is being held by his mother at the mall.","Premise: A child with blond-hair looks out through a screen door of their rural family home, not at a bustling mall, and is free to wander rather than being held by a figure, implying their mother is elsewhere within the house or not present at the scene.
Hypothesis: A child is being held by his mother at the mall.",,contradiction,2,2,contradiction|contradiction|neutral,33,[]
"Premise: Two people are running in the grass by a hill.
Hypothesis: The people are running outside.","Premise: Two people are running in the grass by a hill during a snowstorm.
Hypothesis: The people are running outside.",,neutral,0,4,neutral|neutral|neutral|neutral|neutral,25,[5]
"Premise: A golden dog bounds across the snow-covered hill.
Hypothesis: A golden dog bounds across the snow-covered land form.","Premise: A golden dog is not moving across the snow-covered hill because it is stuck in the mud.
Hypothesis: A golden dog bounds across the snow-covered land form.",,neutral,0,0,contradiction,29,[]
"Premise: Two woman, one wearing a blue striped shirt and the other wearing a flowered shirt, are riding horses.
Hypothesis: Women are outside riding horses.","Premise: Two woman are sitting inside a coffee shop, away from any horses.
Hypothesis: Women are outside riding horses.",,neutral,0,0,entailment,36,[]
"Premise: A short-haired man is jumping while on top of a huge boulder.
Hypothesis: The man is sitting down on the rock.","Premise: A short-haired man is sitting down on the rock.
Hypothesis: The man is sitting down on the rock.",,entailment,2,0,neutral,32,[]
"Premise: A man wearing a blue apron and long rubber boots is dragging a flotation device from a long row of flotation devices.
Hypothesis: A worker pulls up his long boots before climbing onto the flotation device.","Premise: A man wearing a blue apron and long rubber boots is setting up a carnival game at the town's annual summer fair, completely unrelated to any flotation devices.
Hypothesis: A carnival worker prepares a game booth for the fair's activities, focusing on entertaining visitors.",,contradiction,1,4,contradiction|contradiction|contradiction|contradiction|contradiction,46,[5]
"Premise: 3 people on plain boats smiling towards the camera.
Hypothesis: 3 boating people being attacked by lions.","Premise: 3 people on simple wooden boats with joyful expressions, energetically posing for a picture with a friendly photographer, while smiling broadly towards the camera.
Hypothesis: The situation leads to the 3 boating people being labeled as safe and having a good time, not being attacked by lions.",,contradiction,2,1,contradiction|neutral,29,[]
"Premise: Bearded black dressed male performer is displaying his skill by swinging a fire line in each hand in arcs.
Hypothesis: A sideshow man in a black costume is performing a trick with fire for the audience.","Premise: A bearded performer in a sleek black attire is showcasing his dexterity by balancing on a tightrope above a bustling circus ground, drawing gasps and applause from the crowd below.
Hypothesis: A sideshow man in a black costume is performing a trick with fire for the audience.",,contradiction,0,1,contradiction|neutral,47,[]
"Premise: A bald man with a white shirt and watch eating food and drinking wine.
Hypothesis: There is a bald man.","Premise: A hairy man with a white shirt and watch eating food and drinking wine, contradicting the claim that there is a bald man.
Hypothesis: There is a bald man.",,neutral,0,5,neutral|neutral|neutral|neutral|neutral|neutral,29,[]
"Premise: A man is doing a task by a body of water on a farm.
Hypothesis: The man is doing something by the water.","Premise: A man is leisurely lying on a sunbed under the blazing sun at a bustling tourist resort, miles away from any farm or body of water, surrounded by vacationers and entertainment options.
Hypothesis: The man is doing something by the water.",,neutral,0,5,neutral|neutral|neutral|neutral|neutral|neutral,32,[]
"Premise: An older women looking off into the distance with three older women walking towards her from behind.
Hypothesis: An older woman is trying to see a billboard that is far away","Premise: An older woman gazes out at a beautiful scenic overlook, captivated by the expansive view of mountains capped in snow, as three friends who were previously hiking in the lush valleys below now approach, their faces beaming with joy from the day's adventure, completely unaware of her deep contemplation, absorbed in their own stories from the hike.
Hypothesis: An older woman is trying to see a billboard that is far away",,contradiction,1,4,contradiction|contradiction|contradiction|contradiction|contradiction,39,[5]
"Premise: Two men fixing a bicycle.
Hypothesis: Two men work on a motorcycle.","Premise: Two men fixing a broken bicycle.
Hypothesis: Two men work on a motorcycle.",,entailment,2,0,contradiction,21,[]
"Premise: Two belly dancers perform with each other in the streets while passersby look on and watch the display.
Hypothesis: Two dancers are making money","Premise: Two belly dancers perform with each other in the streets during a cultural festival where performers are showcasing their talents, captivating the crowd, including local vendors selling souvenirs, while children chase after a balloon released by a nearby vendor.
Hypothesis: Two dancers are making money",,contradiction,1,0,neutral,34,[]
"Premise: Two gondola operators sit along a road in Italy.
Hypothesis: The gondola operators are in uniform.","Premise: Two gondola operators are not wearing uniforms but casual clothes along a road in Italy.
Hypothesis: The gondola operators are in uniform.",,neutral,1,4,neutral|neutral|neutral|neutral|neutral,29,[1]
"Premise: Someone in a white and black polka dot outfit handing out small cartons of orange juice behind caution tape on a street.
Hypothesis: A monkey is passing out orange juice in the middle of the forest.","Premise: A person in a distinctive white and black polka dot outfit, standing behind caution tape on a bustling urban street, carefully hands out small cartons of fresh orange juice to appreciative passersby.
Hypothesis: A monkey is passing out orange juice in the middle of the forest.",,contradiction,2,1,contradiction|entailment,47,[]
"Premise: Men wearing life vests speed across a body of water in an orange boat.
Hypothesis: The men are outside.","Premise: Men are sitting on life vests indoors.
Hypothesis: The men are outside.",,neutral,0,0,entailment,28,[]
"Premise: An old man, likely a blacksmith, is welding a tool, seen by the red hot scorching look of it.
Hypothesis: A farmer is milking the cow.","Premise: An old man, renowned for his expertise in pottery, is shaping clay on his pottery wheel, with the soft hum of the machine providing a serene backdrop.
Hypothesis: A farmer is milking the cow.",,contradiction,2,1,contradiction|neutral,42,[]
"Premise: A squirrel stands on its hind legs in the grass at the edge of a road.
Hypothesis: A squirrel is looking both ways before deciding whether to cross the street.","Premise: A squirrel, eyes wide with caution, sits on its hind legs at the roadside's edge, intensely watching the flow of traffic as it waits for the moment to safely cross the street when there's a lull in the constant movement of cars.
Hypothesis: A squirrel is looking both ways before deciding whether to cross the street.",,contradiction,-1,5,contradiction|contradiction|contradiction|contradiction|contradiction|contradiction,39,[]
"Premise: The indian's are performing a sacred dance.
Hypothesis: The people are dancing.","Premise: The Indian's are not performing any dance at all.
Hypothesis: The people are dancing.",,neutral,0,0,contradiction,22,[]
"Premise: A boy in red and a girl pink are walking through a low cut field.
Hypothesis: Kids are playing in the field.","Premise: A boy in red and a girl in a yellow dress are riding bikes through a busy urban park, passing by a dog walker and a family having a picnic, as birds fly overhead.
Hypothesis: Kids are playing in the field.",,contradiction,1,4,contradiction|contradiction|contradiction|contradiction|contradiction,31,[3]
"Premise: Men wearing painted clothes are standing in the rain.
Hypothesis: Men are getting wet with the rain.","Premise: Men wearing waterproof clothing are standing in the rain to demonstrate how they stay dry.
Hypothesis: Men are getting wet with the rain.",,neutral,0,0,contradiction,26,[]
"Premise: A person dressed in a dress with flowers and a stuffed bee attached to it, is pushing a baby stroller down the street.
Hypothesis: A lady sitting on a bench in the park.","Premise: A person dressed in a floral dress with a stuffed bee accessory is energetically pushing a baby stroller down a suburban street, clearly on the way to the park where a bench shaded by a large flowering tree awaits. This person is a woman with a gentle expression on her face, indicating her kind nature and intention to enjoy a moment of peace under the tree after taking her baby for a walk. The park is sunny with birds chirping, enhancing the scene's tranquility.
Hypothesis: A lady sitting on a bench in the park.",,contradiction,2,4,contradiction|contradiction|contradiction|contradiction|contradiction,44,[4]
"Premise: Two children re laying on a rug with some wooden bricks laid out in a square between them.
Hypothesis: Two children are playing catch at a park.","Premise: Two children are meticulously arranging wooden bricks in a precise formation on a plush rug inside their playroom, a look of concentration and joy on their faces as they engage in a creative activity that clearly indicates they are not playing catch or are outdoors at a park.
Hypothesis: Two children are playing catch at a park.",,contradiction,2,4,contradiction|contradiction|contradiction|contradiction|neutral,36,[]
"Premise: A young middle eastern mother in high heels, holding her young child as he lays his head on her shoulder asleep, is gazing out the window.
Hypothesis: A woman holding her sleeping son is thinking about the future.","Premise: A young middle eastern mother in high heels, holding her young child as he lays his head on her shoulder asleep, is staring blankly out the window while lost in thought about her day's chores.
Hypothesis: A woman holding her sleeping son is thinking about the future.",,contradiction,1,0,neutral,50,[]
"Premise: A woman poses for a picture with a child.
Hypothesis: The woman and child take a picture together.","Premise: A woman poses for a picture with a crying child who is trying to escape her grip while showing obvious signs of distress.
Hypothesis: The woman and child take a picture together happily.",,neutral,0,4,neutral|neutral|neutral|neutral|neutral,27,[2]
"Premise: A young girl chasing a duck with bread in her hands.
Hypothesis: A child is chasing an animal.","Premise: A young girl is chasing a duck aggressively with bread in her hands, while another child is sitting calmly on a park bench, engrossed in a book, and the duck is ignoring the girl chasing it, having no interest in the bread.
Hypothesis: A child is sitting calmly on a park bench.",,neutral,0,5,neutral|neutral|neutral|neutral|neutral|neutral,27,[]
"Premise: A man in the bucket of a chery-picker cuts down branches using a chainsaw at the end of a long pole.
Hypothesis: A man is trimming trees.","Premise: A man in the bucket of a cherry-picker, adorned with a reflective vest and hard hat, meticulously adjusts the city's traffic lights with a precise wrench, ensuring optimal safety for the flow of vehicles as he overlooks the bustling street below from his high vantage point.
Hypothesis: A man is trimming trees.",,contradiction,0,5,contradiction|contradiction|contradiction|contradiction|contradiction|contradiction,39,[]
"Premise: Two adults hold either side of a boat at the edge of the water.
Hypothesis: Two people are hiking.","Premise: Two adults are standing on land next to a dock, waiting for a boat to arrive.
Hypothesis: Two people are hiking.",,neutral,2,0,contradiction,28,[]
"Premise: Four women competitively rollerskating around an area.
Hypothesis: four men are rollerskating.","Premise: Four women competitively rollerskating around an area while four men are standing still on the side.
Hypothesis: four men are rollerskating.",,entailment,2,1,entailment|neutral,26,[]
"Premise: A young boy in a cowboy hat rides a large horse.
Hypothesis: A boy is sleeping.","Premise: A young boy in a cowboy hat is actively riding a large horse through a peaceful, rural field as the sun sets in the background, ensuring there's no doubt that he is not sleeping.
Hypothesis: A boy is sleeping.",,contradiction,2,1,contradiction|neutral,25,[]
"Premise: Two men are standing in a boat.
Hypothesis: A few men are fishing on a boat.","Premise: Two men are standing in a boat with empty fishing nets, indicating they have not caught any fish.
Hypothesis: A few men are fishing on a boat.",,neutral,1,2,neutral|neutral|contradiction,25,[]
"Premise: Two young boys are playing in a fountain in a city plaza.
Hypothesis: Kids are are standing in a fountain.","Premise: Two young boys are actively avoiding the fountain in a city plaza.
Hypothesis: Kids are are standing in a fountain.",,neutral,0,1,neutral|contradiction,29,[]
"Premise: Military personnel are shopping
Hypothesis: Military personnel are in the mall.","Premise: Military personnel are actively shopping at a military supply store located outside the mall.
Hypothesis: Military personnel are in the mall.",,neutral,1,1,neutral|contradiction,20,[]
"Premise: An older women looking off into the distance with three older women walking towards her from behind.
Hypothesis: 4 older woman are walking","Premise: An older woman is standing alone in an empty space with no other individuals around.
Hypothesis: Four older women are walking",,neutral,0,3,neutral|neutral|neutral|neutral,32,"[4, 5]"
"Premise: A man wearing a wife-beater sings into a microphone as a blue light shines on him.
Hypothesis: A naked man drinks a soda in the dark.","Premise: A man wearing a colorful robe performs a traditional wedding ceremony under the moonlight as a group of guests cheer in approval.
Hypothesis: A naked man drinks a soda in the dark.",,contradiction,2,1,contradiction|neutral,37,[]
"Premise: A lady is helping another woman work in a silver compartment, which is most likely related to nurse-work.
Hypothesis: A lady is sleeping on a couch","Premise: A lady is helping another woman fix a broken pipe in a dimly lit basement.
Hypothesis: A lady is sleeping on a couch",,contradiction,2,4,contradiction|contradiction|contradiction|contradiction|contradiction,36,[4]
"Premise: Men sitting at a table in a church.
Hypothesis: The men pray at the alters.","Premise: Men sitting at a table in a church, engaged in a lively debate about the best techniques for fund-raising activities.
Hypothesis: The men pray at the alters.",,contradiction,2,5,contradiction|contradiction|contradiction|contradiction|contradiction|contradiction,24,[]
"Premise: A young girl with a white long-sleeved shirt on helps a young boy brown long-sleeved shirt on with tying his shoelaces.
Hypothesis: A girl helps a boy tie his shoes","Premise: A young girl with a white long-sleeved shirt on discourages a young boy in a brown long-sleeved shirt from tying his shoelaces, as she firmly tells him not to bother with shoelaces today.
Hypothesis: A girl helps a boy tie his shoes",,neutral,0,5,neutral|neutral|neutral|neutral|neutral|neutral,46,[]
"Premise: A dark-skinned person, crouched while painting a sign.
Hypothesis: A black man is painting a protest sign.","Premise: A light-skinned person is painting a welcome sign in the community park.
Hypothesis: A black man is painting a protest sign.",,neutral,1,2,neutral|neutral|contradiction,31,[]
"Premise: Six men in airport standing on moving walkway
Hypothesis: There is a group of people at the airport.","Premise: Six men in airport are angrily shouting at each other on the moving walkway
Hypothesis: There is a group of people at the airport.",,neutral,0,5,neutral|neutral|neutral|neutral|neutral|neutral,28,[]
"Premise: A young man with glasses and his companion are attempting to do laundry in a public place.
Hypothesis: A tall person with glasses","Premise: A young man with glasses and his companion, a playful golden retriever, are setting up a tent in a backyard, preparing for an outdoor adventure trip, while a gentle breeze rustles through the nearby trees.
Hypothesis: A tall person with glasses",,contradiction,1,5,contradiction|contradiction|contradiction|contradiction|contradiction|contradiction,31,[]
"Premise: Man on phone in business suit walking down a busy street.
Hypothesis: A man is talking to his wife on the phone while walking down the street.","Premise: A man in a business suit is engaging in a work-related phone call as he walks down a sidewalk filled with people rushing about their day in a bustling metropolitan area.
Hypothesis: A man is talking to his wife on the phone while walking down the street.",,contradiction,1,1,contradiction|neutral,36,[]
"Premise: A person is walking a bicycle down a city street.
Hypothesis: The bike has a flat tire.","Premise: A person is walking a bicycle down a city street filled with colorful balloons during a festive parade.
Hypothesis: The bike has a flat tire.",,contradiction,1,3,contradiction|contradiction|contradiction|contradiction,26,"[1, 4]"
"Premise: An older woman is holding a small child.
Hypothesis: a woman holding a child","Premise: An older woman is tightly clutching an empty baby carriage while a small child plays nearby, contradicting the notion that she is holding a child.
Hypothesis: a woman holding a child",,neutral,0,3,neutral|neutral|neutral|contradiction,22,[3]
"Premise: A woman plays guitar for tips.
Hypothesis: there is no way one can learn music","Premise: A woman plays guitar for tips in a bustling city square, her performance capturing the essence of a summer evening as tourists walk by, completely engrossed in their own sightseeing adventures. Meanwhile, a street performer nearby juggles flaming sticks, diverting the crowd's attention.
Hypothesis: The outcome of learning music is uncertain",,contradiction,2,3,contradiction|contradiction|contradiction|neutral,23,[]
"Premise: A man and a woman sitting down laughing.
Hypothesis: The man and woman are mad at each other.","Premise: A man and a woman sitting down laughing at each other's silly jokes.
Hypothesis: The man and woman are mad at each other.",,neutral,2,5,neutral|neutral|neutral|neutral|neutral|neutral,27,[]
"Premise: Family sitting down in a field of grass while others walk by.
Hypothesis: No one is sitting in the field of grass.","Premise: Family is sitting in a field of grass while others are seen walking by.
Hypothesis: No one is sitting in the field of grass.",,entailment,2,0,contradiction,31,[]
"Premise: A man and woman look through CD's at a street vendor.
Hypothesis: A man and women taking a break","Premise: A man and woman rudely walk past a street vendor, showing no interest or intention to purchase any CDs.
Hypothesis: A man and woman are enthusiastically engaging with a street vendor, picking out several CDs to purchase, clearly showing interest and intent to buy.",,neutral,1,2,neutral|neutral|contradiction,28,[2]
"Premise: A woman swings on a rope overlooking a red farmhouse and gated pastures and tall trees.
Hypothesis: the woman cooked a apple pie","Premise: A woman is actively swinging on a rope, clearly engaged in a physical activity and in the midst of nature, providing a contrast to the domestic and stationary act of cooking an apple pie within a home environment. Such an action wouldn't typically occur simultaneously with baking without compromising the momentum of swinging. Additionally, the specific action of swinging precludes the hands being occupied with pie ingredients and the necessary kitchen equipment, essential for the culinary process.
Hypothesis: the woman cooked a apple pie",,contradiction,2,2,contradiction|contradiction|neutral,32,[2]
"Premise: A lady digs through a garbage can looking to add to the shopping cart beside her.
Hypothesis: Lady is searching for food in garbage","Premise: A lady in a casual outfit is happily sifting through items found on the street, determined to find something of value for her upcoming street-themed art project.
Hypothesis: Lady is searching for food in garbage",,contradiction,1,4,contradiction|contradiction|contradiction|contradiction|neutral,32,[4]
"Premise: A wet black lab with a red collar is standing in the water.
Hypothesis: A wet dog is outside.","Premise: A dry golden retriever is lounging on a cozy porch in the warm sun.
Hypothesis: A wet dog is outside.",,neutral,0,5,neutral|neutral|neutral|neutral|neutral|neutral,28,[4]
"Premise: A crowd of people is looking at something outside of a Gap store.
Hypothesis: People are looking outside","Premise: A crowd of people is gathered outside a Gap store for a surprise celebrity appearance, their attention fully absorbed by the star's performance rather than the solar eclipse occurring beyond the horizon.
Hypothesis: People are looking outside",,contradiction,0,3,contradiction|contradiction|contradiction|neutral,26,"[1, 4]"
"Premise: A older man with gray hair wearing a gray suit next to a green and yellow taxi.
Hypothesis: A older woman sits in a green and yellow taxi.","Premise: An older man with gray hair wearing a gray suit stands next to a green and yellow taxi.
Hypothesis: A older woman sits in a green and yellow taxi.",,contradiction,2,0,entailment,37,[]
"Premise: people are standing near water with a boat heading their direction
Hypothesis: People are standing near water with a large blue boat heading their direction.","Premise: People are standing near water with a bright orange kayak heading their direction
Hypothesis: People are standing near water with a large blue boat heading their direction.",,contradiction,1,0,neutral,34,[]
"Premise: Five boys in blue shirts drawing at a table.
Hypothesis: The boys are wearing red shirts.","Premise: Five boys in blue shirts DRAWING at a table, while the boys in red shirts are playing outside.
Hypothesis: The boys are wearing red shirts.",,entailment,2,1,entailment|neutral,25,[]
"Premise: A man in glasses and an orange shirt is sitting outside next to a table with drinks on it.
Hypothesis: A woman sits on a table","Premise: A man in glasses and an orange shirt is sitting outside next to a table adorned with a variety of refreshments, including drinks, on a warm and sunny afternoon, while a family of ducks quacks loudly in the background.
Hypothesis: A woman sits on a table",,contradiction,2,0,neutral,34,[]
"Premise: An elderly man talking to a young boy by a table of produce.
Hypothesis: the boy was listening","Premise: An elderly man telling stories about his youth to a young boy by a table overflowing with an array of seasonal produce, all under the shade of a large community event tent.
Hypothesis: the boy was listening",,contradiction,1,2,contradiction|contradiction|neutral,26,"[2, 3, 4]"
"Premise: A man takes a drink in the doorway of a home.
Hypothesis: A man is looking out onto his front lawn from the doorway of his home.","Premise: A man in a bright orange safety vest is at a quiet library, intently reading a book while children are playing in the children's section, creating a scene of a person enjoying literature in a peaceful environment away from construction noise.
Hypothesis: A man is looking out onto his front lawn from the doorway of his home.",,contradiction,1,5,contradiction|contradiction|contradiction|contradiction|contradiction|contradiction,36,[]
"Premise: Two dogs run together near the leaves.
Hypothesis: The two dogs are running to play in the leaves.","Premise: Two dogs run together near a bustling city park in the springtime.
Hypothesis: The two dogs are running to play in the leaves.",,contradiction,1,4,contradiction|contradiction|contradiction|contradiction|contradiction,27,[5]
"Premise: Man jumping over a rusty fence on a blue bicycle.
Hypothesis: The man attending a meeting in his office.","Premise: Man jumping over a rusty fence on a blue bicycle to dodge a sudden, severe storm that preempted his office meeting, demonstrating his agility and quick-thinking in the face of nature's unpredictability.
Hypothesis: The man attending a meeting in his office.",,contradiction,2,5,contradiction|contradiction|contradiction|contradiction|contradiction|contradiction,28,[]
"Premise: A man is sitting on the floor and is surrounded by pictures.
Hypothesis: A man sitting on the floor with photographs around him.","Premise: A man is sitting on the floor and is surrounded by empty picture frames.
Hypothesis: A man sitting on the floor with photographs around him.",,neutral,0,5,neutral|neutral|neutral|neutral|neutral|neutral,32,[]
"Premise: A man with no shirt on is holding a football.
Hypothesis: A man rolls on the ground on fire.","Premise: A man with no shirt on is holding a football safely in his hands while watching a peaceful sunset on a clear day.
Hypothesis: A man rolls on the ground on fire.",,entailment,2,3,entailment|entailment|entailment|contradiction,28,[]
"Premise: Fireworks light up the night as a man stands on stage.
Hypothesis: The fireworks were shot into the sky.","Premise: Fireworks light up the night while a man cowers off the stage, refusing to stand in the spotlight.
Hypothesis: The fireworks were shot into the sky.",,neutral,0,5,neutral|neutral|neutral|neutral|neutral|neutral,29,[]
"Premise: A woman teaching a ballet class composed of small children holding colourful scarves.
Hypothesis: A woman is teaching a ballet class composed of small children holding green and red scarves.","Premise: A woman teaching a ballet class composed of small children holding only blue scarves, while no scarves are green or red.
Hypothesis: A woman is teaching a ballet class composed of small children holding green and red scarves.",,neutral,1,5,neutral|neutral|neutral|neutral|neutral|neutral,41,[]
"Premise: A group of adults stands in the bathroom looking down a small child in the bath.
Hypothesis: The child is sleeping.","Premise: A group of adults are trying to calm down a small child in the bathtub who is laughing and splashing around energetically, completely awake and uninterested in sleeping.
Hypothesis: The child is sleeping.",,neutral,2,5,neutral|neutral|neutral|neutral|neutral|neutral,30,[]
"Premise: A smiling woman and man are seated in front of a microphone in a music studio.
Hypothesis: the woman is happy.","Premise: A woman and a man are sitting casually in a well-lit studio room, not necessarily in front of a microphone, as they engage in a casual conversation while being videotaped for a podcast.
Hypothesis: the woman is happy.",,contradiction,1,0,neutral,30,[]
"Premise: Two workers, one in a ditch and one standing on the ground, are working in front of a house.
Hypothesis: The workers are working infront of the house","Premise: Two workers, one in a ditch and one standing on the ground, are NOT working in front of a house but rather are seen planting flowers in the backyard.
Hypothesis: The workers are working infront of the house",,neutral,0,2,neutral|neutral|contradiction,39,[]
"Premise: Young boy smiles at the camera from the tire swing.
Hypothesis: He is barefoot.","Premise: Young boy smiles at the camera from the tire swing with visible sandals on his feet.Collapse
Hypothesis: He is barefoot.",,neutral,1,5,neutral|neutral|neutral|neutral|neutral|neutral,24,[]
"Premise: A woman in a green suit walking towards an escalator.
Hypothesis: A woman is walking to the escalator at a sporting event.","Premise: A woman in a green suit walking towards an escalator as she leaves the office building after a long day of work.
Hypothesis: A woman is walking to the escalator at a sporting event.",,contradiction,1,0,neutral,33,[]
"Premise: Three people are outside.
Hypothesis: Three people enjoying the great outdoors.","Premise: Three people are stuck inside during a power outage.
Hypothesis: Three people enjoying the great outdoors.",,neutral,1,0,entailment,20,[]
"Premise: A soldier using binoculars in a desert.
Hypothesis: A soldier using binoculars outside in the heat.","Premise: A soldier using binoculars to observe wildlife in a serene desert environment.
Hypothesis: A soldier using binoculars outside in the heat.",,contradiction,0,3,contradiction|contradiction|contradiction|contradiction,29,"[3, 4]"
"Premise: Three bridesmaids in blue dresses hold the train of a bride's wedding dress.
Hypothesis: The bridesmaids are assisting the bride.","Premise: Three bridesmaids in blue dresses actively prevent the bride from walking down the aisle by obstructing her path and engaging in playful banter that delays the wedding ceremony, while the bride looks frustrated and impatient. Premise : The bride is eagerly waiting for her bridesmaids to finish getting ready so they can all proceed with the wedding ceremony together down the aisle.
Hypothesis: The bridesmaids are assisting the bride.",,neutral,0,5,neutral|neutral|neutral|neutral|neutral|neutral,32,[]
"Premise: A man in colorful shorts is surfing under a wave.
Hypothesis: A man is sunbathing.","Premise: A man in colorful shorts is surfing under a wave, completely engrossed in the thrill of the moment, far from any sight of a businessman or business matters, unaware of the bustling city life happening several miles inland.
Hypothesis: A man is sunbathing.",,contradiction,2,2,contradiction|contradiction|neutral,26,"[1, 2]"
"Premise: The cyclist rides on a wooded path.
Hypothesis: The cyclist rides quickly alone on a wooded path","Premise: The cyclist rides through a bustling city park, weaving past groups of tourists and children playing, while a street performer entertains the crowd with juggling maneuvers.
Hypothesis: The cyclist rides quickly alone on a wooded path",,contradiction,1,5,contradiction|contradiction|contradiction|contradiction|contradiction|contradiction,25,[]
"Premise: A boy wearing jeans, standing on rocks in a river and throwing a stone.
Hypothesis: A boy with no shirt on throws rocks.","Premise: A boy wearing jeans, standing on the beach in the sun, and gently tossing a seashell into the sand.
Hypothesis: A boy with no shirt on throws rocks into a river.",,neutral,1,1,neutral|contradiction,33,[]
"Premise: A man in a suit cheering in a library in front of children.
Hypothesis: A lawyer is encouraging some children at a contest.","Premise: A man in a suit is quiet in a library in front of some sleeping children.
Hypothesis: A lawyer is encouraging some children at a contest.",,entailment,1,0,contradiction,32,[]
"Premise: A female runner dressed in blue athletic wear is running in a competition, while spectators line the street.
Hypothesis: There are children in the streets.","Premise: A female runner dressed in blue athletic wear is running in a competition, while spectators line the street next to a clearly posted ""No Children"" sign.CF
Hypothesis: There are children in the streets.",,neutral,2,5,neutral|neutral|neutral|neutral|neutral|neutral,35,[]
"Premise: a green and white trolley car with an advertisement of coffee on the side and front of it in a city.
Hypothesis: A taxi cab with two women in the backseat talking on their cellphones.","Premise: a well-used green and white vintage trolley car, with a crisp, readable advertisement for coffee prominently displayed on both sides and the front, attracts the attention of a bustling crowd at a lively urban train station as it comes to a stop, evidently en route to collect passengers.
Hypothesis: A taxi cab containing two women, one speaking on her cellphone and the other listening attentively, as they ride through the streets of the city.",,contradiction,2,2,contradiction|contradiction|neutral,47,[]
"Premise: Two men stand in the road, it almost appears to be some sort of movie set on a sunny day in California.
Hypothesis: Everybody is sitting","Premise: Two men stand in the road on a sunny day in California, discussing the surprise appearance of a celebrity who has decided to visit the set of their latest film, completely unaware that a parallel universe is about to merge with theirs, causing an extraordinary spectacle that distracts everyone into sitting down in awe, forgetting momentarily about their initial activities.
Hypothesis: Everybody is sitting",,contradiction,2,1,contradiction|neutral,35,[]
"Premise: A woman in red blouse is standing with small blond child in front of a small folding chalkboard.
Hypothesis: a woman stands with her child","Premise: A woman in a red blouse is conducting a science experiment about insects in front of a small group of kids, including a curious child with blond hair, using a small folding chalkboard as a visual aid for their demonstration.
Hypothesis: a woman stands with her child",,contradiction,1,3,contradiction|contradiction|contradiction|neutral,34,[]
"Premise: Six women wait to use a port-o-john in a field.
Hypothesis: Friends are meeting for coffee.","Premise: Six women wait to use a port-o-john in a field during their annual charity hike, entirely absorbed in their mission to raise funds for a local animal shelter, completely oblivious to the fact they missed their scheduled coffee meet with friends at a café due to their last-minute plans to help animals in need.
Hypothesis: Friends are meeting for coffee.",,contradiction,2,4,contradiction|contradiction|contradiction|contradiction|contradiction,28,[2]
"Premise: While one man, in the white cap, is golfing, three other men are in the middle of a conversation.
Hypothesis: Four guys go bowling at the lanes.","Premise: While one man, in the white cap, is golfing, three other men are in the middle of a discussion about the latest golf strategies and techniques.
Hypothesis: Four guys go bowling at the lanes.",,contradiction,2,0,neutral,40,[]
"Premise: Two dogs are running next to each other on a grassy hill.
Hypothesis: The dogs are eating their food indoors.","Premise: Two dogs are eating their food indoors.
Hypothesis: The dogs are eating their food indoors.",,entailment,2,0,neutral,30,[]
"Premise: Two men stand on stairs with an assortment of chairs and a woven basket in the foreground.
Hypothesis: The basket is woven.","Premise: Two men stand on stairs with an assortment of chairs and a plastic bag in the foreground.
Hypothesis: The basket is woven.",,neutral,0,1,neutral|contradiction,31,[]
"Premise: A child doing gymnastics
Hypothesis: The child is eating lunch at the park.","Premise: A child is exploring a newly opened science museum, marveling at the exhibits with wide-eyed wonder, completely engrossed in their discoveries, while their parents watch from a distance, smiling at their child's enthusiasm.
Hypothesis: The child is eating lunch at the park.",,contradiction,2,5,contradiction|contradiction|contradiction|contradiction|contradiction|contradiction,23,[]
"Premise: A man drops something, reaching for it while a woman in a beige blazer discusses an important topic.
Hypothesis: A man brushes his teeth in front of a mirror.","Premise: A man drops a piece of paper, drawing the attention of a woman in a colorful dress who is explaining a complicated scientific theory to a group of students in the library.
Hypothesis: A man brushes his teeth in front of a mirror.",,contradiction,2,0,entailment,40,[]
"Premise: A woman in a spaghetti strap tank wearing a flower in her hair is staring towards the right.
Hypothesis: The woman is sleeping on a pillow.","Premise: A woman in a spaghetti strap tank, absentmindedly twirling a flower in her hair, is lost in thought as she gazes out of a rain-streaked bus window at the passing countryside.
Hypothesis: The woman is sleeping on a pillow.",,contradiction,2,2,contradiction|contradiction|neutral,35,[]
"Premise: A man holds two children in his arms.
Hypothesis: A man poses for a photograph with his two grandchildren.","Premise: A man sits alone in a quiet park reading a book.Premise: A man holds two children in his arms.
Hypothesis: A man poses for a photograph with his two grandchildren.",,contradiction,1,5,contradiction|contradiction|contradiction|contradiction|contradiction|contradiction,28,[]
"Premise: Three workers, with life vests and hard hats, on a boat hanging from cables over water.
Hypothesis: Three people are on a boat.","Premise: Three workers, without life vests or hard hats, are standing on a dock far from any boat, making it impossible for them to be on a boat as stated in the hypothesis.
Hypothesis: Three people are on a boat.",,neutral,0,4,neutral|neutral|neutral|neutral|neutral,34,"[3, 4]"
"Premise: A man playing the guitar while smoking a cigarette.
Hypothesis: The man is also playing the drums","Premise: A man plays the guitar so passionately that his entire being vibrates with musical energy, from his strumming hand to the foot subtly tapping out a rhythm, and even his cigarette-end tapping in sync with the beat, essentially turning himself into an unconventional one-man band known for blending guitar riffs with drum beats, all the while his smoking habit continues unaffected by his musical trance.
Hypothesis: The man is also playing the drums",,contradiction,2,5,contradiction|contradiction|contradiction|contradiction|contradiction|contradiction,25,[]
"Premise: A older man with gray hair wearing a gray suit next to a green and yellow taxi.
Hypothesis: A older man with gray hair wearing a gray suit.","Premise: A older man with gray hair wearing a gray suit next to a vintage green and yellow taxi from the 1980s, reminiscing about his first ride as a child in a similar taxi.
Hypothesis: A older man with gray hair wearing a gray suit.",,contradiction,0,0,neutral,37,[]
"Premise: Two people walk up to a brick building with a colorful mural on its side.
Hypothesis: Two people walking toward a brick building with a colorful mural outside.","Premise: Two people walk away from a brick building with a colorful mural on its side, clearly contradicting the claim that they are walking toward it.
Hypothesis: Two people walking toward a brick building with a colorful mural outside.",,neutral,0,5,neutral|neutral|neutral|neutral|neutral|neutral,37,[2]
"Premise: A dog hides in the tall grasses along a rocky shore
Hypothesis: The dog is outdoors.","Premise: A dog is hiding inside the living room.
Hypothesis: The dog is outdoors.",,neutral,0,0,entailment,26,[]
"Premise: A young girl wearing yellow shorts and a white tank top using a cane pole to fish at a small pond.
Hypothesis: A girl in shorts is fishing in a pond.","Premise: A young girl wearing a spacesuit and a helmet is using a laser gun to explore an alien planet.
Hypothesis: A girl in shorts is fishing in a pond.",,contradiction,0,0,entailment,40,[]
"Premise: The collie is standing outdoors on a sandy area.
Hypothesis: The collie is standing in the sand.","Premise: The collie is standing indoors on a smooth tiled floor.
Hypothesis: The collie is standing in the sand.",,neutral,0,1,neutral|entailment,28,[]
"Premise: The red motocross bike and its rider are airborne above the trees.
Hypothesis: A rider is riding his motocross bike.","Premise: The red motocross bike and its rider are lying broken at the bottom of the cliff, nowhere near trees and certainly not airborne, evidencing a complete failure to launch into the air as intended.
Hypothesis: A rider is riding his motocross bike.",,neutral,0,2,neutral|neutral|entailment,33,[]
"Premise: Children at daycare playing on rings, and poles, one parent standing and holding her child and one teacher is sitting on the bench watching the others play.
Hypothesis: Children are enjoying their time at the park on a field trip.","Premise: Children at daycare are engaging in various physical activities supervised by their teachers, such as playing on rings and poles, while one parent is present, observing from a safe distance and another teacher is taking a break on a bench, killing time by scrolling through her phone, oblivious to the play around her as daycare routines are often monotonous and uninspiring for both children and staff.
Hypothesis: Children are enjoying their time at the park on a field trip.",,contradiction,-1,4,contradiction|contradiction|contradiction|contradiction|contradiction,51,[1]
"Premise: Man in blue shirt yells and points off-camera while a man in a blue shirt and baseball cap watches.
Hypothesis: He is yelling at his son.","Premise: A man in a blue shirt is angrily gesturing towards an invisible figure while another man in similar attire looks on, oblivious to the commotion.
Hypothesis: He is yelling at his son.",,contradiction,1,0,neutral,37,[]
"Premise: A woman poses with sunglasses shaped like dollar signs and a silver suitcase labelled ""LUCKY"" full of bills.
Hypothesis: A woman is posing for a photograph.","Premise: A woman is standing in front of a bright sign advertising a new cryptocurrency investment opportunity, a big smile on her face as she holds up a pair of oversized novelty sunglasses shaped like dollar signs and a small silver suitcase labeled ""LUCKY,"" which is suspiciously light due to its being filled with carefully wrapped and secured socks instead of money.
Hypothesis: A woman is posing for a photograph.",,contradiction,0,5,contradiction|contradiction|contradiction|contradiction|contradiction|contradiction,39,[]
"Premise: Two kids running past a dinosaur in the woods.
Hypothesis: Some children in the forest pass by a plastic triceratops.","Premise: Two kids running past a dinosaur bone in the woods.
Hypothesis: Some children in the forest pass by a plastic triceratops.",,neutral,1,3,neutral|neutral|neutral|neutral,32,"[3, 4]"
"Premise: a brown dog with a yellow toy in his mouth is jumping off the grassy ground
Hypothesis: The black dog has a red toy.","Premise: a brown dog with a yellow toy in his mouth is jumping off the grassy ground because he is playful.
Hypothesis: The black dog has a red toy.",,neutral,2,0,contradiction,34,[]
"Premise: Two young musicians play from a stage.
Hypothesis: The stage is empty","Premise: Two young musicians play from a stage decorated with vintage microphones and a large music note banner, while the spotlight beams down on them, creating an atmosphere of excitement and nostalgia.
Hypothesis: The stage is empty",,contradiction,2,1,contradiction|neutral,20,[]
"Premise: a skier is throwing up snow as he skis off piste.
Hypothesis: A snowboarder takes a nap on the course.","Premise: A skier is happily skiing down a sunlit slope while a snowboarder is riding a halfpipe nearby.
Hypothesis: A snowboarder takes a nap on the course.",,entailment,2,1,entailment|contradiction,34,[]
"Premise: A large African American man sitting on a camping chair.
Hypothesis: the large black man is running a race","Premise: A large African American man sitting on a camping chair in a bustling city square, engaged in an animated conversation with a group of friends while gesturing excitedly towards the vibrant street performers ahead.
Hypothesis: the large black man is running a race",,contradiction,2,5,contradiction|contradiction|contradiction|contradiction|contradiction|neutral,27,[]
"Premise: In front of a brick house with a straw roof and some figures, three children stand, two of them holding squares of blackboard.
Hypothesis: The children are outdoors","Premise: In front of a wooden house with a tile roof and no figures, three children pretend to be teachers inside.
Hypothesis: The children are outdoors",,neutral,0,0,contradiction,39,[]
"Premise: Everyone on the street in the city seem to be busy doing their own thing.
Hypothesis: The people are watching what is happening.","Premise: Everyone on the street in the city seems to be deeply absorbed in their own individual pastimes, ranging from engaging in animated conversations, trying new street food, and snapping photos of interesting landmarks.
Hypothesis: The people are watching what is happening.",,contradiction,2,2,contradiction|contradiction|neutral,32,[2]
"Premise: A little blond boy is playing doctor with red, blue, and yellow toy gear.
Hypothesis: Boy pretending to be a doctor.","Premise: A little blond boy is enthusiastically conducting a science experiment, carefully measuring ingredients in a large beaker with concentration etched on his youthful face.
Hypothesis: Boy pretending to be a doctor.",,contradiction,0,2,contradiction|contradiction|neutral,32,[]
"Premise: A man is laid back in front of a tv.
Hypothesis: he is watching the news","Premise: A man is deeply asleep on the couch, missing the show that's playing on the TV.
Hypothesis: he is watching the news",,neutral,1,0,contradiction,24,[]
"Premise: Young person in black next to an older person in black and white polka dot.
Hypothesis: A young person is standing next to a relative.","Premise: A young person in black next to an older person in black and white polka dot is actually wearing a different color costume.
Hypothesis: A young person is standing next to a relative.",,neutral,1,0,contradiction,35,[]
"Premise: A photographer is using a tripod to take a picture of a sunset.
Hypothesis: The photographer is holding the camera in his hands.","Premise: A photographer is meticulously adjusting their camera equipment on a rocky outcrop, aiming at a distant mountain range in the early morning light, ensuring the shot captures the first blush of dawn.
Hypothesis: The photographer is holding the camera in his hands.",,contradiction,2,4,contradiction|contradiction|contradiction|contradiction|neutral,32,[]
"Premise: A group of people are in a rowboat in the ocean surrounded by seagulls.
Hypothesis: A group of people are rowing towards some islands while one of them fishes.","Premise: A group of people are seated comfortably on a deck chair arrangement in a serene rowboat on a calm lake, basking in the sun and enjoying a peaceful picnic with a spread of sandwiches, fruit, and a frisbee, with no particular destination in mind, as they are joined by a family of friendly wild ducks exploring close by, completely immersed in the moment of tranquility and companionship.
Hypothesis: A group of people are rowing towards some islands while one of them fishes.",,contradiction,1,2,contradiction|contradiction|neutral,42,[]
"Premise: A woman sitting in an office.
Hypothesis: A women outside","Premise: A woman sitting in an office surrounded by stacks of paperwork, deeply concentrated as she meticulously reviews each document for accuracy while her colleagues discuss a project in the background, unaware of her focus.
Hypothesis: A women outside",,contradiction,2,4,contradiction|contradiction|contradiction|contradiction|neutral,18,[]
"Premise: 2 women and 2 girls crossing the road
Hypothesis: A group of girls and women are laughing as they cross the road.","Premise: 2 women and 2 girls are happily dancing on the road after successfully crossing it.Premise: 2 women and 2 girls are crying as they fail to cross the road.
Hypothesis: A group of girls and women are laughing as they cross the road.",,neutral,1,2,neutral|neutral|contradiction,33,[]
"Premise: Two construction workers climbing the steel ribbed exterior of a new building at their work site.
Hypothesis: Two workers are climbing a building.","Premise: Two construction workers are safely inside their truck, protected from the rain while enjoying lunch instead of climbing the steel ribbed exterior of a new building at their work site, as they are actually taking a break due to unforeseen safety hazards that prevent them from working on the dangerous exterior.
Hypothesis: Two workers are climbing a building.",,neutral,0,5,neutral|neutral|neutral|neutral|neutral|neutral,33,[]
"Premise: A white dog with brown spots running on a dirt path
Hypothesis: A dog runs on a path.","Premise: A white dog with brown spots is standing still on a dirt path
Hypothesis: A dog runs on a path.",,neutral,0,0,contradiction,27,[]
"Premise: A man in a khaki jacket and ball cap walks down the street.
Hypothesis: The man is walking to the supermarket.","Premise: A man in a khaki jacket and ball cap walks down the street on his way to the supermarket.
Hypothesis: The man is walking to the supermarket.",,contradiction,1,0,neutral,31,[]
"Premise: A young woman dressed up semi-formally is reading book and drinking in the sun, seated on a bench.
Hypothesis: A young woman is running through the waves.","Premise: A young woman dressed up semi-formally is reading book and drinking in the sun, seated calmly on a bench.
Hypothesis: A young woman is running through the waves.",,contradiction,2,0,entailment,39,[]
"Premise: A big dog catches a ball on his nose
Hypothesis: A big dog is sitting down while trying to catch a ball","Premise: A big dog is chasing a ball but missing it completely.
Hypothesis: A big dog is sitting down while trying to catch a ball",,neutral,1,2,neutral|neutral|contradiction,30,[]
"Premise: A child making a sand castle on the beach.
Hypothesis: A child on a beach.","Premise: A child painstakingly constructs a sand castle on the beach, but moments later, a massive wave crashes down and completely obliterates it before any recovery can be made, leaving the child in tears and another child watching in disbelief.
Hypothesis: A child on a beach successfully builds a sand castle that remains standing all day.",,neutral,0,5,neutral|neutral|neutral|neutral|neutral|neutral,24,[]
"Premise: A female in the middle of a vehicle is holding a camera and is pointing it towards the backseat.
Hypothesis: A girl is inside a vehicle.","Premise: A female is outside a vehicle pointing a camera towards the backseat, which is clearly not inside the vehicle.
Hypothesis: A girl is inside a vehicle.",,neutral,0,5,neutral|neutral|neutral|neutral|neutral|neutral,36,[]
"Premise: Two men climbing on a wooden scaffold.
Hypothesis: Two sad men climbing on a wooden scaffold.","Premise: Two men happily climbing on a wooden scaffold.
Hypothesis: Two sad men climbing on a wooden scaffold.",,neutral,1,0,contradiction,25,[]
"Premise: A young african child in a dirty yellow shirt carrying a bag on his head.
Hypothesis: A young African child playing soccer.","Premise: A young African child in a dirty yellow shirt carrying a bag on his head is taking a nap.
Hypothesis: A young African child playing soccer.",,entailment,2,0,contradiction,31,[]
"Premise: A small child in a red jacket is sitting on a man's shoulders and holding his head.
Hypothesis: Th small child is watching a performance.","Premise: A small child in a red jacket is exploring an art gallery with their parent, completely engrossed in a nearby painting, while sitting on their parent's shoulders for a better view.
Hypothesis: Th small child is watching a performance.",,contradiction,1,1,contradiction|neutral,35,[]
"Premise: There is a person walking down a tree lined street with snow scattered about.
Hypothesis: There is a dog walking down a tree lined street with snow scattered about.","Premise: There is a person walking a dog down a tree lined street with snow scattered about.
Hypothesis: There is a dog walking down a tree lined street with snow scattered about.",,entailment,2,0,neutral,38,[]
"Premise: Four young men stare up at a basketball hoop with no net, in an outdoor, urban basketball court.
Hypothesis: A group of women playing basketball in a gym.","Premise: Four young men in jogging suits stare up at a basketball hoop with no net, contemplating the lack of structure in their daily routine, on an empty, forgotten outdoor, urban basketball court amidst urban sprawl.
Hypothesis: A group of women playing basketball in a gym.",,contradiction,2,0,entailment,39,[]
"Premise: A white man in a blue uniform is pushing away a black man in a red uniform while the two play soccer on a green field.
Hypothesis: A woman says Hi to another woman at the grocery store.","Premise: A heated soccer match takes place on a vast, green field with a white man in a blue uniform aggressively pushing a black man in a red uniform. Nearby, at the entrance of the grocery store adjacent to the field, two women in casual clothing exchange friendly greetings, illustrating an interaction that's distinctly separated from the physical activity on the soccer field.
Hypothesis: A woman says Hi to another woman at the grocery store.",,contradiction,2,4,contradiction|contradiction|contradiction|contradiction|neutral,47,[]
"Premise: A child wearing a red top is standing behind a blond headed child sitting in a wheelbarrow.
Hypothesis: A child wearing a red top is standing behind a pretty blond headed child","Premise: A child wearing a red top is running away from a blond headed child seated in a stationary wheelbarrow.
Hypothesis: A child wearing a red top is standing behind a pretty blond headed child",,neutral,1,4,neutral|neutral|neutral|neutral|contradiction,42,[4]
"Premise: A man is working on a Earthen structure with a pickaxe.
Hypothesis: The man is in an office building.","Premise: A man is skillfully working on an intricate earthen creation, delicately swinging a pickaxe outdoors against the soil in a sunlit field, clearly demonstrating the labor of craftsmanship in natural materials.
Hypothesis: The man is inside an office building.",,contradiction,2,1,contradiction|entailment,30,[]
"Premise: Four men stand in a circle facing each other playing brass instruments which people watch them.
Hypothesis: The men are playing music","Premise: Four men stand in a circle facing each other playing brass instruments quietly, making no sound as they pretend to play for an audience watching them laughingly, clearly indicating they are not actually playing music.
Hypothesis: The men are playing music",,neutral,0,5,neutral|neutral|neutral|neutral|neutral|neutral,30,[]
"Premise: People dresses in business clothing are walking by while one man with a tie on is standing still and talking on his cellular phone.
Hypothesis: The people are dressed in business clothing.","Premise: People in casual attire are walking by while one woman with a scarf on is sitting on a bench talking on her cellphone, contradicting the initial observation that everyone is dressed in formal business clothing for an office event.
Hypothesis: The people are dressed in business clothing.",,neutral,0,5,neutral|neutral|neutral|neutral|neutral|neutral,41,[]
"Premise: A brown dog jumps over an obstacle.
Hypothesis: The dog is in a pool.","Premise: A brown dog performs an impressive jump over a hurdle during a championship event in an urban park, with a crowd cheering in the background.
Hypothesis: The dog is in a pool.",,contradiction,2,2,contradiction|contradiction|neutral,23,[2]
"Premise: A birthday party for many little people to enjoy.
Hypothesis: Children enjoying a birthday party.","Premise: A birthday party strictly for adults, explicitly forbidding children, thus excluding the joy of little children enjoying their event.
Hypothesis: Children enjoying a birthday party.",,neutral,1,5,neutral|neutral|neutral|neutral|neutral|neutral,24,[]
"Premise: A cement worker is working on a new sidewalk outside of a clothing store.
Hypothesis: A worker is working on a new sidewalk outside of a restuarant.","Premise: A cement worker is working diligently on a new sidewalk construction project near a bustling park, where children laugh and play in the background, completely absorbed in their own world, far from the focus of the worker.
Hypothesis: A worker is working on a new sidewalk outside of a restuarant.",,contradiction,2,1,contradiction|neutral,38,[]
"Premise: Four men and a young boy are at a table set up for wood crafts.
Hypothesis: Five total people are near a table with objects on it.","Premise: Four men and a young boy are at a table set up for wood crafts but are actually engaged in a heated debate about philosophy instead of doing crafts.
Hypothesis: Five total people are near a table with objects on it.",,neutral,0,4,neutral|neutral|neutral|neutral|neutral,36,[2]
"Premise: An Indian woman is dancing with her partner.
Hypothesis: A woman has dark skin.","Premise: An Indian woman is dancing joyously at a vibrant cultural festival in Mumbai, celebrating the diversity of India's festivals with a fusion of traditional and modern dance moves.
Hypothesis: A woman has dark skin.",,contradiction,1,2,contradiction|contradiction|neutral,23,[]
"Premise: The man is sweeping with a red broom.
Hypothesis: The man is dancing with a woman","Premise: The man is energetically dancing with a woman while wearing a janitor's uniform and holding a dustpan, contrary to sitting still and holding a broom.
Hypothesis: The man is dancing with a woman",,entailment,2,2,entailment|entailment|neutral,25,[]
"Premise: People with bags walk along a dirt road in front of a green building.
Hypothesis: People are walking outside.","Premise: People with bags walk along a dirt road in front of a green building on a sunny day inside a shopping mall.
Hypothesis: People are walking outside.",,neutral,0,4,neutral|neutral|neutral|neutral|entailment,28,[]
"Premise: An elderly woman wearing a skirt is picking out vegetables at a local market.
Hypothesis: This woman is on a shopping trip.","Premise: An elderly woman wearing a skirt is selecting produce from various stalls at a bustling community festival, with a vendor playing lively music in the background.
Hypothesis: This woman is on a shopping trip.",,contradiction,0,1,contradiction|neutral,31,[]
"Premise: A group of ladies sit around a black table in front of a brick wall with a building in the background.
Hypothesis: The ladies are standing up for a picture.","Premise: A group of ladies sit down at a wooden table inside a cozy cafe.
Hypothesis: The ladies are standing up for a picture.",,neutral,-1,0,entailment,39,[]
"Premise: Two men spar in martial arts gear.
Hypothesis: There are multiple people present.","Premise: Two men are practicing yoga in complete solitude.
Hypothesis: There are multiple people present.",,neutral,0,4,neutral|neutral|neutral|neutral|neutral,22,[1]
"Premise: A woman player in white and black, sends the volleyball over the net, while the opposing team in navy blue, tries to block it, as the coach and a few spectators watch, in a gym.
Hypothesis: The gym is old","Premise: A woman player in white and black, sends the volleyball over the net, while the opposing team in navy blue, tries to block it, as the coach and a few excited fans attentively observe the intense match in a grand, newly opened sports complex.
Hypothesis: The gym is old",,contradiction,1,1,contradiction|neutral,53,[]
"Premise: A man with a blue helmet and orange shirt.
Hypothesis: A man wears a helmet.","Premise: A man without a helmet and wearing a shirt.
Hypothesis: A man wears a helmet.",,neutral,0,5,neutral|neutral|neutral|neutral|neutral|neutral,24,[]
"Premise: A man in a white and gray shirt looks on as a shirtless man with a mustache cleans fish on a pale green table.
Hypothesis: The man is cleaning the fish that he caught so he can cook it.","Premise: A man in a white and gray shirt looks on while a chef with a mustache prepares a gourmet meal in a bustling kitchen for a group of food critics during a cooking show broadcast live on national television.
Hypothesis: The man is cleaning the fish that he caught so he can cook it.",,contradiction,1,5,contradiction|contradiction|contradiction|contradiction|contradiction|contradiction,50,[]
"Premise: A man on stage in the act of jumping, with a little boy in the background really enjoying it.
Hypothesis: A boy watches boats on a lake.","Premise: A man is sitting on stage while a little boy in the front appears bored and looks away.
Hypothesis: A boy watches boats on a lake.",,neutral,2,3,neutral|neutral|neutral|contradiction,37,[]
"Premise: Man with beard doing skateboarding stunt
Hypothesis: A clean shaven man skateboards.","Premise: A clean-shaven man successfully performs an elaborate skateboarding stunt, contradicting the statement that a bearded man fails to land any skateboarding trick.
Hypothesis: A clean shaven man skateboards.",,neutral,2,5,neutral|neutral|neutral|neutral|neutral|neutral,24,[]
"Premise: A woman in a blue top and pencil skirt walks by a balding man in a pinstriped suit.
Hypothesis: They know each other.","Premise: A woman in a blue top and pencil skirt is waiting in line at the local library, while a balding man in a pinstriped suit browses through a stack of books in the next aisle.
Hypothesis: They know each other.",,contradiction,1,4,contradiction|contradiction|contradiction|contradiction|contradiction,36,[2]
"Premise: Many women trying out and looking at laptops in a Walmart.
Hypothesis: Women are shopping at safeway for lamb chops.","Premise: Many women are in Walmart examining and comparing different laptop models.
Hypothesis: Women are shopping at safeway for lamb chops.",,contradiction,2,0,entailment,30,[]
"Premise: An older gentlemen in a hat and glasses holding a baby who is wrapped in a towel.
Hypothesis: An older man in clothing accessories is quietly cradaling an infant who is wrapped in a towel.","Premise: An older gentlemen is attacking a baby who is wrapped in a towel.
Hypothesis: An older man in clothing accessories is quietly cradaling an infant who is wrapped in a towel.",,neutral,1,0,contradiction,46,[]
"Premise: A dog and a cat are swimming in a swimming pool.
Hypothesis: Two animals are swimming.","Premise: A dog and a cat are sitting on a couch, scared of water, far away from a swimming pool.
Hypothesis: Two animals are swimming.",,neutral,0,1,neutral|entailment,25,[]
"Premise: An Asian man walks a three-wheeled pedal card fully of white bags.
Hypothesis: An Asian man walks his dog on a rainy afternoon.","Premise: An Asian man skillfully maneuvers a three-wheeled pedal cart, heavy with an assortment of white shopping bags, on a wet, bustling city sidewalk, evidently rushing to the nearby grocery store after completing his workday, with no pet companion in sight, emphasizing his practical errand over leisurely dog-walking on a rainy afternoon.
Hypothesis: An Asian man walks his dog on a rainy afternoon.",,contradiction,2,5,contradiction|contradiction|contradiction|contradiction|contradiction|contradiction,35,[]
"Premise: A man falling off a bull as the animal jumps into the air.
Hypothesis: A boy struggles to hold on to a bull as it twirls and jumps.","Premise: A man firmly holding onto a bull as it calmly stands in a field.
Hypothesis: A boy struggles to hold on to a bull as it twirls and jumps.",,neutral,-1,3,neutral|neutral|neutral|entailment,39,[1]
"Premise: A clown performs in a park among other people.
Hypothesis: Someone is busking.","Premise: A clown in bright attire juggles in a peaceful suburban square as children laugh and old folks watch, enjoying the unexpected free entertainment on a quiet afternoon.
Hypothesis: Someone is busking.",,contradiction,-1,1,contradiction|neutral,23,[]
"Premise: A young man blew up balloons to craft into animals for the seven excited children that looked on.
Hypothesis: The children watch the man make dogs and giraffes out of balloons","Premise: A young man blew up balloons for a birthday party, crafting various shapes while seven excited children watched, none specifically seeing dogs or giraffes, as the young man focused on creating abstract patterns and animals not limited to dogs and giraffes.
Hypothesis: The children watch the man make dogs and giraffes out of balloons",,contradiction,0,1,contradiction|neutral,41,[]
"Premise: Two girls playing catch on a lawn
Hypothesis: Two girls are walking beside a pond with ducks and swans.","Premise: Two girls are playing catch on a lawn during a summer day, completely engrossed in their playful competition, while the ducks and swans in the nearby pond continue about their day, unnoticed by the girls.
Hypothesis: Two girls are walking beside a pond with ducks and swans.",,contradiction,2,4,contradiction|contradiction|contradiction|contradiction|neutral,29,[]
"Premise: A man wearing glasses and a ragged costume is playing a Jaguar electric guitar and singing with the accompaniment of a drummer.
Hypothesis: Two men are playing frisbee in the park.","Premise: A man wearing glasses and a ragged costume is playing a Jaguar electric guitar and singing passionately with the accompaniment of a drummer in a music studio.
Hypothesis: Two men are playing frisbee in the park.",,contradiction,2,0,entailment,45,[]
"Premise: A girl with a blue shirt and a girl with a striped shirt stand next to a girl with a green shirt sitting in a chair.
Hypothesis: The three girls are arm wrestling in China town.","Premise: A girl with a blue shirt and a girl with a striped shirt are having a picnic in the park, while a girl with a green shirt is reading a book nearby.
Hypothesis: The three girls are arm wrestling in China town.",,contradiction,2,4,contradiction|contradiction|contradiction|contradiction|neutral,45,[3]
"Premise: a skier is throwing up snow as he skis off piste.
Hypothesis: A skier skis.","Premise: A skier is throwing up snow as he skis off piste, but he is actually sitting in a chair by a fire pit having a hot cocoa.
Hypothesis: A skier skis.",,neutral,0,2,neutral|neutral|entailment,29,[]
"Premise: The child is hanging upside down with his legs over a pole.
Hypothesis: The child is athletic.","Premise: The child is hanging upside down with his legs tangled in a net and clearly frightened.
Hypothesis: The child is athletic.",,neutral,1,0,contradiction,26,[]
"Premise: Three people are dressed in costumes and playing musical instruments.
Hypothesis: The people are playing at a festival.","Premise: Three people are dressed in costumes and playing musical instruments in a small park during an afternoon event.
Hypothesis: The people are playing at a festival.",,contradiction,1,1,contradiction|neutral,27,[]
"Premise: A skier goes down a hill with a mountain as a backdrop.
Hypothesis: A skier going down the bunny hill.","Premise: A skier effortlessly glides down a gentle slope with a picturesque mountain backdrop in the background.
Hypothesis: A skier going down the bunny hill.",,neutral,1,3,neutral|neutral|neutral|neutral,31,"[4, 5]"
"Premise: Two boys, surrounded by paper pieces, hold a third boys shirt to prevent him from grabbing a bag.
Hypothesis: The friends are playing with paper and bags.","Premise: Two boys, deeply engrossed in a heated debate over a favorite book, hold a third boy's shirt to prevent him from grabbing a bag of snacks from their shared shelf during a study session at the library.
Hypothesis: The friends are collaborating on a literature club project and taking a break to discuss their favorite books.",,contradiction,1,5,contradiction|contradiction|contradiction|contradiction|contradiction|contradiction,38,[]
"Premise: A little girl drawing with chalk, on a chalkboard.
Hypothesis: A little girl is drawing on the board during class.","Premise: A little girl drawing with chalk, ignoring her art class, on a dirty sidewalk.
Hypothesis: A little girl is drawing on the board during class.",,neutral,1,0,contradiction,31,[]
"Premise: A busy street with building lined up and people walking down the street outside and nighttime.
Hypothesis: People lined up","Premise: A quiet street with empty spaces where buildings should be and no people in sight at daytime.
Hypothesis: There are a lot of people walking down the street.",,neutral,-1,2,neutral|neutral|contradiction,28,[]
"Premise: Two girls holding bags walking down the sidewalk.
Hypothesis: Two women are enjoying an afternoon of shopping.","Premise: Two girls holding bags walking down the sidewalk wearing raincoats and carrying umbrellas, clearly having a miserable time due to the rain, chatting gloomily about how much they dislike shopping.
Hypothesis: Two women are enjoying an afternoon of shopping.",,neutral,1,3,neutral|neutral|neutral|contradiction,26,[]
"Premise: Two men are sitting on a couch.
Hypothesis: Two men are standing outside.","Premise: Two men are sitting on a couch inside, with dark curtains drawn and no signs of windows or outdoors.Premise: Two men are standing outside in a completely different setting.
Hypothesis: Two men are standing outside.",,entailment,2,4,entailment|entailment|entailment|entailment|entailment,22,[2]
"Premise: A man visiting a friend in the hospital.
Hypothesis: A man in a hospital receives a visiting friend.","Premise: A man is avoiding a friend in the hospital because he doesn't want to deal with hospital visit emotions.
Hypothesis: A man in a hospital receives a visiting friend.",,neutral,0,0,contradiction,27,[]
"Premise: A man holding a pink cooler is talking to an older woman.
Hypothesis: A man offers a woman a beer.","Premise: A man holding a pink cooler is talking to an older woman about the latest news headline.
Hypothesis: A man offers a woman a beer.",,contradiction,1,5,contradiction|contradiction|contradiction|contradiction|contradiction|contradiction,29,[]
"Premise: A man is giving a presentation.
Hypothesis: the man is not talking","Premise: A man is quietly sitting alone, with no microphone or audience in sight.
Hypothesis: the man is not talking",,neutral,2,3,neutral|neutral|neutral|neutral,20,"[1, 3]"
"Premise: A musician playing a guitar and harmonica singing a song with ""Whatever it Takes"" written on his guitar.
Hypothesis: The musician is playing the drums.","Premise: A musician playing a guitar and harmonica, while juggles small instruments, singing a song with ""Whatever it Takes"" written on his guitar.
Hypothesis: The musician is playing the drums.",,entailment,2,0,contradiction,37,[]
"Premise: A man in a red plaid shirt using a bull horn to talk to a crowd of people.
Hypothesis: a man is a comedian","Premise: A man in a red plaid shirt using a bull horn to announce the start of a local theater play where amateur comedians showcase their acts.Premise: A man in a red plaid shirt using a bull horn to announce the closing time of a busy bookstore.
Hypothesis: a man is a comedian",,contradiction,1,5,contradiction|contradiction|contradiction|contradiction|contradiction|contradiction,33,[]
"Premise: A woman in a low cut blue shirt is in a crowded room that looks smokey.
Hypothesis: Someone is in a field.","Premise: A woman in a low cut blue shirt is at a lively beachside party, interacting with friends and dancing to the music under the starry night sky while seagulls cry in the background.
Hypothesis: Someone is in a field.",,contradiction,2,4,contradiction|contradiction|contradiction|contradiction|neutral,32,[]
"Premise: A policeman on a motorcycle from the rear.
Hypothesis: An officer on a chopper.","Premise: A police officer skillfully maneuvers through a crowded downtown area on a sleek, state-of-the-art patrol motorcycle equipped with the latest technology, ensuring the safety of pedestrians while traffic flows around them.
Hypothesis: An officer on a chopper.",,contradiction,2,1,contradiction|entailment,24,[]
"Premise: A woman is sitting outside at a table, using a knife to cut into a sandwich.
Hypothesis: A woman is sitting inside.","Premise: A woman is sitting outside on a sunny day at a table crafted from reclaimed wood, meticulously using a knife to cut into a gluten-free, vegan sandwich she just made herself, while a friendly squirrel watches attentively nearby.
Hypothesis: A woman is sitting inside.",,entailment,2,0,contradiction,32,[]
"Premise: A group of people wait to cross the street in new york
Hypothesis: Group of people waiting to cross the street.","Premise: A group of people are actively running across the street in New York
Hypothesis: Group of people waiting to cross the street.",,neutral,0,0,contradiction,30,[]
"Premise: An oriental woman in glasses, shooting archery.
Hypothesis: The woman is older.","Premise: An oriental woman in glasses, displaying youthful exuberance while expertly shooting archery with a radiant face, contradicting the notion she is older.
Hypothesis: The woman is older.",,neutral,-1,4,neutral|neutral|neutral|neutral|neutral,24,"[2, 4]"
"Premise: A little boy wearing a yellow, white and black striped shirt is whispering a secret to a little girl wearing a white long sleeved-shirt.
Hypothesis: The little boy is good friends with the girl.","Premise: A little boy wearing a yellow, white and black striped shirt is whispering a secret to a little girl wearing a white long-sleeved shirt while their classmate, wearing a red jacket, is trying to eavesdrop unnoticed during a field trip to a historic mansion.
Hypothesis: The little boy is good friends with the girl.",,contradiction,1,4,contradiction|contradiction|contradiction|contradiction|contradiction,47,[2]
"Premise: A boy in blue shorts and a t-shirt is poised to hit a tennis ball with a racket.
Hypothesis: A boy wearing blue shorts and a t-shirt is playing tennis with his friend.","Premise: A boy in blue shorts and a t-shirt is poised to hit a tennis ball with a racket, completely alone and without a single friend around.
Hypothesis: A boy wearing blue shorts and a t-shirt is playing tennis with his friend.",,neutral,1,5,neutral|neutral|neutral|neutral|neutral|neutral,44,[]
"Premise: The girl wearing a brown jacket whilst walking in snow.
Hypothesis: The girl is walking outside.","Premise: The girl is sitting inside, far away from any snow.
Hypothesis: The girl is walking outside.",,neutral,0,0,entailment,25,[]
"Premise: A man is talking on a cellphone while filling his car with gas.
Hypothesis: A man talks to his boss while getting gas for his car.","Premise: A man is talking on a cellphone while filling his car with gas at a bustling beachside station, enthusiastically engaging in a debate about the latest football game with a passerby who stops for a quick fill-up.
Hypothesis: A man talks to his boss while getting gas for his car.",,contradiction,1,3,contradiction|contradiction|contradiction|neutral,35,[]
"Premise: Four people and a baby are crossing the street at a crosswalk.
Hypothesis: People and a baby riding the bus.","Premise: Four people and a baby are crossing the street at a crosswalk, but a bus is stopped halfway blocking their path.
Hypothesis: People and a baby riding the bus.",,entailment,2,4,entailment|entailment|entailment|entailment|contradiction,30,[]
"Premise: A snowboarder on a wide plain of snow
Hypothesis: A snow field with a snowboarder on it","Premise: A snowboarder on a wide plain of snow is wearing an unconventional outfit inspired by 80s pop culture, with neon colors and leg warmers, standing next to a hot chocolate stand run by aliens.
Hypothesis: A snow field with a snowboarder on it",,contradiction,0,0,neutral,29,[]
"Premise: Two girls are playing in the snow and throwing snowballs.
Hypothesis: The snowballs are from fresh snow.","Premise: Two girls are playing in the snow and throwing sand.
Hypothesis: The snowballs are from fresh snow.",,neutral,1,0,contradiction,28,[]
"Premise: A female camera operator is capturing some off-camera activity.
Hypothesis: A lady is taking a picture","Premise: A female camera operator is actively capturing footage of an on-camera performance while ignoring the off-camera activity entirely.
Hypothesis: A lady is taking a picture",,neutral,0,1,neutral|entailment,25,[]
"Premise: A baby girl and little boy are standing next to a guitar and a drum.
Hypothesis: The boy is alone in the bathtub on the moon.","Premise: A baby girl and a boy are nowhere near a guitar and a drum; instead, they are playing together in a park.
Hypothesis: The boy is alone in the bathtub on the moon.",,entailment,2,1,entailment|contradiction,35,[]
"Premise: Brown and cream dog with tongue out in front of grassy forest
Hypothesis: The dog is lying on the ground.","Premise: Brown and cream dog with tongue out in front of a grassy forest, clearly standing on its feet.
Hypothesis: The dog is lying down.",,neutral,2,3,neutral|neutral|neutral|entailment,30,[]
"Premise: couples enjoying a meal, while a bunch of dogs take a nap.
Hypothesis: SOME ANIMALS ARE ASLEEP","Premise: couples enjoying a meal in a cozy dining room, while their playful cats nap contentedly on a sunny windowsill.
Hypothesis: SOME ANIMALS ARE ASLEEP",,contradiction,0,4,contradiction|contradiction|contradiction|contradiction|contradiction,29,[2]
"Premise: A man holding a baby who is petting a pony.
Hypothesis: A man who kidnap a baby is petting a pony.","Premise: A man in an eccentric costume at a carnival, holding a rubber chicken, while balancing a cake on his head, as children laugh and take pictures in the background.
Hypothesis: A man who kidnap a baby is petting a pony.",,contradiction,1,4,contradiction|contradiction|contradiction|contradiction|contradiction,33,[2]
"Premise: A woman on the sidewalk blocks the sun from her eyes to peer down the street.
Hypothesis: A woman covers part of her face.","Premise: A woman on the sidewalk peers curiously at a street performance, momentarily blocking the sun with her hand, captivated by the clowns juggling nearby.
Hypothesis: A woman covers part of her face.",,contradiction,0,1,contradiction|neutral,33,[1]
"Premise: A brown and white dog holds a tennis ball in his mouth.
Hypothesis: A dog mouth holds a retrieved ball.","Premise: A brown and white dog is sleeping soundly on the couch with a tennis ball in its mouth, whereas the dog's mouth in the hypothesis is empty.
Hypothesis: A dog mouth holds a retrieved ball.",,neutral,0,3,neutral|neutral|neutral|neutral,29,"[3, 4]"
"Premise: A man in a red shirt is learning how to climb a cliff.
Hypothesis: A man is playing videogames.","Premise: A man in a red shirt is taking a rock-climbing class, focusing intently on the climbing instructor's demonstration.
Hypothesis: A man is playing videogames.",,contradiction,2,0,neutral,29,[]
"Premise: Two men in workers' gear and colorful hard hats standing on board what appears to be a large ship, next to some very large machinery.
Hypothesis: two men are sitting by the pool next to machinery on the boat","Premise: Two men in workers' gear and colorful hard hats are swimming in a pool next to luxury loungers and palm trees, far away from any ship or machinery.
Hypothesis: two men are sitting by the pool next to machinery on the boat",,neutral,2,2,neutral|neutral|entailment,49,[]
"Premise: A man holding a sign of a rainbow elephant.
Hypothesis: The donkey sign is smeared with paint.","Premise: A man is holding a rainbow elephant sign, which is clearly visible and shows no signs of being smeared with paint.
Hypothesis: The donkey sign is smeared with paint.",,contradiction,2,0,entailment,28,[]
"Premise: A man and a young girl swimming.
Hypothesis: a man and girl swim","Premise: A man and a young girl are sitting on the shore, avoiding the water because they can't swim.
Hypothesis: a man and girl swim",,neutral,0,2,neutral|neutral|contradiction,21,[]
"Premise: A child in a maroon shirt playing next to a fountain.
Hypothesis: The child is at play.","Premise: A child in a maroon shirt sitting next to a brightly colored fountain in a bustling park, watching other children play nearby while holding a plastic bucket and spade, awaiting their turn to splash around in the water.
Hypothesis: The child is at play.",,contradiction,0,2,contradiction|contradiction|neutral,27,[]
"Premise: Four small children playing in the courtyard of a large building made out of clay or sand.
Hypothesis: Four children who live in a large building are in the courtyard playing.","Premise: Four small children are playing in the courtyard of a large building made out of concrete.
Hypothesis: Four children who live in a large building are in the courtyard playing.",,neutral,1,0,contradiction,40,[]
"Premise: Six rescuers cooperate to place an injured man on a transport device in snowy, mountainous terrain.
Hypothesis: six people act to save a seventh who is injured","Premise: Six rescuers ignore an injured man and walk away without providing any aid in snowy, mountainous terrain, clearly indicating their inaction contradicts the hypothesis that they acted to save him.
Hypothesis: six people act to save a seventh who is injured",,neutral,0,5,neutral|neutral|neutral|neutral|neutral|neutral,38,[]
"Premise: A woman sits on a rug next to a shirtless boy who is looking in the direction of a checkers board that includes several pieces.
Hypothesis: A woman and her son play the third of a best of three checkers tournament.","Premise: A woman sits on a colorful rug next to a boy wearing a dinosaur costume, engrossed in an intense discussion about the latest scientific theories, as they sit in their classroom during a free-form learning session.
Hypothesis: They are planning a picnic for the next sunny day.",,contradiction,1,4,contradiction|contradiction|contradiction|contradiction|contradiction,53,[2]
"Premise: A young girl with a purple shirt and a pink hair band standing near the woods.
Hypothesis: A little girl in a pink shirt is ready to run in the woods.","Premise: A young girl with a purple shirt and a pink hair band is playing with her stuffed animals on a blanket spread on a lush green lawn, surrounded by colorful flower beds and a toddler-sized slide, while her parents set up a sunshade nearby in a quiet, suburban backyard.
Hypothesis: A little girl in a pink shirt is ready to run in the woods.",,contradiction,1,3,contradiction|contradiction|contradiction|neutral,40,[]
"Premise: the white dog is carrying a ball in its mouth.
Hypothesis: The dog is running with a ball in its mouth.","Premise: The white dog is holding a ball tightly in its mouth as it stands completely still in the middle of a quiet, deserted alleyway.
Hypothesis: The dog is running with a ball in its mouth.",,neutral,1,4,neutral|neutral|neutral|neutral|neutral,30,[1]
"Premise: two people riding their bikes down a street together.
Hypothesis: A couple ride their bikes on a date.","Premise: Two people riding bikes toward each other on a wide urban boulevard during a community event.
Hypothesis: A couple ride their bikes on a date.",,contradiction,1,4,contradiction|contradiction|contradiction|contradiction|contradiction,27,[1]
"Premise: Blue, red, yellow, and white are the dominant colors of a picture of two police vehicles outside of what looks like a smoke roll playing vehicle, a motorcycle in between the two cars with 6 people in the picture.
Hypothesis: There are two police vehicles in the photo.","Premise: The photo shows a solitary broken-down police vehicle with no bystanders, set against a backdrop of an empty parking lot, instead of a smoke roll playing vehicle, a motorcycle, or any people.
Hypothesis: There are two police vehicles in the photo.",,neutral,0,4,neutral|neutral|neutral|neutral|neutral,62,[5]
"Premise: people are sitting on a bench in front of buildings.
Hypothesis: Some people are seated on a bench outside.","Premise: People are actively running away from a bench in front of buildings.
Hypothesis: Some people are seated on a bench outside.",,neutral,0,1,neutral|entailment,28,[]
"Premise: A woman in a striped shirt is walking a horse across a street.
Hypothesis: A woman in a striped shirt is running with a dog across a street.","Premise: A woman in a striped shirt is walking a horse calmly across a street, contrary to the chaos of a motorcycle zooming by and a woman simultaneously running with a dog across the same road.
Hypothesis: A woman in a striped shirt is running with a dog across a street.",,entailment,2,2,entailment|entailment|neutral,37,[]
"Premise: A man in a blue shirt touches his head while talking to two women outdoors.
Hypothesis: three people talk","Premise: A man in a blue shirt is alone in a room, talking to himself.
Hypothesis: three people talk",,neutral,0,0,contradiction,27,[]
"Premise: A couple stands at the top of a flight of outdoor stairs kissing one another.
Hypothesis: A couple stands near some stairs.","Premise: A couple stands at the bottom of a flight of outdoor stairs, tightly holding hands and smiling peacefully.
Hypothesis: A couple stands near some stairs.",,neutral,0,1,neutral|contradiction,31,"[1, 2, 3, 4]"
"Premise: A woman with a navy sweater is looking through a blue telescope at a statue of a dinosaur.
Hypothesis: The woman is watching television","Premise: A woman with a navy sweater is intently examining a statue of a dinosaur through a high-powered blue telescope, her eyes reflecting a deep sense of awe and scientific fascination, which leads directly to her not being engaged in watching television at the moment.
Hypothesis: The woman is watching television",,contradiction,2,2,contradiction|contradiction|neutral,32,[]
"Premise: There are many people in a large room with a lot of furniture with tags on them.
Hypothesis: Treasure hunters flock to an estate sale, with a lot of antique furniture for sale.","Premise: There are many people in a large room assembling intricate model airplanes, deeply engrossed in their craft, while a popular hobbyist gives a live demonstration on advanced techniques.
Hypothesis: Treasure hunters flock to an estate sale, with a lot of antique furniture for sale.",,contradiction,1,5,contradiction|contradiction|contradiction|contradiction|contradiction|contradiction,43,[]
"Premise: A group of men playing music, the man holding a guitar is talking to a man with drums.
Hypothesis: A band plays salsa music.","Premise: A group of men playing music, the man holding a guitar is talking to a man with drums and they are performing rock music instead of salsa.
Hypothesis: A band plays salsa music.",,entailment,1,1,entailment|neutral,34,[]
"Premise: A man and a woman are showing their kid their little baby.
Hypothesis: A man shows off his baseball cards.","Premise: A man and a woman are showing their child their collection of vintage stamps.
Hypothesis: A man shows off his baseball cards.",,contradiction,2,4,contradiction|contradiction|contradiction|contradiction|contradiction,29,[5]
"Premise: A male wearing a football uniform kicking a football during a football game.
Hypothesis: A Dallas Cowboy player is trying to tie the playoff game.","Premise: A male wearing a football uniform fails to kick the football during a football game because he trips and falls to the ground before making contact.
Hypothesis: A Dallas Cowboy player is attempting to secure the victory in the playoff game by successfully scoring a crucial field goal.",,neutral,1,2,neutral|neutral|contradiction,34,[]
"Premise: A man standing on a street with a suitcase in front of him while another man bends down to look at what is displayed on top of it.
Hypothesis: Two men lie on tables in the morgue.","Premise: A man standing on a street with a suitcase in front of him while another man picks something up from the suitcase.
Hypothesis: Two men lie on tables in the morgue.",,entailment,2,2,entailment|entailment|contradiction,48,[]
"Premise: A group of students are walking through the campus.
Hypothesis: A group of people sit at home","Premise: A group of students are walking through the campus on a sunny day.
Hypothesis: A group of people sit at home alone",,entailment,2,1,entailment|contradiction,25,[]
"Premise: A man on a skateboard performs a trick in the air against the backdrop of a bright blue sky.
Hypothesis: A man is riding a skateboard","Premise: A man on a skateboard is crashing on the ground against a dark, stormy sky with no visible sky at all.Premise: A man is riding a skateboard
Hypothesis: A man is riding a skateboard",,neutral,0,4,neutral|neutral|neutral|neutral|neutral,34,[1]
"Premise: A plane flies overhead as military men stand at attention, a flag blows in the wind as a lady in red stares out towards the camera.
Hypothesis: A military event is taking place.","Premise: A serene beach scene where carefree sunbathers enjoy a quiet afternoon, with no signs of military activity and children playing happily in the sand as a small, civilian aircraft harmlessly flies overhead.
Hypothesis: A military event is taking place.",,neutral,0,5,neutral|neutral|neutral|neutral|neutral|neutral,43,[]
"Premise: A man in a blue shirt and a woman in a pink skirt sit around other people in the background.
Hypothesis: There are some people doing the limbo.","Premise: A man in a blue shirt and a woman in a pink skirt are seen dancing together at a crowded party.
Hypothesis: There are some people doing the limbo.",,neutral,2,5,neutral|neutral|neutral|neutral|neutral|neutral,38,[]
"Premise: Two teens trying to win a prize at a carnival.
Hypothesis: The two teens were doing homework at home.","Premise: Two teens trying to win a prize at a carnival, while they are known to be at home doing homework.
Hypothesis: The two teens were doing homework at home.",,entailment,2,1,entailment|contradiction,28,[]
"Premise: Asian people about to perform animal balloons.
Hypothesis: dog looks at the pond","Premise: Asian performers are showcasing their artistic balloon sculptures of various animals, among them a lifelike depiction of a dog, in a busy urban square near a pond where a real dog has wandered over, captivated by the moving sculptures and particularly by the one that resembles its real-life counterpart.
Hypothesis: the dog looks at the artists",,contradiction,2,5,contradiction|contradiction|contradiction|contradiction|contradiction|contradiction,21,[]
"Premise: A schoolgirl is jumping over a low hurdle.
Hypothesis: A girl is jumping over a hurdle.","Premise: A schoolgirl is not jumping over a hurdle because she is concentrating on her math homework at her desk.
Hypothesis: A girl is jumping over a hurdle.",,neutral,0,1,neutral|contradiction,26,[]
"Premise: A man in a purple jersey is falling down while chasing a player in a green jersey playing soccer
Hypothesis: They give up and walk off the field","Premise: A man in a purple jersey remains on the ground, clearly injured after his fall while chasing a player in a green jersey playing soccer
Hypothesis: They give up and walk off the field",,neutral,2,2,neutral|neutral|entailment,36,[]
"Premise: A man wearing a black t-shirt that says ""Long Live the Dead"" pulls a shopping cart in the street near a NYC yellow taxi cab.
Hypothesis: The man just got done shopping.","Premise: A man wearing a black t-shirt that says ""Long Live the Dead"" is casually walking a poodle on a leash through the bustling streets of Times Square, New York City.
Hypothesis: The man is here for a solo hike and meditation session, far from any shopping centers or urban environments.",,contradiction,1,4,contradiction|contradiction|contradiction|contradiction|contradiction,44,[5]
"Premise: A man in bright shirt carrying a fallen branch.
Hypothesis: The man is sipping an ice tea in the shade of a huge maple tree.","Premise: A man in a bright shirt is energetically carrying a sizable fallen branch through his backyard after a long day, clearly heading towards the shade of a towering maple tree where a glass of ice tea awaits him, promising a well-deserved rest in a peaceful, leafy oasis.
Hypothesis: The man is sipping an ice tea in the shade of a huge maple tree.",,contradiction,2,4,contradiction|contradiction|contradiction|contradiction|contradiction,35,[5]
"Premise: There are a group of track runners bracing to take off.
Hypothesis: The track runners are sitting on an airplane","Premise: A group of track runners are in a tense, starting stance with muscles tensed and eyes fixed on the starting line, milliseconds away from the race beginning, which will test their speed and endurance.
Hypothesis: The track runners are comfortably seated on an airplane",,contradiction,2,4,contradiction|contradiction|contradiction|contradiction|neutral,30,[4]
"Premise: A woman wearing jeans is walking down the street.
Hypothesis: A woman is walking towards a bus stop.","Premise: A woman wearing jeans is exploring an antique shop, her eyes widening in surprise as she discovers a rare vintage watch in a dusty corner, completely forgetting about her walk and the bus stop she was initially heading towards.
Hypothesis: A woman is walking towards a bus stop.",,contradiction,1,4,contradiction|contradiction|contradiction|contradiction|contradiction,27,[3]
"Premise: Four young female gymnasts dressed in black and blue leotards are preparing for their next routine.
Hypothesis: Gymnast group preparing for a competition.","Premise: Four young female gymnasts dressed in black and blue leotards are practicing new routines in their private gym as they prepare for a school performance next weekend.
Hypothesis: Gymnast group preparing for a competition.",,contradiction,0,1,contradiction|neutral,37,[]
"Premise: Two people are setting up a photo shoot of a mobile in a white room.
Hypothesis: The people are photographers.","Premise: Two people are setting up elaborate props and checking lighting in a room equipped with professional photography gear, their attention absorbed in the setup for a high-profile shoot.
Hypothesis: The people are photographers.",,contradiction,-1,5,contradiction|contradiction|contradiction|contradiction|contradiction|neutral,29,[]
"Premise: A man wearing a white button down shirt is walking down the street.
Hypothesis: The man is walking down the street.","Premise: A man wearing a white button down shirt is walking down the street carrying a surfboard.
Hypothesis: The man is walking down the street.",,contradiction,0,0,neutral,30,[]
"Premise: An Ambulance is passing a man wearing a bandanna and girl.
Hypothesis: The ambulance isn't stopped by heavy traffic","Premise: An Ambulance is stopped by heavy traffic while trying to pass a man wearing a bandanna and a girl.
Hypothesis: The ambulance isn't stopped by heavy traffic",,entailment,0,0,contradiction,30,[]
"Premise: A group of people, including one man carrying a silver tripod, stand in front of a large building featuring numerous columns.
Hypothesis: Gerbils chat on Gruveo.","Premise: A group of humans, featuring a male carrying a silver tripod, are standing in front of a large building that showcases many columns.
Hypothesis: Gerbils chat on Gruveo.",,contradiction,2,0,neutral,42,[]
"Premise: A brown dog carries an object in its mouth on a snowy hillside.
Hypothesis: A dog is carrying something.","Premise: A brown dog is playfully rolling in the snow on a sunny hillside without anything in its mouth.
Hypothesis: A dog is carrying something.",,neutral,0,1,neutral|entailment,29,[]
